ID,TENANT_ID,LEDGER_DELINQUENCY_ID,COMPANY_UUID,PAYMENT_INTENT_ID,DATA,CREATED_AT,RELATED_OBJECT_ID,LEDGER_UUID,FOLLOWUP_DATE,TYPE,UNIT_UUID,UUID,UPDATED_AT,TENANT_UUID,CREATED_BY_TYPE,ATTACHMENT_ID,FACILITY_ID,FACILITY_UUID,UNIT_ID,LEDGER_ID,ACTION_ITEM,LEAD_ID,RESOLVED,UPDATED_BY_TYPE,SUPPORT_CASE_ID,RELATED_OBJECT_UUID,NEEDS_FOLLOWUP,RELATED_OBJECT_TYPE,PARENT_EVENT_ID,RESOLVED_ON,NEEDS_FOLLOWUP_BY,LEAD_UUID,CLIENT_APPLICATION_ID,UPDATED_BY_ID,CREATED_BY_ID,SOURCE_ID,IMPORTANT_TASK,STATUS,_FIVETRAN_SYNCED,_FIVETRAN_START,_FIVETRAN_END,_FIVETRAN_ACTIVE
19626,3544,,,,"{
  ""gate_access_code"": ""02378"",
  ""move_in_date"": ""2011-01-22"",
  ""move_in_initiated_date"": ""2011-01-22"",
  ""rate"": ""80.0""
}",2011-01-22 10:00:00.000,,,2014-02-01 00:41:44.569,MoveInUnitEvent,,611e7a5c-842f-4876-a793-7bb690e6c056,2014-04-08 03:12:52.981,,,,14,,5949,5114,,,TRUE,,,,FALSE,,,,,,,,,,FALSE,,2026-07-09 08:41:00.115 Z,2026-07-09 08:26:50.521 Z,9999-12-31 23:59:59.999 Z,TRUE
19627,3544,,,,"{
  ""invoice_sent"": ""true""
}",2014-02-01 00:41:45.427,5119,,,InvoiceSentTenantEvent,,dd9b8870-913e-4e52-9301-28def3c13a68,2014-02-01 00:41:45.795,,,,14,,,,,,TRUE,,,,FALSE,Invoice,,,,,,,,,FALSE,,2026-08-05 12:53:16.305 Z,2026-08-05 12:53:13.936 Z,9999-12-31 23:59:59.999 Z,TRUE
19627,3544,,,,"{
  ""invoice_sent"": ""true""
}",2014-02-01 00:41:45.427,5119,,,InvoiceSentTenantEvent,,dd9b8870-913e-4e52-9301-28def3c13a68,2014-02-01 00:41:45.795,,,,14,,,,,,TRUE,,,,FALSE,Invoice,,,,,,,,,FALSE,,2026-07-09 08:26:52.363 Z,2026-07-09 08:26:50.521 Z,2026-08-05 12:53:13.935 Z,FALSE
19628,3544,,,,"{
  ""invoice_sent"": ""true""
}",2014-02-01 00:41:45.604,5120,,,InvoiceSentTenantEvent,,23c39473-ff22-47b2-a5f9-3c166598464f,2014-02-01 00:41:45.858,,,,14,,,,,,TRUE,,,,FALSE,Invoice,,,,,,,,,FALSE,,2026-07-09 08:26:52.383 Z,2026-07-09 08:26:50.521 Z,2026-08-05 12:53:13.935 Z,FALSE
19628,3544,,,,"{
  ""invoice_sent"": ""true""
}",2014-02-01 00:41:45.604,5120,,,InvoiceSentTenantEvent,,23c39473-ff22-47b2-a5f9-3c166598464f,2014-02-01 00:41:45.858,,,,14,,,,,,TRUE,,,,FALSE,Invoice,,,,,,,,,FALSE,,2026-08-05 12:53:16.310 Z,2026-08-05 12:53:13.936 Z,9999-12-31 23:59:59.999 Z,TRUE
19629,3544,,,,"{
  ""invoice_sent"": ""true""
}",2014-02-01 00:41:45.789,5121,,,InvoiceSentTenantEvent,,3af8e266-9c57-4090-b87f-76e1d2a7e3ae,2014-02-01 00:41:45.809,,,,14,,,,,,TRUE,,,,FALSE,Invoice,,,,,,,,,FALSE,,2026-07-09 08:26:52.383 Z,2026-07-09 08:26:50.521 Z,2026-08-05 12:53:13.935 Z,FALSE
19629,3544,,,,"{
  ""invoice_sent"": ""true""
}",2014-02-01 00:41:45.789,5121,,,InvoiceSentTenantEvent,,3af8e266-9c57-4090-b87f-76e1d2a7e3ae,2014-02-01 00:41:45.809,,,,14,,,,,,TRUE,,,,FALSE,Invoice,,,,,,,,,FALSE,,2026-08-05 12:53:16.310 Z,2026-08-05 12:53:13.936 Z,9999-12-31 23:59:59.999 Z,TRUE
19630,3544,,,,"{
  ""invoice_sent"": ""true""
}",2014-02-01 00:41:46.071,5122,,,InvoiceSentTenantEvent,,3e070c01-1bd4-43a0-812c-6a034215f3ac,2014-02-01 00:41:46.160,,,,14,,,,,,TRUE,,,,FALSE,Invoice,,,,,,,,,FALSE,,2026-07-09 08:26:52.383 Z,2026-07-09 08:26:50.521 Z,2026-08-05 12:53:13.935 Z,FALSE
19630,3544,,,,"{
  ""invoice_sent"": ""true""
}",2014-02-01 00:41:46.071,5122,,,InvoiceSentTenantEvent,,3e070c01-1bd4-43a0-812c-6a034215f3ac,2014-02-01 00:41:46.160,,,,14,,,,,,TRUE,,,,FALSE,Invoice,,,,,,,,,FALSE,,2026-08-05 12:53:16.310 Z,2026-08-05 12:53:13.936 Z,9999-12-31 23:59:59.999 Z,TRUE
19631,3544,23598765,,,"{
  ""applied_date"": ""2014-02-19"",
  ""invoice_id"": ""5120"",
  ""line_item_id"": ""5237"",
  ""resolved_date"": ""2014-03-13""
}",2014-02-01 00:41:46.354,23,,,DelinquencyStageTenantEvent,,f8030a6c-eab3-44a9-b9b3-4a490aee0321,2014-04-08 03:11:57.877,,,,14,,,5114,,,TRUE,,,,FALSE,DelinquencyStage,,,,,,,,,FALSE,removed,2026-07-09 08:26:51.312 Z,2026-07-09 08:26:50.521 Z,2026-08-05 12:53:13.935 Z,FALSE
19631,3544,23598765,,,"{
  ""applied_date"": ""2014-02-19"",
  ""invoice_id"": ""5120"",
  ""line_item_id"": ""5237"",
  ""resolved_date"": ""2014-03-13""
}",2014-02-01 00:41:46.354,23,,,DelinquencyStageTenantEvent,,f8030a6c-eab3-44a9-b9b3-4a490aee0321,2014-04-08 03:11:57.877,,,,14,,,5114,,,TRUE,,,,FALSE,DelinquencyStage,,,,,,,,,FALSE,removed,2026-08-05 12:53:15.338 Z,2026-08-05 12:53:13.936 Z,9999-12-31 23:59:59.999 Z,TRUE
19632,3544,23598765,,,"{
  ""fee_invoice_id"": ""5121""
}",2014-02-01 00:41:46.368,28,,2014-02-01 00:41:46.291,AddFeeDelinquencyTenantEvent,,327e9333-96e4-4a98-87d4-611783e3795d,2014-03-13 19:11:35.682,,,,14,,,5114,,,TRUE,,,,FALSE,DelinquencyStageAction,19631,,,,,,,,FALSE,removed,2026-07-09 08:38:16.896 Z,2026-07-09 08:26:50.521 Z,2026-08-05 12:53:13.935 Z,FALSE
19632,3544,23598765,,,"{
  ""fee_invoice_id"": ""5121""
}",2014-02-01 00:41:46.368,28,,2014-02-01 00:41:46.291,AddFeeDelinquencyTenantEvent,,327e9333-96e4-4a98-87d4-611783e3795d,2014-03-13 19:11:35.682,,,,14,,,5114,,,TRUE,,,,FALSE,DelinquencyStageAction,19631,,,,,,,,FALSE,removed,2026-08-05 13:02:57.162 Z,2026-08-05 12:53:13.936 Z,9999-12-31 23:59:59.999 Z,TRUE
19633,3544,23598765,,,{},2014-02-01 00:41:46.485,29,,2014-03-13 04:00:00.000,GateLockoutDelinquencyTenantEvent,,8e02221d-27d3-4e3a-8469-33f8b0726db3,2014-03-13 19:11:35.767,,,,14,,,5114,,,TRUE,,,,FALSE,DelinquencyStageAction,19631,,,,,,,,FALSE,removed,2026-07-09 08:26:50.889 Z,2026-07-09 08:26:50.521 Z,2026-08-05 12:53:13.935 Z,FALSE
19633,3544,23598765,,,{},2014-02-01 00:41:46.485,29,,2014-03-13 04:00:00.000,GateLockoutDelinquencyTenantEvent,,8e02221d-27d3-4e3a-8469-33f8b0726db3,2014-03-13 19:11:35.767,,,,14,,,5114,,,TRUE,,,,FALSE,DelinquencyStageAction,19631,,,,,,,,FALSE,removed,2026-08-05 12:53:14.582 Z,2026-08-05 12:53:13.936 Z,9999-12-31 23:59:59.999 Z,TRUE
19634,3544,23598765,,,{},2014-02-01 00:41:46.557,30,,2014-03-13 19:13:46.739,OverlockDelinquencyTenantEvent,,c9816208-f870-4424-8568-102d10c7199c,2014-03-13 19:13:46.740,,,,14,,5949,5114,,,TRUE,,,,FALSE,DelinquencyStageAction,19631,,,,,40,,,FALSE,overlock_removed,2026-07-09 08:38:16.897 Z,2026-07-09 08:26:50.521 Z,2026-08-05 12:53:13.935 Z,FALSE
19634,3544,23598765,,,{},2014-02-01 00:41:46.557,30,,2014-03-13 19:13:46.739,OverlockDelinquencyTenantEvent,,c9816208-f870-4424-8568-102d10c7199c,2014-03-13 19:13:46.740,,,,14,,5949,5114,,,TRUE,,,,FALSE,DelinquencyStageAction,19631,,,,,40,,,FALSE,overlock_removed,2026-08-05 13:02:57.163 Z,2026-08-05 12:53:13.936 Z,9999-12-31 23:59:59.999 Z,TRUE
19635,3544,23599027,,,"{
  ""applied_date"": ""2014-02-24"",
  ""invoice_id"": ""5120"",
  ""line_item_id"": ""5237"",
  ""resolved_date"": ""2014-03-13""
}",2014-02-01 00:41:46.656,24,,,DelinquencyStageTenantEvent,,65ce5380-bb44-4bc5-a2f7-4bf9ee547374,2014-04-08 03:11:57.918,,,,14,,,5114,,,TRUE,,,,FALSE,DelinquencyStage,,,,,,,,,FALSE,removed,2026-07-09 08:26:50.889 Z,2026-07-09 08:26:50.521 Z,2026-08-05 12:53:13.935 Z,FALSE
19635,3544,23599027,,,"{
  ""applied_date"": ""2014-02-24"",
  ""invoice_id"": ""5120"",
  ""line_item_id"": ""5237"",
  ""resolved_date"": ""2014-03-13""
}",2014-02-01 00:41:46.656,24,,,DelinquencyStageTenantEvent,,65ce5380-bb44-4bc5-a2f7-4bf9ee547374,2014-04-08 03:11:57.918,,,,14,,,5114,,,TRUE,,,,FALSE,DelinquencyStage,,,,,,,,,FALSE,removed,2026-08-05 12:53:14.582 Z,2026-08-05 12:53:13.936 Z,9999-12-31 23:59:59.999 Z,TRUE
19636,3544,23599027,,,{},2014-02-01 00:41:46.663,31,,2014-02-04 14:42:22.757,PrintMailDelinquencyTenantEvent,,60ac5013-889f-4aee-b578-054c146f7e4d,2014-02-04 14:42:22.758,,,,14,,5949,5114,,,TRUE,,,,FALSE,DelinquencyStageAction,19635,,,,,31,,,FALSE,letter_sent,2026-07-09 08:27:38.954 Z,2026-07-09 08:26:50.521 Z,2026-08-05 12:53:13.935 Z,FALSE
19636,3544,23599027,,,{},2014-02-01 00:41:46.663,31,,2014-02-04 14:42:22.757,PrintMailDelinquencyTenantEvent,,60ac5013-889f-4aee-b578-054c146f7e4d,2014-02-04 14:42:22.758,,,,14,,5949,5114,,,TRUE,,,,FALSE,DelinquencyStageAction,19635,,,,,31,,,FALSE,letter_sent,2026-08-05 12:53:57.412 Z,2026-08-05 12:53:13.936 Z,9999-12-31 23:59:59.999 Z,TRUE
19637,3544,23599221,,,"{
  ""applied_date"": ""2014-03-21"",
  ""invoice_id"": ""5120"",
  ""line_item_id"": ""5237"",
  ""resolved_date"": ""2014-03-13""
}",2014-02-01 00:41:46.804,25,,,DelinquencyStageTenantEvent,,8a9bb005-59c1-4e78-9694-64e0136c96aa,2014-04-08 03:11:57.947,,,,14,,,5114,,,TRUE,,,,FALSE,DelinquencyStage,,,,,,,,,FALSE,removed,2026-08-05 13:02:57.191 Z,2026-08-05 12:53:13.936 Z,9999-12-31 23:59:59.999 Z,TRUE
19637,3544,23599221,,,"{
  ""applied_date"": ""2014-03-21"",
  ""invoice_id"": ""5120"",
  ""line_item_id"": ""5237"",
  ""resolved_date"": ""2014-03-13""
}",2014-02-01 00:41:46.804,25,,,DelinquencyStageTenantEvent,,8a9bb005-59c1-4e78-9694-64e0136c96aa,2014-04-08 03:11:57.947,,,,14,,,5114,,,TRUE,,,,FALSE,DelinquencyStage,,,,,,,,,FALSE,removed,2026-07-09 08:38:16.924 Z,2026-07-09 08:26:50.521 Z,2026-08-05 12:53:13.935 Z,FALSE
19638,3544,23599221,,,"{
  ""fee_invoice_id"": ""5121""
}",2014-02-01 00:41:46.812,32,,2014-02-01 00:41:46.731,AddFeeDelinquencyTenantEvent,,e627a16a-6c49-45bd-89f0-63e097adab1c,2014-03-13 19:11:36.035,,,,14,,,5114,,,TRUE,,,,FALSE,DelinquencyStageAction,19637,,,,,,,,FALSE,removed,2026-07-09 08:38:16.924 Z,2026-07-09 08:26:50.521 Z,2026-08-05 12:53:13.935 Z,FALSE
19638,3544,23599221,,,"{
  ""fee_invoice_id"": ""5121""
}",2014-02-01 00:41:46.812,32,,2014-02-01 00:41:46.731,AddFeeDelinquencyTenantEvent,,e627a16a-6c49-45bd-89f0-63e097adab1c,2014-03-13 19:11:36.035,,,,14,,,5114,,,TRUE,,,,FALSE,DelinquencyStageAction,19637,,,,,,,,FALSE,removed,2026-08-05 13:02:57.191 Z,2026-08-05 12:53:13.936 Z,9999-12-31 23:59:59.999 Z,TRUE
19639,3544,23599594,,,"{
  ""applied_date"": ""2014-03-26"",
  ""invoice_id"": ""5120"",
  ""line_item_id"": ""5237"",
  ""resolved_date"": ""2014-03-13""
}",2014-02-01 00:41:46.871,26,,,DelinquencyStageTenantEvent,,4c4422c0-0d13-496d-8abd-ac36fdefb0c8,2014-04-08 03:11:57.975,,,,14,,,5114,,,TRUE,,,,FALSE,DelinquencyStage,,,,,,,,,FALSE,removed,2026-08-05 13:02:57.199 Z,2026-08-05 12:53:13.936 Z,9999-12-31 23:59:59.999 Z,TRUE
19639,3544,23599594,,,"{
  ""applied_date"": ""2014-03-26"",
  ""invoice_id"": ""5120"",
  ""line_item_id"": ""5237"",
  ""resolved_date"": ""2014-03-13""
}",2014-02-01 00:41:46.871,26,,,DelinquencyStageTenantEvent,,4c4422c0-0d13-496d-8abd-ac36fdefb0c8,2014-04-08 03:11:57.975,,,,14,,,5114,,,TRUE,,,,FALSE,DelinquencyStage,,,,,,,,,FALSE,removed,2026-07-09 08:38:16.931 Z,2026-07-09 08:26:50.521 Z,2026-08-05 12:53:13.935 Z,FALSE
19640,3544,23599594,,,{},2014-02-01 00:41:46.878,33,,2014-02-04 14:42:26.530,PrintMailDelinquencyTenantEvent,,d7b46ba7-00e7-4e53-ae2e-579b1c88de9f,2014-02-04 14:42:26.531,,,,14,,5949,5114,,,TRUE,,,,FALSE,DelinquencyStageAction,19639,,,,,31,,,FALSE,letter_sent,2026-07-09 08:26:58.473 Z,2026-07-09 08:26:50.521 Z,2026-08-05 12:53:13.935 Z,FALSE
19640,3544,23599594,,,{},2014-02-01 00:41:46.878,33,,2014-02-04 14:42:26.530,PrintMailDelinquencyTenantEvent,,d7b46ba7-00e7-4e53-ae2e-579b1c88de9f,2014-02-04 14:42:26.531,,,,14,,5949,5114,,,TRUE,,,,FALSE,DelinquencyStageAction,19639,,,,,31,,,FALSE,letter_sent,2026-08-05 12:53:21.485 Z,2026-08-05 12:53:13.936 Z,9999-12-31 23:59:59.999 Z,TRUE
19641,3545,,,,{},2014-02-01 00:41:47.293,,,2014-02-06 17:24:20.685,NoteEvent,,9bc05b1f-0633-450d-98ed-c112f390deef,2014-04-08 03:13:26.078,,,,14,,,,,,FALSE,,,,FALSE,,,,,,,54,,,FALSE,,2026-08-05 12:53:16.310 Z,2026-08-05 12:53:13.936 Z,9999-12-31 23:59:59.999 Z,TRUE
19641,3545,,,,{},2014-02-01 00:41:47.293,,,2014-02-06 17:24:20.685,NoteEvent,,9bc05b1f-0633-450d-98ed-c112f390deef,2014-04-08 03:13:26.078,,,,14,,,,,,FALSE,,,,FALSE,,,,,,,54,,,FALSE,,2026-07-09 08:26:52.383 Z,2026-07-09 08:26:50.521 Z,2026-08-05 12:53:13.935 Z,FALSE
19642,3545,,,,"{
  ""gate_access_code"": ""01014"",
  ""move_in_date"": ""2013-08-16"",
  ""move_in_initiated_date"": ""2013-08-16"",
  ""rate"": ""40.0""
}",2013-08-16 10:00:00.000,,,2014-02-01 00:41:47.326,MoveInUnitEvent,,c6f91d22-5b7c-4601-8b99-f25f7ed8f860,2024-05-20 16:47:40.170,,,,14,,5951,5115,,,TRUE,,,,FALSE,,,,,,,,,,FALSE,,2026-07-09 08:56:42.841 Z,2026-07-09 08:26:50.521 Z,9999-12-31 23:59:59.999 Z,TRUE
19643,3545,,,,"{
  ""invoice_sent"": ""true""
}",2014-02-01 00:41:47.698,5123,,,InvoiceSentTenantEvent,,047917c8-6d56-4f86-9cfc-ce8dec8b1866,2014-02-01 00:41:47.720,,,,14,,,,,,TRUE,,,,FALSE,Invoice,,,,,,,,,FALSE,,2026-07-09 08:26:52.383 Z,2026-07-09 08:26:50.521 Z,2026-08-05 12:53:13.935 Z,FALSE
19643,3545,,,,"{
  ""invoice_sent"": ""true""
}",2014-02-01 00:41:47.698,5123,,,InvoiceSentTenantEvent,,047917c8-6d56-4f86-9cfc-ce8dec8b1866,2014-02-01 00:41:47.720,,,,14,,,,,,TRUE,,,,FALSE,Invoice,,,,,,,,,FALSE,,2026-08-05 12:53:16.310 Z,2026-08-05 12:53:13.936 Z,9999-12-31 23:59:59.999 Z,TRUE
19644,3545,,,,"{
  ""invoice_sent"": ""true""
}",2014-02-01 00:41:47.899,5124,,,InvoiceSentTenantEvent,,c80cbd0b-f045-4c95-8cd8-30ebcc9fbc82,2014-02-01 00:41:47.898,,,,14,,,,,,TRUE,,,,FALSE,Invoice,,,,,,,,,FALSE,,2026-07-09 08:26:52.383 Z,2026-07-09 08:26:50.521 Z,2026-08-05 12:53:13.935 Z,FALSE
19644,3545,,,,"{
  ""invoice_sent"": ""true""
}",2014-02-01 00:41:47.899,5124,,,InvoiceSentTenantEvent,,c80cbd0b-f045-4c95-8cd8-30ebcc9fbc82,2014-02-01 00:41:47.898,,,,14,,,,,,TRUE,,,,FALSE,Invoice,,,,,,,,,FALSE,,2026-08-05 12:53:16.310 Z,2026-08-05 12:53:13.936 Z,9999-12-31 23:59:59.999 Z,TRUE
19645,3545,,,,"{
  ""invoice_sent"": ""true""
}",2014-02-01 00:41:48.374,5125,,,InvoiceSentTenantEvent,,fefda359-0380-4166-b7a5-69a96d2d2db5,2014-02-01 00:41:48.594,,,,14,,,,,,TRUE,,,,FALSE,Invoice,,,,,,,,,FALSE,,2026-07-09 08:26:52.383 Z,2026-07-09 08:26:50.521 Z,2026-08-05 12:53:13.935 Z,FALSE
19645,3545,,,,"{
  ""invoice_sent"": ""true""
}",2014-02-01 00:41:48.374,5125,,,InvoiceSentTenantEvent,,fefda359-0380-4166-b7a5-69a96d2d2db5,2014-02-01 00:41:48.594,,,,14,,,,,,TRUE,,,,FALSE,Invoice,,,,,,,,,FALSE,,2026-08-05 12:53:16.310 Z,2026-08-05 12:53:13.936 Z,9999-12-31 23:59:59.999 Z,TRUE
19646,3546,,,,{},2014-02-01 00:41:48.641,,,2014-02-06 17:25:25.953,NoteEvent,,1f2dd7f0-3e69-4789-8096-885519178fe3,2014-04-08 03:13:26.226,,,,14,,,,,,FALSE,,,,FALSE,,,,,,,54,,,FALSE,,2026-07-09 08:26:52.383 Z,2026-07-09 08:26:50.521 Z,2026-08-05 12:53:13.935 Z,FALSE
19646,3546,,,,{},2014-02-01 00:41:48.641,,,2014-02-06 17:25:25.953,NoteEvent,,1f2dd7f0-3e69-4789-8096-885519178fe3,2014-04-08 03:13:26.226,,,,14,,,,,,FALSE,,,,FALSE,,,,,,,54,,,FALSE,,2026-08-05 12:53:16.310 Z,2026-08-05 12:53:13.936 Z,9999-12-31 23:59:59.999 Z,TRUE
19647,3546,,,,"{
  ""gate_access_code"": ""01102"",
  ""move_in_date"": ""2011-09-14"",
  ""move_in_initiated_date"": ""2011-09-14"",
  ""rate"": ""40.0""
}",2011-09-14 10:00:00.000,,,2014-02-01 00:41:48.670,MoveInUnitEvent,,49df528e-885b-4a5f-9af9-a559621e2577,2024-05-20 16:47:40.170,,,,14,,5952,5116,,,TRUE,,,,FALSE,,,,,,,,,,FALSE,,2026-07-09 08:56:42.844 Z,2026-07-09 08:26:50.521 Z,9999-12-31 23:59:59.999 Z,TRUE
19648,3546,,,,"{
  ""invoice_sent"": ""true""
}",2014-02-01 00:41:48.948,5126,,,InvoiceSentTenantEvent,,6113d985-040a-4ca0-b020-80748ed70c2f,2014-02-01 00:41:48.961,,,,14,,,,,,TRUE,,,,FALSE,Invoice,,,,,,,,,FALSE,,2026-07-09 08:26:52.383 Z,2026-07-09 08:26:50.521 Z,2026-08-05 12:53:13.935 Z,FALSE
19648,3546,,,,"{
  ""invoice_sent"": ""true""
}",2014-02-01 00:41:48.948,5126,,,InvoiceSentTenantEvent,,6113d985-040a-4ca0-b020-80748ed70c2f,2014-02-01 00:41:48.961,,,,14,,,,,,TRUE,,,,FALSE,Invoice,,,,,,,,,FALSE,,2026-08-05 12:53:16.310 Z,2026-08-05 12:53:13.936 Z,9999-12-31 23:59:59.999 Z,TRUE
19649,3546,,,,"{
  ""invoice_sent"": ""true""
}",2014-02-01 00:41:49.174,5127,,,InvoiceSentTenantEvent,,de1520ba-ac3d-4516-bffe-ff467578e005,2014-02-01 00:41:49.188,,,,14,,,,,,TRUE,,,,FALSE,Invoice,,,,,,,,,FALSE,,2026-07-09 08:26:52.383 Z,2026-07-09 08:26:50.521 Z,2026-08-05 12:53:13.935 Z,FALSE
19649,3546,,,,"{
  ""invoice_sent"": ""true""
}",2014-02-01 00:41:49.174,5127,,,InvoiceSentTenantEvent,,de1520ba-ac3d-4516-bffe-ff467578e005,2014-02-01 00:41:49.188,,,,14,,,,,,TRUE,,,,FALSE,Invoice,,,,,,,,,FALSE,,2026-08-05 12:53:16.310 Z,2026-08-05 12:53:13.936 Z,9999-12-31 23:59:59.999 Z,TRUE
19650,3546,,,,"{
  ""invoice_sent"": ""true""
}",2014-02-01 00:41:49.329,5128,,,InvoiceSentTenantEvent,,ea68b6ef-88db-4521-bd6f-48ebb924a5bb,2014-02-01 00:41:49.346,,,,14,,,,,,TRUE,,,,FALSE,Invoice,,,,,,,,,FALSE,,2026-08-05 12:53:16.310 Z,2026-08-05 12:53:13.936 Z,9999-12-31 23:59:59.999 Z,TRUE
19650,3546,,,,"{
  ""invoice_sent"": ""true""
}",2014-02-01 00:41:49.329,5128,,,InvoiceSentTenantEvent,,ea68b6ef-88db-4521-bd6f-48ebb924a5bb,2014-02-01 00:41:49.346,,,,14,,,,,,TRUE,,,,FALSE,Invoice,,,,,,,,,FALSE,,2026-07-09 08:26:52.383 Z,2026-07-09 08:26:50.521 Z,2026-08-05 12:53:13.935 Z,FALSE
19651,3546,,,,"{
  ""invoice_sent"": ""true""
}",2014-02-01 00:41:49.508,5129,,,InvoiceSentTenantEvent,,a5e24569-6bf3-4e53-9426-30872f6a169b,2014-02-01 00:41:49.521,,,,14,,,,,,TRUE,,,,FALSE,Invoice,,,,,,,,,FALSE,,2026-07-09 08:26:52.384 Z,2026-07-09 08:26:50.521 Z,2026-08-05 12:53:13.935 Z,FALSE
19651,3546,,,,"{
  ""invoice_sent"": ""true""
}",2014-02-01 00:41:49.508,5129,,,InvoiceSentTenantEvent,,a5e24569-6bf3-4e53-9426-30872f6a169b,2014-02-01 00:41:49.521,,,,14,,,,,,TRUE,,,,FALSE,Invoice,,,,,,,,,FALSE,,2026-08-05 12:53:16.310 Z,2026-08-05 12:53:13.936 Z,9999-12-31 23:59:59.999 Z,TRUE
19652,3546,23619417,,,"{
  ""applied_date"": ""2014-01-11"",
  ""invoice_id"": ""5127"",
  ""line_item_id"": ""5244"",
  ""resolved_date"": ""2014-03-13""
}",2014-02-01 00:41:49.582,23,,,DelinquencyStageTenantEvent,,23cbaa04-7286-4aff-acee-067fdfba9750,2014-04-08 03:11:58.028,,,,14,,,5116,,,TRUE,,,,FALSE,DelinquencyStage,,,,,,,,,FALSE,removed,2026-08-05 12:53:14.582 Z,2026-08-05 12:53:13.936 Z,9999-12-31 23:59:59.999 Z,TRUE
19652,3546,23619417,,,"{
  ""applied_date"": ""2014-01-11"",
  ""invoice_id"": ""5127"",
  ""line_item_id"": ""5244"",
  ""resolved_date"": ""2014-03-13""
}",2014-02-01 00:41:49.582,23,,,DelinquencyStageTenantEvent,,23cbaa04-7286-4aff-acee-067fdfba9750,2014-04-08 03:11:58.028,,,,14,,,5116,,,TRUE,,,,FALSE,DelinquencyStage,,,,,,,,,FALSE,removed,2026-07-09 08:26:50.889 Z,2026-07-09 08:26:50.521 Z,2026-08-05 12:53:13.935 Z,FALSE
19653,3546,23619417,,,"{
  ""fee_invoice_id"": ""5128""
}",2014-02-01 00:41:49.588,28,,2014-02-01 00:41:49.580,AddFeeDelinquencyTenantEvent,,1ad5e27c-d74a-4416-9111-51061e7af738,2014-03-13 15:48:46.319,,,,14,,,5116,,,TRUE,,,,FALSE,DelinquencyStageAction,19652,,,,,,,,FALSE,removed,2026-08-05 12:53:14.582 Z,2026-08-05 12:53:13.936 Z,9999-12-31 23:59:59.999 Z,TRUE
19653,3546,23619417,,,"{
  ""fee_invoice_id"": ""5128""
}",2014-02-01 00:41:49.588,28,,2014-02-01 00:41:49.580,AddFeeDelinquencyTenantEvent,,1ad5e27c-d74a-4416-9111-51061e7af738,2014-03-13 15:48:46.319,,,,14,,,5116,,,TRUE,,,,FALSE,DelinquencyStageAction,19652,,,,,,,,FALSE,removed,2026-07-09 08:26:50.889 Z,2026-07-09 08:26:50.521 Z,2026-08-05 12:53:13.935 Z,FALSE
19654,3546,23619417,,,{},2014-02-01 00:41:49.609,29,,2014-03-13 04:00:00.000,GateLockoutDelinquencyTenantEvent,,82b0c984-9978-4f8e-834a-1021712931c7,2014-03-13 15:48:46.520,,,,14,,,5116,,,TRUE,,,,FALSE,DelinquencyStageAction,19652,,,,,,,,FALSE,removed,2026-07-09 08:26:50.888 Z,2026-07-09 08:26:50.521 Z,2026-08-05 12:53:13.935 Z,FALSE
19654,3546,23619417,,,{},2014-02-01 00:41:49.609,29,,2014-03-13 04:00:00.000,GateLockoutDelinquencyTenantEvent,,82b0c984-9978-4f8e-834a-1021712931c7,2014-03-13 15:48:46.520,,,,14,,,5116,,,TRUE,,,,FALSE,DelinquencyStageAction,19652,,,,,,,,FALSE,removed,2026-08-05 12:53:14.580 Z,2026-08-05 12:53:13.936 Z,9999-12-31 23:59:59.999 Z,TRUE
19655,3546,23619417,,,{},2014-02-01 00:41:49.649,30,,2014-03-13 16:14:45.287,OverlockDelinquencyTenantEvent,,b681c27f-16a6-49b9-8801-301e7cb06998,2024-05-20 16:47:40.170,,,,14,,5952,5116,,,TRUE,,,,FALSE,DelinquencyStageAction,19652,,,,,40,,,FALSE,overlock_removed,2026-07-09 08:56:42.844 Z,2026-07-09 08:26:50.521 Z,9999-12-31 23:59:59.999 Z,TRUE
19656,3546,23619633,,,"{
  ""applied_date"": ""2014-01-16"",
  ""invoice_id"": ""5127"",
  ""line_item_id"": ""5244"",
  ""resolved_date"": ""2014-03-13""
}",2014-02-01 00:41:49.780,24,,,DelinquencyStageTenantEvent,,fbce76fe-9e81-4bd2-9720-b26924aa56fe,2014-04-08 03:11:58.058,,,,14,,,5116,,,TRUE,,,,FALSE,DelinquencyStage,,,,,,,,,FALSE,removed,2026-07-09 08:26:53.449 Z,2026-07-09 08:26:50.521 Z,2026-08-05 12:53:13.935 Z,FALSE
19656,3546,23619633,,,"{
  ""applied_date"": ""2014-01-16"",
  ""invoice_id"": ""5127"",
  ""line_item_id"": ""5244"",
  ""resolved_date"": ""2014-03-13""
}",2014-02-01 00:41:49.780,24,,,DelinquencyStageTenantEvent,,fbce76fe-9e81-4bd2-9720-b26924aa56fe,2014-04-08 03:11:58.058,,,,14,,,5116,,,TRUE,,,,FALSE,DelinquencyStage,,,,,,,,,FALSE,removed,2026-08-05 12:53:17.322 Z,2026-08-05 12:53:13.936 Z,9999-12-31 23:59:59.999 Z,TRUE
19657,3546,23619633,,,{},2014-02-01 00:41:49.787,31,,2014-02-04 16:50:18.482,PrintMailDelinquencyTenantEvent,,171b5b37-08a7-49ec-87c6-887fd51a51b7,2024-05-20 16:47:40.170,,,,14,,5952,5116,,,TRUE,,,,FALSE,DelinquencyStageAction,19656,,,,,31,,,FALSE,letter_sent,2026-07-09 08:56:42.848 Z,2026-07-09 08:26:50.521 Z,9999-12-31 23:59:59.999 Z,TRUE
19658,3547,,,,{},2014-02-01 00:41:50.136,,,2014-02-06 17:32:57.156,NoteEvent,,99511605-957b-4e3d-a1b6-71fef7699f3b,2014-04-08 03:13:26.248,,,,14,,,,,,FALSE,,,,FALSE,,,,,,,54,,,FALSE,,2026-07-09 08:26:52.554 Z,2026-07-09 08:26:50.521 Z,2026-08-05 12:53:13.935 Z,FALSE
19658,3547,,,,{},2014-02-01 00:41:50.136,,,2014-02-06 17:32:57.156,NoteEvent,,99511605-957b-4e3d-a1b6-71fef7699f3b,2014-04-08 03:13:26.248,,,,14,,,,,,FALSE,,,,FALSE,,,,,,,54,,,FALSE,,2026-08-05 12:53:16.416 Z,2026-08-05 12:53:13.936 Z,9999-12-31 23:59:59.999 Z,TRUE
19659,3547,,,,{},2014-02-01 00:41:50.143,,,2014-02-06 17:33:02.808,NoteEvent,,391c026c-d1e1-4961-9071-2c40a2841fad,2014-04-08 03:13:26.271,,,,14,,,,,,FALSE,,,,FALSE,,,,,,,54,,,FALSE,,2026-08-05 12:53:16.416 Z,2026-08-05 12:53:13.936 Z,9999-12-31 23:59:59.999 Z,TRUE
19659,3547,,,,{},2014-02-01 00:41:50.143,,,2014-02-06 17:33:02.808,NoteEvent,,391c026c-d1e1-4961-9071-2c40a2841fad,2014-04-08 03:13:26.271,,,,14,,,,,,FALSE,,,,FALSE,,,,,,,54,,,FALSE,,2026-07-09 08:26:52.555 Z,2026-07-09 08:26:50.521 Z,2026-08-05 12:53:13.935 Z,FALSE
19660,3547,,,,"{
  ""gate_access_code"": ""01317"",
  ""move_in_date"": ""2010-12-13"",
  ""move_in_initiated_date"": ""2010-12-13"",
  ""rate"": ""40.0""
}",2010-12-13 10:00:00.000,,,2014-02-01 00:41:50.173,MoveInUnitEvent,,6b579931-3f97-4577-8a73-2385d3438fea,2024-05-20 16:47:40.170,,,,14,,5953,5117,,,TRUE,,,,FALSE,,,,,,,,,,FALSE,,2026-07-09 08:56:42.857 Z,2026-07-09 08:26:50.521 Z,9999-12-31 23:59:59.999 Z,TRUE
19661,3547,,,,"{
  ""invoice_sent"": ""true""
}",2014-02-01 00:41:50.465,5130,,,InvoiceSentTenantEvent,,dad12d6d-ebc9-418b-8fdf-4c18e4d3bc44,2014-02-01 00:41:50.489,,,,14,,,,,,TRUE,,,,FALSE,Invoice,,,,,,,,,FALSE,,2026-07-09 08:26:52.384 Z,2026-07-09 08:26:50.521 Z,2026-08-05 12:53:13.935 Z,FALSE
19661,3547,,,,"{
  ""invoice_sent"": ""true""
}",2014-02-01 00:41:50.465,5130,,,InvoiceSentTenantEvent,,dad12d6d-ebc9-418b-8fdf-4c18e4d3bc44,2014-02-01 00:41:50.489,,,,14,,,,,,TRUE,,,,FALSE,Invoice,,,,,,,,,FALSE,,2026-08-05 12:53:16.310 Z,2026-08-05 12:53:13.936 Z,9999-12-31 23:59:59.999 Z,TRUE
19662,3547,,,,"{
  ""invoice_sent"": ""true""
}",2014-02-01 00:41:50.654,5131,,,InvoiceSentTenantEvent,,73524435-cd40-4db9-998e-ef518e8a303d,2014-02-01 00:41:50.732,,,,14,,,,,,TRUE,,,,FALSE,Invoice,,,,,,,,,FALSE,,2026-08-05 12:53:16.310 Z,2026-08-05 12:53:13.936 Z,9999-12-31 23:59:59.999 Z,TRUE
19662,3547,,,,"{
  ""invoice_sent"": ""true""
}",2014-02-01 00:41:50.654,5131,,,InvoiceSentTenantEvent,,73524435-cd40-4db9-998e-ef518e8a303d,2014-02-01 00:41:50.732,,,,14,,,,,,TRUE,,,,FALSE,Invoice,,,,,,,,,FALSE,,2026-07-09 08:26:52.384 Z,2026-07-09 08:26:50.521 Z,2026-08-05 12:53:13.935 Z,FALSE
19663,3548,,,,{},2014-02-01 00:41:50.910,,,2014-02-06 20:24:42.342,NoteEvent,,017b0a34-4a00-4590-9fad-71ab00fa26f2,2014-04-08 03:13:26.294,,,,14,,,,,,FALSE,,,,FALSE,,,,,,,54,,,FALSE,,2026-08-05 12:53:16.310 Z,2026-08-05 12:53:13.936 Z,9999-12-31 23:59:59.999 Z,TRUE
19663,3548,,,,{},2014-02-01 00:41:50.910,,,2014-02-06 20:24:42.342,NoteEvent,,017b0a34-4a00-4590-9fad-71ab00fa26f2,2014-04-08 03:13:26.294,,,,14,,,,,,FALSE,,,,FALSE,,,,,,,54,,,FALSE,,2026-07-09 08:26:52.383 Z,2026-07-09 08:26:50.521 Z,2026-08-05 12:53:13.935 Z,FALSE
19664,3548,,,,{},2014-02-01 00:41:50.916,,,,NoteEvent,,56d2d353-5cdf-4742-8835-15e79772d6da,2014-04-08 03:13:26.314,,,,14,,,,,,FALSE,,,,FALSE,,,,,,,,,,FALSE,,2026-08-05 12:53:16.310 Z,2026-08-05 12:53:13.936 Z,9999-12-31 23:59:59.999 Z,TRUE
19664,3548,,,,{},2014-02-01 00:41:50.916,,,,NoteEvent,,56d2d353-5cdf-4742-8835-15e79772d6da,2014-04-08 03:13:26.314,,,,14,,,,,,FALSE,,,,FALSE,,,,,,,,,,FALSE,,2026-07-09 08:26:52.383 Z,2026-07-09 08:26:50.521 Z,2026-08-05 12:53:13.935 Z,FALSE
19665,3548,,,,"{
  ""gate_access_code"": ""08585"",
  ""move_in_date"": ""2013-10-11"",
  ""move_in_initiated_date"": ""2013-10-11"",
  ""rate"": ""40.0""
}",2013-10-11 10:00:00.000,,,2014-02-01 00:41:50.951,MoveInUnitEvent,,f1a99025-8c7e-4011-92ea-fecfcb38b928,2024-05-20 16:47:40.170,,,,14,,5954,5118,,,TRUE,,,,FALSE,,,,,,,,,,FALSE,,2026-07-09 08:56:42.859 Z,2026-07-09 08:26:50.521 Z,9999-12-31 23:59:59.999 Z,TRUE
19666,3548,,,,"{
  ""invoice_sent"": ""true""
}",2014-02-01 00:41:51.329,5132,,,InvoiceSentTenantEvent,,f7ef5b8a-f62e-46d1-91fb-f1362f4be2fb,2014-02-01 00:41:51.365,,,,14,,,,,,TRUE,,,,FALSE,Invoice,,,,,,,,,FALSE,,2026-07-09 08:26:52.384 Z,2026-07-09 08:26:50.521 Z,2026-08-05 12:53:13.935 Z,FALSE
19666,3548,,,,"{
  ""invoice_sent"": ""true""
}",2014-02-01 00:41:51.329,5132,,,InvoiceSentTenantEvent,,f7ef5b8a-f62e-46d1-91fb-f1362f4be2fb,2014-02-01 00:41:51.365,,,,14,,,,,,TRUE,,,,FALSE,Invoice,,,,,,,,,FALSE,,2026-08-05 12:53:16.310 Z,2026-08-05 12:53:13.936 Z,9999-12-31 23:59:59.999 Z,TRUE
19667,3548,,,,"{
  ""invoice_sent"": ""true""
}",2014-02-01 00:41:51.483,5133,,,InvoiceSentTenantEvent,,bd411f17-2fa9-409c-95ba-a58ec37d30b9,2014-02-01 00:41:51.506,,,,14,,,,,,TRUE,,,,FALSE,Invoice,,,,,,,,,FALSE,,2026-07-09 08:26:52.384 Z,2026-07-09 08:26:50.521 Z,2026-08-05 12:53:13.935 Z,FALSE
19667,3548,,,,"{
  ""invoice_sent"": ""true""
}",2014-02-01 00:41:51.483,5133,,,InvoiceSentTenantEvent,,bd411f17-2fa9-409c-95ba-a58ec37d30b9,2014-02-01 00:41:51.506,,,,14,,,,,,TRUE,,,,FALSE,Invoice,,,,,,,,,FALSE,,2026-08-05 12:53:16.310 Z,2026-08-05 12:53:13.936 Z,9999-12-31 23:59:59.999 Z,TRUE
19668,3548,,,,"{
  ""invoice_sent"": ""true""
}",2014-02-01 00:41:51.645,5134,,,InvoiceSentTenantEvent,,25fa7aa1-8d54-42e3-90f2-0bb21b7dfc2c,2014-02-01 00:41:51.645,,,,14,,,,,,TRUE,,,,FALSE,Invoice,,,,,,,,,FALSE,,2026-07-09 08:26:52.384 Z,2026-07-09 08:26:50.521 Z,2026-08-05 12:53:13.935 Z,FALSE
19668,3548,,,,"{
  ""invoice_sent"": ""true""
}",2014-02-01 00:41:51.645,5134,,,InvoiceSentTenantEvent,,25fa7aa1-8d54-42e3-90f2-0bb21b7dfc2c,2014-02-01 00:41:51.645,,,,14,,,,,,TRUE,,,,FALSE,Invoice,,,,,,,,,FALSE,,2026-08-05 12:53:16.310 Z,2026-08-05 12:53:13.936 Z,9999-12-31 23:59:59.999 Z,TRUE
19669,3548,,,,"{
  ""invoice_sent"": ""true""
}",2014-02-01 00:41:51.945,5135,,,InvoiceSentTenantEvent,,e94690f4-815d-4946-8c57-931bb41abde1,2014-02-01 00:41:51.978,,,,14,,,,,,TRUE,,,,FALSE,Invoice,,,,,,,,,FALSE,,2026-07-09 08:26:52.384 Z,2026-07-09 08:26:50.521 Z,2026-08-05 12:53:13.935 Z,FALSE
19669,3548,,,,"{
  ""invoice_sent"": ""true""
}",2014-02-01 00:41:51.945,5135,,,InvoiceSentTenantEvent,,e94690f4-815d-4946-8c57-931bb41abde1,2014-02-01 00:41:51.978,,,,14,,,,,,TRUE,,,,FALSE,Invoice,,,,,,,,,FALSE,,2026-08-05 12:53:16.310 Z,2026-08-05 12:53:13.936 Z,9999-12-31 23:59:59.999 Z,TRUE
19670,3548,23709460,,,"{
  ""applied_date"": ""2014-01-31"",
  ""invoice_id"": ""5133"",
  ""line_item_id"": ""5250"",
  ""resolved_date"": ""2014-02-15""
}",2014-02-01 00:41:52.033,23,,,DelinquencyStageTenantEvent,,946e996c-714b-4c26-894f-2e8957d9283f,2014-04-08 03:11:58.111,,,,14,,,5118,,,TRUE,,,,FALSE,DelinquencyStage,,,,,,,,,FALSE,removed,2026-08-05 12:53:17.271 Z,2026-08-05 12:53:13.936 Z,9999-12-31 23:59:59.999 Z,TRUE
19670,3548,23709460,,,"{
  ""applied_date"": ""2014-01-31"",
  ""invoice_id"": ""5133"",
  ""line_item_id"": ""5250"",
  ""resolved_date"": ""2014-02-15""
}",2014-02-01 00:41:52.033,23,,,DelinquencyStageTenantEvent,,946e996c-714b-4c26-894f-2e8957d9283f,2014-04-08 03:11:58.111,,,,14,,,5118,,,TRUE,,,,FALSE,DelinquencyStage,,,,,,,,,FALSE,removed,2026-07-09 08:26:53.412 Z,2026-07-09 08:26:50.521 Z,2026-08-05 12:53:13.935 Z,FALSE
19671,3548,23709460,,,"{
  ""fee_invoice_id"": ""5134""
}",2014-02-01 00:41:52.039,28,,2014-02-01 00:41:52.031,AddFeeDelinquencyTenantEvent,,d94dea24-399c-47ba-8452-7a16220a7fb7,2014-02-15 15:02:22.552,,,,14,,,5118,,,TRUE,,,,FALSE,DelinquencyStageAction,19670,,,,,,,,FALSE,removed,2026-07-09 08:38:18.025 Z,2026-07-09 08:26:50.521 Z,2026-08-05 12:53:13.935 Z,FALSE
19671,3548,23709460,,,"{
  ""fee_invoice_id"": ""5134""
}",2014-02-01 00:41:52.039,28,,2014-02-01 00:41:52.031,AddFeeDelinquencyTenantEvent,,d94dea24-399c-47ba-8452-7a16220a7fb7,2014-02-15 15:02:22.552,,,,14,,,5118,,,TRUE,,,,FALSE,DelinquencyStageAction,19670,,,,,,,,FALSE,removed,2026-08-05 13:02:58.427 Z,2026-08-05 12:53:13.936 Z,9999-12-31 23:59:59.999 Z,TRUE
19672,3548,23709460,,,{},2014-02-01 00:41:52.060,29,,2014-02-15 05:00:00.000,GateLockoutDelinquencyTenantEvent,,b590218f-8844-4fe2-aa69-5bdfab9d66c2,2014-02-15 15:02:22.657,,,,14,,,5118,,,TRUE,,,,FALSE,DelinquencyStageAction,19670,,,,,,,,FALSE,removed,2026-08-05 13:02:58.427 Z,2026-08-05 12:53:13.936 Z,9999-12-31 23:59:59.999 Z,TRUE
19672,3548,23709460,,,{},2014-02-01 00:41:52.060,29,,2014-02-15 05:00:00.000,GateLockoutDelinquencyTenantEvent,,b590218f-8844-4fe2-aa69-5bdfab9d66c2,2014-02-15 15:02:22.657,,,,14,,,5118,,,TRUE,,,,FALSE,DelinquencyStageAction,19670,,,,,,,,FALSE,removed,2026-07-09 08:38:18.025 Z,2026-07-09 08:26:50.521 Z,2026-08-05 12:53:13.935 Z,FALSE
19673,3548,23709460,,,{},2014-02-01 00:41:52.100,30,,2014-02-15 15:03:58.871,OverlockDelinquencyTenantEvent,,1fdbaa8a-7177-47b8-9142-da6aaf4a392f,2024-05-20 16:47:40.170,,,,14,,5954,5118,,,TRUE,,,,FALSE,DelinquencyStageAction,19670,,,,,40,,,FALSE,overlock_removed,2026-07-09 08:56:42.863 Z,2026-07-09 08:26:50.521 Z,9999-12-31 23:59:59.999 Z,TRUE
19674,3548,23709730,,,"{
  ""applied_date"": ""2014-01-31"",
  ""invoice_id"": ""5133"",
  ""line_item_id"": ""5250"",
  ""resolved_date"": ""2014-02-15""
}",2014-02-01 00:41:52.156,24,,,DelinquencyStageTenantEvent,,d3026152-fa87-44bb-8386-61977085d5b0,2014-04-08 03:11:58.139,,,,14,,,5118,,,TRUE,,,,FALSE,DelinquencyStage,,,,,,,,,FALSE,removed,2026-07-09 08:38:18.025 Z,2026-07-09 08:26:50.521 Z,2026-08-05 12:53:13.935 Z,FALSE
19674,3548,23709730,,,"{
  ""applied_date"": ""2014-01-31"",
  ""invoice_id"": ""5133"",
  ""line_item_id"": ""5250"",
  ""resolved_date"": ""2014-02-15""
}",2014-02-01 00:41:52.156,24,,,DelinquencyStageTenantEvent,,d3026152-fa87-44bb-8386-61977085d5b0,2014-04-08 03:11:58.139,,,,14,,,5118,,,TRUE,,,,FALSE,DelinquencyStage,,,,,,,,,FALSE,removed,2026-08-05 13:02:58.427 Z,2026-08-05 12:53:13.936 Z,9999-12-31 23:59:59.999 Z,TRUE
19675,3548,23709730,,,{},2014-02-01 00:41:52.162,31,,2014-02-04 16:50:38.444,PrintMailDelinquencyTenantEvent,,007a745f-e13f-431c-ad19-43edc9e93c9a,2024-05-20 16:47:40.170,,,,14,,5954,5118,,,TRUE,,,,FALSE,DelinquencyStageAction,19674,,,,,31,,,FALSE,letter_sent,2026-07-09 08:56:42.863 Z,2026-07-09 08:26:50.521 Z,9999-12-31 23:59:59.999 Z,TRUE
19676,3548,23709989,,,"{
  ""applied_date"": ""2014-01-31"",
  ""invoice_id"": ""5133"",
  ""line_item_id"": ""5250"",
  ""resolved_date"": ""2014-02-15""
}",2014-02-01 00:41:52.219,25,,,DelinquencyStageTenantEvent,,205ba38d-8be2-4397-8681-c49896564e17,2014-04-08 03:11:58.168,,,,14,,,5118,,,TRUE,,,,FALSE,DelinquencyStage,,,,,,,,,FALSE,removed,2026-08-05 13:02:58.427 Z,2026-08-05 12:53:13.936 Z,9999-12-31 23:59:59.999 Z,TRUE
19676,3548,23709989,,,"{
  ""applied_date"": ""2014-01-31"",
  ""invoice_id"": ""5133"",
  ""line_item_id"": ""5250"",
  ""resolved_date"": ""2014-02-15""
}",2014-02-01 00:41:52.219,25,,,DelinquencyStageTenantEvent,,205ba38d-8be2-4397-8681-c49896564e17,2014-04-08 03:11:58.168,,,,14,,,5118,,,TRUE,,,,FALSE,DelinquencyStage,,,,,,,,,FALSE,removed,2026-07-09 08:38:18.025 Z,2026-07-09 08:26:50.521 Z,2026-08-05 12:53:13.935 Z,FALSE
19677,3548,23709989,,,"{
  ""fee_invoice_id"": ""5134""
}",2014-02-01 00:41:52.225,32,,2014-02-01 00:41:52.217,AddFeeDelinquencyTenantEvent,,47b75e17-b56b-453e-9d87-369a541e29c1,2014-02-15 15:02:22.288,,,,14,,,5118,,,TRUE,,,,FALSE,DelinquencyStageAction,19676,,,,,,,,FALSE,removed,2026-07-09 08:38:18.025 Z,2026-07-09 08:26:50.521 Z,2026-08-05 12:53:13.935 Z,FALSE
19677,3548,23709989,,,"{
  ""fee_invoice_id"": ""5134""
}",2014-02-01 00:41:52.225,32,,2014-02-01 00:41:52.217,AddFeeDelinquencyTenantEvent,,47b75e17-b56b-453e-9d87-369a541e29c1,2014-02-15 15:02:22.288,,,,14,,,5118,,,TRUE,,,,FALSE,DelinquencyStageAction,19676,,,,,,,,FALSE,removed,2026-08-05 13:02:58.427 Z,2026-08-05 12:53:13.936 Z,9999-12-31 23:59:59.999 Z,TRUE
19678,3548,23710311,,,"{
  ""applied_date"": ""2014-01-31"",
  ""invoice_id"": ""5133"",
  ""line_item_id"": ""5250"",
  ""resolved_date"": ""2014-02-15""
}",2014-02-01 00:41:52.279,26,,,DelinquencyStageTenantEvent,,324b0be0-8bc7-4f36-a8d3-69ee593b5e8c,2014-04-08 03:11:58.197,,,,14,,,5118,,,TRUE,,,,FALSE,DelinquencyStage,,,,,,,,,FALSE,removed,2026-07-09 08:38:18.025 Z,2026-07-09 08:26:50.521 Z,2026-08-05 12:53:13.935 Z,FALSE
19678,3548,23710311,,,"{
  ""applied_date"": ""2014-01-31"",
  ""invoice_id"": ""5133"",
  ""line_item_id"": ""5250"",
  ""resolved_date"": ""2014-02-15""
}",2014-02-01 00:41:52.279,26,,,DelinquencyStageTenantEvent,,324b0be0-8bc7-4f36-a8d3-69ee593b5e8c,2014-04-08 03:11:58.197,,,,14,,,5118,,,TRUE,,,,FALSE,DelinquencyStage,,,,,,,,,FALSE,removed,2026-08-05 13:02:58.427 Z,2026-08-05 12:53:13.936 Z,9999-12-31 23:59:59.999 Z,TRUE
19679,3548,23710311,,,{},2014-02-01 00:41:52.286,33,,2014-02-04 16:50:35.206,PrintMailDelinquencyTenantEvent,,7c692821-fe2b-45fe-84bd-08edab69c46e,2024-05-20 16:47:40.170,,,,14,,5954,5118,,,TRUE,,,,FALSE,DelinquencyStageAction,19678,,,,,31,,,FALSE,letter_sent,2026-07-09 08:56:42.863 Z,2026-07-09 08:26:50.521 Z,9999-12-31 23:59:59.999 Z,TRUE
19680,3548,23710594,,,"{
  ""applied_date"": ""2014-01-31"",
  ""invoice_id"": ""5133"",
  ""line_item_id"": ""5250"",
  ""resolved_date"": ""2014-02-15""
}",2014-02-01 00:41:52.344,27,,,DelinquencyStageTenantEvent,,6f5d6719-1eec-4749-a5ca-f977d9499aaf,2014-04-08 03:11:58.225,,,,14,,,5118,,,TRUE,,,,FALSE,DelinquencyStage,,,,,,,,,FALSE,removed,2026-08-05 13:02:58.427 Z,2026-08-05 12:53:13.936 Z,9999-12-31 23:59:59.999 Z,TRUE
19680,3548,23710594,,,"{
  ""applied_date"": ""2014-01-31"",
  ""invoice_id"": ""5133"",
  ""line_item_id"": ""5250"",
  ""resolved_date"": ""2014-02-15""
}",2014-02-01 00:41:52.344,27,,,DelinquencyStageTenantEvent,,6f5d6719-1eec-4749-a5ca-f977d9499aaf,2014-04-08 03:11:58.225,,,,14,,,5118,,,TRUE,,,,FALSE,DelinquencyStage,,,,,,,,,FALSE,removed,2026-07-09 08:38:18.025 Z,2026-07-09 08:26:50.521 Z,2026-08-05 12:53:13.935 Z,FALSE
19681,3548,23710594,,,"{
  ""fee_invoice_id"": ""5134""
}",2014-02-01 00:41:52.351,34,,2014-02-01 00:41:52.342,AddFeeDelinquencyTenantEvent,,ed76250b-66a4-4d58-9501-2723b2085a09,2014-02-15 15:02:22.125,,,,14,,,5118,,,TRUE,,,,FALSE,DelinquencyStageAction,19680,,,,,,,,FALSE,removed,2026-08-05 13:02:58.427 Z,2026-08-05 12:53:13.936 Z,9999-12-31 23:59:59.999 Z,TRUE
19681,3548,23710594,,,"{
  ""fee_invoice_id"": ""5134""
}",2014-02-01 00:41:52.351,34,,2014-02-01 00:41:52.342,AddFeeDelinquencyTenantEvent,,ed76250b-66a4-4d58-9501-2723b2085a09,2014-02-15 15:02:22.125,,,,14,,,5118,,,TRUE,,,,FALSE,DelinquencyStageAction,19680,,,,,,,,FALSE,removed,2026-07-09 08:38:18.025 Z,2026-07-09 08:26:50.521 Z,2026-08-05 12:53:13.935 Z,FALSE
19682,3548,23710825,,,"{
  ""applied_date"": ""2014-01-31"",
  ""invoice_id"": ""5133"",
  ""line_item_id"": ""5250"",
  ""resolved_date"": ""2014-02-15""
}",2014-02-01 00:41:52.491,28,,,DelinquencyStageTenantEvent,,2e1af5e1-2bcd-40fc-b9cb-d5d521b8fb41,2014-04-08 03:11:58.254,,,,14,,,5118,,,TRUE,,,,FALSE,DelinquencyStage,,,,,,,,,FALSE,removed,2026-07-09 08:38:18.025 Z,2026-07-09 08:26:50.521 Z,2026-08-05 12:53:13.935 Z,FALSE
19682,3548,23710825,,,"{
  ""applied_date"": ""2014-01-31"",
  ""invoice_id"": ""5133"",
  ""line_item_id"": ""5250"",
  ""resolved_date"": ""2014-02-15""
}",2014-02-01 00:41:52.491,28,,,DelinquencyStageTenantEvent,,2e1af5e1-2bcd-40fc-b9cb-d5d521b8fb41,2014-04-08 03:11:58.254,,,,14,,,5118,,,TRUE,,,,FALSE,DelinquencyStage,,,,,,,,,FALSE,removed,2026-08-05 13:02:58.427 Z,2026-08-05 12:53:13.936 Z,9999-12-31 23:59:59.999 Z,TRUE
19683,3548,23710825,,,{},2014-02-01 00:41:52.498,35,,2014-02-04 16:50:32.883,PrintMailDelinquencyTenantEvent,,dc30b88c-70df-4679-bc07-2dacd5296ac4,2024-05-20 16:47:40.170,,,,14,,5954,5118,,,TRUE,,,,FALSE,DelinquencyStageAction,19682,,,,,31,,,FALSE,letter_sent,2026-07-09 08:56:42.863 Z,2026-07-09 08:26:50.521 Z,9999-12-31 23:59:59.999 Z,TRUE
19684,3548,23711117,,,"{
  ""applied_date"": ""2014-01-31"",
  ""invoice_id"": ""5133"",
  ""line_item_id"": ""5250"",
  ""resolved_date"": ""2014-02-15""
}",2014-02-01 00:41:52.550,29,,,DelinquencyStageTenantEvent,,a555c30f-1784-479a-9388-a57ee2d0811a,2014-04-08 03:11:58.283,,,,14,,,5118,,,TRUE,,,,FALSE,DelinquencyStage,,,,,,,,,FALSE,removed,2026-08-05 13:02:58.469 Z,2026-08-05 12:53:13.936 Z,9999-12-31 23:59:59.999 Z,TRUE
19684,3548,23711117,,,"{
  ""applied_date"": ""2014-01-31"",
  ""invoice_id"": ""5133"",
  ""line_item_id"": ""5250"",
  ""resolved_date"": ""2014-02-15""
}",2014-02-01 00:41:52.550,29,,,DelinquencyStageTenantEvent,,a555c30f-1784-479a-9388-a57ee2d0811a,2014-04-08 03:11:58.283,,,,14,,,5118,,,TRUE,,,,FALSE,DelinquencyStage,,,,,,,,,FALSE,removed,2026-07-09 08:38:18.062 Z,2026-07-09 08:26:50.521 Z,2026-08-05 12:53:13.935 Z,FALSE
19685,3548,23711117,,,{},2014-02-01 00:41:52.556,36,,2014-02-04 16:50:30.218,PrintMailDelinquencyTenantEvent,,3985aad4-7081-496a-9bc4-f3a686911745,2024-05-20 16:47:40.170,,,,14,,5954,5118,,,TRUE,,,,FALSE,DelinquencyStageAction,19684,,,,,31,,,FALSE,letter_sent,2026-07-09 08:56:42.863 Z,2026-07-09 08:26:50.521 Z,9999-12-31 23:59:59.999 Z,TRUE
19686,3549,,,,{},2014-02-01 00:41:52.786,,,2014-02-06 20:28:58.883,NoteEvent,,6254d0a2-28ae-4cf8-bd0d-2278b6f216cf,2014-04-08 03:13:26.337,,,,14,,,,,,FALSE,,,,FALSE,,,,,,,54,,,FALSE,,2026-08-05 12:53:16.310 Z,2026-08-05 12:53:13.936 Z,9999-12-31 23:59:59.999 Z,TRUE
19686,3549,,,,{},2014-02-01 00:41:52.786,,,2014-02-06 20:28:58.883,NoteEvent,,6254d0a2-28ae-4cf8-bd0d-2278b6f216cf,2014-04-08 03:13:26.337,,,,14,,,,,,FALSE,,,,FALSE,,,,,,,54,,,FALSE,,2026-07-09 08:26:52.384 Z,2026-07-09 08:26:50.521 Z,2026-08-05 12:53:13.935 Z,FALSE
19687,3549,,,,"{
  ""gate_access_code"": ""05131"",
  ""move_in_date"": ""2013-01-19"",
  ""move_in_initiated_date"": ""2013-01-19"",
  ""rate"": ""40.0""
}",2013-01-19 10:00:00.000,,,2014-02-01 00:41:52.814,MoveInUnitEvent,,d32d927f-4f6d-40c3-bef2-f0231b67d23f,2024-05-20 16:47:40.170,,,,14,,5955,5119,,,TRUE,,,,FALSE,,,,,,,,,,FALSE,,2026-07-09 08:56:42.865 Z,2026-07-09 08:26:50.521 Z,9999-12-31 23:59:59.999 Z,TRUE
19688,3549,,,,"{
  ""invoice_sent"": ""true""
}",2014-02-01 00:41:53.183,5136,,,InvoiceSentTenantEvent,,b9493ec8-cab6-4b98-af65-454bd886c689,2014-02-01 00:41:53.197,,,,14,,,,,,TRUE,,,,FALSE,Invoice,,,,,,,,,FALSE,,2026-08-05 12:53:16.310 Z,2026-08-05 12:53:13.936 Z,9999-12-31 23:59:59.999 Z,TRUE
19688,3549,,,,"{
  ""invoice_sent"": ""true""
}",2014-02-01 00:41:53.183,5136,,,InvoiceSentTenantEvent,,b9493ec8-cab6-4b98-af65-454bd886c689,2014-02-01 00:41:53.197,,,,14,,,,,,TRUE,,,,FALSE,Invoice,,,,,,,,,FALSE,,2026-07-09 08:26:52.384 Z,2026-07-09 08:26:50.521 Z,2026-08-05 12:53:13.935 Z,FALSE
19689,3549,,,,"{
  ""invoice_sent"": ""true""
}",2014-02-01 00:41:53.355,5137,,,InvoiceSentTenantEvent,,0ba12347-94d6-4d17-b245-b74abaf662c3,2014-02-01 00:41:53.368,,,,14,,,,,,TRUE,,,,FALSE,Invoice,,,,,,,,,FALSE,,2026-07-09 08:26:52.384 Z,2026-07-09 08:26:50.521 Z,2026-08-05 12:53:13.935 Z,FALSE
19689,3549,,,,"{
  ""invoice_sent"": ""true""
}",2014-02-01 00:41:53.355,5137,,,InvoiceSentTenantEvent,,0ba12347-94d6-4d17-b245-b74abaf662c3,2014-02-01 00:41:53.368,,,,14,,,,,,TRUE,,,,FALSE,Invoice,,,,,,,,,FALSE,,2026-08-05 12:53:16.310 Z,2026-08-05 12:53:13.936 Z,9999-12-31 23:59:59.999 Z,TRUE
19690,3550,,,,"{
  ""gate_access_code"": ""01945"",
  ""move_in_date"": ""2011-02-21"",
  ""move_in_initiated_date"": ""2011-02-21"",
  ""rate"": ""40.0""
}",2011-02-21 10:00:00.000,,,2014-02-01 00:41:53.614,MoveInUnitEvent,,004be564-817f-4535-9685-f1d1a98329c5,2024-05-20 16:47:40.170,,,,14,,5956,5120,,,TRUE,,,,FALSE,,,,,,,,,,FALSE,,2026-07-09 08:56:42.875 Z,2026-07-09 08:26:50.521 Z,9999-12-31 23:59:59.999 Z,TRUE
19691,3550,,,,"{
  ""invoice_sent"": ""true""
}",2014-02-01 00:41:53.904,5138,,,InvoiceSentTenantEvent,,101a7ac9-1360-4fc6-891c-159b04b006f9,2014-02-01 00:41:53.901,,,,14,,,,,,TRUE,,,,FALSE,Invoice,,,,,,,,,FALSE,,2026-08-05 12:53:16.310 Z,2026-08-05 12:53:13.936 Z,9999-12-31 23:59:59.999 Z,TRUE
19691,3550,,,,"{
  ""invoice_sent"": ""true""
}",2014-02-01 00:41:53.904,5138,,,InvoiceSentTenantEvent,,101a7ac9-1360-4fc6-891c-159b04b006f9,2014-02-01 00:41:53.901,,,,14,,,,,,TRUE,,,,FALSE,Invoice,,,,,,,,,FALSE,,2026-07-09 08:26:52.384 Z,2026-07-09 08:26:50.521 Z,2026-08-05 12:53:13.935 Z,FALSE
19692,3550,,,,"{
  ""invoice_sent"": ""true""
}",2014-02-01 00:41:54.171,5139,,,InvoiceSentTenantEvent,,3fb0f9f2-39a3-43aa-a51d-37bcf95175d5,2014-02-01 00:41:54.190,,,,14,,,,,,TRUE,,,,FALSE,Invoice,,,,,,,,,FALSE,,2026-08-05 12:53:16.310 Z,2026-08-05 12:53:13.936 Z,9999-12-31 23:59:59.999 Z,TRUE
19692,3550,,,,"{
  ""invoice_sent"": ""true""
}",2014-02-01 00:41:54.171,5139,,,InvoiceSentTenantEvent,,3fb0f9f2-39a3-43aa-a51d-37bcf95175d5,2014-02-01 00:41:54.190,,,,14,,,,,,TRUE,,,,FALSE,Invoice,,,,,,,,,FALSE,,2026-07-09 08:26:52.384 Z,2026-07-09 08:26:50.521 Z,2026-08-05 12:53:13.935 Z,FALSE
19693,3551,,,,{},2014-02-01 00:41:54.316,,,2014-02-06 20:29:57.345,NoteEvent,,b3ce7d46-bd5e-4856-86be-f247d9857dea,2014-04-08 03:13:26.359,,,,14,,,,,,FALSE,,,,FALSE,,,,,,,54,,,FALSE,,2026-07-09 08:26:52.384 Z,2026-07-09 08:26:50.521 Z,2026-08-05 12:53:13.935 Z,FALSE
19693,3551,,,,{},2014-02-01 00:41:54.316,,,2014-02-06 20:29:57.345,NoteEvent,,b3ce7d46-bd5e-4856-86be-f247d9857dea,2014-04-08 03:13:26.359,,,,14,,,,,,FALSE,,,,FALSE,,,,,,,54,,,FALSE,,2026-08-05 12:53:16.310 Z,2026-08-05 12:53:13.936 Z,9999-12-31 23:59:59.999 Z,TRUE
19694,3551,,,,"{
  ""gate_access_code"": ""08686"",
  ""move_in_date"": ""2013-07-30"",
  ""move_in_initiated_date"": ""2013-07-30"",
  ""rate"": ""40.0""
}",2013-07-30 10:00:00.000,,,2014-02-01 00:41:54.344,MoveInUnitEvent,,f0706d0f-db6b-4834-81de-efd2823c5588,2024-05-20 16:47:40.170,,,,14,,5957,5121,,,TRUE,,,,FALSE,,,,,,,,,,FALSE,,2026-07-09 08:56:42.877 Z,2026-07-09 08:26:50.521 Z,9999-12-31 23:59:59.999 Z,TRUE
19695,3551,,,,"{
  ""invoice_sent"": ""true""
}",2014-02-01 00:41:54.714,5140,,,InvoiceSentTenantEvent,,77202876-b602-4444-a9c2-eabe8e935a77,2014-02-01 00:41:54.747,,,,14,,,,,,TRUE,,,,FALSE,Invoice,,,,,,,,,FALSE,,2026-07-09 08:26:52.384 Z,2026-07-09 08:26:50.521 Z,2026-08-05 12:53:13.935 Z,FALSE
19695,3551,,,,"{
  ""invoice_sent"": ""true""
}",2014-02-01 00:41:54.714,5140,,,InvoiceSentTenantEvent,,77202876-b602-4444-a9c2-eabe8e935a77,2014-02-01 00:41:54.747,,,,14,,,,,,TRUE,,,,FALSE,Invoice,,,,,,,,,FALSE,,2026-08-05 12:53:16.310 Z,2026-08-05 12:53:13.936 Z,9999-12-31 23:59:59.999 Z,TRUE
19696,3551,,,,"{
  ""invoice_sent"": ""true""
}",2014-02-01 00:41:54.895,5141,,,InvoiceSentTenantEvent,,5133dbf0-be6d-4b1d-b848-4ddbbb756c2e,2014-02-01 00:41:54.892,,,,14,,,,,,TRUE,,,,FALSE,Invoice,,,,,,,,,FALSE,,2026-07-09 08:26:52.384 Z,2026-07-09 08:26:50.521 Z,2026-08-05 12:53:13.935 Z,FALSE
19696,3551,,,,"{
  ""invoice_sent"": ""true""
}",2014-02-01 00:41:54.895,5141,,,InvoiceSentTenantEvent,,5133dbf0-be6d-4b1d-b848-4ddbbb756c2e,2014-02-01 00:41:54.892,,,,14,,,,,,TRUE,,,,FALSE,Invoice,,,,,,,,,FALSE,,2026-08-05 12:53:16.310 Z,2026-08-05 12:53:13.936 Z,9999-12-31 23:59:59.999 Z,TRUE
19697,3551,,,,"{
  ""invoice_sent"": ""true""
}",2014-02-01 00:41:55.325,5142,,,InvoiceSentTenantEvent,,f3b3380d-529e-4bcf-b329-fa5964ca04b4,2014-02-01 00:41:55.342,,,,14,,,,,,TRUE,,,,FALSE,Invoice,,,,,,,,,FALSE,,2026-08-05 12:53:16.310 Z,2026-08-05 12:53:13.936 Z,9999-12-31 23:59:59.999 Z,TRUE
19697,3551,,,,"{
  ""invoice_sent"": ""true""
}",2014-02-01 00:41:55.325,5142,,,InvoiceSentTenantEvent,,f3b3380d-529e-4bcf-b329-fa5964ca04b4,2014-02-01 00:41:55.342,,,,14,,,,,,TRUE,,,,FALSE,Invoice,,,,,,,,,FALSE,,2026-07-09 08:26:52.384 Z,2026-07-09 08:26:50.521 Z,2026-08-05 12:53:13.935 Z,FALSE
19698,3552,,,,{},2014-02-01 00:41:55.502,,,2014-02-06 20:35:35.446,NoteEvent,,7269d82b-dcbd-432d-9aa4-f865b372fa3d,2014-04-08 03:13:26.382,,,,14,,,,,,FALSE,,,,FALSE,,,,,,,54,,,FALSE,,2026-08-05 12:53:16.310 Z,2026-08-05 12:53:13.936 Z,9999-12-31 23:59:59.999 Z,TRUE
19698,3552,,,,{},2014-02-01 00:41:55.502,,,2014-02-06 20:35:35.446,NoteEvent,,7269d82b-dcbd-432d-9aa4-f865b372fa3d,2014-04-08 03:13:26.382,,,,14,,,,,,FALSE,,,,FALSE,,,,,,,54,,,FALSE,,2026-07-09 08:26:52.384 Z,2026-07-09 08:26:50.521 Z,2026-08-05 12:53:13.935 Z,FALSE
19699,3552,,,,"{
  ""gate_access_code"": ""08001"",
  ""move_in_date"": ""2012-01-30"",
  ""move_in_initiated_date"": ""2012-01-30"",
  ""rate"": ""40.0""
}",2012-01-30 10:00:00.000,,,2014-02-01 00:41:55.533,MoveInUnitEvent,,d972196e-a61b-41d1-8bc4-e72a4da67ff7,2024-05-20 16:47:40.170,,,,14,,5958,5122,,,TRUE,,,,FALSE,,,,,,,,,,FALSE,,2026-07-09 08:56:42.879 Z,2026-07-09 08:26:50.521 Z,9999-12-31 23:59:59.999 Z,TRUE
19700,3552,,,,"{
  ""invoice_sent"": ""true""
}",2014-02-01 00:41:55.891,5143,,,InvoiceSentTenantEvent,,65170ab0-487f-4103-bd58-0191cceaa466,2014-02-01 00:41:55.903,,,,14,,,,,,TRUE,,,,FALSE,Invoice,,,,,,,,,FALSE,,2026-07-09 08:26:52.384 Z,2026-07-09 08:26:50.521 Z,2026-08-05 12:53:13.935 Z,FALSE
19700,3552,,,,"{
  ""invoice_sent"": ""true""
}",2014-02-01 00:41:55.891,5143,,,InvoiceSentTenantEvent,,65170ab0-487f-4103-bd58-0191cceaa466,2014-02-01 00:41:55.903,,,,14,,,,,,TRUE,,,,FALSE,Invoice,,,,,,,,,FALSE,,2026-08-05 12:53:16.310 Z,2026-08-05 12:53:13.936 Z,9999-12-31 23:59:59.999 Z,TRUE
19701,3552,,,,"{
  ""invoice_sent"": ""true""
}",2014-02-01 00:41:56.061,5144,,,InvoiceSentTenantEvent,,b4c3b863-cbb4-42e6-9f3e-8482434fc695,2014-02-01 00:41:56.073,,,,14,,,,,,TRUE,,,,FALSE,Invoice,,,,,,,,,FALSE,,2026-07-09 08:26:52.384 Z,2026-07-09 08:26:50.521 Z,2026-08-05 12:53:13.935 Z,FALSE
19701,3552,,,,"{
  ""invoice_sent"": ""true""
}",2014-02-01 00:41:56.061,5144,,,InvoiceSentTenantEvent,,b4c3b863-cbb4-42e6-9f3e-8482434fc695,2014-02-01 00:41:56.073,,,,14,,,,,,TRUE,,,,FALSE,Invoice,,,,,,,,,FALSE,,2026-08-05 12:53:16.310 Z,2026-08-05 12:53:13.936 Z,9999-12-31 23:59:59.999 Z,TRUE
19702,3553,,,,{},2014-02-01 00:41:56.322,,,2014-02-06 20:36:58.053,NoteEvent,,7e31e08e-6383-40fb-9350-3d54f4a3bb43,2014-04-08 03:13:26.403,,,,14,,,,,,FALSE,,,,FALSE,,,,,,,54,,,FALSE,,2026-07-09 08:26:52.384 Z,2026-07-09 08:26:50.521 Z,2026-08-05 12:53:13.935 Z,FALSE
19702,3553,,,,{},2014-02-01 00:41:56.322,,,2014-02-06 20:36:58.053,NoteEvent,,7e31e08e-6383-40fb-9350-3d54f4a3bb43,2014-04-08 03:13:26.403,,,,14,,,,,,FALSE,,,,FALSE,,,,,,,54,,,FALSE,,2026-08-05 12:53:16.310 Z,2026-08-05 12:53:13.936 Z,9999-12-31 23:59:59.999 Z,TRUE
19703,3553,,,,"{
  ""gate_access_code"": ""04493"",
  ""move_in_date"": ""2013-01-16"",
  ""move_in_initiated_date"": ""2013-01-16"",
  ""rate"": ""40.0""
}",2013-01-16 10:00:00.000,,,2014-02-01 00:41:56.353,MoveInUnitEvent,,400d5e44-8bdb-431c-a76e-3edb526d61ba,2024-05-20 16:47:40.170,,,,14,,5959,5123,,,TRUE,,,,FALSE,,,,,,,,,,FALSE,,2026-07-09 08:56:43.057 Z,2026-07-09 08:26:50.521 Z,9999-12-31 23:59:59.999 Z,TRUE
19704,3553,,,,"{
  ""invoice_sent"": ""true""
}",2014-02-01 00:41:56.645,5145,,,InvoiceSentTenantEvent,,b2936c2f-47e8-404c-9b00-e008073b5947,2014-02-01 00:41:56.657,,,,14,,,,,,TRUE,,,,FALSE,Invoice,,,,,,,,,FALSE,,2026-08-05 12:53:16.310 Z,2026-08-05 12:53:13.936 Z,9999-12-31 23:59:59.999 Z,TRUE
19704,3553,,,,"{
  ""invoice_sent"": ""true""
}",2014-02-01 00:41:56.645,5145,,,InvoiceSentTenantEvent,,b2936c2f-47e8-404c-9b00-e008073b5947,2014-02-01 00:41:56.657,,,,14,,,,,,TRUE,,,,FALSE,Invoice,,,,,,,,,FALSE,,2026-07-09 08:26:52.384 Z,2026-07-09 08:26:50.521 Z,2026-08-05 12:53:13.935 Z,FALSE
19705,3553,,,,"{
  ""invoice_sent"": ""true""
}",2014-02-01 00:41:56.872,5146,,,InvoiceSentTenantEvent,,818678c1-9538-4ac6-8d43-bbdaeb667af9,2014-02-01 00:41:56.884,,,,14,,,,,,TRUE,,,,FALSE,Invoice,,,,,,,,,FALSE,,2026-07-09 08:26:52.384 Z,2026-07-09 08:26:50.521 Z,2026-08-05 12:53:13.935 Z,FALSE
19705,3553,,,,"{
  ""invoice_sent"": ""true""
}",2014-02-01 00:41:56.872,5146,,,InvoiceSentTenantEvent,,818678c1-9538-4ac6-8d43-bbdaeb667af9,2014-02-01 00:41:56.884,,,,14,,,,,,TRUE,,,,FALSE,Invoice,,,,,,,,,FALSE,,2026-08-05 12:53:16.310 Z,2026-08-05 12:53:13.936 Z,9999-12-31 23:59:59.999 Z,TRUE
19706,3553,,,,"{
  ""invoice_sent"": ""true""
}",2014-02-01 00:41:57.022,5147,,,InvoiceSentTenantEvent,,dc7e946a-ee40-4e14-a6a1-e01924ef2d05,2014-02-01 00:41:57.038,,,,14,,,,,,TRUE,,,,FALSE,Invoice,,,,,,,,,FALSE,,2026-07-09 08:26:52.384 Z,2026-07-09 08:26:50.521 Z,2026-08-05 12:53:13.935 Z,FALSE
19706,3553,,,,"{
  ""invoice_sent"": ""true""
}",2014-02-01 00:41:57.022,5147,,,InvoiceSentTenantEvent,,dc7e946a-ee40-4e14-a6a1-e01924ef2d05,2014-02-01 00:41:57.038,,,,14,,,,,,TRUE,,,,FALSE,Invoice,,,,,,,,,FALSE,,2026-08-05 12:53:16.310 Z,2026-08-05 12:53:13.936 Z,9999-12-31 23:59:59.999 Z,TRUE
19707,3553,,,,"{
  ""invoice_sent"": ""true""
}",2014-02-01 00:41:57.200,5148,,,InvoiceSentTenantEvent,,f8b27f95-99bf-4d5f-967b-ffcc53e16897,2014-02-01 00:41:57.212,,,,14,,,,,,TRUE,,,,FALSE,Invoice,,,,,,,,,FALSE,,2026-07-09 08:26:52.384 Z,2026-07-09 08:26:50.521 Z,2026-08-05 12:53:13.935 Z,FALSE
19707,3553,,,,"{
  ""invoice_sent"": ""true""
}",2014-02-01 00:41:57.200,5148,,,InvoiceSentTenantEvent,,f8b27f95-99bf-4d5f-967b-ffcc53e16897,2014-02-01 00:41:57.212,,,,14,,,,,,TRUE,,,,FALSE,Invoice,,,,,,,,,FALSE,,2026-08-05 12:53:16.310 Z,2026-08-05 12:53:13.936 Z,9999-12-31 23:59:59.999 Z,TRUE
19708,3553,23744617,,,"{
  ""applied_date"": ""2014-01-31"",
  ""invoice_id"": ""5146"",
  ""line_item_id"": ""5263"",
  ""resolved_date"": ""2014-02-12""
}",2014-02-01 00:41:57.272,23,,,DelinquencyStageTenantEvent,,d140220e-cb64-4d93-82fd-e3f90986af7c,2014-04-08 03:11:58.339,,,,14,,,5123,,,TRUE,,,,FALSE,DelinquencyStage,,,,,,,,,FALSE,removed,2026-08-05 12:53:15.405 Z,2026-08-05 12:53:13.936 Z,9999-12-31 23:59:59.999 Z,TRUE
19708,3553,23744617,,,"{
  ""applied_date"": ""2014-01-31"",
  ""invoice_id"": ""5146"",
  ""line_item_id"": ""5263"",
  ""resolved_date"": ""2014-02-12""
}",2014-02-01 00:41:57.272,23,,,DelinquencyStageTenantEvent,,d140220e-cb64-4d93-82fd-e3f90986af7c,2014-04-08 03:11:58.339,,,,14,,,5123,,,TRUE,,,,FALSE,DelinquencyStage,,,,,,,,,FALSE,removed,2026-07-09 08:26:51.377 Z,2026-07-09 08:26:50.521 Z,2026-08-05 12:53:13.935 Z,FALSE
19709,3553,23744617,,,"{
  ""fee_invoice_id"": ""5147""
}",2014-02-01 00:41:57.278,28,,2014-02-01 00:41:57.270,AddFeeDelinquencyTenantEvent,,d6a72bff-7d4a-43d0-bc87-aeee4576573f,2014-02-07 15:46:11.837,,,,14,,,5123,,,TRUE,,,,FALSE,DelinquencyStageAction,19708,,,,,,,,FALSE,removed,2026-07-09 08:38:17.438 Z,2026-07-09 08:26:50.521 Z,2026-08-05 12:53:13.935 Z,FALSE
19709,3553,23744617,,,"{
  ""fee_invoice_id"": ""5147""
}",2014-02-01 00:41:57.278,28,,2014-02-01 00:41:57.270,AddFeeDelinquencyTenantEvent,,d6a72bff-7d4a-43d0-bc87-aeee4576573f,2014-02-07 15:46:11.837,,,,14,,,5123,,,TRUE,,,,FALSE,DelinquencyStageAction,19708,,,,,,,,FALSE,removed,2026-08-05 13:02:58.459 Z,2026-08-05 12:53:13.936 Z,9999-12-31 23:59:59.999 Z,TRUE
19710,3553,23744617,,,{},2014-02-01 00:41:57.298,29,,2014-02-07 05:00:00.000,GateLockoutDelinquencyTenantEvent,,77a0a45c-3793-4f71-a10d-be0b854c7c53,2014-02-07 15:46:11.875,,,,14,,,5123,,,TRUE,,,,FALSE,DelinquencyStageAction,19708,,,,,,,,FALSE,removed,2026-08-05 13:02:58.459 Z,2026-08-05 12:53:13.936 Z,9999-12-31 23:59:59.999 Z,TRUE
19710,3553,23744617,,,{},2014-02-01 00:41:57.298,29,,2014-02-07 05:00:00.000,GateLockoutDelinquencyTenantEvent,,77a0a45c-3793-4f71-a10d-be0b854c7c53,2014-02-07 15:46:11.875,,,,14,,,5123,,,TRUE,,,,FALSE,DelinquencyStageAction,19708,,,,,,,,FALSE,removed,2026-07-09 08:38:17.438 Z,2026-07-09 08:26:50.521 Z,2026-08-05 12:53:13.935 Z,FALSE
19711,3553,23744617,,,{},2014-02-01 00:41:57.418,30,,2014-02-12 19:27:17.530,OverlockDelinquencyTenantEvent,,4b78f373-1c97-41c9-80ee-bd62e90149c1,2024-05-20 16:47:40.170,,,,14,,5959,5123,,,TRUE,,,,FALSE,DelinquencyStageAction,19708,,,,,40,,,FALSE,overlock_removed,2026-07-09 08:56:43.030 Z,2026-07-09 08:26:50.521 Z,9999-12-31 23:59:59.999 Z,TRUE
19712,3553,23745087,,,"{
  ""applied_date"": ""2014-01-31"",
  ""invoice_id"": ""5146"",
  ""line_item_id"": ""5263"",
  ""resolved_date"": ""2014-02-07""
}",2014-02-01 00:41:57.472,24,,,DelinquencyStageTenantEvent,,8879499a-9d7a-4f64-8978-5322e528c332,2014-04-08 03:11:58.368,,,,14,,,5123,,,TRUE,,,,FALSE,DelinquencyStage,,,,,,,,,FALSE,removed,2026-08-05 12:53:16.425 Z,2026-08-05 12:53:13.936 Z,9999-12-31 23:59:59.999 Z,TRUE
19712,3553,23745087,,,"{
  ""applied_date"": ""2014-01-31"",
  ""invoice_id"": ""5146"",
  ""line_item_id"": ""5263"",
  ""resolved_date"": ""2014-02-07""
}",2014-02-01 00:41:57.472,24,,,DelinquencyStageTenantEvent,,8879499a-9d7a-4f64-8978-5322e528c332,2014-04-08 03:11:58.368,,,,14,,,5123,,,TRUE,,,,FALSE,DelinquencyStage,,,,,,,,,FALSE,removed,2026-07-09 08:26:52.574 Z,2026-07-09 08:26:50.521 Z,2026-08-05 12:53:13.935 Z,FALSE
19713,3553,23745087,,,{},2014-02-01 00:41:57.478,31,,2014-02-04 16:50:53.987,PrintMailDelinquencyTenantEvent,,3649ef59-3c8a-47d1-a932-37f9c3518c09,2024-05-20 16:47:40.170,,,,14,,5959,5123,,,TRUE,,,,FALSE,DelinquencyStageAction,19712,,,,,31,,,FALSE,letter_sent,2026-07-09 08:56:42.890 Z,2026-07-09 08:26:50.521 Z,9999-12-31 23:59:59.999 Z,TRUE
19714,3553,23745320,,,"{
  ""applied_date"": ""2014-01-31"",
  ""invoice_id"": ""5146"",
  ""line_item_id"": ""5263"",
  ""resolved_date"": ""2014-02-07""
}",2014-02-01 00:41:57.535,25,,,DelinquencyStageTenantEvent,,1ac32774-3c38-45ed-8c18-8c64b38476fe,2014-04-08 03:11:58.397,,,,14,,,5123,,,TRUE,,,,FALSE,DelinquencyStage,,,,,,,,,FALSE,removed,2026-07-09 08:38:17.500 Z,2026-07-09 08:26:50.521 Z,2026-08-05 12:53:13.935 Z,FALSE
19714,3553,23745320,,,"{
  ""applied_date"": ""2014-01-31"",
  ""invoice_id"": ""5146"",
  ""line_item_id"": ""5263"",
  ""resolved_date"": ""2014-02-07""
}",2014-02-01 00:41:57.535,25,,,DelinquencyStageTenantEvent,,1ac32774-3c38-45ed-8c18-8c64b38476fe,2014-04-08 03:11:58.397,,,,14,,,5123,,,TRUE,,,,FALSE,DelinquencyStage,,,,,,,,,FALSE,removed,2026-08-05 13:02:58.530 Z,2026-08-05 12:53:13.936 Z,9999-12-31 23:59:59.999 Z,TRUE
19715,3553,23745320,,,"{
  ""fee_invoice_id"": ""5147""
}",2014-02-01 00:41:57.541,32,,2014-02-01 00:41:57.533,AddFeeDelinquencyTenantEvent,,29993376-75fe-4cbe-accc-3d020e6ff9d6,2014-02-07 15:46:11.513,,,,14,,,5123,,,TRUE,,,,FALSE,DelinquencyStageAction,19714,,,,,,,,FALSE,removed,2026-08-05 13:02:58.530 Z,2026-08-05 12:53:13.936 Z,9999-12-31 23:59:59.999 Z,TRUE
19715,3553,23745320,,,"{
  ""fee_invoice_id"": ""5147""
}",2014-02-01 00:41:57.541,32,,2014-02-01 00:41:57.533,AddFeeDelinquencyTenantEvent,,29993376-75fe-4cbe-accc-3d020e6ff9d6,2014-02-07 15:46:11.513,,,,14,,,5123,,,TRUE,,,,FALSE,DelinquencyStageAction,19714,,,,,,,,FALSE,removed,2026-07-09 08:38:17.500 Z,2026-07-09 08:26:50.521 Z,2026-08-05 12:53:13.935 Z,FALSE
19716,3553,23745487,,,"{
  ""applied_date"": ""2014-01-31"",
  ""invoice_id"": ""5146"",
  ""line_item_id"": ""5263"",
  ""resolved_date"": ""2014-02-07""
}",2014-02-01 00:41:57.594,26,,,DelinquencyStageTenantEvent,,e7d7ad34-7094-4532-8c99-e0a586b75f13,2014-04-08 03:11:58.426,,,,14,,,5123,,,TRUE,,,,FALSE,DelinquencyStage,,,,,,,,,FALSE,removed,2026-08-05 12:53:17.042 Z,2026-08-05 12:53:13.936 Z,9999-12-31 23:59:59.999 Z,TRUE
19716,3553,23745487,,,"{
  ""applied_date"": ""2014-01-31"",
  ""invoice_id"": ""5146"",
  ""line_item_id"": ""5263"",
  ""resolved_date"": ""2014-02-07""
}",2014-02-01 00:41:57.594,26,,,DelinquencyStageTenantEvent,,e7d7ad34-7094-4532-8c99-e0a586b75f13,2014-04-08 03:11:58.426,,,,14,,,5123,,,TRUE,,,,FALSE,DelinquencyStage,,,,,,,,,FALSE,removed,2026-07-09 08:26:53.231 Z,2026-07-09 08:26:50.521 Z,2026-08-05 12:53:13.935 Z,FALSE
19717,3553,23745487,,,{},2014-02-01 00:41:57.600,33,,2014-02-04 16:50:51.362,PrintMailDelinquencyTenantEvent,,70c16a5a-64df-4569-8ea5-3744b612400e,2024-05-20 16:47:40.170,,,,14,,5959,5123,,,TRUE,,,,FALSE,DelinquencyStageAction,19716,,,,,31,,,FALSE,letter_sent,2026-07-09 08:56:42.890 Z,2026-07-09 08:26:50.521 Z,9999-12-31 23:59:59.999 Z,TRUE
19718,3554,,,,{},2014-02-01 00:41:57.946,,,,NoteEvent,,d8a3d888-267c-49aa-ae83-b8d13cf5a3fc,2014-04-08 03:13:26.424,,,,14,,,,,,FALSE,,,,FALSE,,,,,,,,,,FALSE,,2026-07-09 08:26:52.384 Z,2026-07-09 08:26:50.521 Z,2026-08-05 12:53:13.935 Z,FALSE
19718,3554,,,,{},2014-02-01 00:41:57.946,,,,NoteEvent,,d8a3d888-267c-49aa-ae83-b8d13cf5a3fc,2014-04-08 03:13:26.424,,,,14,,,,,,FALSE,,,,FALSE,,,,,,,,,,FALSE,,2026-08-05 12:53:16.310 Z,2026-08-05 12:53:13.936 Z,9999-12-31 23:59:59.999 Z,TRUE
19719,3554,,,,"{
  ""gate_access_code"": ""02175"",
  ""move_in_date"": ""2011-10-04"",
  ""move_in_initiated_date"": ""2011-10-04"",
  ""rate"": ""40.0""
}",2011-10-04 10:00:00.000,,,2014-02-01 00:41:57.974,MoveInUnitEvent,,c4bee8e6-8514-4247-a2f9-da01e08cd1e6,2024-05-20 16:47:40.170,,,,14,,5960,5124,,,TRUE,,,,FALSE,,,,,,,,,,FALSE,,2026-07-09 08:56:42.895 Z,2026-07-09 08:26:50.521 Z,9999-12-31 23:59:59.999 Z,TRUE
19720,3554,,,,"{
  ""invoice_sent"": ""true""
}",2014-02-01 00:41:58.249,5149,,,InvoiceSentTenantEvent,,95c42ffa-36c3-430a-ab24-151607fda0b7,2014-02-01 00:41:58.262,,,,14,,,,,,TRUE,,,,FALSE,Invoice,,,,,,,,,FALSE,,2026-07-09 08:26:52.384 Z,2026-07-09 08:26:50.521 Z,2026-08-05 12:53:13.935 Z,FALSE
19720,3554,,,,"{
  ""invoice_sent"": ""true""
}",2014-02-01 00:41:58.249,5149,,,InvoiceSentTenantEvent,,95c42ffa-36c3-430a-ab24-151607fda0b7,2014-02-01 00:41:58.262,,,,14,,,,,,TRUE,,,,FALSE,Invoice,,,,,,,,,FALSE,,2026-08-05 12:53:16.310 Z,2026-08-05 12:53:13.936 Z,9999-12-31 23:59:59.999 Z,TRUE
19721,3554,,,,"{
  ""invoice_sent"": ""true""
}",2014-02-01 00:41:58.395,5150,,,InvoiceSentTenantEvent,,5826f8c5-31da-4b8e-af30-588296a1d12b,2014-02-01 00:41:58.489,,,,14,,,,,,TRUE,,,,FALSE,Invoice,,,,,,,,,FALSE,,2026-07-09 08:26:52.384 Z,2026-07-09 08:26:50.521 Z,2026-08-05 12:53:13.935 Z,FALSE
19721,3554,,,,"{
  ""invoice_sent"": ""true""
}",2014-02-01 00:41:58.395,5150,,,InvoiceSentTenantEvent,,5826f8c5-31da-4b8e-af30-588296a1d12b,2014-02-01 00:41:58.489,,,,14,,,,,,TRUE,,,,FALSE,Invoice,,,,,,,,,FALSE,,2026-08-05 12:53:16.310 Z,2026-08-05 12:53:13.936 Z,9999-12-31 23:59:59.999 Z,TRUE
19722,3554,,,,"{
  ""invoice_sent"": ""true""
}",2014-02-01 00:41:58.625,5151,,,InvoiceSentTenantEvent,,aa40126e-687e-402f-94dc-c5b01ed13755,2014-02-01 00:41:58.641,,,,14,,,,,,TRUE,,,,FALSE,Invoice,,,,,,,,,FALSE,,2026-07-09 08:26:52.384 Z,2026-07-09 08:26:50.521 Z,2026-08-05 12:53:13.935 Z,FALSE
19722,3554,,,,"{
  ""invoice_sent"": ""true""
}",2014-02-01 00:41:58.625,5151,,,InvoiceSentTenantEvent,,aa40126e-687e-402f-94dc-c5b01ed13755,2014-02-01 00:41:58.641,,,,14,,,,,,TRUE,,,,FALSE,Invoice,,,,,,,,,FALSE,,2026-08-05 12:53:16.310 Z,2026-08-05 12:53:13.936 Z,9999-12-31 23:59:59.999 Z,TRUE
19723,3554,,,,"{
  ""invoice_sent"": ""true""
}",2014-02-01 00:41:58.803,5152,,,InvoiceSentTenantEvent,,4fa7ec5a-c0d6-4a07-b46f-4c6234208154,2014-02-01 00:41:58.815,,,,14,,,,,,TRUE,,,,FALSE,Invoice,,,,,,,,,FALSE,,2026-08-05 12:53:16.310 Z,2026-08-05 12:53:13.936 Z,9999-12-31 23:59:59.999 Z,TRUE
19723,3554,,,,"{
  ""invoice_sent"": ""true""
}",2014-02-01 00:41:58.803,5152,,,InvoiceSentTenantEvent,,4fa7ec5a-c0d6-4a07-b46f-4c6234208154,2014-02-01 00:41:58.815,,,,14,,,,,,TRUE,,,,FALSE,Invoice,,,,,,,,,FALSE,,2026-07-09 08:26:52.384 Z,2026-07-09 08:26:50.521 Z,2026-08-05 12:53:13.935 Z,FALSE
19724,3554,23746543,,,"{
  ""applied_date"": ""2013-08-11"",
  ""invoice_id"": ""5150"",
  ""line_item_id"": ""5267"",
  ""resolved_date"": ""2014-07-09""
}",2014-02-01 00:41:58.877,23,,,DelinquencyStageTenantEvent,,e9296cdb-b962-4d76-8953-0a25a651c59d,2014-07-10 00:45:00.936,,,,14,,,5124,,,TRUE,,,,FALSE,DelinquencyStage,,,,,,,,,FALSE,removed,2026-07-09 08:38:17.500 Z,2026-07-09 08:26:50.521 Z,2026-08-05 12:53:13.935 Z,FALSE
19724,3554,23746543,,,"{
  ""applied_date"": ""2013-08-11"",
  ""invoice_id"": ""5150"",
  ""line_item_id"": ""5267"",
  ""resolved_date"": ""2014-07-09""
}",2014-02-01 00:41:58.877,23,,,DelinquencyStageTenantEvent,,e9296cdb-b962-4d76-8953-0a25a651c59d,2014-07-10 00:45:00.936,,,,14,,,5124,,,TRUE,,,,FALSE,DelinquencyStage,,,,,,,,,FALSE,removed,2026-08-05 13:02:58.530 Z,2026-08-05 12:53:13.936 Z,9999-12-31 23:59:59.999 Z,TRUE
19725,3554,23746543,,,"{
  ""fee_invoice_id"": ""5151""
}",2014-02-01 00:41:58.883,28,,2014-02-01 00:41:58.875,AddFeeDelinquencyTenantEvent,,6ce940ec-0ead-4f93-b016-b3b02dcf3657,2014-07-10 00:45:00.900,,,,14,,,5124,,,TRUE,,,,FALSE,DelinquencyStageAction,19724,,,,,,,,FALSE,removed,2026-07-09 08:38:17.500 Z,2026-07-09 08:26:50.521 Z,2026-08-05 12:53:13.935 Z,FALSE
19725,3554,23746543,,,"{
  ""fee_invoice_id"": ""5151""
}",2014-02-01 00:41:58.883,28,,2014-02-01 00:41:58.875,AddFeeDelinquencyTenantEvent,,6ce940ec-0ead-4f93-b016-b3b02dcf3657,2014-07-10 00:45:00.900,,,,14,,,5124,,,TRUE,,,,FALSE,DelinquencyStageAction,19724,,,,,,,,FALSE,removed,2026-08-05 13:02:58.530 Z,2026-08-05 12:53:13.936 Z,9999-12-31 23:59:59.999 Z,TRUE
19726,3554,23746543,,,"{
  ""last_action_date"": ""2014-07-09""
}",2014-02-01 00:41:58.903,29,,2014-01-31 05:00:00.000,GateLockoutDelinquencyTenantEvent,,2b1b5e58-efb9-44ab-b69f-4fcf213c628d,2014-07-10 00:45:00.861,,,,14,,,5124,,,TRUE,,,,FALSE,DelinquencyStageAction,19724,,,,,,,,FALSE,removed,2026-08-05 13:02:58.530 Z,2026-08-05 12:53:13.936 Z,9999-12-31 23:59:59.999 Z,TRUE
19726,3554,23746543,,,"{
  ""last_action_date"": ""2014-07-09""
}",2014-02-01 00:41:58.903,29,,2014-01-31 05:00:00.000,GateLockoutDelinquencyTenantEvent,,2b1b5e58-efb9-44ab-b69f-4fcf213c628d,2014-07-10 00:45:00.861,,,,14,,,5124,,,TRUE,,,,FALSE,DelinquencyStageAction,19724,,,,,,,,FALSE,removed,2026-07-09 08:38:17.500 Z,2026-07-09 08:26:50.521 Z,2026-08-05 12:53:13.935 Z,FALSE
19727,3554,23746543,,,"{
  ""last_action_date"": ""2014-07-09""
}",2014-02-01 00:41:58.942,30,,2014-02-01 00:42:00.050,OverlockDelinquencyTenantEvent,,c3494b69-9faa-4ce7-ae77-01453a8e8d30,2024-05-20 16:47:40.170,,,,14,,5960,5124,,,TRUE,,,,FALSE,DelinquencyStageAction,19724,,,,,,,,FALSE,overlock_removed,2026-07-09 08:56:42.895 Z,2026-07-09 08:26:50.521 Z,9999-12-31 23:59:59.999 Z,TRUE
19728,3554,23746909,,,"{
  ""applied_date"": ""2013-08-16"",
  ""invoice_id"": ""5150"",
  ""line_item_id"": ""5267""
}",2014-02-01 00:41:59.074,24,,,DelinquencyStageTenantEvent,,583b9d6c-111d-41b1-8ad7-52d1517c2db9,2014-04-08 03:11:58.576,,,,14,,,5124,,,FALSE,,,,FALSE,DelinquencyStage,,,,,,,,,FALSE,applied,2026-08-05 13:02:58.640 Z,2026-08-05 12:53:13.936 Z,9999-12-31 23:59:59.999 Z,TRUE
19728,3554,23746909,,,"{
  ""applied_date"": ""2013-08-16"",
  ""invoice_id"": ""5150"",
  ""line_item_id"": ""5267""
}",2014-02-01 00:41:59.074,24,,,DelinquencyStageTenantEvent,,583b9d6c-111d-41b1-8ad7-52d1517c2db9,2014-04-08 03:11:58.576,,,,14,,,5124,,,FALSE,,,,FALSE,DelinquencyStage,,,,,,,,,FALSE,applied,2026-07-09 08:38:17.619 Z,2026-07-09 08:26:50.521 Z,2026-08-05 12:53:13.935 Z,FALSE
19729,3554,23746909,,,{},2014-02-01 00:41:59.080,31,,2014-02-04 16:51:33.478,PrintMailDelinquencyTenantEvent,,e6780ef6-aaef-4b12-ace3-2d9e597151bb,2024-05-20 16:47:40.170,,,,14,,5960,5124,,,TRUE,,,,FALSE,DelinquencyStageAction,19728,,,,,31,,,FALSE,letter_sent,2026-07-09 08:56:42.895 Z,2026-07-09 08:26:50.521 Z,9999-12-31 23:59:59.999 Z,TRUE
19730,3554,23747157,,,"{
  ""applied_date"": ""2013-09-10"",
  ""invoice_id"": ""5150"",
  ""line_item_id"": ""5267""
}",2014-02-01 00:41:59.137,25,,,DelinquencyStageTenantEvent,,2f421548-a9bb-4a3d-ac9a-5887d74a6e08,2014-04-08 03:11:58.604,,,,14,,,5124,,,FALSE,,,,FALSE,DelinquencyStage,,,,,,,,,FALSE,applied,2026-07-09 08:38:17.619 Z,2026-07-09 08:26:50.521 Z,2026-08-05 12:53:13.935 Z,FALSE
19730,3554,23747157,,,"{
  ""applied_date"": ""2013-09-10"",
  ""invoice_id"": ""5150"",
  ""line_item_id"": ""5267""
}",2014-02-01 00:41:59.137,25,,,DelinquencyStageTenantEvent,,2f421548-a9bb-4a3d-ac9a-5887d74a6e08,2014-04-08 03:11:58.604,,,,14,,,5124,,,FALSE,,,,FALSE,DelinquencyStage,,,,,,,,,FALSE,applied,2026-08-05 13:02:58.640 Z,2026-08-05 12:53:13.936 Z,9999-12-31 23:59:59.999 Z,TRUE
19731,3554,23747157,,,"{
  ""fee_invoice_id"": ""5151""
}",2014-02-01 00:41:59.143,32,,2014-02-01 00:41:59.135,AddFeeDelinquencyTenantEvent,,7e5cba7f-3932-429f-b012-df7172b2c153,2014-02-01 00:41:59.898,,,,14,,,5124,,,TRUE,,,,FALSE,DelinquencyStageAction,19730,,,,,,,,FALSE,applied,2026-07-09 08:38:17.619 Z,2026-07-09 08:26:50.521 Z,2026-08-05 12:53:13.935 Z,FALSE
19731,3554,23747157,,,"{
  ""fee_invoice_id"": ""5151""
}",2014-02-01 00:41:59.143,32,,2014-02-01 00:41:59.135,AddFeeDelinquencyTenantEvent,,7e5cba7f-3932-429f-b012-df7172b2c153,2014-02-01 00:41:59.898,,,,14,,,5124,,,TRUE,,,,FALSE,DelinquencyStageAction,19730,,,,,,,,FALSE,applied,2026-08-05 13:02:58.640 Z,2026-08-05 12:53:13.936 Z,9999-12-31 23:59:59.999 Z,TRUE
19732,3554,23747420,,,"{
  ""applied_date"": ""2013-09-15"",
  ""invoice_id"": ""5150"",
  ""line_item_id"": ""5267""
}",2014-02-01 00:41:59.195,26,,,DelinquencyStageTenantEvent,,833063f8-a81d-45ed-a93f-68983187f813,2014-04-08 03:11:58.633,,,,14,,,5124,,,FALSE,,,,FALSE,DelinquencyStage,,,,,,,,,FALSE,applied,2026-08-05 13:02:58.629 Z,2026-08-05 12:53:13.936 Z,9999-12-31 23:59:59.999 Z,TRUE
19732,3554,23747420,,,"{
  ""applied_date"": ""2013-09-15"",
  ""invoice_id"": ""5150"",
  ""line_item_id"": ""5267""
}",2014-02-01 00:41:59.195,26,,,DelinquencyStageTenantEvent,,833063f8-a81d-45ed-a93f-68983187f813,2014-04-08 03:11:58.633,,,,14,,,5124,,,FALSE,,,,FALSE,DelinquencyStage,,,,,,,,,FALSE,applied,2026-07-09 08:38:17.610 Z,2026-07-09 08:26:50.521 Z,2026-08-05 12:53:13.935 Z,FALSE
19733,3554,23747420,,,{},2014-02-01 00:41:59.201,33,,2014-02-04 16:51:31.399,PrintMailDelinquencyTenantEvent,,7b653b8e-57bc-4bd0-9b11-da66ae4326dc,2024-05-20 16:47:40.170,,,,14,,5960,5124,,,TRUE,,,,FALSE,DelinquencyStageAction,19732,,,,,31,,,FALSE,letter_sent,2026-07-09 08:56:42.895 Z,2026-07-09 08:26:50.521 Z,9999-12-31 23:59:59.999 Z,TRUE
19734,3554,23747686,,,"{
  ""applied_date"": ""2013-10-10"",
  ""invoice_id"": ""5150"",
  ""line_item_id"": ""5267""
}",2014-02-01 00:41:59.257,27,,,DelinquencyStageTenantEvent,,0ef9a43a-017b-4ceb-a80f-a837e0216469,2014-04-08 03:11:58.661,,,,14,,,5124,,,FALSE,,,,FALSE,DelinquencyStage,,,,,,,,,FALSE,applied,2026-08-05 13:02:58.423 Z,2026-08-05 12:53:13.936 Z,9999-12-31 23:59:59.999 Z,TRUE
19734,3554,23747686,,,"{
  ""applied_date"": ""2013-10-10"",
  ""invoice_id"": ""5150"",
  ""line_item_id"": ""5267""
}",2014-02-01 00:41:59.257,27,,,DelinquencyStageTenantEvent,,0ef9a43a-017b-4ceb-a80f-a837e0216469,2014-04-08 03:11:58.661,,,,14,,,5124,,,FALSE,,,,FALSE,DelinquencyStage,,,,,,,,,FALSE,applied,2026-07-09 08:38:17.406 Z,2026-07-09 08:26:50.521 Z,2026-08-05 12:53:13.935 Z,FALSE
19735,3554,23747686,,,"{
  ""fee_invoice_id"": ""5151""
}",2014-02-01 00:41:59.263,34,,2014-02-01 00:41:59.255,AddFeeDelinquencyTenantEvent,,d54cff84-9c41-47ef-b05d-fcc4b8b6293f,2014-02-01 00:41:59.879,,,,14,,,5124,,,TRUE,,,,FALSE,DelinquencyStageAction,19734,,,,,,,,FALSE,applied,2026-08-05 13:02:58.446 Z,2026-08-05 12:53:13.936 Z,9999-12-31 23:59:59.999 Z,TRUE
19735,3554,23747686,,,"{
  ""fee_invoice_id"": ""5151""
}",2014-02-01 00:41:59.263,34,,2014-02-01 00:41:59.255,AddFeeDelinquencyTenantEvent,,d54cff84-9c41-47ef-b05d-fcc4b8b6293f,2014-02-01 00:41:59.879,,,,14,,,5124,,,TRUE,,,,FALSE,DelinquencyStageAction,19734,,,,,,,,FALSE,applied,2026-07-09 08:38:17.428 Z,2026-07-09 08:26:50.521 Z,2026-08-05 12:53:13.935 Z,FALSE
19736,3554,23747991,,,"{
  ""applied_date"": ""2013-10-15"",
  ""invoice_id"": ""5150"",
  ""line_item_id"": ""5267""
}",2014-02-01 00:41:59.315,28,,,DelinquencyStageTenantEvent,,d2a1e8c2-64ed-432b-81d5-df70dbdd6dcd,2014-04-08 03:11:58.688,,,,14,,,5124,,,FALSE,,,,FALSE,DelinquencyStage,,,,,,,,,FALSE,applied,2026-08-05 13:02:58.630 Z,2026-08-05 12:53:13.936 Z,9999-12-31 23:59:59.999 Z,TRUE
19736,3554,23747991,,,"{
  ""applied_date"": ""2013-10-15"",
  ""invoice_id"": ""5150"",
  ""line_item_id"": ""5267""
}",2014-02-01 00:41:59.315,28,,,DelinquencyStageTenantEvent,,d2a1e8c2-64ed-432b-81d5-df70dbdd6dcd,2014-04-08 03:11:58.688,,,,14,,,5124,,,FALSE,,,,FALSE,DelinquencyStage,,,,,,,,,FALSE,applied,2026-07-09 08:38:17.611 Z,2026-07-09 08:26:50.521 Z,2026-08-05 12:53:13.935 Z,FALSE
19737,3554,23747991,,,{},2014-02-01 00:41:59.322,35,,2014-02-04 16:51:28.479,PrintMailDelinquencyTenantEvent,,ef96bda9-39fb-4d08-96de-ae96f47dcf8c,2024-05-20 16:47:40.170,,,,14,,5960,5124,,,TRUE,,,,FALSE,DelinquencyStageAction,19736,,,,,31,,,FALSE,letter_sent,2026-07-09 08:27:39.154 Z,2026-07-09 08:26:50.521 Z,2026-08-05 12:53:13.935 Z,FALSE
19737,3554,23747991,,,{},2014-02-01 00:41:59.322,35,,2014-02-04 16:51:28.479,PrintMailDelinquencyTenantEvent,,ef96bda9-39fb-4d08-96de-ae96f47dcf8c,2024-05-20 16:47:40.170,,,,14,,5960,5124,,,TRUE,,,,FALSE,DelinquencyStageAction,19736,,,,,31,,,FALSE,letter_sent,2026-08-05 12:53:57.640 Z,2026-08-05 12:53:13.936 Z,9999-12-31 23:59:59.999 Z,TRUE
19738,3554,23748348,,,"{
  ""applied_date"": ""2013-10-30"",
  ""invoice_id"": ""5150"",
  ""line_item_id"": ""5267""
}",2014-02-01 00:41:59.372,29,,,DelinquencyStageTenantEvent,,1d04c8af-2570-4e6a-9511-2fa6054372ff,2014-04-08 03:11:58.716,,,,14,,,5124,,,FALSE,,,,FALSE,DelinquencyStage,,,,,,,,,FALSE,applied,2026-08-05 13:02:58.204 Z,2026-08-05 12:53:13.936 Z,9999-12-31 23:59:59.999 Z,TRUE
19738,3554,23748348,,,"{
  ""applied_date"": ""2013-10-30"",
  ""invoice_id"": ""5150"",
  ""line_item_id"": ""5267""
}",2014-02-01 00:41:59.372,29,,,DelinquencyStageTenantEvent,,1d04c8af-2570-4e6a-9511-2fa6054372ff,2014-04-08 03:11:58.716,,,,14,,,5124,,,FALSE,,,,FALSE,DelinquencyStage,,,,,,,,,FALSE,applied,2026-07-09 08:38:17.203 Z,2026-07-09 08:26:50.521 Z,2026-08-05 12:53:13.935 Z,FALSE
19739,3554,23748348,,,{},2014-02-01 00:41:59.378,36,,2014-02-04 16:51:25.092,PrintMailDelinquencyTenantEvent,,6e23ce6d-c318-4912-acf0-2df4dded671a,2024-05-20 16:47:40.170,,,,14,,5960,5124,,,TRUE,,,,FALSE,DelinquencyStageAction,19738,,,,,31,,,FALSE,letter_sent,2026-07-09 08:27:36.557 Z,2026-07-09 08:26:50.521 Z,2026-08-05 12:53:13.935 Z,FALSE
19739,3554,23748348,,,{},2014-02-01 00:41:59.378,36,,2014-02-04 16:51:25.092,PrintMailDelinquencyTenantEvent,,6e23ce6d-c318-4912-acf0-2df4dded671a,2024-05-20 16:47:40.170,,,,14,,5960,5124,,,TRUE,,,,FALSE,DelinquencyStageAction,19738,,,,,31,,,FALSE,letter_sent,2026-08-05 12:53:55.075 Z,2026-08-05 12:53:13.936 Z,9999-12-31 23:59:59.999 Z,TRUE
19740,3554,23748592,,,"{
  ""applied_date"": ""2013-11-14"",
  ""invoice_id"": ""5150"",
  ""line_item_id"": ""5267""
}",2014-02-01 00:41:59.428,30,,,DelinquencyStageTenantEvent,,c068612b-89a1-47c8-91a0-340938315610,2014-04-08 03:11:58.744,,,,14,,,5124,,,FALSE,,,,FALSE,DelinquencyStage,,,,,,,,,FALSE,applied,2026-08-05 13:02:58.222 Z,2026-08-05 12:53:13.936 Z,9999-12-31 23:59:59.999 Z,TRUE
19740,3554,23748592,,,"{
  ""applied_date"": ""2013-11-14"",
  ""invoice_id"": ""5150"",
  ""line_item_id"": ""5267""
}",2014-02-01 00:41:59.428,30,,,DelinquencyStageTenantEvent,,c068612b-89a1-47c8-91a0-340938315610,2014-04-08 03:11:58.744,,,,14,,,5124,,,FALSE,,,,FALSE,DelinquencyStage,,,,,,,,,FALSE,applied,2026-07-09 08:38:17.219 Z,2026-07-09 08:26:50.521 Z,2026-08-05 12:53:13.935 Z,FALSE
19741,3554,23748592,,,{},2014-02-01 00:41:59.434,37,,2014-02-04 16:51:21.749,PrintMailDelinquencyTenantEvent,,aaada856-c4e2-4082-86f7-0d20f4e6c52e,2024-05-20 16:47:40.170,,,,14,,5960,5124,,,TRUE,,,,FALSE,DelinquencyStageAction,19740,,,,,31,,,FALSE,letter_sent,2026-07-09 08:38:17.230 Z,2026-07-09 08:26:50.521 Z,2026-08-05 12:53:13.935 Z,FALSE
19741,3554,23748592,,,{},2014-02-01 00:41:59.434,37,,2014-02-04 16:51:21.749,PrintMailDelinquencyTenantEvent,,aaada856-c4e2-4082-86f7-0d20f4e6c52e,2024-05-20 16:47:40.170,,,,14,,5960,5124,,,TRUE,,,,FALSE,DelinquencyStageAction,19740,,,,,31,,,FALSE,letter_sent,2026-08-05 13:02:58.232 Z,2026-08-05 12:53:13.936 Z,9999-12-31 23:59:59.999 Z,TRUE
19742,3554,23748994,,,"{
  ""applied_date"": ""2013-11-29"",
  ""invoice_id"": ""5150"",
  ""line_item_id"": ""5267""
}",2014-02-01 00:41:59.592,31,,,DelinquencyStageTenantEvent,,8c322716-c37e-4cfa-83b0-f9b68c5f6771,2014-04-08 03:11:58.773,,,,14,,,5124,,,FALSE,,,,FALSE,DelinquencyStage,,,,,,,,,FALSE,applied,2026-08-05 13:02:58.278 Z,2026-08-05 12:53:13.936 Z,9999-12-31 23:59:59.999 Z,TRUE
19742,3554,23748994,,,"{
  ""applied_date"": ""2013-11-29"",
  ""invoice_id"": ""5150"",
  ""line_item_id"": ""5267""
}",2014-02-01 00:41:59.592,31,,,DelinquencyStageTenantEvent,,8c322716-c37e-4cfa-83b0-f9b68c5f6771,2014-04-08 03:11:58.773,,,,14,,,5124,,,FALSE,,,,FALSE,DelinquencyStage,,,,,,,,,FALSE,applied,2026-07-09 08:38:17.269 Z,2026-07-09 08:26:50.521 Z,2026-08-05 12:53:13.935 Z,FALSE
19743,3554,23748994,,,{},2014-02-01 00:41:59.599,38,,2014-02-04 05:00:00.000,CutLockDelinquencyTenantEvent,,72168761-28dd-4042-bc4d-09a027435fb9,2024-05-20 16:47:40.170,,,,14,,5960,5124,,,TRUE,,,,FALSE,DelinquencyStageAction,19742,,,,,31,,,FALSE,lock_cut,2026-08-05 13:02:58.278 Z,2026-08-05 12:53:13.936 Z,9999-12-31 23:59:59.999 Z,TRUE
19743,3554,23748994,,,{},2014-02-01 00:41:59.599,38,,2014-02-04 05:00:00.000,CutLockDelinquencyTenantEvent,,72168761-28dd-4042-bc4d-09a027435fb9,2024-05-20 16:47:40.170,,,,14,,5960,5124,,,TRUE,,,,FALSE,DelinquencyStageAction,19742,,,,,31,,,FALSE,lock_cut,2026-07-09 08:38:17.269 Z,2026-07-09 08:26:50.521 Z,2026-08-05 12:53:13.935 Z,FALSE
19744,3554,23749400,,,"{
  ""applied_date"": ""2013-12-14"",
  ""invoice_id"": ""5150"",
  ""line_item_id"": ""5267""
}",2014-02-01 00:41:59.655,32,,,DelinquencyStageTenantEvent,,050ca5c0-18c4-4871-a12e-a1a3e5782373,2014-04-08 03:11:58.802,,,,14,,,5124,,,FALSE,,,,FALSE,DelinquencyStage,,,,,,,,,FALSE,applied,2026-08-05 13:02:58.287 Z,2026-08-05 12:53:13.936 Z,9999-12-31 23:59:59.999 Z,TRUE
19744,3554,23749400,,,"{
  ""applied_date"": ""2013-12-14"",
  ""invoice_id"": ""5150"",
  ""line_item_id"": ""5267""
}",2014-02-01 00:41:59.655,32,,,DelinquencyStageTenantEvent,,050ca5c0-18c4-4871-a12e-a1a3e5782373,2014-04-08 03:11:58.802,,,,14,,,5124,,,FALSE,,,,FALSE,DelinquencyStage,,,,,,,,,FALSE,applied,2026-07-09 08:38:17.276 Z,2026-07-09 08:26:50.521 Z,2026-08-05 12:53:13.935 Z,FALSE
19745,3554,23749400,,,{},2014-02-01 00:41:59.661,39,,2014-02-04 16:51:13.280,PrintMailDelinquencyTenantEvent,,7907d2e0-1d5d-4150-b640-caca0ebd3d8b,2024-05-20 16:47:40.170,,,,14,,5960,5124,,,TRUE,,,,FALSE,DelinquencyStageAction,19744,,,,,31,,,FALSE,letter_sent,2026-07-09 08:56:42.895 Z,2026-07-09 08:26:50.521 Z,9999-12-31 23:59:59.999 Z,TRUE
19746,3554,23749649,,,"{
  ""applied_date"": ""2013-12-29"",
  ""invoice_id"": ""5150"",
  ""line_item_id"": ""5267""
}",2014-02-01 00:41:59.716,33,,,DelinquencyStageTenantEvent,,90339daf-9197-40d1-bca8-853ab6e200d8,2014-04-08 03:11:58.830,,,,14,,,5124,,,FALSE,,,,FALSE,DelinquencyStage,,,,,,,,,FALSE,applied,2026-08-05 13:02:58.290 Z,2026-08-05 12:53:13.936 Z,9999-12-31 23:59:59.999 Z,TRUE
19746,3554,23749649,,,"{
  ""applied_date"": ""2013-12-29"",
  ""invoice_id"": ""5150"",
  ""line_item_id"": ""5267""
}",2014-02-01 00:41:59.716,33,,,DelinquencyStageTenantEvent,,90339daf-9197-40d1-bca8-853ab6e200d8,2014-04-08 03:11:58.830,,,,14,,,5124,,,FALSE,,,,FALSE,DelinquencyStage,,,,,,,,,FALSE,applied,2026-07-09 08:38:17.279 Z,2026-07-09 08:26:50.521 Z,2026-08-05 12:53:13.935 Z,FALSE
19747,3554,23749649,,,"{
  ""fee_invoice_id"": ""5151""
}",2014-02-01 00:41:59.722,40,,2014-02-01 00:41:59.714,AddFeeDelinquencyTenantEvent,,0889bd6c-2775-4df6-af84-090f002be363,2014-02-01 00:41:59.859,,,,14,,,5124,,,TRUE,,,,FALSE,DelinquencyStageAction,19746,,,,,,,,FALSE,applied,2026-08-05 13:02:58.290 Z,2026-08-05 12:53:13.936 Z,9999-12-31 23:59:59.999 Z,TRUE
19747,3554,23749649,,,"{
  ""fee_invoice_id"": ""5151""
}",2014-02-01 00:41:59.722,40,,2014-02-01 00:41:59.714,AddFeeDelinquencyTenantEvent,,0889bd6c-2775-4df6-af84-090f002be363,2014-02-01 00:41:59.859,,,,14,,,5124,,,TRUE,,,,FALSE,DelinquencyStageAction,19746,,,,,,,,FALSE,applied,2026-07-09 08:38:17.279 Z,2026-07-09 08:26:50.521 Z,2026-08-05 12:53:13.935 Z,FALSE
19748,3554,23750043,,,"{
  ""applied_date"": ""2014-01-13"",
  ""invoice_id"": ""5150"",
  ""line_item_id"": ""5267""
}",2014-02-01 00:41:59.803,34,,,DelinquencyStageTenantEvent,,36e5553f-831f-48c5-b5ae-26854912d99b,2014-04-08 03:11:58.857,,,,14,,,5124,,,FALSE,,,,FALSE,DelinquencyStage,,,,,,,,,FALSE,applied,2026-07-09 08:38:17.281 Z,2026-07-09 08:26:50.521 Z,2026-08-05 12:53:13.935 Z,FALSE
19748,3554,23750043,,,"{
  ""applied_date"": ""2014-01-13"",
  ""invoice_id"": ""5150"",
  ""line_item_id"": ""5267""
}",2014-02-01 00:41:59.803,34,,,DelinquencyStageTenantEvent,,36e5553f-831f-48c5-b5ae-26854912d99b,2014-04-08 03:11:58.857,,,,14,,,5124,,,FALSE,,,,FALSE,DelinquencyStage,,,,,,,,,FALSE,applied,2026-08-05 13:02:58.292 Z,2026-08-05 12:53:13.936 Z,9999-12-31 23:59:59.999 Z,TRUE
19749,3554,23750043,,,{},2014-02-01 00:41:59.810,41,,2014-02-04 16:51:08.179,AuctionDelinquencyTenantEvent,,db9de37c-d0cc-40df-a1d5-435bab92d0f8,2024-05-20 16:47:40.170,,,,14,,5960,5124,,,TRUE,,,,FALSE,DelinquencyStageAction,,,,,,31,,,FALSE,unit_auctioned,2026-07-09 08:38:25.564 Z,2026-07-09 08:26:50.521 Z,2026-08-05 12:53:13.935 Z,FALSE
19749,3554,23750043,,,{},2014-02-01 00:41:59.810,41,,2014-02-04 16:51:08.179,AuctionDelinquencyTenantEvent,,db9de37c-d0cc-40df-a1d5-435bab92d0f8,2024-05-20 16:47:40.170,,,,14,,5960,5124,,,TRUE,,,,FALSE,DelinquencyStageAction,,,,,,31,,,FALSE,unit_auctioned,2026-08-05 13:03:06.494 Z,2026-08-05 12:53:13.936 Z,9999-12-31 23:59:59.999 Z,TRUE
19750,3555,,,,{},2014-02-01 00:42:00.206,,,2014-02-06 20:37:35.256,NoteEvent,,9dde935b-9ab5-4b8e-99eb-9edf2edb9e83,2014-04-08 03:13:26.449,,,,14,,,,,,FALSE,,,,FALSE,,,,,,,54,,,FALSE,,2026-08-05 12:53:16.310 Z,2026-08-05 12:53:13.936 Z,9999-12-31 23:59:59.999 Z,TRUE
19750,3555,,,,{},2014-02-01 00:42:00.206,,,2014-02-06 20:37:35.256,NoteEvent,,9dde935b-9ab5-4b8e-99eb-9edf2edb9e83,2014-04-08 03:13:26.449,,,,14,,,,,,FALSE,,,,FALSE,,,,,,,54,,,FALSE,,2026-07-09 08:26:52.384 Z,2026-07-09 08:26:50.521 Z,2026-08-05 12:53:13.935 Z,FALSE
19751,3555,,,,{},2014-02-01 00:42:00.212,,,,NoteEvent,,df4bc1d0-2cc7-4cb6-a3b1-9b0c75b8547e,2014-04-08 03:13:26.469,,,,14,,,,,,FALSE,,,,FALSE,,,,,,,,,,FALSE,,2026-08-05 12:53:16.310 Z,2026-08-05 12:53:13.936 Z,9999-12-31 23:59:59.999 Z,TRUE
19751,3555,,,,{},2014-02-01 00:42:00.212,,,,NoteEvent,,df4bc1d0-2cc7-4cb6-a3b1-9b0c75b8547e,2014-04-08 03:13:26.469,,,,14,,,,,,FALSE,,,,FALSE,,,,,,,,,,FALSE,,2026-07-09 08:26:52.384 Z,2026-07-09 08:26:50.521 Z,2026-08-05 12:53:13.935 Z,FALSE
19752,3555,,,,"{
  ""gate_access_code"": ""02475"",
  ""move_in_date"": ""2012-11-03"",
  ""move_in_initiated_date"": ""2012-11-03"",
  ""rate"": ""40.0""
}",2012-11-03 10:00:00.000,,,2014-02-01 00:42:00.241,MoveInUnitEvent,,5e0ed8a1-e150-4331-9a19-e96b2082e65b,2024-05-20 16:47:40.170,,,,14,,5961,5125,,,TRUE,,,,FALSE,,,,,,,,,,FALSE,,2026-07-09 08:41:00.254 Z,2026-07-09 08:26:50.521 Z,9999-12-31 23:59:59.999 Z,TRUE
19753,3555,,,,"{
  ""invoice_sent"": ""true""
}",2014-02-01 00:42:00.609,5153,,,InvoiceSentTenantEvent,,47309a7a-b1b1-4436-9de8-eabe94b0c3a2,2014-02-01 00:42:00.622,,,,14,,,,,,TRUE,,,,FALSE,Invoice,,,,,,,,,FALSE,,2026-08-05 12:53:16.310 Z,2026-08-05 12:53:13.936 Z,9999-12-31 23:59:59.999 Z,TRUE
19753,3555,,,,"{
  ""invoice_sent"": ""true""
}",2014-02-01 00:42:00.609,5153,,,InvoiceSentTenantEvent,,47309a7a-b1b1-4436-9de8-eabe94b0c3a2,2014-02-01 00:42:00.622,,,,14,,,,,,TRUE,,,,FALSE,Invoice,,,,,,,,,FALSE,,2026-07-09 08:26:52.384 Z,2026-07-09 08:26:50.521 Z,2026-08-05 12:53:13.935 Z,FALSE
19754,3555,,,,"{
  ""invoice_sent"": ""true""
}",2014-02-01 00:42:00.759,5154,,,InvoiceSentTenantEvent,,0c43d27d-63c0-4c0b-a402-bcb5e30a0a01,2014-02-01 00:42:00.771,,,,14,,,,,,TRUE,,,,FALSE,Invoice,,,,,,,,,FALSE,,2026-07-09 08:26:52.384 Z,2026-07-09 08:26:50.521 Z,2026-08-05 12:53:13.935 Z,FALSE
19754,3555,,,,"{
  ""invoice_sent"": ""true""
}",2014-02-01 00:42:00.759,5154,,,InvoiceSentTenantEvent,,0c43d27d-63c0-4c0b-a402-bcb5e30a0a01,2014-02-01 00:42:00.771,,,,14,,,,,,TRUE,,,,FALSE,Invoice,,,,,,,,,FALSE,,2026-08-05 12:53:16.310 Z,2026-08-05 12:53:13.936 Z,9999-12-31 23:59:59.999 Z,TRUE
19755,3555,,,,"{
  ""invoice_sent"": ""true""
}",2014-02-01 00:42:00.911,5155,,,InvoiceSentTenantEvent,,cbb61830-dc45-4ee0-b239-0a349829a140,2014-02-01 00:42:00.927,,,,14,,,,,,TRUE,,,,FALSE,Invoice,,,,,,,,,FALSE,,2026-07-09 08:26:52.384 Z,2026-07-09 08:26:50.521 Z,2026-08-05 12:53:13.935 Z,FALSE
19755,3555,,,,"{
  ""invoice_sent"": ""true""
}",2014-02-01 00:42:00.911,5155,,,InvoiceSentTenantEvent,,cbb61830-dc45-4ee0-b239-0a349829a140,2014-02-01 00:42:00.927,,,,14,,,,,,TRUE,,,,FALSE,Invoice,,,,,,,,,FALSE,,2026-08-05 12:53:16.310 Z,2026-08-05 12:53:13.936 Z,9999-12-31 23:59:59.999 Z,TRUE
19756,3555,,,,"{
  ""invoice_sent"": ""true""
}",2014-02-01 00:42:01.183,5156,,,InvoiceSentTenantEvent,,1e83ca1e-5b78-432e-9a88-f3ab2ecea90e,2014-02-01 00:42:01.196,,,,14,,,,,,TRUE,,,,FALSE,Invoice,,,,,,,,,FALSE,,2026-07-09 08:26:52.384 Z,2026-07-09 08:26:50.521 Z,2026-08-05 12:53:13.935 Z,FALSE
19756,3555,,,,"{
  ""invoice_sent"": ""true""
}",2014-02-01 00:42:01.183,5156,,,InvoiceSentTenantEvent,,1e83ca1e-5b78-432e-9a88-f3ab2ecea90e,2014-02-01 00:42:01.196,,,,14,,,,,,TRUE,,,,FALSE,Invoice,,,,,,,,,FALSE,,2026-08-05 12:53:16.311 Z,2026-08-05 12:53:13.936 Z,9999-12-31 23:59:59.999 Z,TRUE
19757,3555,23752213,,,"{
  ""applied_date"": ""2014-01-31"",
  ""invoice_id"": ""5154"",
  ""line_item_id"": ""5271"",
  ""resolved_date"": ""2014-02-12""
}",2014-02-01 00:42:01.260,23,,,DelinquencyStageTenantEvent,,88c03365-08a5-4ac4-aedd-3ef638d405a3,2014-04-08 03:11:58.909,,,,14,,,5125,,,TRUE,,,,FALSE,DelinquencyStage,,,,,,,,,FALSE,removed,2026-08-05 13:02:58.783 Z,2026-08-05 12:53:13.936 Z,9999-12-31 23:59:59.999 Z,TRUE
19757,3555,23752213,,,"{
  ""applied_date"": ""2014-01-31"",
  ""invoice_id"": ""5154"",
  ""line_item_id"": ""5271"",
  ""resolved_date"": ""2014-02-12""
}",2014-02-01 00:42:01.260,23,,,DelinquencyStageTenantEvent,,88c03365-08a5-4ac4-aedd-3ef638d405a3,2014-04-08 03:11:58.909,,,,14,,,5125,,,TRUE,,,,FALSE,DelinquencyStage,,,,,,,,,FALSE,removed,2026-07-09 08:38:17.750 Z,2026-07-09 08:26:50.521 Z,2026-08-05 12:53:13.935 Z,FALSE
19758,3555,23752213,,,"{
  ""fee_invoice_id"": ""5155""
}",2014-02-01 00:42:01.266,28,,2014-02-01 00:42:01.258,AddFeeDelinquencyTenantEvent,,f36fcdd4-96a7-49b3-9256-5e2be6eb196f,2014-02-08 13:18:29.954,,,,14,,,5125,,,TRUE,,,,FALSE,DelinquencyStageAction,19757,,,,,,,,FALSE,removed,2026-07-09 08:26:51.345 Z,2026-07-09 08:26:50.521 Z,2026-08-05 12:53:13.935 Z,FALSE
19758,3555,23752213,,,"{
  ""fee_invoice_id"": ""5155""
}",2014-02-01 00:42:01.266,28,,2014-02-01 00:42:01.258,AddFeeDelinquencyTenantEvent,,f36fcdd4-96a7-49b3-9256-5e2be6eb196f,2014-02-08 13:18:29.954,,,,14,,,5125,,,TRUE,,,,FALSE,DelinquencyStageAction,19757,,,,,,,,FALSE,removed,2026-08-05 12:53:15.367 Z,2026-08-05 12:53:13.936 Z,9999-12-31 23:59:59.999 Z,TRUE
19759,3555,23752213,,,{},2014-02-01 00:42:01.288,29,,2014-02-08 05:00:00.000,GateLockoutDelinquencyTenantEvent,,fa3fcafb-cd3f-46bb-9c6f-9d2e6b81ef24,2014-02-08 13:18:30.042,,,,14,,,5125,,,TRUE,,,,FALSE,DelinquencyStageAction,19757,,,,,,,,FALSE,removed,2026-08-05 12:53:16.530 Z,2026-08-05 12:53:13.936 Z,9999-12-31 23:59:59.999 Z,TRUE
19759,3555,23752213,,,{},2014-02-01 00:42:01.288,29,,2014-02-08 05:00:00.000,GateLockoutDelinquencyTenantEvent,,fa3fcafb-cd3f-46bb-9c6f-9d2e6b81ef24,2014-02-08 13:18:30.042,,,,14,,,5125,,,TRUE,,,,FALSE,DelinquencyStageAction,19757,,,,,,,,FALSE,removed,2026-07-09 08:26:52.754 Z,2026-07-09 08:26:50.521 Z,2026-08-05 12:53:13.935 Z,FALSE
19760,3555,23752213,,,{},2014-02-01 00:42:01.328,30,,2014-02-12 19:27:58.397,OverlockDelinquencyTenantEvent,,252e57b8-3c1b-4555-bcbf-c9b877e49e88,2024-05-20 16:47:40.170,,,,14,,5961,5125,,,TRUE,,,,FALSE,DelinquencyStageAction,19757,,,,,40,,,FALSE,overlock_removed,2026-07-09 08:56:42.904 Z,2026-07-09 08:26:50.521 Z,9999-12-31 23:59:59.999 Z,TRUE
19761,3555,23752509,,,"{
  ""applied_date"": ""2014-01-31"",
  ""invoice_id"": ""5154"",
  ""line_item_id"": ""5271"",
  ""resolved_date"": ""2014-02-08""
}",2014-02-01 00:42:01.385,24,,,DelinquencyStageTenantEvent,,c6ba8c16-2f27-43c4-963a-48ca003442e7,2014-04-08 03:11:58.943,,,,14,,,5125,,,TRUE,,,,FALSE,DelinquencyStage,,,,,,,,,FALSE,removed,2026-08-05 13:02:58.783 Z,2026-08-05 12:53:13.936 Z,9999-12-31 23:59:59.999 Z,TRUE
19761,3555,23752509,,,"{
  ""applied_date"": ""2014-01-31"",
  ""invoice_id"": ""5154"",
  ""line_item_id"": ""5271"",
  ""resolved_date"": ""2014-02-08""
}",2014-02-01 00:42:01.385,24,,,DelinquencyStageTenantEvent,,c6ba8c16-2f27-43c4-963a-48ca003442e7,2014-04-08 03:11:58.943,,,,14,,,5125,,,TRUE,,,,FALSE,DelinquencyStage,,,,,,,,,FALSE,removed,2026-07-09 08:38:17.750 Z,2026-07-09 08:26:50.521 Z,2026-08-05 12:53:13.935 Z,FALSE
19762,3555,23752509,,,{},2014-02-01 00:42:01.392,31,,2014-02-04 16:52:05.435,PrintMailDelinquencyTenantEvent,,eb61d06a-1f06-4267-ad02-b450fe42aae4,2024-05-20 16:47:40.170,,,,14,,5961,5125,,,TRUE,,,,FALSE,DelinquencyStageAction,19761,,,,,31,,,FALSE,letter_sent,2026-07-09 08:56:42.905 Z,2026-07-09 08:26:50.521 Z,9999-12-31 23:59:59.999 Z,TRUE
19763,3555,23752832,,,"{
  ""applied_date"": ""2014-01-31"",
  ""invoice_id"": ""5154"",
  ""line_item_id"": ""5271"",
  ""resolved_date"": ""2014-02-08""
}",2014-02-01 00:42:01.451,25,,,DelinquencyStageTenantEvent,,a22d728c-441d-4f06-ab71-283a07ba5d50,2014-04-08 03:11:58.971,,,,14,,,5125,,,TRUE,,,,FALSE,DelinquencyStage,,,,,,,,,FALSE,removed,2026-07-09 08:26:51.345 Z,2026-07-09 08:26:50.521 Z,2026-08-05 12:53:13.935 Z,FALSE
19763,3555,23752832,,,"{
  ""applied_date"": ""2014-01-31"",
  ""invoice_id"": ""5154"",
  ""line_item_id"": ""5271"",
  ""resolved_date"": ""2014-02-08""
}",2014-02-01 00:42:01.451,25,,,DelinquencyStageTenantEvent,,a22d728c-441d-4f06-ab71-283a07ba5d50,2014-04-08 03:11:58.971,,,,14,,,5125,,,TRUE,,,,FALSE,DelinquencyStage,,,,,,,,,FALSE,removed,2026-08-05 12:53:15.367 Z,2026-08-05 12:53:13.936 Z,9999-12-31 23:59:59.999 Z,TRUE
19764,3555,23752832,,,"{
  ""fee_invoice_id"": ""5155""
}",2014-02-01 00:42:01.457,32,,2014-02-01 00:42:01.449,AddFeeDelinquencyTenantEvent,,655d311a-59d2-49c8-8d32-6e5807da2a4e,2014-02-08 13:18:29.687,,,,14,,,5125,,,TRUE,,,,FALSE,DelinquencyStageAction,19763,,,,,,,,FALSE,removed,2026-08-05 13:02:58.783 Z,2026-08-05 12:53:13.936 Z,9999-12-31 23:59:59.999 Z,TRUE
19764,3555,23752832,,,"{
  ""fee_invoice_id"": ""5155""
}",2014-02-01 00:42:01.457,32,,2014-02-01 00:42:01.449,AddFeeDelinquencyTenantEvent,,655d311a-59d2-49c8-8d32-6e5807da2a4e,2014-02-08 13:18:29.687,,,,14,,,5125,,,TRUE,,,,FALSE,DelinquencyStageAction,19763,,,,,,,,FALSE,removed,2026-07-09 08:38:17.750 Z,2026-07-09 08:26:50.521 Z,2026-08-05 12:53:13.935 Z,FALSE
19765,3555,23753056,,,"{
  ""applied_date"": ""2014-01-31"",
  ""invoice_id"": ""5154"",
  ""line_item_id"": ""5271"",
  ""resolved_date"": ""2014-02-08""
}",2014-02-01 00:42:01.516,26,,,DelinquencyStageTenantEvent,,f41b4972-b54e-4805-949f-ee37586bd6b8,2014-04-08 03:11:58.999,,,,14,,,5125,,,TRUE,,,,FALSE,DelinquencyStage,,,,,,,,,FALSE,removed,2026-07-09 08:38:17.793 Z,2026-07-09 08:26:50.521 Z,2026-08-05 12:53:13.935 Z,FALSE
19765,3555,23753056,,,"{
  ""applied_date"": ""2014-01-31"",
  ""invoice_id"": ""5154"",
  ""line_item_id"": ""5271"",
  ""resolved_date"": ""2014-02-08""
}",2014-02-01 00:42:01.516,26,,,DelinquencyStageTenantEvent,,f41b4972-b54e-4805-949f-ee37586bd6b8,2014-04-08 03:11:58.999,,,,14,,,5125,,,TRUE,,,,FALSE,DelinquencyStage,,,,,,,,,FALSE,removed,2026-08-05 13:02:58.830 Z,2026-08-05 12:53:13.936 Z,9999-12-31 23:59:59.999 Z,TRUE
19766,3555,23753056,,,{},2014-02-01 00:42:01.523,33,,2014-02-04 16:52:03.614,PrintMailDelinquencyTenantEvent,,a8b2e5ec-81bb-4b4d-ab2d-2fc2f4e36557,2024-05-20 16:47:40.170,,,,14,,5961,5125,,,TRUE,,,,FALSE,DelinquencyStageAction,19765,,,,,31,,,FALSE,letter_sent,2026-07-09 08:56:43.059 Z,2026-07-09 08:26:50.521 Z,9999-12-31 23:59:59.999 Z,TRUE
19767,3555,23753289,,,"{
  ""applied_date"": ""2014-01-31"",
  ""invoice_id"": ""5154"",
  ""line_item_id"": ""5271"",
  ""resolved_date"": ""2014-02-08""
}",2014-02-01 00:42:01.584,27,,,DelinquencyStageTenantEvent,,76d64bc4-d9a5-4227-bbae-9760a967f1ec,2014-04-08 03:11:59.027,,,,14,,,5125,,,TRUE,,,,FALSE,DelinquencyStage,,,,,,,,,FALSE,removed,2026-08-05 13:02:58.830 Z,2026-08-05 12:53:13.936 Z,9999-12-31 23:59:59.999 Z,TRUE
19767,3555,23753289,,,"{
  ""applied_date"": ""2014-01-31"",
  ""invoice_id"": ""5154"",
  ""line_item_id"": ""5271"",
  ""resolved_date"": ""2014-02-08""
}",2014-02-01 00:42:01.584,27,,,DelinquencyStageTenantEvent,,76d64bc4-d9a5-4227-bbae-9760a967f1ec,2014-04-08 03:11:59.027,,,,14,,,5125,,,TRUE,,,,FALSE,DelinquencyStage,,,,,,,,,FALSE,removed,2026-07-09 08:38:17.793 Z,2026-07-09 08:26:50.521 Z,2026-08-05 12:53:13.935 Z,FALSE
19768,3555,23753289,,,"{
  ""fee_invoice_id"": ""5155""
}",2014-02-01 00:42:01.591,34,,2014-02-01 00:42:01.582,AddFeeDelinquencyTenantEvent,,82847581-874b-4f52-abfb-749e12cf876a,2014-02-08 13:18:29.549,,,,14,,,5125,,,TRUE,,,,FALSE,DelinquencyStageAction,19767,,,,,,,,FALSE,removed,2026-08-05 13:02:58.830 Z,2026-08-05 12:53:13.936 Z,9999-12-31 23:59:59.999 Z,TRUE
19768,3555,23753289,,,"{
  ""fee_invoice_id"": ""5155""
}",2014-02-01 00:42:01.591,34,,2014-02-01 00:42:01.582,AddFeeDelinquencyTenantEvent,,82847581-874b-4f52-abfb-749e12cf876a,2014-02-08 13:18:29.549,,,,14,,,5125,,,TRUE,,,,FALSE,DelinquencyStageAction,19767,,,,,,,,FALSE,removed,2026-07-09 08:38:17.793 Z,2026-07-09 08:26:50.521 Z,2026-08-05 12:53:13.935 Z,FALSE
19769,3555,23753572,,,"{
  ""applied_date"": ""2014-01-31"",
  ""invoice_id"": ""5154"",
  ""line_item_id"": ""5271"",
  ""resolved_date"": ""2014-02-08""
}",2014-02-01 00:42:01.646,28,,,DelinquencyStageTenantEvent,,14f967a9-b9d9-4b1e-aed0-39a15f60d981,2014-04-08 03:11:59.055,,,,14,,,5125,,,TRUE,,,,FALSE,DelinquencyStage,,,,,,,,,FALSE,removed,2026-07-09 08:38:17.793 Z,2026-07-09 08:26:50.521 Z,2026-08-05 12:53:13.935 Z,FALSE
19769,3555,23753572,,,"{
  ""applied_date"": ""2014-01-31"",
  ""invoice_id"": ""5154"",
  ""line_item_id"": ""5271"",
  ""resolved_date"": ""2014-02-08""
}",2014-02-01 00:42:01.646,28,,,DelinquencyStageTenantEvent,,14f967a9-b9d9-4b1e-aed0-39a15f60d981,2014-04-08 03:11:59.055,,,,14,,,5125,,,TRUE,,,,FALSE,DelinquencyStage,,,,,,,,,FALSE,removed,2026-08-05 13:02:58.830 Z,2026-08-05 12:53:13.936 Z,9999-12-31 23:59:59.999 Z,TRUE
19770,3555,23753572,,,{},2014-02-01 00:42:01.733,35,,2014-02-04 16:52:01.447,PrintMailDelinquencyTenantEvent,,8405512f-2425-4de8-9fbf-347a49fe70a6,2024-05-20 16:47:40.170,,,,14,,5961,5125,,,TRUE,,,,FALSE,DelinquencyStageAction,19769,,,,,31,,,FALSE,letter_sent,2026-07-09 08:56:42.905 Z,2026-07-09 08:26:50.521 Z,9999-12-31 23:59:59.999 Z,TRUE
19771,3555,23754128,,,"{
  ""applied_date"": ""2014-01-31"",
  ""invoice_id"": ""5154"",
  ""line_item_id"": ""5271"",
  ""resolved_date"": ""2014-02-08""
}",2014-02-01 00:42:01.788,29,,,DelinquencyStageTenantEvent,,07eb2272-1a14-4ff4-abf1-09643647bda3,2014-04-08 03:11:59.084,,,,14,,,5125,,,TRUE,,,,FALSE,DelinquencyStage,,,,,,,,,FALSE,removed,2026-07-09 08:38:17.793 Z,2026-07-09 08:26:50.521 Z,2026-08-05 12:53:13.935 Z,FALSE
19771,3555,23754128,,,"{
  ""applied_date"": ""2014-01-31"",
  ""invoice_id"": ""5154"",
  ""line_item_id"": ""5271"",
  ""resolved_date"": ""2014-02-08""
}",2014-02-01 00:42:01.788,29,,,DelinquencyStageTenantEvent,,07eb2272-1a14-4ff4-abf1-09643647bda3,2014-04-08 03:11:59.084,,,,14,,,5125,,,TRUE,,,,FALSE,DelinquencyStage,,,,,,,,,FALSE,removed,2026-08-05 13:02:58.830 Z,2026-08-05 12:53:13.936 Z,9999-12-31 23:59:59.999 Z,TRUE
19772,3555,23754128,,,{},2014-02-01 00:42:01.794,36,,2014-02-04 16:51:59.264,PrintMailDelinquencyTenantEvent,,d59a26a9-2cc3-45bf-af22-9540d7122f6b,2024-05-20 16:47:40.170,,,,14,,5961,5125,,,TRUE,,,,FALSE,DelinquencyStageAction,19771,,,,,31,,,FALSE,letter_sent,2026-07-09 08:38:17.833 Z,2026-07-09 08:26:50.521 Z,2026-08-05 12:53:13.935 Z,FALSE
19772,3555,23754128,,,{},2014-02-01 00:42:01.794,36,,2014-02-04 16:51:59.264,PrintMailDelinquencyTenantEvent,,d59a26a9-2cc3-45bf-af22-9540d7122f6b,2024-05-20 16:47:40.170,,,,14,,5961,5125,,,TRUE,,,,FALSE,DelinquencyStageAction,19771,,,,,31,,,FALSE,letter_sent,2026-08-05 13:02:58.872 Z,2026-08-05 12:53:13.936 Z,9999-12-31 23:59:59.999 Z,TRUE
19773,3555,23754472,,,"{
  ""applied_date"": ""2014-01-31"",
  ""invoice_id"": ""5154"",
  ""line_item_id"": ""5271"",
  ""resolved_date"": ""2014-02-08""
}",2014-02-01 00:42:01.845,30,,,DelinquencyStageTenantEvent,,92d39a35-469c-4433-bc1b-b18eac347f83,2014-04-08 03:11:59.111,,,,14,,,5125,,,TRUE,,,,FALSE,DelinquencyStage,,,,,,,,,FALSE,removed,2026-08-05 13:02:58.872 Z,2026-08-05 12:53:13.936 Z,9999-12-31 23:59:59.999 Z,TRUE
19773,3555,23754472,,,"{
  ""applied_date"": ""2014-01-31"",
  ""invoice_id"": ""5154"",
  ""line_item_id"": ""5271"",
  ""resolved_date"": ""2014-02-08""
}",2014-02-01 00:42:01.845,30,,,DelinquencyStageTenantEvent,,92d39a35-469c-4433-bc1b-b18eac347f83,2014-04-08 03:11:59.111,,,,14,,,5125,,,TRUE,,,,FALSE,DelinquencyStage,,,,,,,,,FALSE,removed,2026-07-09 08:38:17.833 Z,2026-07-09 08:26:50.521 Z,2026-08-05 12:53:13.935 Z,FALSE
19774,3555,23754472,,,{},2014-02-01 00:42:01.851,37,,2014-02-04 16:51:57.112,PrintMailDelinquencyTenantEvent,,419eead5-b3b2-4d05-981e-540f3e6d01a8,2024-05-20 16:47:40.170,,,,14,,5961,5125,,,TRUE,,,,FALSE,DelinquencyStageAction,19773,,,,,31,,,FALSE,letter_sent,2026-07-09 08:56:42.905 Z,2026-07-09 08:26:50.521 Z,9999-12-31 23:59:59.999 Z,TRUE
19775,3555,23754909,,,"{
  ""applied_date"": ""2014-01-31"",
  ""invoice_id"": ""5154"",
  ""line_item_id"": ""5271"",
  ""resolved_date"": ""2014-02-08""
}",2014-02-01 00:42:01.902,31,,,DelinquencyStageTenantEvent,,f90b8470-8104-4360-9e5a-d39476b5e000,2014-04-08 03:11:59.140,,,,14,,,5125,,,TRUE,,,,FALSE,DelinquencyStage,,,,,,,,,FALSE,removed,2026-07-09 08:38:17.833 Z,2026-07-09 08:26:50.521 Z,2026-08-05 12:53:13.935 Z,FALSE
19775,3555,23754909,,,"{
  ""applied_date"": ""2014-01-31"",
  ""invoice_id"": ""5154"",
  ""line_item_id"": ""5271"",
  ""resolved_date"": ""2014-02-08""
}",2014-02-01 00:42:01.902,31,,,DelinquencyStageTenantEvent,,f90b8470-8104-4360-9e5a-d39476b5e000,2014-04-08 03:11:59.140,,,,14,,,5125,,,TRUE,,,,FALSE,DelinquencyStage,,,,,,,,,FALSE,removed,2026-08-05 13:02:58.872 Z,2026-08-05 12:53:13.936 Z,9999-12-31 23:59:59.999 Z,TRUE
19776,3555,23754909,,,{},2014-02-01 00:42:01.909,38,,2014-02-04 05:00:00.000,CutLockDelinquencyTenantEvent,,a684d351-6c02-4414-83d1-bc46327176ef,2024-05-20 16:47:40.170,,,,14,,5961,5125,,,TRUE,,,,FALSE,DelinquencyStageAction,19775,,,,,31,,,FALSE,lock_cut,2026-07-09 08:56:42.899 Z,2026-07-09 08:26:50.521 Z,9999-12-31 23:59:59.999 Z,TRUE
19777,3556,,,,{},2014-02-01 00:42:02.285,,,,NoteEvent,,0ec739a2-071a-4415-9d0e-f4ee2c055eb1,2014-04-08 03:13:26.491,,,,14,,,,,,FALSE,,,,FALSE,,,,,,,,,,FALSE,,2026-07-09 08:26:52.384 Z,2026-07-09 08:26:50.521 Z,2026-08-05 12:53:13.935 Z,FALSE
19777,3556,,,,{},2014-02-01 00:42:02.285,,,,NoteEvent,,0ec739a2-071a-4415-9d0e-f4ee2c055eb1,2014-04-08 03:13:26.491,,,,14,,,,,,FALSE,,,,FALSE,,,,,,,,,,FALSE,,2026-08-05 12:53:16.311 Z,2026-08-05 12:53:13.936 Z,9999-12-31 23:59:59.999 Z,TRUE
19778,3556,,,,"{
  ""gate_access_code"": ""08496"",
  ""move_in_date"": ""2013-03-18"",
  ""move_in_initiated_date"": ""2013-03-18"",
  ""rate"": ""40.0""
}",2013-03-18 10:00:00.000,,,2014-02-01 00:42:02.314,MoveInUnitEvent,,a29bf203-3467-43dd-9012-190058009e6b,2024-05-20 16:47:40.170,,,,14,,5962,5126,,,TRUE,,,,FALSE,,,,,,,,,,FALSE,,2026-07-09 08:56:42.905 Z,2026-07-09 08:26:50.521 Z,9999-12-31 23:59:59.999 Z,TRUE
19779,3556,,,,"{
  ""invoice_sent"": ""true""
}",2014-02-01 00:42:02.610,5157,,,InvoiceSentTenantEvent,,e40a1ac9-defb-47a8-ad74-cb62739c1601,2014-02-01 00:42:02.632,,,,14,,,,,,TRUE,,,,FALSE,Invoice,,,,,,,,,FALSE,,2026-08-05 12:53:16.311 Z,2026-08-05 12:53:13.936 Z,9999-12-31 23:59:59.999 Z,TRUE
19779,3556,,,,"{
  ""invoice_sent"": ""true""
}",2014-02-01 00:42:02.610,5157,,,InvoiceSentTenantEvent,,e40a1ac9-defb-47a8-ad74-cb62739c1601,2014-02-01 00:42:02.632,,,,14,,,,,,TRUE,,,,FALSE,Invoice,,,,,,,,,FALSE,,2026-07-09 08:26:52.384 Z,2026-07-09 08:26:50.521 Z,2026-08-05 12:53:13.935 Z,FALSE
19780,3556,,,,"{
  ""invoice_sent"": ""true""
}",2014-02-01 00:42:02.853,5158,,,InvoiceSentTenantEvent,,9e3aba11-e295-481b-9c35-3cd34ffbfad9,2014-02-01 00:42:02.859,,,,14,,,,,,TRUE,,,,FALSE,Invoice,,,,,,,,,FALSE,,2026-08-05 12:53:16.311 Z,2026-08-05 12:53:13.936 Z,9999-12-31 23:59:59.999 Z,TRUE
19780,3556,,,,"{
  ""invoice_sent"": ""true""
}",2014-02-01 00:42:02.853,5158,,,InvoiceSentTenantEvent,,9e3aba11-e295-481b-9c35-3cd34ffbfad9,2014-02-01 00:42:02.859,,,,14,,,,,,TRUE,,,,FALSE,Invoice,,,,,,,,,FALSE,,2026-07-09 08:26:52.384 Z,2026-07-09 08:26:50.521 Z,2026-08-05 12:53:13.935 Z,FALSE
19781,3556,,,,"{
  ""invoice_sent"": ""true""
}",2014-02-01 00:42:03.025,5159,,,InvoiceSentTenantEvent,,67872031-4920-41fb-b4bf-82d9abc41fcb,2014-02-01 00:42:03.061,,,,14,,,,,,TRUE,,,,FALSE,Invoice,,,,,,,,,FALSE,,2026-08-05 12:53:16.311 Z,2026-08-05 12:53:13.936 Z,9999-12-31 23:59:59.999 Z,TRUE
19781,3556,,,,"{
  ""invoice_sent"": ""true""
}",2014-02-01 00:42:03.025,5159,,,InvoiceSentTenantEvent,,67872031-4920-41fb-b4bf-82d9abc41fcb,2014-02-01 00:42:03.061,,,,14,,,,,,TRUE,,,,FALSE,Invoice,,,,,,,,,FALSE,,2026-07-09 08:26:52.384 Z,2026-07-09 08:26:50.521 Z,2026-08-05 12:53:13.935 Z,FALSE
19782,3556,,,,"{
  ""invoice_sent"": ""true""
}",2014-02-01 00:42:03.211,5160,,,InvoiceSentTenantEvent,,da94ceb1-c6ed-4f7e-bc94-a9acb4cafbd6,2014-02-01 00:42:03.229,,,,14,,,,,,TRUE,,,,FALSE,Invoice,,,,,,,,,FALSE,,2026-08-05 12:53:16.311 Z,2026-08-05 12:53:13.936 Z,9999-12-31 23:59:59.999 Z,TRUE
19782,3556,,,,"{
  ""invoice_sent"": ""true""
}",2014-02-01 00:42:03.211,5160,,,InvoiceSentTenantEvent,,da94ceb1-c6ed-4f7e-bc94-a9acb4cafbd6,2014-02-01 00:42:03.229,,,,14,,,,,,TRUE,,,,FALSE,Invoice,,,,,,,,,FALSE,,2026-07-09 08:26:52.384 Z,2026-07-09 08:26:50.521 Z,2026-08-05 12:53:13.935 Z,FALSE
19783,3556,23757588,,,"{
  ""applied_date"": ""2013-09-11"",
  ""invoice_id"": ""5158"",
  ""line_item_id"": ""5275"",
  ""resolved_date"": ""2014-07-09""
}",2014-02-01 00:42:03.290,23,,,DelinquencyStageTenantEvent,,c27aac12-6a7d-4f55-881e-62cd57cd9382,2014-07-10 00:45:01.413,,,,14,,,5126,,,TRUE,,,,FALSE,DelinquencyStage,,,,,,,,,FALSE,removed,2026-07-09 08:26:53.989 Z,2026-07-09 08:26:50.521 Z,2026-08-05 12:53:13.935 Z,FALSE
19783,3556,23757588,,,"{
  ""applied_date"": ""2013-09-11"",
  ""invoice_id"": ""5158"",
  ""line_item_id"": ""5275"",
  ""resolved_date"": ""2014-07-09""
}",2014-02-01 00:42:03.290,23,,,DelinquencyStageTenantEvent,,c27aac12-6a7d-4f55-881e-62cd57cd9382,2014-07-10 00:45:01.413,,,,14,,,5126,,,TRUE,,,,FALSE,DelinquencyStage,,,,,,,,,FALSE,removed,2026-08-05 12:53:17.774 Z,2026-08-05 12:53:13.936 Z,9999-12-31 23:59:59.999 Z,TRUE
19784,3556,23757588,,,"{
  ""fee_invoice_id"": ""5159""
}",2014-02-01 00:42:03.296,28,,2014-02-01 00:42:03.288,AddFeeDelinquencyTenantEvent,,4b020448-f393-4ef3-933d-e301f7f3003c,2014-07-10 00:45:01.372,,,,14,,,5126,,,TRUE,,,,FALSE,DelinquencyStageAction,19783,,,,,,,,FALSE,removed,2026-07-09 08:26:53.989 Z,2026-07-09 08:26:50.521 Z,2026-08-05 12:53:13.935 Z,FALSE
19784,3556,23757588,,,"{
  ""fee_invoice_id"": ""5159""
}",2014-02-01 00:42:03.296,28,,2014-02-01 00:42:03.288,AddFeeDelinquencyTenantEvent,,4b020448-f393-4ef3-933d-e301f7f3003c,2014-07-10 00:45:01.372,,,,14,,,5126,,,TRUE,,,,FALSE,DelinquencyStageAction,19783,,,,,,,,FALSE,removed,2026-08-05 12:53:17.774 Z,2026-08-05 12:53:13.936 Z,9999-12-31 23:59:59.999 Z,TRUE
19785,3556,23757588,,,"{
  ""last_action_date"": ""2014-07-09""
}",2014-02-01 00:42:03.316,29,,2014-01-31 05:00:00.000,GateLockoutDelinquencyTenantEvent,,3d315135-1714-4340-b2c3-057d4f6d2ff2,2014-07-10 00:45:01.330,,,,14,,,5126,,,TRUE,,,,FALSE,DelinquencyStageAction,19783,,,,,,,,FALSE,removed,2026-07-09 08:38:17.912 Z,2026-07-09 08:26:50.521 Z,2026-08-05 12:53:13.935 Z,FALSE
19785,3556,23757588,,,"{
  ""last_action_date"": ""2014-07-09""
}",2014-02-01 00:42:03.316,29,,2014-01-31 05:00:00.000,GateLockoutDelinquencyTenantEvent,,3d315135-1714-4340-b2c3-057d4f6d2ff2,2014-07-10 00:45:01.330,,,,14,,,5126,,,TRUE,,,,FALSE,DelinquencyStageAction,19783,,,,,,,,FALSE,removed,2026-08-05 13:02:58.957 Z,2026-08-05 12:53:13.936 Z,9999-12-31 23:59:59.999 Z,TRUE
19786,3556,23757588,,,"{
  ""last_action_date"": ""2014-07-09""
}",2014-02-01 00:42:03.438,30,,2014-02-01 00:42:04.253,OverlockDelinquencyTenantEvent,,fd4fa74c-821c-4eb6-a64c-cdba68ab3a52,2024-05-20 16:47:40.170,,,,14,,5962,5126,,,TRUE,,,,FALSE,DelinquencyStageAction,19783,,,,,,,,FALSE,overlock_removed,2026-07-09 08:56:42.908 Z,2026-07-09 08:26:50.521 Z,9999-12-31 23:59:59.999 Z,TRUE
19787,3556,23757825,,,"{
  ""applied_date"": ""2013-09-16"",
  ""invoice_id"": ""5158"",
  ""line_item_id"": ""5275""
}",2014-02-01 00:42:03.494,24,,,DelinquencyStageTenantEvent,,abd8b98d-302e-4c46-9582-b33db27d7bd0,2014-04-08 03:11:59.294,,,,14,,,5126,,,FALSE,,,,FALSE,DelinquencyStage,,,,,,,,,FALSE,applied,2026-07-09 08:38:17.912 Z,2026-07-09 08:26:50.521 Z,2026-08-05 12:53:13.935 Z,FALSE
19787,3556,23757825,,,"{
  ""applied_date"": ""2013-09-16"",
  ""invoice_id"": ""5158"",
  ""line_item_id"": ""5275""
}",2014-02-01 00:42:03.494,24,,,DelinquencyStageTenantEvent,,abd8b98d-302e-4c46-9582-b33db27d7bd0,2014-04-08 03:11:59.294,,,,14,,,5126,,,FALSE,,,,FALSE,DelinquencyStage,,,,,,,,,FALSE,applied,2026-08-05 13:02:58.957 Z,2026-08-05 12:53:13.936 Z,9999-12-31 23:59:59.999 Z,TRUE
19788,3556,23757825,,,{},2014-02-01 00:42:03.500,31,,2014-02-04 16:52:43.435,PrintMailDelinquencyTenantEvent,,2a86dd4b-922d-4c75-866e-57a9c192a84a,2024-05-20 16:47:40.170,,,,14,,5962,5126,,,TRUE,,,,FALSE,DelinquencyStageAction,19787,,,,,31,,,FALSE,letter_sent,2026-07-09 08:56:42.908 Z,2026-07-09 08:26:50.521 Z,9999-12-31 23:59:59.999 Z,TRUE
19789,3556,23758086,,,"{
  ""applied_date"": ""2013-10-11"",
  ""invoice_id"": ""5158"",
  ""line_item_id"": ""5275""
}",2014-02-01 00:42:03.559,25,,,DelinquencyStageTenantEvent,,ea99adba-9de0-4b77-8f7d-0d99ba35e6c9,2014-04-08 03:11:59.322,,,,14,,,5126,,,FALSE,,,,FALSE,DelinquencyStage,,,,,,,,,FALSE,applied,2026-08-05 13:02:58.957 Z,2026-08-05 12:53:13.936 Z,9999-12-31 23:59:59.999 Z,TRUE
19789,3556,23758086,,,"{
  ""applied_date"": ""2013-10-11"",
  ""invoice_id"": ""5158"",
  ""line_item_id"": ""5275""
}",2014-02-01 00:42:03.559,25,,,DelinquencyStageTenantEvent,,ea99adba-9de0-4b77-8f7d-0d99ba35e6c9,2014-04-08 03:11:59.322,,,,14,,,5126,,,FALSE,,,,FALSE,DelinquencyStage,,,,,,,,,FALSE,applied,2026-07-09 08:38:17.912 Z,2026-07-09 08:26:50.521 Z,2026-08-05 12:53:13.935 Z,FALSE
19790,3556,23758086,,,"{
  ""fee_invoice_id"": ""5159""
}",2014-02-01 00:42:03.565,32,,2014-02-01 00:42:03.557,AddFeeDelinquencyTenantEvent,,61124c93-1b34-42af-8288-b73bd576b3a1,2014-02-01 00:42:04.203,,,,14,,,5126,,,TRUE,,,,FALSE,DelinquencyStageAction,19789,,,,,,,,FALSE,applied,2026-07-09 08:38:17.912 Z,2026-07-09 08:26:50.521 Z,2026-08-05 12:53:13.935 Z,FALSE
19790,3556,23758086,,,"{
  ""fee_invoice_id"": ""5159""
}",2014-02-01 00:42:03.565,32,,2014-02-01 00:42:03.557,AddFeeDelinquencyTenantEvent,,61124c93-1b34-42af-8288-b73bd576b3a1,2014-02-01 00:42:04.203,,,,14,,,5126,,,TRUE,,,,FALSE,DelinquencyStageAction,19789,,,,,,,,FALSE,applied,2026-08-05 13:02:58.957 Z,2026-08-05 12:53:13.936 Z,9999-12-31 23:59:59.999 Z,TRUE
19791,3556,23758360,,,"{
  ""applied_date"": ""2013-10-16"",
  ""invoice_id"": ""5158"",
  ""line_item_id"": ""5275""
}",2014-02-01 00:42:03.623,26,,,DelinquencyStageTenantEvent,,05f0b853-0f87-4cfc-bfef-0651dc2f8b95,2014-04-08 03:11:59.351,,,,14,,,5126,,,FALSE,,,,FALSE,DelinquencyStage,,,,,,,,,FALSE,applied,2026-08-05 13:02:58.957 Z,2026-08-05 12:53:13.936 Z,9999-12-31 23:59:59.999 Z,TRUE
19791,3556,23758360,,,"{
  ""applied_date"": ""2013-10-16"",
  ""invoice_id"": ""5158"",
  ""line_item_id"": ""5275""
}",2014-02-01 00:42:03.623,26,,,DelinquencyStageTenantEvent,,05f0b853-0f87-4cfc-bfef-0651dc2f8b95,2014-04-08 03:11:59.351,,,,14,,,5126,,,FALSE,,,,FALSE,DelinquencyStage,,,,,,,,,FALSE,applied,2026-07-09 08:38:17.912 Z,2026-07-09 08:26:50.521 Z,2026-08-05 12:53:13.935 Z,FALSE
19792,3556,23758360,,,{},2014-02-01 00:42:03.629,33,,2014-02-04 16:52:40.085,PrintMailDelinquencyTenantEvent,,3a9e6c36-be8b-4bbf-9d92-4b9640d036ff,2024-05-20 16:47:40.170,,,,14,,5962,5126,,,TRUE,,,,FALSE,DelinquencyStageAction,19791,,,,,31,,,FALSE,letter_sent,2026-07-09 08:56:42.908 Z,2026-07-09 08:26:50.521 Z,9999-12-31 23:59:59.999 Z,TRUE
19793,3556,23758572,,,"{
  ""applied_date"": ""2013-11-10"",
  ""invoice_id"": ""5158"",
  ""line_item_id"": ""5275""
}",2014-02-01 00:42:03.684,27,,,DelinquencyStageTenantEvent,,f46717ac-0387-4481-bf04-d86656f39545,2014-04-08 03:11:59.379,,,,14,,,5126,,,FALSE,,,,FALSE,DelinquencyStage,,,,,,,,,FALSE,applied,2026-07-09 08:26:53.227 Z,2026-07-09 08:26:50.521 Z,2026-08-05 12:53:13.935 Z,FALSE
19793,3556,23758572,,,"{
  ""applied_date"": ""2013-11-10"",
  ""invoice_id"": ""5158"",
  ""line_item_id"": ""5275""
}",2014-02-01 00:42:03.684,27,,,DelinquencyStageTenantEvent,,f46717ac-0387-4481-bf04-d86656f39545,2014-04-08 03:11:59.379,,,,14,,,5126,,,FALSE,,,,FALSE,DelinquencyStage,,,,,,,,,FALSE,applied,2026-08-05 12:53:17.037 Z,2026-08-05 12:53:13.936 Z,9999-12-31 23:59:59.999 Z,TRUE
19794,3556,23758572,,,"{
  ""fee_invoice_id"": ""5159""
}",2014-02-01 00:42:03.690,34,,2014-02-01 00:42:03.682,AddFeeDelinquencyTenantEvent,,2ec1e5eb-a441-44b4-925c-8c329e50acaf,2014-02-01 00:42:04.185,,,,14,,,5126,,,TRUE,,,,FALSE,DelinquencyStageAction,19793,,,,,,,,FALSE,applied,2026-08-05 13:02:58.957 Z,2026-08-05 12:53:13.936 Z,9999-12-31 23:59:59.999 Z,TRUE
19794,3556,23758572,,,"{
  ""fee_invoice_id"": ""5159""
}",2014-02-01 00:42:03.690,34,,2014-02-01 00:42:03.682,AddFeeDelinquencyTenantEvent,,2ec1e5eb-a441-44b4-925c-8c329e50acaf,2014-02-01 00:42:04.185,,,,14,,,5126,,,TRUE,,,,FALSE,DelinquencyStageAction,19793,,,,,,,,FALSE,applied,2026-07-09 08:38:17.912 Z,2026-07-09 08:26:50.521 Z,2026-08-05 12:53:13.935 Z,FALSE
19795,3556,23758830,,,"{
  ""applied_date"": ""2013-11-15"",
  ""invoice_id"": ""5158"",
  ""line_item_id"": ""5275""
}",2014-02-01 00:42:03.743,28,,,DelinquencyStageTenantEvent,,976c2411-98c5-4e18-a7db-16e1afd9c7da,2014-04-08 03:11:59.409,,,,14,,,5126,,,FALSE,,,,FALSE,DelinquencyStage,,,,,,,,,FALSE,applied,2026-07-09 08:38:17.912 Z,2026-07-09 08:26:50.521 Z,2026-08-05 12:53:13.935 Z,FALSE
19795,3556,23758830,,,"{
  ""applied_date"": ""2013-11-15"",
  ""invoice_id"": ""5158"",
  ""line_item_id"": ""5275""
}",2014-02-01 00:42:03.743,28,,,DelinquencyStageTenantEvent,,976c2411-98c5-4e18-a7db-16e1afd9c7da,2014-04-08 03:11:59.409,,,,14,,,5126,,,FALSE,,,,FALSE,DelinquencyStage,,,,,,,,,FALSE,applied,2026-08-05 13:02:58.957 Z,2026-08-05 12:53:13.936 Z,9999-12-31 23:59:59.999 Z,TRUE
19796,3556,23758830,,,{},2014-02-01 00:42:03.749,35,,2014-02-04 16:52:37.864,PrintMailDelinquencyTenantEvent,,c3e96c69-06b9-43b4-b1a8-8d5746b1012d,2024-05-20 16:47:40.170,,,,14,,5962,5126,,,TRUE,,,,FALSE,DelinquencyStageAction,19795,,,,,31,,,FALSE,letter_sent,2026-07-09 08:56:42.908 Z,2026-07-09 08:26:50.521 Z,9999-12-31 23:59:59.999 Z,TRUE
19797,3556,23759092,,,"{
  ""applied_date"": ""2013-11-30"",
  ""invoice_id"": ""5158"",
  ""line_item_id"": ""5275""
}",2014-02-01 00:42:03.800,29,,,DelinquencyStageTenantEvent,,e671a8e6-c613-45e3-bc1b-766a90e162ff,2014-04-08 03:11:59.437,,,,14,,,5126,,,FALSE,,,,FALSE,DelinquencyStage,,,,,,,,,FALSE,applied,2026-07-09 08:26:52.995 Z,2026-07-09 08:26:50.521 Z,2026-08-05 12:53:13.935 Z,FALSE
19797,3556,23759092,,,"{
  ""applied_date"": ""2013-11-30"",
  ""invoice_id"": ""5158"",
  ""line_item_id"": ""5275""
}",2014-02-01 00:42:03.800,29,,,DelinquencyStageTenantEvent,,e671a8e6-c613-45e3-bc1b-766a90e162ff,2014-04-08 03:11:59.437,,,,14,,,5126,,,FALSE,,,,FALSE,DelinquencyStage,,,,,,,,,FALSE,applied,2026-08-05 12:53:16.803 Z,2026-08-05 12:53:13.936 Z,9999-12-31 23:59:59.999 Z,TRUE
19798,3556,23759092,,,{},2014-02-01 00:42:03.806,36,,2014-02-04 16:52:35.059,PrintMailDelinquencyTenantEvent,,c92a2819-4a3d-485b-bd06-3df1826b9461,2024-05-20 16:47:40.170,,,,14,,5962,5126,,,TRUE,,,,FALSE,DelinquencyStageAction,19797,,,,,31,,,FALSE,letter_sent,2026-07-09 08:56:42.908 Z,2026-07-09 08:26:50.521 Z,9999-12-31 23:59:59.999 Z,TRUE
19799,3556,23759367,,,"{
  ""applied_date"": ""2013-12-15"",
  ""invoice_id"": ""5158"",
  ""line_item_id"": ""5275""
}",2014-02-01 00:42:03.856,30,,,DelinquencyStageTenantEvent,,c3ac43d6-2e71-43af-8b2e-b7e6d3bff1e1,2014-04-08 03:11:59.465,,,,14,,,5126,,,FALSE,,,,FALSE,DelinquencyStage,,,,,,,,,FALSE,applied,2026-08-05 13:02:58.957 Z,2026-08-05 12:53:13.936 Z,9999-12-31 23:59:59.999 Z,TRUE
19799,3556,23759367,,,"{
  ""applied_date"": ""2013-12-15"",
  ""invoice_id"": ""5158"",
  ""line_item_id"": ""5275""
}",2014-02-01 00:42:03.856,30,,,DelinquencyStageTenantEvent,,c3ac43d6-2e71-43af-8b2e-b7e6d3bff1e1,2014-04-08 03:11:59.465,,,,14,,,5126,,,FALSE,,,,FALSE,DelinquencyStage,,,,,,,,,FALSE,applied,2026-07-09 08:38:17.912 Z,2026-07-09 08:26:50.521 Z,2026-08-05 12:53:13.935 Z,FALSE
19800,3556,23759367,,,{},2014-02-01 00:42:03.862,37,,2014-02-04 16:52:32.087,PrintMailDelinquencyTenantEvent,,00f69a0e-4470-4ea8-a3f9-22baf7f381cc,2024-05-20 16:47:40.170,,,,14,,5962,5126,,,TRUE,,,,FALSE,DelinquencyStageAction,19799,,,,,31,,,FALSE,letter_sent,2026-07-09 08:56:42.908 Z,2026-07-09 08:26:50.521 Z,9999-12-31 23:59:59.999 Z,TRUE
19801,3556,23759594,,,"{
  ""applied_date"": ""2013-12-30"",
  ""invoice_id"": ""5158"",
  ""line_item_id"": ""5275""
}",2014-02-01 00:42:03.912,31,,,DelinquencyStageTenantEvent,,08cf1679-fd39-48b7-b0d6-1722011b94e3,2014-04-08 03:11:59.492,,,,14,,,5126,,,FALSE,,,,FALSE,DelinquencyStage,,,,,,,,,FALSE,applied,2026-08-05 13:02:58.957 Z,2026-08-05 12:53:13.936 Z,9999-12-31 23:59:59.999 Z,TRUE
19801,3556,23759594,,,"{
  ""applied_date"": ""2013-12-30"",
  ""invoice_id"": ""5158"",
  ""line_item_id"": ""5275""
}",2014-02-01 00:42:03.912,31,,,DelinquencyStageTenantEvent,,08cf1679-fd39-48b7-b0d6-1722011b94e3,2014-04-08 03:11:59.492,,,,14,,,5126,,,FALSE,,,,FALSE,DelinquencyStage,,,,,,,,,FALSE,applied,2026-07-09 08:38:17.912 Z,2026-07-09 08:26:50.521 Z,2026-08-05 12:53:13.935 Z,FALSE
19802,3556,23759594,,,{},2014-02-01 00:42:03.997,38,,2014-02-04 05:00:00.000,CutLockDelinquencyTenantEvent,,3472048f-cf46-40c9-9d36-7987fa8c26df,2024-05-20 16:47:40.170,,,,14,,5962,5126,,,TRUE,,,,FALSE,DelinquencyStageAction,19801,,,,,31,,,FALSE,lock_cut,2026-07-09 08:56:42.905 Z,2026-07-09 08:26:50.521 Z,9999-12-31 23:59:59.999 Z,TRUE
19803,3556,23759875,,,"{
  ""applied_date"": ""2014-01-14"",
  ""invoice_id"": ""5158"",
  ""line_item_id"": ""5275""
}",2014-02-01 00:42:04.053,32,,,DelinquencyStageTenantEvent,,34087767-e180-4682-9579-dee6a6ca465f,2014-04-08 03:11:59.520,,,,14,,,5126,,,FALSE,,,,FALSE,DelinquencyStage,,,,,,,,,FALSE,applied,2026-07-09 08:38:17.953 Z,2026-07-09 08:26:50.521 Z,2026-08-05 12:53:13.935 Z,FALSE
19803,3556,23759875,,,"{
  ""applied_date"": ""2014-01-14"",
  ""invoice_id"": ""5158"",
  ""line_item_id"": ""5275""
}",2014-02-01 00:42:04.053,32,,,DelinquencyStageTenantEvent,,34087767-e180-4682-9579-dee6a6ca465f,2014-04-08 03:11:59.520,,,,14,,,5126,,,FALSE,,,,FALSE,DelinquencyStage,,,,,,,,,FALSE,applied,2026-08-05 13:02:59.003 Z,2026-08-05 12:53:13.936 Z,9999-12-31 23:59:59.999 Z,TRUE
19804,3556,23759875,,,{},2014-02-01 00:42:04.059,39,,2014-02-04 16:52:26.799,PrintMailDelinquencyTenantEvent,,5c056b1d-5bb9-4c1e-821d-0b369bf23673,2024-05-20 16:47:40.170,,,,14,,5962,5126,,,TRUE,,,,FALSE,DelinquencyStageAction,19803,,,,,31,,,FALSE,letter_sent,2026-07-09 08:56:42.908 Z,2026-07-09 08:26:50.521 Z,9999-12-31 23:59:59.999 Z,TRUE
19805,3556,23760142,,,"{
  ""applied_date"": ""2014-01-29"",
  ""invoice_id"": ""5158"",
  ""line_item_id"": ""5275""
}",2014-02-01 00:42:04.116,33,,,DelinquencyStageTenantEvent,,1ed857d7-9a0e-4fd9-9f78-c5595eef2e1a,2014-04-08 03:11:59.547,,,,14,,,5126,,,FALSE,,,,FALSE,DelinquencyStage,,,,,,,,,FALSE,applied,2026-07-09 08:26:52.996 Z,2026-07-09 08:26:50.521 Z,2026-08-05 12:53:13.935 Z,FALSE
19805,3556,23760142,,,"{
  ""applied_date"": ""2014-01-29"",
  ""invoice_id"": ""5158"",
  ""line_item_id"": ""5275""
}",2014-02-01 00:42:04.116,33,,,DelinquencyStageTenantEvent,,1ed857d7-9a0e-4fd9-9f78-c5595eef2e1a,2014-04-08 03:11:59.547,,,,14,,,5126,,,FALSE,,,,FALSE,DelinquencyStage,,,,,,,,,FALSE,applied,2026-08-05 12:53:16.805 Z,2026-08-05 12:53:13.936 Z,9999-12-31 23:59:59.999 Z,TRUE
19806,3556,23760142,,,"{
  ""fee_invoice_id"": ""5159""
}",2014-02-01 00:42:04.122,40,,2014-02-01 00:42:04.114,AddFeeDelinquencyTenantEvent,,c56dcc64-abda-40fe-8c27-db30ba7303c2,2014-02-01 00:42:04.166,,,,14,,,5126,,,TRUE,,,,FALSE,DelinquencyStageAction,19805,,,,,,,,FALSE,applied,2026-07-09 08:38:17.953 Z,2026-07-09 08:26:50.521 Z,2026-08-05 12:53:13.935 Z,FALSE
19806,3556,23760142,,,"{
  ""fee_invoice_id"": ""5159""
}",2014-02-01 00:42:04.122,40,,2014-02-01 00:42:04.114,AddFeeDelinquencyTenantEvent,,c56dcc64-abda-40fe-8c27-db30ba7303c2,2014-02-01 00:42:04.166,,,,14,,,5126,,,TRUE,,,,FALSE,DelinquencyStageAction,19805,,,,,,,,FALSE,applied,2026-08-05 13:02:59.003 Z,2026-08-05 12:53:13.936 Z,9999-12-31 23:59:59.999 Z,TRUE
19807,3557,,,,"{
  ""gate_access_code"": ""04459"",
  ""move_in_date"": ""2007-12-01"",
  ""move_in_initiated_date"": ""2007-12-01"",
  ""rate"": ""40.0""
}",2007-12-01 10:00:00.000,,,2014-02-01 00:42:04.398,MoveInUnitEvent,,f638eb84-25d7-4694-b26b-286b710d72b3,2024-05-20 16:47:40.170,,,,14,,5963,5127,,,TRUE,,,,FALSE,,,,,,,,,,FALSE,,2026-07-09 08:56:42.909 Z,2026-07-09 08:26:50.521 Z,9999-12-31 23:59:59.999 Z,TRUE
19808,3557,,,,"{
  ""invoice_sent"": ""true""
}",2014-02-01 00:42:04.845,5161,,,InvoiceSentTenantEvent,,6d44c739-ab72-4e28-b9f7-213a580c2bbc,2014-02-01 00:42:04.860,,,,14,,,,,,TRUE,,,,FALSE,Invoice,,,,,,,,,FALSE,,2026-08-05 12:53:16.311 Z,2026-08-05 12:53:13.936 Z,9999-12-31 23:59:59.999 Z,TRUE
19808,3557,,,,"{
  ""invoice_sent"": ""true""
}",2014-02-01 00:42:04.845,5161,,,InvoiceSentTenantEvent,,6d44c739-ab72-4e28-b9f7-213a580c2bbc,2014-02-01 00:42:04.860,,,,14,,,,,,TRUE,,,,FALSE,Invoice,,,,,,,,,FALSE,,2026-07-09 08:26:52.384 Z,2026-07-09 08:26:50.521 Z,2026-08-05 12:53:13.935 Z,FALSE
19809,3557,,,,"{
  ""invoice_sent"": ""true""
}",2014-02-01 00:42:05.131,5162,,,InvoiceSentTenantEvent,,641316fc-73fb-497f-8d4e-211005e4e714,2014-02-01 00:42:05.143,,,,14,,,,,,TRUE,,,,FALSE,Invoice,,,,,,,,,FALSE,,2026-08-05 12:53:16.311 Z,2026-08-05 12:53:13.936 Z,9999-12-31 23:59:59.999 Z,TRUE
19809,3557,,,,"{
  ""invoice_sent"": ""true""
}",2014-02-01 00:42:05.131,5162,,,InvoiceSentTenantEvent,,641316fc-73fb-497f-8d4e-211005e4e714,2014-02-01 00:42:05.143,,,,14,,,,,,TRUE,,,,FALSE,Invoice,,,,,,,,,FALSE,,2026-07-09 08:26:52.384 Z,2026-07-09 08:26:50.521 Z,2026-08-05 12:53:13.935 Z,FALSE
19810,3558,,,,{},2014-02-01 00:42:05.319,,,2014-02-06 21:07:07.815,NoteEvent,,6c2782af-858a-4f22-a4ca-d12439d4b510,2014-04-08 03:13:26.515,,,,14,,,,,,FALSE,,,,FALSE,,,,,,,54,,,FALSE,,2026-08-05 12:53:16.311 Z,2026-08-05 12:53:13.936 Z,9999-12-31 23:59:59.999 Z,TRUE
19810,3558,,,,{},2014-02-01 00:42:05.319,,,2014-02-06 21:07:07.815,NoteEvent,,6c2782af-858a-4f22-a4ca-d12439d4b510,2014-04-08 03:13:26.515,,,,14,,,,,,FALSE,,,,FALSE,,,,,,,54,,,FALSE,,2026-07-09 08:26:52.384 Z,2026-07-09 08:26:50.521 Z,2026-08-05 12:53:13.935 Z,FALSE
19811,3558,,,,"{
  ""gate_access_code"": ""00914"",
  ""move_in_date"": ""2012-11-28"",
  ""move_in_initiated_date"": ""2012-11-28"",
  ""rate"": ""40.0""
}",2012-11-28 10:00:00.000,,,2014-02-01 00:42:05.347,MoveInUnitEvent,,6587b7ce-0746-4c01-9a2a-92f2e51a49ca,2024-05-20 16:47:40.170,,,,14,,5964,5128,,,TRUE,,,,FALSE,,,,,,,,,,FALSE,,2026-07-09 08:41:00.254 Z,2026-07-09 08:26:50.521 Z,9999-12-31 23:59:59.999 Z,TRUE
19812,3558,,,,"{
  ""invoice_sent"": ""true""
}",2014-02-01 00:42:05.722,5163,,,InvoiceSentTenantEvent,,cdc7ca5f-4b97-4b05-8469-0a1d8eb8a62b,2014-02-01 00:42:05.718,,,,14,,,,,,TRUE,,,,FALSE,Invoice,,,,,,,,,FALSE,,2026-07-09 08:26:52.384 Z,2026-07-09 08:26:50.521 Z,2026-08-05 12:53:13.935 Z,FALSE
19812,3558,,,,"{
  ""invoice_sent"": ""true""
}",2014-02-01 00:42:05.722,5163,,,InvoiceSentTenantEvent,,cdc7ca5f-4b97-4b05-8469-0a1d8eb8a62b,2014-02-01 00:42:05.718,,,,14,,,,,,TRUE,,,,FALSE,Invoice,,,,,,,,,FALSE,,2026-08-05 12:53:16.311 Z,2026-08-05 12:53:13.936 Z,9999-12-31 23:59:59.999 Z,TRUE
19813,3558,,,,"{
  ""invoice_sent"": ""true""
}",2014-02-01 00:42:05.904,5164,,,InvoiceSentTenantEvent,,f3161466-4535-4dae-8ac2-d17f144488ee,2014-02-01 00:42:05.923,,,,14,,,,,,TRUE,,,,FALSE,Invoice,,,,,,,,,FALSE,,2026-07-09 08:26:52.384 Z,2026-07-09 08:26:50.521 Z,2026-08-05 12:53:13.935 Z,FALSE
19813,3558,,,,"{
  ""invoice_sent"": ""true""
}",2014-02-01 00:42:05.904,5164,,,InvoiceSentTenantEvent,,f3161466-4535-4dae-8ac2-d17f144488ee,2014-02-01 00:42:05.923,,,,14,,,,,,TRUE,,,,FALSE,Invoice,,,,,,,,,FALSE,,2026-08-05 12:53:16.311 Z,2026-08-05 12:53:13.936 Z,9999-12-31 23:59:59.999 Z,TRUE
19814,3559,,,,{},2014-02-01 00:42:06.143,,,2014-02-06 21:09:03.493,NoteEvent,,eca6ac0d-6dea-4f41-acd8-a571dfa3c84b,2014-04-08 03:13:26.539,,,,14,,,,,,FALSE,,,,FALSE,,,,,,,54,,,FALSE,,2026-07-09 08:26:52.384 Z,2026-07-09 08:26:50.521 Z,2026-08-05 12:53:13.935 Z,FALSE
19814,3559,,,,{},2014-02-01 00:42:06.143,,,2014-02-06 21:09:03.493,NoteEvent,,eca6ac0d-6dea-4f41-acd8-a571dfa3c84b,2014-04-08 03:13:26.539,,,,14,,,,,,FALSE,,,,FALSE,,,,,,,54,,,FALSE,,2026-08-05 12:53:16.311 Z,2026-08-05 12:53:13.936 Z,9999-12-31 23:59:59.999 Z,TRUE
19815,3559,,,,"{
  ""gate_access_code"": ""00421"",
  ""move_in_date"": ""2013-10-04"",
  ""move_in_initiated_date"": ""2013-10-04"",
  ""rate"": ""40.0""
}",2013-10-04 10:00:00.000,,,2014-02-01 00:42:06.170,MoveInUnitEvent,,03ac156a-8e55-4755-99ba-b40609aecbdb,2024-05-20 16:47:40.170,,,,14,,5965,5129,,,TRUE,,,,FALSE,,,,,,,,,,FALSE,,2026-07-09 08:56:42.935 Z,2026-07-09 08:26:50.521 Z,9999-12-31 23:59:59.999 Z,TRUE
19816,3559,,,,"{
  ""invoice_sent"": ""true""
}",2014-02-01 00:42:06.444,5165,,,InvoiceSentTenantEvent,,6f16e1a0-e600-44c8-afe1-751ab97dfcfd,2014-02-01 00:42:06.456,,,,14,,,,,,TRUE,,,,FALSE,Invoice,,,,,,,,,FALSE,,2026-07-09 08:26:52.384 Z,2026-07-09 08:26:50.521 Z,2026-08-05 12:53:13.935 Z,FALSE
19816,3559,,,,"{
  ""invoice_sent"": ""true""
}",2014-02-01 00:42:06.444,5165,,,InvoiceSentTenantEvent,,6f16e1a0-e600-44c8-afe1-751ab97dfcfd,2014-02-01 00:42:06.456,,,,14,,,,,,TRUE,,,,FALSE,Invoice,,,,,,,,,FALSE,,2026-08-05 12:53:16.311 Z,2026-08-05 12:53:13.936 Z,9999-12-31 23:59:59.999 Z,TRUE
19817,3559,,,,"{
  ""invoice_sent"": ""true""
}",2014-02-01 00:42:06.682,5166,,,InvoiceSentTenantEvent,,98c27960-c233-408b-ab44-4427dcb2df25,2014-02-01 00:42:06.695,,,,14,,,,,,TRUE,,,,FALSE,Invoice,,,,,,,,,FALSE,,2026-08-05 12:53:16.311 Z,2026-08-05 12:53:13.936 Z,9999-12-31 23:59:59.999 Z,TRUE
19817,3559,,,,"{
  ""invoice_sent"": ""true""
}",2014-02-01 00:42:06.682,5166,,,InvoiceSentTenantEvent,,98c27960-c233-408b-ab44-4427dcb2df25,2014-02-01 00:42:06.695,,,,14,,,,,,TRUE,,,,FALSE,Invoice,,,,,,,,,FALSE,,2026-07-09 08:26:52.384 Z,2026-07-09 08:26:50.521 Z,2026-08-05 12:53:13.935 Z,FALSE
19818,3559,,,,"{
  ""invoice_sent"": ""true""
}",2014-02-01 00:42:06.828,5167,,,InvoiceSentTenantEvent,,34a10770-e47e-4666-ba26-33ee69f155ce,2014-02-01 00:42:06.843,,,,14,,,,,,TRUE,,,,FALSE,Invoice,,,,,,,,,FALSE,,2026-08-05 12:53:16.311 Z,2026-08-05 12:53:13.936 Z,9999-12-31 23:59:59.999 Z,TRUE
19818,3559,,,,"{
  ""invoice_sent"": ""true""
}",2014-02-01 00:42:06.828,5167,,,InvoiceSentTenantEvent,,34a10770-e47e-4666-ba26-33ee69f155ce,2014-02-01 00:42:06.843,,,,14,,,,,,TRUE,,,,FALSE,Invoice,,,,,,,,,FALSE,,2026-07-09 08:26:52.384 Z,2026-07-09 08:26:50.521 Z,2026-08-05 12:53:13.935 Z,FALSE
19819,3559,,,,"{
  ""invoice_sent"": ""true""
}",2014-02-01 00:42:07.005,5168,,,InvoiceSentTenantEvent,,04e4c467-8537-476b-9e53-a7acfc877fa4,2014-02-01 00:42:07.020,,,,14,,,,,,TRUE,,,,FALSE,Invoice,,,,,,,,,FALSE,,2026-07-09 08:26:52.384 Z,2026-07-09 08:26:50.521 Z,2026-08-05 12:53:13.935 Z,FALSE
19819,3559,,,,"{
  ""invoice_sent"": ""true""
}",2014-02-01 00:42:07.005,5168,,,InvoiceSentTenantEvent,,04e4c467-8537-476b-9e53-a7acfc877fa4,2014-02-01 00:42:07.020,,,,14,,,,,,TRUE,,,,FALSE,Invoice,,,,,,,,,FALSE,,2026-08-05 12:53:16.311 Z,2026-08-05 12:53:13.936 Z,9999-12-31 23:59:59.999 Z,TRUE
19820,3559,23773568,,,"{
  ""applied_date"": ""2013-12-11"",
  ""invoice_id"": ""5166"",
  ""line_item_id"": ""5285"",
  ""resolved_date"": ""2014-03-27""
}",2014-02-01 00:42:07.081,23,,,DelinquencyStageTenantEvent,,54018f67-9b20-4e2f-a05a-0f8d3a237301,2014-04-08 03:11:59.599,,,,14,,,5129,,,TRUE,,,,FALSE,DelinquencyStage,,,,,,,,,FALSE,removed,2026-08-05 13:02:57.574 Z,2026-08-05 12:53:13.936 Z,9999-12-31 23:59:59.999 Z,TRUE
19820,3559,23773568,,,"{
  ""applied_date"": ""2013-12-11"",
  ""invoice_id"": ""5166"",
  ""line_item_id"": ""5285"",
  ""resolved_date"": ""2014-03-27""
}",2014-02-01 00:42:07.081,23,,,DelinquencyStageTenantEvent,,54018f67-9b20-4e2f-a05a-0f8d3a237301,2014-04-08 03:11:59.599,,,,14,,,5129,,,TRUE,,,,FALSE,DelinquencyStage,,,,,,,,,FALSE,removed,2026-07-09 08:38:17.311 Z,2026-07-09 08:26:50.521 Z,2026-08-05 12:53:13.935 Z,FALSE
19821,3559,23773568,,,"{
  ""fee_invoice_id"": ""5167""
}",2014-02-01 00:42:07.087,28,,2014-02-01 00:42:07.079,AddFeeDelinquencyTenantEvent,,61a37fec-fc41-4109-8bb7-a2d3f0185605,2014-03-27 18:59:07.667,,,,14,,,5129,,,TRUE,,,,FALSE,DelinquencyStageAction,19820,,,,,,,,FALSE,removed,2026-07-09 08:26:50.940 Z,2026-07-09 08:26:50.521 Z,2026-08-05 12:53:13.935 Z,FALSE
19821,3559,23773568,,,"{
  ""fee_invoice_id"": ""5167""
}",2014-02-01 00:42:07.087,28,,2014-02-01 00:42:07.079,AddFeeDelinquencyTenantEvent,,61a37fec-fc41-4109-8bb7-a2d3f0185605,2014-03-27 18:59:07.667,,,,14,,,5129,,,TRUE,,,,FALSE,DelinquencyStageAction,19820,,,,,,,,FALSE,removed,2026-08-05 12:53:14.754 Z,2026-08-05 12:53:13.936 Z,9999-12-31 23:59:59.999 Z,TRUE
19822,3559,23773568,,,{},2014-02-01 00:42:07.108,29,,2014-03-27 04:00:00.000,GateLockoutDelinquencyTenantEvent,,51e9b641-4ee9-49ca-bf7a-31fa74098ef6,2014-03-27 18:59:07.725,,,,14,,,5129,,,TRUE,,,,FALSE,DelinquencyStageAction,19820,,,,,,,,FALSE,removed,2026-08-05 13:02:57.574 Z,2026-08-05 12:53:13.936 Z,9999-12-31 23:59:59.999 Z,TRUE
19822,3559,23773568,,,{},2014-02-01 00:42:07.108,29,,2014-03-27 04:00:00.000,GateLockoutDelinquencyTenantEvent,,51e9b641-4ee9-49ca-bf7a-31fa74098ef6,2014-03-27 18:59:07.725,,,,14,,,5129,,,TRUE,,,,FALSE,DelinquencyStageAction,19820,,,,,,,,FALSE,removed,2026-07-09 08:38:17.311 Z,2026-07-09 08:26:50.521 Z,2026-08-05 12:53:13.935 Z,FALSE
19823,3559,23773568,,,{},2014-02-01 00:42:07.232,30,,2014-03-27 18:59:28.027,OverlockDelinquencyTenantEvent,,c94bf95d-58f8-42ca-b71e-e276f6f0ba0b,2024-05-20 16:47:40.170,,,,14,,5965,5129,,,TRUE,,,,FALSE,DelinquencyStageAction,19820,,,,,40,,,FALSE,overlock_removed,2026-07-09 08:56:42.940 Z,2026-07-09 08:26:50.521 Z,9999-12-31 23:59:59.999 Z,TRUE
19824,3559,23773847,,,"{
  ""applied_date"": ""2013-12-16"",
  ""invoice_id"": ""5166"",
  ""line_item_id"": ""5285"",
  ""resolved_date"": ""2014-03-27""
}",2014-02-01 00:42:07.284,24,,,DelinquencyStageTenantEvent,,3ebb9c26-4089-454b-acfe-4dd7fbffe7a0,2014-04-08 03:11:59.626,,,,14,,,5129,,,TRUE,,,,FALSE,DelinquencyStage,,,,,,,,,FALSE,removed,2026-07-09 08:38:17.311 Z,2026-07-09 08:26:50.521 Z,2026-08-05 12:53:13.935 Z,FALSE
19824,3559,23773847,,,"{
  ""applied_date"": ""2013-12-16"",
  ""invoice_id"": ""5166"",
  ""line_item_id"": ""5285"",
  ""resolved_date"": ""2014-03-27""
}",2014-02-01 00:42:07.284,24,,,DelinquencyStageTenantEvent,,3ebb9c26-4089-454b-acfe-4dd7fbffe7a0,2014-04-08 03:11:59.626,,,,14,,,5129,,,TRUE,,,,FALSE,DelinquencyStage,,,,,,,,,FALSE,removed,2026-08-05 13:02:57.574 Z,2026-08-05 12:53:13.936 Z,9999-12-31 23:59:59.999 Z,TRUE
19825,3559,23773847,,,{},2014-02-01 00:42:07.290,31,,2014-02-04 16:53:04.529,PrintMailDelinquencyTenantEvent,,b2cf915a-1665-422c-9dfe-5ebac24cdde4,2024-05-20 16:47:40.170,,,,14,,5965,5129,,,TRUE,,,,FALSE,DelinquencyStageAction,19824,,,,,31,,,FALSE,letter_sent,2026-07-09 08:56:42.942 Z,2026-07-09 08:26:50.521 Z,9999-12-31 23:59:59.999 Z,TRUE
19826,3559,23774124,,,"{
  ""applied_date"": ""2014-01-10"",
  ""invoice_id"": ""5166"",
  ""line_item_id"": ""5285"",
  ""resolved_date"": ""2014-03-27""
}",2014-02-01 00:42:07.347,25,,,DelinquencyStageTenantEvent,,d40a47a9-b3a8-4e4d-bec6-e2f642781696,2014-04-08 03:11:59.655,,,,14,,,5129,,,TRUE,,,,FALSE,DelinquencyStage,,,,,,,,,FALSE,removed,2026-07-09 08:38:17.311 Z,2026-07-09 08:26:50.521 Z,2026-08-05 12:53:13.935 Z,FALSE
19826,3559,23774124,,,"{
  ""applied_date"": ""2014-01-10"",
  ""invoice_id"": ""5166"",
  ""line_item_id"": ""5285"",
  ""resolved_date"": ""2014-03-27""
}",2014-02-01 00:42:07.347,25,,,DelinquencyStageTenantEvent,,d40a47a9-b3a8-4e4d-bec6-e2f642781696,2014-04-08 03:11:59.655,,,,14,,,5129,,,TRUE,,,,FALSE,DelinquencyStage,,,,,,,,,FALSE,removed,2026-08-05 13:02:57.574 Z,2026-08-05 12:53:13.936 Z,9999-12-31 23:59:59.999 Z,TRUE
19827,3559,23774124,,,"{
  ""fee_invoice_id"": ""5167""
}",2014-02-01 00:42:07.353,32,,2014-02-01 00:42:07.345,AddFeeDelinquencyTenantEvent,,8493fd5c-6ca6-4ce0-bb2c-c183f01aae2b,2014-03-27 18:59:07.863,,,,14,,,5129,,,TRUE,,,,FALSE,DelinquencyStageAction,19826,,,,,,,,FALSE,removed,2026-08-05 13:02:57.574 Z,2026-08-05 12:53:13.936 Z,9999-12-31 23:59:59.999 Z,TRUE
19827,3559,23774124,,,"{
  ""fee_invoice_id"": ""5167""
}",2014-02-01 00:42:07.353,32,,2014-02-01 00:42:07.345,AddFeeDelinquencyTenantEvent,,8493fd5c-6ca6-4ce0-bb2c-c183f01aae2b,2014-03-27 18:59:07.863,,,,14,,,5129,,,TRUE,,,,FALSE,DelinquencyStageAction,19826,,,,,,,,FALSE,removed,2026-07-09 08:38:17.311 Z,2026-07-09 08:26:50.521 Z,2026-08-05 12:53:13.935 Z,FALSE
19828,3559,23774422,,,"{
  ""applied_date"": ""2014-01-15"",
  ""invoice_id"": ""5166"",
  ""line_item_id"": ""5285"",
  ""resolved_date"": ""2014-03-27""
}",2014-02-01 00:42:07.407,26,,,DelinquencyStageTenantEvent,,7b61faaa-7e7a-4cb0-baf3-9477bdf521a9,2014-04-08 03:11:59.683,,,,14,,,5129,,,TRUE,,,,FALSE,DelinquencyStage,,,,,,,,,FALSE,removed,2026-08-05 13:02:57.574 Z,2026-08-05 12:53:13.936 Z,9999-12-31 23:59:59.999 Z,TRUE
19828,3559,23774422,,,"{
  ""applied_date"": ""2014-01-15"",
  ""invoice_id"": ""5166"",
  ""line_item_id"": ""5285"",
  ""resolved_date"": ""2014-03-27""
}",2014-02-01 00:42:07.407,26,,,DelinquencyStageTenantEvent,,7b61faaa-7e7a-4cb0-baf3-9477bdf521a9,2014-04-08 03:11:59.683,,,,14,,,5129,,,TRUE,,,,FALSE,DelinquencyStage,,,,,,,,,FALSE,removed,2026-07-09 08:38:17.311 Z,2026-07-09 08:26:50.521 Z,2026-08-05 12:53:13.935 Z,FALSE
19829,3559,23774422,,,{},2014-02-01 00:42:07.413,33,,2014-02-04 16:53:02.667,PrintMailDelinquencyTenantEvent,,5d1e383e-3979-4c53-aa79-aede4c6c9411,2024-05-20 16:47:40.170,,,,14,,5965,5129,,,TRUE,,,,FALSE,DelinquencyStageAction,19828,,,,,31,,,FALSE,letter_sent,2026-07-09 08:56:42.942 Z,2026-07-09 08:26:50.521 Z,9999-12-31 23:59:59.999 Z,TRUE
19830,3560,,,,{},2014-02-01 00:42:07.725,,,2014-02-06 21:09:59.997,NoteEvent,,358cdb3e-e16c-471a-97bc-8229a2ea98d9,2014-04-08 03:13:26.562,,,,14,,,,,,FALSE,,,,FALSE,,,,,,,54,,,FALSE,,2026-07-09 08:26:52.384 Z,2026-07-09 08:26:50.521 Z,2026-08-05 12:53:13.935 Z,FALSE
19830,3560,,,,{},2014-02-01 00:42:07.725,,,2014-02-06 21:09:59.997,NoteEvent,,358cdb3e-e16c-471a-97bc-8229a2ea98d9,2014-04-08 03:13:26.562,,,,14,,,,,,FALSE,,,,FALSE,,,,,,,54,,,FALSE,,2026-08-05 12:53:16.311 Z,2026-08-05 12:53:13.936 Z,9999-12-31 23:59:59.999 Z,TRUE
19831,3560,,,,"{
  ""gate_access_code"": ""05378"",
  ""move_in_date"": ""2013-10-28"",
  ""move_in_initiated_date"": ""2013-10-28"",
  ""rate"": ""40.0""
}",2013-10-28 10:00:00.000,,,2014-02-01 00:42:07.754,MoveInUnitEvent,,bd87261f-59ff-4efe-8f6d-c6bc14617b77,2024-05-20 16:47:40.170,,,,14,,5966,5130,,,TRUE,,,,FALSE,,,,,,,,,,FALSE,,2026-07-09 08:56:42.945 Z,2026-07-09 08:26:50.521 Z,9999-12-31 23:59:59.999 Z,TRUE
19832,3560,,,,"{
  ""invoice_sent"": ""true""
}",2014-02-01 00:42:08.053,5169,,,InvoiceSentTenantEvent,,dc38493b-76fb-48dc-865a-9e894127fee1,2014-02-01 00:42:08.067,,,,14,,,,,,TRUE,,,,FALSE,Invoice,,,,,,,,,FALSE,,2026-07-09 08:26:52.384 Z,2026-07-09 08:26:50.521 Z,2026-08-05 12:53:13.935 Z,FALSE
19832,3560,,,,"{
  ""invoice_sent"": ""true""
}",2014-02-01 00:42:08.053,5169,,,InvoiceSentTenantEvent,,dc38493b-76fb-48dc-865a-9e894127fee1,2014-02-01 00:42:08.067,,,,14,,,,,,TRUE,,,,FALSE,Invoice,,,,,,,,,FALSE,,2026-08-05 12:53:16.311 Z,2026-08-05 12:53:13.936 Z,9999-12-31 23:59:59.999 Z,TRUE
19833,3560,,,,"{
  ""invoice_sent"": ""true""
}",2014-02-01 00:42:08.321,5170,,,InvoiceSentTenantEvent,,4fd8a5f5-3538-480f-b47b-598160805164,2014-02-01 00:42:08.334,,,,14,,,,,,TRUE,,,,FALSE,Invoice,,,,,,,,,FALSE,,2026-07-09 08:26:52.384 Z,2026-07-09 08:26:50.521 Z,2026-08-05 12:53:13.935 Z,FALSE
19833,3560,,,,"{
  ""invoice_sent"": ""true""
}",2014-02-01 00:42:08.321,5170,,,InvoiceSentTenantEvent,,4fd8a5f5-3538-480f-b47b-598160805164,2014-02-01 00:42:08.334,,,,14,,,,,,TRUE,,,,FALSE,Invoice,,,,,,,,,FALSE,,2026-08-05 12:53:16.311 Z,2026-08-05 12:53:13.936 Z,9999-12-31 23:59:59.999 Z,TRUE
19834,3561,,,,{},2014-02-01 00:42:08.533,,,2014-02-06 21:10:36.162,NoteEvent,,9a4faf62-9e04-4535-b021-c7ba3fe2ec05,2014-04-08 03:13:26.584,,,,14,,,,,,FALSE,,,,FALSE,,,,,,,54,,,FALSE,,2026-07-09 08:26:52.384 Z,2026-07-09 08:26:50.521 Z,2026-08-05 12:53:13.935 Z,FALSE
19834,3561,,,,{},2014-02-01 00:42:08.533,,,2014-02-06 21:10:36.162,NoteEvent,,9a4faf62-9e04-4535-b021-c7ba3fe2ec05,2014-04-08 03:13:26.584,,,,14,,,,,,FALSE,,,,FALSE,,,,,,,54,,,FALSE,,2026-08-05 12:53:16.311 Z,2026-08-05 12:53:13.936 Z,9999-12-31 23:59:59.999 Z,TRUE
19835,3561,,,,"{
  ""gate_access_code"": ""02151"",
  ""move_in_date"": ""2013-04-15"",
  ""move_in_initiated_date"": ""2013-04-15"",
  ""rate"": ""40.0""
}",2013-04-15 10:00:00.000,,,2014-02-01 00:42:08.560,MoveInUnitEvent,,c5330a76-dbd1-4d15-acc4-fcacc87fb5a7,2024-05-20 16:47:40.170,,,,14,,5968,5131,,,TRUE,,,,FALSE,,,,,,,,,,FALSE,,2026-07-09 08:56:42.961 Z,2026-07-09 08:26:50.521 Z,9999-12-31 23:59:59.999 Z,TRUE
19836,3561,,,,"{
  ""invoice_sent"": ""true""
}",2014-02-01 00:42:08.937,5171,,,InvoiceSentTenantEvent,,31028908-de67-49d8-9410-14657f94d006,2014-02-01 00:42:08.976,,,,14,,,,,,TRUE,,,,FALSE,Invoice,,,,,,,,,FALSE,,2026-07-09 08:26:52.384 Z,2026-07-09 08:26:50.521 Z,2026-08-05 12:53:13.935 Z,FALSE
19836,3561,,,,"{
  ""invoice_sent"": ""true""
}",2014-02-01 00:42:08.937,5171,,,InvoiceSentTenantEvent,,31028908-de67-49d8-9410-14657f94d006,2014-02-01 00:42:08.976,,,,14,,,,,,TRUE,,,,FALSE,Invoice,,,,,,,,,FALSE,,2026-08-05 12:53:16.311 Z,2026-08-05 12:53:13.936 Z,9999-12-31 23:59:59.999 Z,TRUE
19837,3561,,,,"{
  ""invoice_sent"": ""true""
}",2014-02-01 00:42:09.126,5172,,,InvoiceSentTenantEvent,,12b11dbd-1d38-48fb-ae74-bf68a3fbe5dc,2014-02-01 00:42:09.146,,,,14,,,,,,TRUE,,,,FALSE,Invoice,,,,,,,,,FALSE,,2026-08-05 12:53:16.311 Z,2026-08-05 12:53:13.936 Z,9999-12-31 23:59:59.999 Z,TRUE
19837,3561,,,,"{
  ""invoice_sent"": ""true""
}",2014-02-01 00:42:09.126,5172,,,InvoiceSentTenantEvent,,12b11dbd-1d38-48fb-ae74-bf68a3fbe5dc,2014-02-01 00:42:09.146,,,,14,,,,,,TRUE,,,,FALSE,Invoice,,,,,,,,,FALSE,,2026-07-09 08:26:52.384 Z,2026-07-09 08:26:50.521 Z,2026-08-05 12:53:13.935 Z,FALSE
19838,3562,,,,{},2014-02-01 00:42:09.403,,,,NoteEvent,,0f449b13-9a7a-41b7-8bda-1af332283029,2014-04-08 03:13:26.605,,,,14,,,,,,FALSE,,,,FALSE,,,,,,,,,,FALSE,,2026-08-05 12:53:16.311 Z,2026-08-05 12:53:13.936 Z,9999-12-31 23:59:59.999 Z,TRUE
19838,3562,,,,{},2014-02-01 00:42:09.403,,,,NoteEvent,,0f449b13-9a7a-41b7-8bda-1af332283029,2014-04-08 03:13:26.605,,,,14,,,,,,FALSE,,,,FALSE,,,,,,,,,,FALSE,,2026-07-09 08:26:52.384 Z,2026-07-09 08:26:50.521 Z,2026-08-05 12:53:13.935 Z,FALSE
19839,3562,,,,{},2014-02-01 00:42:09.410,,,2014-02-06 21:14:58.031,NoteEvent,,b9343e83-776c-4659-ac2b-f06ea819c0da,2014-04-08 03:13:26.627,,,,14,,,,,,FALSE,,,,FALSE,,,,,,,54,,,FALSE,,2026-07-09 08:26:52.384 Z,2026-07-09 08:26:50.521 Z,2026-08-05 12:53:13.935 Z,FALSE
19839,3562,,,,{},2014-02-01 00:42:09.410,,,2014-02-06 21:14:58.031,NoteEvent,,b9343e83-776c-4659-ac2b-f06ea819c0da,2014-04-08 03:13:26.627,,,,14,,,,,,FALSE,,,,FALSE,,,,,,,54,,,FALSE,,2026-08-05 12:53:16.311 Z,2026-08-05 12:53:13.936 Z,9999-12-31 23:59:59.999 Z,TRUE
19840,3562,,,,{},2014-02-01 00:42:09.416,,,2014-02-06 21:15:01.339,NoteEvent,,3db4e619-eb1e-4ab1-b6f4-431c6faca27b,2014-04-08 03:13:26.648,,,,14,,,,,,FALSE,,,,FALSE,,,,,,,54,,,FALSE,,2026-08-05 12:53:16.422 Z,2026-08-05 12:53:13.936 Z,9999-12-31 23:59:59.999 Z,TRUE
19840,3562,,,,{},2014-02-01 00:42:09.416,,,2014-02-06 21:15:01.339,NoteEvent,,3db4e619-eb1e-4ab1-b6f4-431c6faca27b,2014-04-08 03:13:26.648,,,,14,,,,,,FALSE,,,,FALSE,,,,,,,54,,,FALSE,,2026-07-09 08:26:52.555 Z,2026-07-09 08:26:50.521 Z,2026-08-05 12:53:13.935 Z,FALSE
19841,3562,,,,"{
  ""gate_access_code"": ""08732"",
  ""move_in_date"": ""2013-03-22"",
  ""move_in_initiated_date"": ""2013-03-22"",
  ""rate"": ""40.0""
}",2013-03-22 10:00:00.000,,,2014-02-01 00:42:09.446,MoveInUnitEvent,,d9d73e8c-2ad9-4d5c-a52d-55adfa2ad5c0,2024-05-20 16:47:40.170,,,,14,,5969,5132,,,TRUE,,,,FALSE,,,,,,,,,,FALSE,,2026-07-09 08:56:43.067 Z,2026-07-09 08:26:50.521 Z,9999-12-31 23:59:59.999 Z,TRUE
19842,3562,,,,"{
  ""invoice_sent"": ""true""
}",2014-02-01 00:42:09.811,5173,,,InvoiceSentTenantEvent,,9aa51eb3-60ba-44ac-8454-dfc24ad76712,2014-02-01 00:42:09.823,,,,14,,,,,,TRUE,,,,FALSE,Invoice,,,,,,,,,FALSE,,2026-08-05 12:53:16.311 Z,2026-08-05 12:53:13.936 Z,9999-12-31 23:59:59.999 Z,TRUE
19842,3562,,,,"{
  ""invoice_sent"": ""true""
}",2014-02-01 00:42:09.811,5173,,,InvoiceSentTenantEvent,,9aa51eb3-60ba-44ac-8454-dfc24ad76712,2014-02-01 00:42:09.823,,,,14,,,,,,TRUE,,,,FALSE,Invoice,,,,,,,,,FALSE,,2026-07-09 08:26:52.384 Z,2026-07-09 08:26:50.521 Z,2026-08-05 12:53:13.935 Z,FALSE
19843,3562,,,,"{
  ""invoice_sent"": ""true""
}",2014-02-01 00:42:09.956,5174,,,InvoiceSentTenantEvent,,40e59295-1a83-4b6a-ab62-fe5ff8fb7cc0,2014-02-01 00:42:09.967,,,,14,,,,,,TRUE,,,,FALSE,Invoice,,,,,,,,,FALSE,,2026-08-05 12:53:16.311 Z,2026-08-05 12:53:13.936 Z,9999-12-31 23:59:59.999 Z,TRUE
19843,3562,,,,"{
  ""invoice_sent"": ""true""
}",2014-02-01 00:42:09.956,5174,,,InvoiceSentTenantEvent,,40e59295-1a83-4b6a-ab62-fe5ff8fb7cc0,2014-02-01 00:42:09.967,,,,14,,,,,,TRUE,,,,FALSE,Invoice,,,,,,,,,FALSE,,2026-07-09 08:26:52.384 Z,2026-07-09 08:26:50.521 Z,2026-08-05 12:53:13.935 Z,FALSE
19844,3562,,,,"{
  ""invoice_sent"": ""true""
}",2014-02-01 00:42:10.102,5175,,,InvoiceSentTenantEvent,,33cdbf60-a58c-43ce-9c11-e5df8b008e88,2014-02-01 00:42:10.117,,,,14,,,,,,TRUE,,,,FALSE,Invoice,,,,,,,,,FALSE,,2026-07-09 08:26:52.384 Z,2026-07-09 08:26:50.521 Z,2026-08-05 12:53:13.935 Z,FALSE
19844,3562,,,,"{
  ""invoice_sent"": ""true""
}",2014-02-01 00:42:10.102,5175,,,InvoiceSentTenantEvent,,33cdbf60-a58c-43ce-9c11-e5df8b008e88,2014-02-01 00:42:10.117,,,,14,,,,,,TRUE,,,,FALSE,Invoice,,,,,,,,,FALSE,,2026-08-05 12:53:16.311 Z,2026-08-05 12:53:13.936 Z,9999-12-31 23:59:59.999 Z,TRUE
19845,3562,,,,"{
  ""invoice_sent"": ""true""
}",2014-02-01 00:42:10.371,5176,,,InvoiceSentTenantEvent,,2c14b47d-ed31-40aa-a762-93dd59ee43ef,2014-02-01 00:42:10.384,,,,14,,,,,,TRUE,,,,FALSE,Invoice,,,,,,,,,FALSE,,2026-07-09 08:26:52.384 Z,2026-07-09 08:26:50.521 Z,2026-08-05 12:53:13.935 Z,FALSE
19845,3562,,,,"{
  ""invoice_sent"": ""true""
}",2014-02-01 00:42:10.371,5176,,,InvoiceSentTenantEvent,,2c14b47d-ed31-40aa-a762-93dd59ee43ef,2014-02-01 00:42:10.384,,,,14,,,,,,TRUE,,,,FALSE,Invoice,,,,,,,,,FALSE,,2026-08-05 12:53:16.311 Z,2026-08-05 12:53:13.936 Z,9999-12-31 23:59:59.999 Z,TRUE
19846,3562,23780784,,,"{
  ""applied_date"": ""2014-01-31"",
  ""invoice_id"": ""5174"",
  ""line_item_id"": ""5293"",
  ""resolved_date"": ""2014-02-12""
}",2014-02-01 00:42:10.448,23,,,DelinquencyStageTenantEvent,,f44906a2-ad6e-4674-bd44-bda40272adff,2014-04-08 03:11:59.734,,,,14,,,5132,,,TRUE,,,,FALSE,DelinquencyStage,,,,,,,,,FALSE,removed,2026-08-05 12:53:15.405 Z,2026-08-05 12:53:13.936 Z,9999-12-31 23:59:59.999 Z,TRUE
19846,3562,23780784,,,"{
  ""applied_date"": ""2014-01-31"",
  ""invoice_id"": ""5174"",
  ""line_item_id"": ""5293"",
  ""resolved_date"": ""2014-02-12""
}",2014-02-01 00:42:10.448,23,,,DelinquencyStageTenantEvent,,f44906a2-ad6e-4674-bd44-bda40272adff,2014-04-08 03:11:59.734,,,,14,,,5132,,,TRUE,,,,FALSE,DelinquencyStage,,,,,,,,,FALSE,removed,2026-07-09 08:26:51.377 Z,2026-07-09 08:26:50.521 Z,2026-08-05 12:53:13.935 Z,FALSE
19847,3562,23780784,,,"{
  ""fee_invoice_id"": ""5175""
}",2014-02-01 00:42:10.455,28,,2014-02-01 00:42:10.446,AddFeeDelinquencyTenantEvent,,3a4b33b0-7539-4804-8ffa-750f52b8a6d2,2014-02-12 17:38:59.922,,,,14,,,5132,,,TRUE,,,,FALSE,DelinquencyStageAction,19846,,,,,,,,FALSE,removed,2026-08-05 12:53:17.254 Z,2026-08-05 12:53:13.936 Z,9999-12-31 23:59:59.999 Z,TRUE
19847,3562,23780784,,,"{
  ""fee_invoice_id"": ""5175""
}",2014-02-01 00:42:10.455,28,,2014-02-01 00:42:10.446,AddFeeDelinquencyTenantEvent,,3a4b33b0-7539-4804-8ffa-750f52b8a6d2,2014-02-12 17:38:59.922,,,,14,,,5132,,,TRUE,,,,FALSE,DelinquencyStageAction,19846,,,,,,,,FALSE,removed,2026-07-09 08:26:53.399 Z,2026-07-09 08:26:50.521 Z,2026-08-05 12:53:13.935 Z,FALSE
19848,3562,23780784,,,{},2014-02-01 00:42:10.476,29,,2014-02-12 05:00:00.000,GateLockoutDelinquencyTenantEvent,,4ddfe50b-f96e-4d36-8c1c-065dd3c4546b,2014-02-12 17:39:00.070,,,,14,,,5132,,,TRUE,,,,FALSE,DelinquencyStageAction,19846,,,,,,,,FALSE,removed,2026-08-05 12:53:17.255 Z,2026-08-05 12:53:13.936 Z,9999-12-31 23:59:59.999 Z,TRUE
19848,3562,23780784,,,{},2014-02-01 00:42:10.476,29,,2014-02-12 05:00:00.000,GateLockoutDelinquencyTenantEvent,,4ddfe50b-f96e-4d36-8c1c-065dd3c4546b,2014-02-12 17:39:00.070,,,,14,,,5132,,,TRUE,,,,FALSE,DelinquencyStageAction,19846,,,,,,,,FALSE,removed,2026-07-09 08:26:53.400 Z,2026-07-09 08:26:50.521 Z,2026-08-05 12:53:13.935 Z,FALSE
19849,3562,23780784,,,{},2014-02-01 00:42:10.517,30,,2014-02-12 19:28:07.440,OverlockDelinquencyTenantEvent,,7acfaa91-ead7-4ac1-bdfc-de2002a8f22b,2024-05-20 16:47:40.170,,,,14,,5969,5132,,,TRUE,,,,FALSE,DelinquencyStageAction,19846,,,,,40,,,FALSE,overlock_removed,2026-07-09 08:56:42.978 Z,2026-07-09 08:26:50.521 Z,9999-12-31 23:59:59.999 Z,TRUE
19850,3562,23781043,,,"{
  ""applied_date"": ""2014-01-31"",
  ""invoice_id"": ""5174"",
  ""line_item_id"": ""5293"",
  ""resolved_date"": ""2014-02-12""
}",2014-02-01 00:42:10.570,24,,,DelinquencyStageTenantEvent,,3a590c72-0758-4ea9-935f-c5a57eba2a12,2014-04-08 03:11:59.762,,,,14,,,5132,,,TRUE,,,,FALSE,DelinquencyStage,,,,,,,,,FALSE,removed,2026-08-05 13:02:59.189 Z,2026-08-05 12:53:13.936 Z,9999-12-31 23:59:59.999 Z,TRUE
19850,3562,23781043,,,"{
  ""applied_date"": ""2014-01-31"",
  ""invoice_id"": ""5174"",
  ""line_item_id"": ""5293"",
  ""resolved_date"": ""2014-02-12""
}",2014-02-01 00:42:10.570,24,,,DelinquencyStageTenantEvent,,3a590c72-0758-4ea9-935f-c5a57eba2a12,2014-04-08 03:11:59.762,,,,14,,,5132,,,TRUE,,,,FALSE,DelinquencyStage,,,,,,,,,FALSE,removed,2026-07-09 08:38:18.120 Z,2026-07-09 08:26:50.521 Z,2026-08-05 12:53:13.935 Z,FALSE
19851,3562,23781043,,,{},2014-02-01 00:42:10.577,31,,2014-02-04 16:53:22.224,PrintMailDelinquencyTenantEvent,,b56b85ac-3296-4854-a633-7ddd68030b1c,2024-05-20 16:47:40.170,,,,14,,5969,5132,,,TRUE,,,,FALSE,DelinquencyStageAction,19850,,,,,31,,,FALSE,letter_sent,2026-07-09 08:56:42.980 Z,2026-07-09 08:26:50.521 Z,9999-12-31 23:59:59.999 Z,TRUE
19852,3562,23781372,,,"{
  ""applied_date"": ""2014-01-31"",
  ""invoice_id"": ""5174"",
  ""line_item_id"": ""5293"",
  ""resolved_date"": ""2014-02-12""
}",2014-02-01 00:42:10.634,25,,,DelinquencyStageTenantEvent,,6bc7b9a0-cb39-47d1-a794-51fac2863fc5,2014-04-08 03:11:59.792,,,,14,,,5132,,,TRUE,,,,FALSE,DelinquencyStage,,,,,,,,,FALSE,removed,2026-07-09 08:38:18.170 Z,2026-07-09 08:26:50.521 Z,2026-08-05 12:53:13.935 Z,FALSE
19852,3562,23781372,,,"{
  ""applied_date"": ""2014-01-31"",
  ""invoice_id"": ""5174"",
  ""line_item_id"": ""5293"",
  ""resolved_date"": ""2014-02-12""
}",2014-02-01 00:42:10.634,25,,,DelinquencyStageTenantEvent,,6bc7b9a0-cb39-47d1-a794-51fac2863fc5,2014-04-08 03:11:59.792,,,,14,,,5132,,,TRUE,,,,FALSE,DelinquencyStage,,,,,,,,,FALSE,removed,2026-08-05 13:02:59.225 Z,2026-08-05 12:53:13.936 Z,9999-12-31 23:59:59.999 Z,TRUE
19853,3562,23781372,,,"{
  ""fee_invoice_id"": ""5175""
}",2014-02-01 00:42:10.640,32,,2014-02-01 00:42:10.632,AddFeeDelinquencyTenantEvent,,51ee0dc5-b9d2-4608-82b5-11357ed02a68,2014-02-12 17:38:59.681,,,,14,,,5132,,,TRUE,,,,FALSE,DelinquencyStageAction,19852,,,,,,,,FALSE,removed,2026-07-09 08:26:53.399 Z,2026-07-09 08:26:50.521 Z,2026-08-05 12:53:13.935 Z,FALSE
19853,3562,23781372,,,"{
  ""fee_invoice_id"": ""5175""
}",2014-02-01 00:42:10.640,32,,2014-02-01 00:42:10.632,AddFeeDelinquencyTenantEvent,,51ee0dc5-b9d2-4608-82b5-11357ed02a68,2014-02-12 17:38:59.681,,,,14,,,5132,,,TRUE,,,,FALSE,DelinquencyStageAction,19852,,,,,,,,FALSE,removed,2026-08-05 12:53:17.254 Z,2026-08-05 12:53:13.936 Z,9999-12-31 23:59:59.999 Z,TRUE
19854,3562,23781643,,,"{
  ""applied_date"": ""2014-01-31"",
  ""invoice_id"": ""5174"",
  ""line_item_id"": ""5293"",
  ""resolved_date"": ""2014-02-12""
}",2014-02-01 00:42:10.696,26,,,DelinquencyStageTenantEvent,,29afe47c-0975-4a0b-860f-9445dc0341d7,2014-04-08 03:11:59.820,,,,14,,,5132,,,TRUE,,,,FALSE,DelinquencyStage,,,,,,,,,FALSE,removed,2026-08-05 13:02:59.234 Z,2026-08-05 12:53:13.936 Z,9999-12-31 23:59:59.999 Z,TRUE
19854,3562,23781643,,,"{
  ""applied_date"": ""2014-01-31"",
  ""invoice_id"": ""5174"",
  ""line_item_id"": ""5293"",
  ""resolved_date"": ""2014-02-12""
}",2014-02-01 00:42:10.696,26,,,DelinquencyStageTenantEvent,,29afe47c-0975-4a0b-860f-9445dc0341d7,2014-04-08 03:11:59.820,,,,14,,,5132,,,TRUE,,,,FALSE,DelinquencyStage,,,,,,,,,FALSE,removed,2026-07-09 08:38:18.197 Z,2026-07-09 08:26:50.521 Z,2026-08-05 12:53:13.935 Z,FALSE
19855,3562,23781643,,,{},2014-02-01 00:42:10.702,33,,2014-02-04 16:53:20.115,PrintMailDelinquencyTenantEvent,,258816f5-dc16-4b3f-87f5-7e352246b281,2024-05-20 16:47:40.170,,,,14,,5969,5132,,,TRUE,,,,FALSE,DelinquencyStageAction,19854,,,,,31,,,FALSE,letter_sent,2026-07-09 08:56:42.980 Z,2026-07-09 08:26:50.521 Z,9999-12-31 23:59:59.999 Z,TRUE
19856,3563,,,,{},2014-02-01 00:42:11.046,,,2014-02-06 21:20:37.028,NoteEvent,,4b48b911-effb-476c-98da-daf2bfcea15c,2014-04-08 03:13:26.672,,,,14,,,,,,FALSE,,,,FALSE,,,,,,,54,,,FALSE,,2026-08-05 12:53:16.311 Z,2026-08-05 12:53:13.936 Z,9999-12-31 23:59:59.999 Z,TRUE
19856,3563,,,,{},2014-02-01 00:42:11.046,,,2014-02-06 21:20:37.028,NoteEvent,,4b48b911-effb-476c-98da-daf2bfcea15c,2014-04-08 03:13:26.672,,,,14,,,,,,FALSE,,,,FALSE,,,,,,,54,,,FALSE,,2026-07-09 08:26:52.384 Z,2026-07-09 08:26:50.521 Z,2026-08-05 12:53:13.935 Z,FALSE
19857,3563,,,,"{
  ""gate_access_code"": ""03007"",
  ""move_in_date"": ""2011-11-18"",
  ""move_in_initiated_date"": ""2011-11-18"",
  ""rate"": ""40.0""
}",2011-11-18 10:00:00.000,,,2014-02-01 00:42:11.075,MoveInUnitEvent,,f9bc398d-76e8-464b-b86c-5b384c2a742f,2024-05-20 16:47:40.170,,,,14,,5970,5133,,,TRUE,,,,FALSE,,,,,,,,,,FALSE,,2026-07-09 08:56:42.987 Z,2026-07-09 08:26:50.521 Z,9999-12-31 23:59:59.999 Z,TRUE
19858,3563,,,,"{
  ""invoice_sent"": ""true""
}",2014-02-01 00:42:11.466,5177,,,InvoiceSentTenantEvent,,481f9a0d-47f4-4b82-8a4e-0fbc36661330,2014-02-01 00:42:11.469,,,,14,,,,,,TRUE,,,,FALSE,Invoice,,,,,,,,,FALSE,,2026-08-05 12:53:16.311 Z,2026-08-05 12:53:13.936 Z,9999-12-31 23:59:59.999 Z,TRUE
19858,3563,,,,"{
  ""invoice_sent"": ""true""
}",2014-02-01 00:42:11.466,5177,,,InvoiceSentTenantEvent,,481f9a0d-47f4-4b82-8a4e-0fbc36661330,2014-02-01 00:42:11.469,,,,14,,,,,,TRUE,,,,FALSE,Invoice,,,,,,,,,FALSE,,2026-07-09 08:26:52.384 Z,2026-07-09 08:26:50.521 Z,2026-08-05 12:53:13.935 Z,FALSE
19859,3563,,,,"{
  ""invoice_sent"": ""true""
}",2014-02-01 00:42:11.662,5178,,,InvoiceSentTenantEvent,,e876bf8c-88be-4d89-94dc-fca42bbdf406,2014-02-01 00:42:11.692,,,,14,,,,,,TRUE,,,,FALSE,Invoice,,,,,,,,,FALSE,,2026-08-05 12:53:16.311 Z,2026-08-05 12:53:13.936 Z,9999-12-31 23:59:59.999 Z,TRUE
19859,3563,,,,"{
  ""invoice_sent"": ""true""
}",2014-02-01 00:42:11.662,5178,,,InvoiceSentTenantEvent,,e876bf8c-88be-4d89-94dc-fca42bbdf406,2014-02-01 00:42:11.692,,,,14,,,,,,TRUE,,,,FALSE,Invoice,,,,,,,,,FALSE,,2026-07-09 08:26:52.384 Z,2026-07-09 08:26:50.521 Z,2026-08-05 12:53:13.935 Z,FALSE
19860,3563,,,,"{
  ""invoice_sent"": ""true""
}",2014-02-01 00:42:12.058,5179,,,InvoiceSentTenantEvent,,8db84d1d-706d-490b-af8e-341212fc14fd,2014-02-01 00:42:12.081,,,,14,,,,,,TRUE,,,,FALSE,Invoice,,,,,,,,,FALSE,,2026-07-09 08:26:52.384 Z,2026-07-09 08:26:50.521 Z,2026-08-05 12:53:13.935 Z,FALSE
19860,3563,,,,"{
  ""invoice_sent"": ""true""
}",2014-02-01 00:42:12.058,5179,,,InvoiceSentTenantEvent,,8db84d1d-706d-490b-af8e-341212fc14fd,2014-02-01 00:42:12.081,,,,14,,,,,,TRUE,,,,FALSE,Invoice,,,,,,,,,FALSE,,2026-08-05 12:53:16.311 Z,2026-08-05 12:53:13.936 Z,9999-12-31 23:59:59.999 Z,TRUE
19861,3564,,,,{},2014-02-01 00:42:12.267,,,,NoteEvent,,b4d530ab-1340-4e36-9893-7aedf7c35c8b,2014-04-08 03:13:26.692,,,,14,,,,,,FALSE,,,,FALSE,,,,,,,,,,FALSE,,2026-08-05 12:53:16.311 Z,2026-08-05 12:53:13.936 Z,9999-12-31 23:59:59.999 Z,TRUE
19861,3564,,,,{},2014-02-01 00:42:12.267,,,,NoteEvent,,b4d530ab-1340-4e36-9893-7aedf7c35c8b,2014-04-08 03:13:26.692,,,,14,,,,,,FALSE,,,,FALSE,,,,,,,,,,FALSE,,2026-07-09 08:26:52.384 Z,2026-07-09 08:26:50.521 Z,2026-08-05 12:53:13.935 Z,FALSE
19862,3564,,,,{},2014-02-01 00:42:12.273,,,2014-02-06 21:25:43.578,NoteEvent,,861ddc36-6c2f-40ab-b87e-c3ae0f112432,2014-04-08 03:13:26.713,,,,14,,,,,,FALSE,,,,FALSE,,,,,,,54,,,FALSE,,2026-07-09 08:26:52.384 Z,2026-07-09 08:26:50.521 Z,2026-08-05 12:53:13.935 Z,FALSE
19862,3564,,,,{},2014-02-01 00:42:12.273,,,2014-02-06 21:25:43.578,NoteEvent,,861ddc36-6c2f-40ab-b87e-c3ae0f112432,2014-04-08 03:13:26.713,,,,14,,,,,,FALSE,,,,FALSE,,,,,,,54,,,FALSE,,2026-08-05 12:53:16.311 Z,2026-08-05 12:53:13.936 Z,9999-12-31 23:59:59.999 Z,TRUE
19863,3564,,,,{},2014-02-01 00:42:12.279,,,2014-02-06 21:25:47.129,NoteEvent,,7111ac17-84b1-4a5e-945a-a1b911a5bd4f,2014-04-08 03:13:26.735,,,,14,,,,,,FALSE,,,,FALSE,,,,,,,54,,,FALSE,,2026-08-05 12:53:16.311 Z,2026-08-05 12:53:13.936 Z,9999-12-31 23:59:59.999 Z,TRUE
19863,3564,,,,{},2014-02-01 00:42:12.279,,,2014-02-06 21:25:47.129,NoteEvent,,7111ac17-84b1-4a5e-945a-a1b911a5bd4f,2014-04-08 03:13:26.735,,,,14,,,,,,FALSE,,,,FALSE,,,,,,,54,,,FALSE,,2026-07-09 08:26:52.384 Z,2026-07-09 08:26:50.521 Z,2026-08-05 12:53:13.935 Z,FALSE
19864,3564,,,,"{
  ""gate_access_code"": ""04215"",
  ""move_in_date"": ""2010-01-23"",
  ""move_in_initiated_date"": ""2010-01-23"",
  ""rate"": ""40.0""
}",2010-01-23 10:00:00.000,,,2014-02-01 00:42:12.307,MoveInUnitEvent,,0174e270-0ff9-4c33-b9ed-276c68192c11,2024-05-20 16:47:40.170,,,,14,,5971,5134,,,TRUE,,,,FALSE,,,,,,,,,,FALSE,,2026-07-09 08:56:43.069 Z,2026-07-09 08:26:50.521 Z,9999-12-31 23:59:59.999 Z,TRUE
19865,3564,,,,"{
  ""invoice_sent"": ""true""
}",2014-02-01 00:42:12.681,5180,,,InvoiceSentTenantEvent,,a19d631c-58bc-4ce1-85f6-7ebc3db32dbc,2014-02-01 00:42:12.678,,,,14,,,,,,TRUE,,,,FALSE,Invoice,,,,,,,,,FALSE,,2026-07-09 08:26:52.384 Z,2026-07-09 08:26:50.521 Z,2026-08-05 12:53:13.935 Z,FALSE
19865,3564,,,,"{
  ""invoice_sent"": ""true""
}",2014-02-01 00:42:12.681,5180,,,InvoiceSentTenantEvent,,a19d631c-58bc-4ce1-85f6-7ebc3db32dbc,2014-02-01 00:42:12.678,,,,14,,,,,,TRUE,,,,FALSE,Invoice,,,,,,,,,FALSE,,2026-08-05 12:53:16.311 Z,2026-08-05 12:53:13.936 Z,9999-12-31 23:59:59.999 Z,TRUE
19866,3564,,,,"{
  ""invoice_sent"": ""true""
}",2014-02-01 00:42:12.832,5181,,,InvoiceSentTenantEvent,,c4f72554-d40b-4704-b214-852c498cc0f0,2014-02-01 00:42:12.865,,,,14,,,,,,TRUE,,,,FALSE,Invoice,,,,,,,,,FALSE,,2026-07-09 08:26:52.384 Z,2026-07-09 08:26:50.521 Z,2026-08-05 12:53:13.935 Z,FALSE
19866,3564,,,,"{
  ""invoice_sent"": ""true""
}",2014-02-01 00:42:12.832,5181,,,InvoiceSentTenantEvent,,c4f72554-d40b-4704-b214-852c498cc0f0,2014-02-01 00:42:12.865,,,,14,,,,,,TRUE,,,,FALSE,Invoice,,,,,,,,,FALSE,,2026-08-05 12:53:16.311 Z,2026-08-05 12:53:13.936 Z,9999-12-31 23:59:59.999 Z,TRUE
19867,3564,,,,"{
  ""invoice_sent"": ""true""
}",2014-02-01 00:42:13.083,5182,,,InvoiceSentTenantEvent,,74aef579-5445-40aa-9938-a031c3de34f3,2014-02-01 00:42:13.103,,,,14,,,,,,TRUE,,,,FALSE,Invoice,,,,,,,,,FALSE,,2026-08-05 12:53:16.311 Z,2026-08-05 12:53:13.936 Z,9999-12-31 23:59:59.999 Z,TRUE
19867,3564,,,,"{
  ""invoice_sent"": ""true""
}",2014-02-01 00:42:13.083,5182,,,InvoiceSentTenantEvent,,74aef579-5445-40aa-9938-a031c3de34f3,2014-02-01 00:42:13.103,,,,14,,,,,,TRUE,,,,FALSE,Invoice,,,,,,,,,FALSE,,2026-07-09 08:26:52.384 Z,2026-07-09 08:26:50.521 Z,2026-08-05 12:53:13.935 Z,FALSE
19868,3564,,,,"{
  ""invoice_sent"": ""true""
}",2014-02-01 00:42:13.276,5183,,,InvoiceSentTenantEvent,,6bee080f-a8fc-48e0-8a3d-62374a31bfc1,2014-02-01 00:42:13.275,,,,14,,,,,,TRUE,,,,FALSE,Invoice,,,,,,,,,FALSE,,2026-08-05 12:53:16.311 Z,2026-08-05 12:53:13.936 Z,9999-12-31 23:59:59.999 Z,TRUE
19868,3564,,,,"{
  ""invoice_sent"": ""true""
}",2014-02-01 00:42:13.276,5183,,,InvoiceSentTenantEvent,,6bee080f-a8fc-48e0-8a3d-62374a31bfc1,2014-02-01 00:42:13.275,,,,14,,,,,,TRUE,,,,FALSE,Invoice,,,,,,,,,FALSE,,2026-07-09 08:26:52.384 Z,2026-07-09 08:26:50.521 Z,2026-08-05 12:53:13.935 Z,FALSE
19869,3564,23783627,,,"{
  ""applied_date"": ""2013-10-11"",
  ""invoice_id"": ""5181"",
  ""line_item_id"": ""5300"",
  ""resolved_date"": ""2014-07-24""
}",2014-02-01 00:42:13.357,23,,,DelinquencyStageTenantEvent,,aca9899b-553f-40ef-be0b-71dd606b96c0,2014-07-24 16:53:15.181,,,,14,,,5134,,,TRUE,,,,FALSE,DelinquencyStage,,,,,,,,,FALSE,removed,2026-07-09 08:38:17.634 Z,2026-07-09 08:26:50.521 Z,2026-08-05 12:53:13.935 Z,FALSE
19869,3564,23783627,,,"{
  ""applied_date"": ""2013-10-11"",
  ""invoice_id"": ""5181"",
  ""line_item_id"": ""5300"",
  ""resolved_date"": ""2014-07-24""
}",2014-02-01 00:42:13.357,23,,,DelinquencyStageTenantEvent,,aca9899b-553f-40ef-be0b-71dd606b96c0,2014-07-24 16:53:15.181,,,,14,,,5134,,,TRUE,,,,FALSE,DelinquencyStage,,,,,,,,,FALSE,removed,2026-08-05 13:02:58.131 Z,2026-08-05 12:53:13.936 Z,9999-12-31 23:59:59.999 Z,TRUE
19870,3564,23783627,,,"{
  ""fee_invoice_id"": ""5182""
}",2014-02-01 00:42:13.364,28,,2014-02-01 00:42:13.355,AddFeeDelinquencyTenantEvent,,3797b7ae-d603-4a4c-b625-3b77f0368f1f,2014-07-03 19:25:42.647,,,,14,,,5134,,,TRUE,,,,FALSE,DelinquencyStageAction,19869,,,,,,,,FALSE,removed,2026-08-05 12:53:15.414 Z,2026-08-05 12:53:13.936 Z,9999-12-31 23:59:59.999 Z,TRUE
19870,3564,23783627,,,"{
  ""fee_invoice_id"": ""5182""
}",2014-02-01 00:42:13.364,28,,2014-02-01 00:42:13.355,AddFeeDelinquencyTenantEvent,,3797b7ae-d603-4a4c-b625-3b77f0368f1f,2014-07-03 19:25:42.647,,,,14,,,5134,,,TRUE,,,,FALSE,DelinquencyStageAction,19869,,,,,,,,FALSE,removed,2026-07-09 08:26:51.386 Z,2026-07-09 08:26:50.521 Z,2026-08-05 12:53:13.935 Z,FALSE
19871,3564,23783627,,,"{
  ""last_action_date"": ""2014-07-03""
}",2014-02-01 00:42:13.384,29,,2014-01-31 05:00:00.000,GateLockoutDelinquencyTenantEvent,,2b1f2c0a-f388-47f7-a2a0-7e33f0929f7e,2014-07-03 19:25:42.606,,,,14,,,5134,,,TRUE,,,,FALSE,DelinquencyStageAction,19869,,,,,,,,FALSE,removed,2026-08-05 13:02:58.131 Z,2026-08-05 12:53:13.936 Z,9999-12-31 23:59:59.999 Z,TRUE
19871,3564,23783627,,,"{
  ""last_action_date"": ""2014-07-03""
}",2014-02-01 00:42:13.384,29,,2014-01-31 05:00:00.000,GateLockoutDelinquencyTenantEvent,,2b1f2c0a-f388-47f7-a2a0-7e33f0929f7e,2014-07-03 19:25:42.606,,,,14,,,5134,,,TRUE,,,,FALSE,DelinquencyStageAction,19869,,,,,,,,FALSE,removed,2026-07-09 08:38:17.634 Z,2026-07-09 08:26:50.521 Z,2026-08-05 12:53:13.935 Z,FALSE
19872,3564,23783627,,,"{
  ""last_action_date"": ""2014-07-24""
}",2014-02-01 00:42:13.424,30,,2014-07-24 16:53:15.170,OverlockDelinquencyTenantEvent,,b0b7279d-8b3a-4521-a6ac-92fae5aee2cb,2024-05-20 16:47:40.170,,,,14,,5971,5134,,,TRUE,,,,FALSE,DelinquencyStageAction,19869,,,,,40,,,FALSE,overlock_removed,2026-07-09 08:56:43.005 Z,2026-07-09 08:26:50.521 Z,9999-12-31 23:59:59.999 Z,TRUE
19873,3564,23783901,,,"{
  ""applied_date"": ""2013-10-16"",
  ""invoice_id"": ""5181"",
  ""line_item_id"": ""5300"",
  ""resolved_date"": ""2014-07-03""
}",2014-02-01 00:42:13.479,24,,,DelinquencyStageTenantEvent,,5cdac877-97f0-449d-9c25-d42a73f97a0b,2014-07-03 19:25:42.473,,,,14,,,5134,,,TRUE,,,,FALSE,DelinquencyStage,,,,,,,,,FALSE,removed,2026-07-09 08:26:51.386 Z,2026-07-09 08:26:50.521 Z,2026-08-05 12:53:13.935 Z,FALSE
19873,3564,23783901,,,"{
  ""applied_date"": ""2013-10-16"",
  ""invoice_id"": ""5181"",
  ""line_item_id"": ""5300"",
  ""resolved_date"": ""2014-07-03""
}",2014-02-01 00:42:13.479,24,,,DelinquencyStageTenantEvent,,5cdac877-97f0-449d-9c25-d42a73f97a0b,2014-07-03 19:25:42.473,,,,14,,,5134,,,TRUE,,,,FALSE,DelinquencyStage,,,,,,,,,FALSE,removed,2026-08-05 12:53:15.414 Z,2026-08-05 12:53:13.936 Z,9999-12-31 23:59:59.999 Z,TRUE
19874,3564,23783901,,,{},2014-02-01 00:42:13.486,31,,2014-02-04 16:53:50.596,PrintMailDelinquencyTenantEvent,,0e51ebd6-a76c-40d9-aa23-0742cf53cc4b,2024-05-20 16:47:40.170,,,,14,,5971,5134,,,TRUE,,,,FALSE,DelinquencyStageAction,19873,,,,,31,,,FALSE,letter_sent,2026-07-09 08:56:43.069 Z,2026-07-09 08:26:50.521 Z,9999-12-31 23:59:59.999 Z,TRUE
19875,3564,23784183,,,"{
  ""applied_date"": ""2013-11-10"",
  ""invoice_id"": ""5181"",
  ""line_item_id"": ""5300"",
  ""resolved_date"": ""2014-07-03""
}",2014-02-01 00:42:13.638,25,,,DelinquencyStageTenantEvent,,1c3cd7cf-7f2a-42ac-b6bd-f51750f93758,2014-07-03 19:25:42.374,,,,14,,,5134,,,TRUE,,,,FALSE,DelinquencyStage,,,,,,,,,FALSE,removed,2026-07-09 08:26:51.386 Z,2026-07-09 08:26:50.521 Z,2026-08-05 12:53:13.935 Z,FALSE
19875,3564,23784183,,,"{
  ""applied_date"": ""2013-11-10"",
  ""invoice_id"": ""5181"",
  ""line_item_id"": ""5300"",
  ""resolved_date"": ""2014-07-03""
}",2014-02-01 00:42:13.638,25,,,DelinquencyStageTenantEvent,,1c3cd7cf-7f2a-42ac-b6bd-f51750f93758,2014-07-03 19:25:42.374,,,,14,,,5134,,,TRUE,,,,FALSE,DelinquencyStage,,,,,,,,,FALSE,removed,2026-08-05 12:53:15.414 Z,2026-08-05 12:53:13.936 Z,9999-12-31 23:59:59.999 Z,TRUE
19876,3564,23784183,,,"{
  ""fee_invoice_id"": ""5182""
}",2014-02-01 00:42:13.644,32,,2014-02-01 00:42:13.635,AddFeeDelinquencyTenantEvent,,c09d3ab4-eb71-42e4-a8c5-e3c26162f073,2014-07-03 19:25:42.335,,,,14,,,5134,,,TRUE,,,,FALSE,DelinquencyStageAction,19875,,,,,,,,FALSE,removed,2026-07-09 08:38:17.691 Z,2026-07-09 08:26:50.521 Z,2026-08-05 12:53:13.935 Z,FALSE
19876,3564,23784183,,,"{
  ""fee_invoice_id"": ""5182""
}",2014-02-01 00:42:13.644,32,,2014-02-01 00:42:13.635,AddFeeDelinquencyTenantEvent,,c09d3ab4-eb71-42e4-a8c5-e3c26162f073,2014-07-03 19:25:42.335,,,,14,,,5134,,,TRUE,,,,FALSE,DelinquencyStageAction,19875,,,,,,,,FALSE,removed,2026-08-05 13:02:58.195 Z,2026-08-05 12:53:13.936 Z,9999-12-31 23:59:59.999 Z,TRUE
19877,3564,23784456,,,"{
  ""applied_date"": ""2013-11-15"",
  ""invoice_id"": ""5181"",
  ""line_item_id"": ""5300"",
  ""resolved_date"": ""2014-07-03""
}",2014-02-01 00:42:13.700,26,,,DelinquencyStageTenantEvent,,bdafd111-8283-4c80-bfc2-29c96937553b,2014-07-03 19:25:42.261,,,,14,,,5134,,,TRUE,,,,FALSE,DelinquencyStage,,,,,,,,,FALSE,removed,2026-07-09 08:38:17.691 Z,2026-07-09 08:26:50.521 Z,2026-08-05 12:53:13.935 Z,FALSE
19877,3564,23784456,,,"{
  ""applied_date"": ""2013-11-15"",
  ""invoice_id"": ""5181"",
  ""line_item_id"": ""5300"",
  ""resolved_date"": ""2014-07-03""
}",2014-02-01 00:42:13.700,26,,,DelinquencyStageTenantEvent,,bdafd111-8283-4c80-bfc2-29c96937553b,2014-07-03 19:25:42.261,,,,14,,,5134,,,TRUE,,,,FALSE,DelinquencyStage,,,,,,,,,FALSE,removed,2026-08-05 13:02:58.195 Z,2026-08-05 12:53:13.936 Z,9999-12-31 23:59:59.999 Z,TRUE
19878,3564,23784456,,,{},2014-02-01 00:42:13.706,33,,2014-02-04 16:53:48.556,PrintMailDelinquencyTenantEvent,,01f51b28-c281-4727-bf1e-28e47b25a60d,2024-05-20 16:47:40.170,,,,14,,5971,5134,,,TRUE,,,,FALSE,DelinquencyStageAction,19877,,,,,31,,,FALSE,letter_sent,2026-07-09 08:56:43.006 Z,2026-07-09 08:26:50.521 Z,9999-12-31 23:59:59.999 Z,TRUE
19879,3564,23784745,,,"{
  ""applied_date"": ""2013-12-10"",
  ""invoice_id"": ""5181"",
  ""line_item_id"": ""5300"",
  ""resolved_date"": ""2014-07-03""
}",2014-02-01 00:42:13.763,27,,,DelinquencyStageTenantEvent,,be3edc52-a9c5-41c1-a946-c6ab9988a7ed,2014-07-03 19:25:42.164,,,,14,,,5134,,,TRUE,,,,FALSE,DelinquencyStage,,,,,,,,,FALSE,removed,2026-08-05 12:53:16.869 Z,2026-08-05 12:53:13.936 Z,9999-12-31 23:59:59.999 Z,TRUE
19879,3564,23784745,,,"{
  ""applied_date"": ""2013-12-10"",
  ""invoice_id"": ""5181"",
  ""line_item_id"": ""5300"",
  ""resolved_date"": ""2014-07-03""
}",2014-02-01 00:42:13.763,27,,,DelinquencyStageTenantEvent,,be3edc52-a9c5-41c1-a946-c6ab9988a7ed,2014-07-03 19:25:42.164,,,,14,,,5134,,,TRUE,,,,FALSE,DelinquencyStage,,,,,,,,,FALSE,removed,2026-07-09 08:26:53.091 Z,2026-07-09 08:26:50.521 Z,2026-08-05 12:53:13.935 Z,FALSE
19880,3564,23784745,,,"{
  ""fee_invoice_id"": ""5182""
}",2014-02-01 00:42:13.769,34,,2014-02-01 00:42:13.761,AddFeeDelinquencyTenantEvent,,83b35004-fd7f-4ccb-9e82-e640c36e4dc8,2014-07-03 19:25:42.128,,,,14,,,5134,,,TRUE,,,,FALSE,DelinquencyStageAction,19879,,,,,,,,FALSE,removed,2026-07-09 08:26:51.385 Z,2026-07-09 08:26:50.521 Z,2026-08-05 12:53:13.935 Z,FALSE
19880,3564,23784745,,,"{
  ""fee_invoice_id"": ""5182""
}",2014-02-01 00:42:13.769,34,,2014-02-01 00:42:13.761,AddFeeDelinquencyTenantEvent,,83b35004-fd7f-4ccb-9e82-e640c36e4dc8,2014-07-03 19:25:42.128,,,,14,,,5134,,,TRUE,,,,FALSE,DelinquencyStageAction,19879,,,,,,,,FALSE,removed,2026-08-05 12:53:15.414 Z,2026-08-05 12:53:13.936 Z,9999-12-31 23:59:59.999 Z,TRUE
19881,3564,23784998,,,"{
  ""applied_date"": ""2013-12-15"",
  ""invoice_id"": ""5181"",
  ""line_item_id"": ""5300"",
  ""resolved_date"": ""2014-07-03""
}",2014-02-01 00:42:13.823,28,,,DelinquencyStageTenantEvent,,1d43d322-93e3-4178-92ac-d38f5e5b9af7,2014-07-03 19:25:42.055,,,,14,,,5134,,,TRUE,,,,FALSE,DelinquencyStage,,,,,,,,,FALSE,removed,2026-08-05 12:53:15.414 Z,2026-08-05 12:53:13.936 Z,9999-12-31 23:59:59.999 Z,TRUE
19881,3564,23784998,,,"{
  ""applied_date"": ""2013-12-15"",
  ""invoice_id"": ""5181"",
  ""line_item_id"": ""5300"",
  ""resolved_date"": ""2014-07-03""
}",2014-02-01 00:42:13.823,28,,,DelinquencyStageTenantEvent,,1d43d322-93e3-4178-92ac-d38f5e5b9af7,2014-07-03 19:25:42.055,,,,14,,,5134,,,TRUE,,,,FALSE,DelinquencyStage,,,,,,,,,FALSE,removed,2026-07-09 08:26:51.385 Z,2026-07-09 08:26:50.521 Z,2026-08-05 12:53:13.935 Z,FALSE
19882,3564,23784998,,,{},2014-02-01 00:42:13.829,35,,2014-02-04 16:53:46.334,PrintMailDelinquencyTenantEvent,,b8fcd5dd-98b4-41bf-893b-030e35b13732,2024-05-20 16:47:40.170,,,,14,,5971,5134,,,TRUE,,,,FALSE,DelinquencyStageAction,19881,,,,,31,,,FALSE,letter_sent,2026-07-09 08:56:43.006 Z,2026-07-09 08:26:50.521 Z,9999-12-31 23:59:59.999 Z,TRUE
19883,3564,23785262,,,"{
  ""applied_date"": ""2013-12-30"",
  ""invoice_id"": ""5181"",
  ""line_item_id"": ""5300"",
  ""resolved_date"": ""2014-07-03""
}",2014-02-01 00:42:13.879,29,,,DelinquencyStageTenantEvent,,2aa6810f-22bf-4d9b-bf36-289a95af776a,2014-07-03 19:25:41.961,,,,14,,,5134,,,TRUE,,,,FALSE,DelinquencyStage,,,,,,,,,FALSE,removed,2026-08-05 12:53:16.868 Z,2026-08-05 12:53:13.936 Z,9999-12-31 23:59:59.999 Z,TRUE
19883,3564,23785262,,,"{
  ""applied_date"": ""2013-12-30"",
  ""invoice_id"": ""5181"",
  ""line_item_id"": ""5300"",
  ""resolved_date"": ""2014-07-03""
}",2014-02-01 00:42:13.879,29,,,DelinquencyStageTenantEvent,,2aa6810f-22bf-4d9b-bf36-289a95af776a,2014-07-03 19:25:41.961,,,,14,,,5134,,,TRUE,,,,FALSE,DelinquencyStage,,,,,,,,,FALSE,removed,2026-07-09 08:26:53.090 Z,2026-07-09 08:26:50.521 Z,2026-08-05 12:53:13.935 Z,FALSE
19884,3564,23785262,,,{},2014-02-01 00:42:13.886,36,,2014-02-04 16:53:43.569,PrintMailDelinquencyTenantEvent,,5a9478e0-2b36-4561-b70f-8880ebbe261a,2024-05-20 16:47:40.170,,,,14,,5971,5134,,,TRUE,,,,FALSE,DelinquencyStageAction,19883,,,,,31,,,FALSE,letter_sent,2026-07-09 08:56:43.006 Z,2026-07-09 08:26:50.521 Z,9999-12-31 23:59:59.999 Z,TRUE
19885,3564,23785580,,,"{
  ""applied_date"": ""2014-01-14"",
  ""invoice_id"": ""5181"",
  ""line_item_id"": ""5300"",
  ""resolved_date"": ""2014-07-03""
}",2014-02-01 00:42:13.937,30,,,DelinquencyStageTenantEvent,,c133062f-b621-4223-bbd0-9c7a0708ead2,2014-07-03 19:25:41.867,,,,14,,,5134,,,TRUE,,,,FALSE,DelinquencyStage,,,,,,,,,FALSE,removed,2026-08-05 13:02:58.195 Z,2026-08-05 12:53:13.936 Z,9999-12-31 23:59:59.999 Z,TRUE
19885,3564,23785580,,,"{
  ""applied_date"": ""2014-01-14"",
  ""invoice_id"": ""5181"",
  ""line_item_id"": ""5300"",
  ""resolved_date"": ""2014-07-03""
}",2014-02-01 00:42:13.937,30,,,DelinquencyStageTenantEvent,,c133062f-b621-4223-bbd0-9c7a0708ead2,2014-07-03 19:25:41.867,,,,14,,,5134,,,TRUE,,,,FALSE,DelinquencyStage,,,,,,,,,FALSE,removed,2026-07-09 08:38:17.691 Z,2026-07-09 08:26:50.521 Z,2026-08-05 12:53:13.935 Z,FALSE
19886,3564,23785580,,,{},2014-02-01 00:42:13.943,37,,2014-02-04 16:53:40.642,PrintMailDelinquencyTenantEvent,,a1241800-3d29-4f70-ad76-de2687e6eb57,2024-05-20 16:47:40.170,,,,14,,5971,5134,,,TRUE,,,,FALSE,DelinquencyStageAction,19885,,,,,31,,,FALSE,letter_sent,2026-08-05 12:53:55.123 Z,2026-08-05 12:53:13.936 Z,9999-12-31 23:59:59.999 Z,TRUE
19886,3564,23785580,,,{},2014-02-01 00:42:13.943,37,,2014-02-04 16:53:40.642,PrintMailDelinquencyTenantEvent,,a1241800-3d29-4f70-ad76-de2687e6eb57,2024-05-20 16:47:40.170,,,,14,,5971,5134,,,TRUE,,,,FALSE,DelinquencyStageAction,19885,,,,,31,,,FALSE,letter_sent,2026-07-09 08:27:36.600 Z,2026-07-09 08:26:50.521 Z,2026-08-05 12:53:13.935 Z,FALSE
19887,3564,23785970,,,"{
  ""applied_date"": ""2014-01-29"",
  ""invoice_id"": ""5181"",
  ""line_item_id"": ""5300"",
  ""resolved_date"": ""2014-07-03""
}",2014-02-01 00:42:13.995,31,,,DelinquencyStageTenantEvent,,0e35b198-8b7e-4a20-a022-94b4ac2d84fd,2014-07-03 19:25:41.768,,,,14,,,5134,,,TRUE,,,,FALSE,DelinquencyStage,,,,,,,,,FALSE,removed,2026-07-09 08:38:17.691 Z,2026-07-09 08:26:50.521 Z,2026-08-05 12:53:13.935 Z,FALSE
19887,3564,23785970,,,"{
  ""applied_date"": ""2014-01-29"",
  ""invoice_id"": ""5181"",
  ""line_item_id"": ""5300"",
  ""resolved_date"": ""2014-07-03""
}",2014-02-01 00:42:13.995,31,,,DelinquencyStageTenantEvent,,0e35b198-8b7e-4a20-a022-94b4ac2d84fd,2014-07-03 19:25:41.768,,,,14,,,5134,,,TRUE,,,,FALSE,DelinquencyStage,,,,,,,,,FALSE,removed,2026-08-05 13:02:58.195 Z,2026-08-05 12:53:13.936 Z,9999-12-31 23:59:59.999 Z,TRUE
19888,3564,23785970,,,{},2014-02-01 00:42:14.001,38,,2014-02-04 05:00:00.000,CutLockDelinquencyTenantEvent,,8f701cba-1d21-4fe9-8c79-56f37de7fa53,2024-05-20 16:47:40.170,,,,14,,5971,5134,,,TRUE,,,,FALSE,DelinquencyStageAction,19887,,,,,31,,,FALSE,lock_cut,2026-07-09 08:56:42.996 Z,2026-07-09 08:26:50.521 Z,9999-12-31 23:59:59.999 Z,TRUE
19889,3565,,,,{},2014-02-01 00:42:14.382,,,2014-02-06 21:35:34.267,NoteEvent,,793065dc-4f24-4b32-a4d1-73926c61710c,2014-04-08 03:13:26.759,,,,14,,,,,,FALSE,,,,FALSE,,,,,,,54,,,FALSE,,2026-07-09 08:26:52.555 Z,2026-07-09 08:26:50.521 Z,2026-08-05 12:53:13.935 Z,FALSE
19889,3565,,,,{},2014-02-01 00:42:14.382,,,2014-02-06 21:35:34.267,NoteEvent,,793065dc-4f24-4b32-a4d1-73926c61710c,2014-04-08 03:13:26.759,,,,14,,,,,,FALSE,,,,FALSE,,,,,,,54,,,FALSE,,2026-08-05 12:53:16.416 Z,2026-08-05 12:53:13.936 Z,9999-12-31 23:59:59.999 Z,TRUE
19890,3565,,,,{},2014-02-01 00:42:14.388,,,2014-02-06 21:35:37.869,NoteEvent,,c9153832-5ca1-4e08-81fa-9ab787b4d00d,2014-04-08 03:13:26.781,,,,14,,,,,,FALSE,,,,FALSE,,,,,,,54,,,FALSE,,2026-08-05 12:53:16.422 Z,2026-08-05 12:53:13.936 Z,9999-12-31 23:59:59.999 Z,TRUE
19890,3565,,,,{},2014-02-01 00:42:14.388,,,2014-02-06 21:35:37.869,NoteEvent,,c9153832-5ca1-4e08-81fa-9ab787b4d00d,2014-04-08 03:13:26.781,,,,14,,,,,,FALSE,,,,FALSE,,,,,,,54,,,FALSE,,2026-07-09 08:26:52.555 Z,2026-07-09 08:26:50.521 Z,2026-08-05 12:53:13.935 Z,FALSE
19891,3565,,,,"{
  ""gate_access_code"": ""00981"",
  ""move_in_date"": ""2007-04-16"",
  ""move_in_initiated_date"": ""2007-04-16"",
  ""rate"": ""40.0""
}",2007-04-16 10:00:00.000,,,2014-02-01 00:42:14.416,MoveInUnitEvent,,4dcec154-53b8-4e0b-b43f-a5622233ffa6,2024-05-20 16:47:40.170,,,,14,,5972,5135,,,TRUE,,,,FALSE,,,,,,,,,,FALSE,,2026-07-09 08:56:43.016 Z,2026-07-09 08:26:50.521 Z,9999-12-31 23:59:59.999 Z,TRUE
19892,3565,,,,"{
  ""invoice_sent"": ""true""
}",2014-02-01 00:42:14.797,5184,,,InvoiceSentTenantEvent,,2c0efa04-87c3-4c07-b5ed-5bd2ad05a38d,2014-02-01 00:42:14.809,,,,14,,,,,,TRUE,,,,FALSE,Invoice,,,,,,,,,FALSE,,2026-07-09 08:26:52.385 Z,2026-07-09 08:26:50.521 Z,2026-08-05 12:53:13.935 Z,FALSE
19892,3565,,,,"{
  ""invoice_sent"": ""true""
}",2014-02-01 00:42:14.797,5184,,,InvoiceSentTenantEvent,,2c0efa04-87c3-4c07-b5ed-5bd2ad05a38d,2014-02-01 00:42:14.809,,,,14,,,,,,TRUE,,,,FALSE,Invoice,,,,,,,,,FALSE,,2026-08-05 12:53:16.311 Z,2026-08-05 12:53:13.936 Z,9999-12-31 23:59:59.999 Z,TRUE
19893,3565,,,,"{
  ""invoice_sent"": ""true""
}",2014-02-01 00:42:15.011,5185,,,InvoiceSentTenantEvent,,46c2b612-76bb-44b1-b5a5-8cc80116f062,2014-02-01 00:42:15.031,,,,14,,,,,,TRUE,,,,FALSE,Invoice,,,,,,,,,FALSE,,2026-08-05 12:53:16.311 Z,2026-08-05 12:53:13.936 Z,9999-12-31 23:59:59.999 Z,TRUE
19893,3565,,,,"{
  ""invoice_sent"": ""true""
}",2014-02-01 00:42:15.011,5185,,,InvoiceSentTenantEvent,,46c2b612-76bb-44b1-b5a5-8cc80116f062,2014-02-01 00:42:15.031,,,,14,,,,,,TRUE,,,,FALSE,Invoice,,,,,,,,,FALSE,,2026-07-09 08:26:52.385 Z,2026-07-09 08:26:50.521 Z,2026-08-05 12:53:13.935 Z,FALSE
19894,3565,,,,"{
  ""invoice_sent"": ""true""
}",2014-02-01 00:42:15.285,5186,,,InvoiceSentTenantEvent,,3ba8536d-a2ee-4316-b281-628471e85b74,2014-02-01 00:42:15.300,,,,14,,,,,,TRUE,,,,FALSE,Invoice,,,,,,,,,FALSE,,2026-07-09 08:26:52.385 Z,2026-07-09 08:26:50.521 Z,2026-08-05 12:53:13.935 Z,FALSE
19894,3565,,,,"{
  ""invoice_sent"": ""true""
}",2014-02-01 00:42:15.285,5186,,,InvoiceSentTenantEvent,,3ba8536d-a2ee-4316-b281-628471e85b74,2014-02-01 00:42:15.300,,,,14,,,,,,TRUE,,,,FALSE,Invoice,,,,,,,,,FALSE,,2026-08-05 12:53:16.311 Z,2026-08-05 12:53:13.936 Z,9999-12-31 23:59:59.999 Z,TRUE
19895,3565,,,,"{
  ""invoice_sent"": ""true""
}",2014-02-01 00:42:15.463,5187,,,InvoiceSentTenantEvent,,3bdd57dc-177e-4b20-8ee9-c2e92f9bd5fa,2014-02-01 00:42:15.475,,,,14,,,,,,TRUE,,,,FALSE,Invoice,,,,,,,,,FALSE,,2026-08-05 12:53:16.311 Z,2026-08-05 12:53:13.936 Z,9999-12-31 23:59:59.999 Z,TRUE
19895,3565,,,,"{
  ""invoice_sent"": ""true""
}",2014-02-01 00:42:15.463,5187,,,InvoiceSentTenantEvent,,3bdd57dc-177e-4b20-8ee9-c2e92f9bd5fa,2014-02-01 00:42:15.475,,,,14,,,,,,TRUE,,,,FALSE,Invoice,,,,,,,,,FALSE,,2026-07-09 08:26:52.385 Z,2026-07-09 08:26:50.521 Z,2026-08-05 12:53:13.935 Z,FALSE
19896,3565,23796335,,,"{
  ""applied_date"": ""2013-09-11"",
  ""invoice_id"": ""5185"",
  ""line_item_id"": ""5304"",
  ""resolved_date"": ""2014-07-09""
}",2014-02-01 00:42:15.538,23,,,DelinquencyStageTenantEvent,,0f47f6dc-6bff-4697-8133-e7d7076d846c,2014-07-10 00:45:01.876,,,,14,,,5135,,,TRUE,,,,FALSE,DelinquencyStage,,,,,,,,,FALSE,removed,2026-08-05 13:02:58.574 Z,2026-08-05 12:53:13.936 Z,9999-12-31 23:59:59.999 Z,TRUE
19896,3565,23796335,,,"{
  ""applied_date"": ""2013-09-11"",
  ""invoice_id"": ""5185"",
  ""line_item_id"": ""5304"",
  ""resolved_date"": ""2014-07-09""
}",2014-02-01 00:42:15.538,23,,,DelinquencyStageTenantEvent,,0f47f6dc-6bff-4697-8133-e7d7076d846c,2014-07-10 00:45:01.876,,,,14,,,5135,,,TRUE,,,,FALSE,DelinquencyStage,,,,,,,,,FALSE,removed,2026-07-09 08:38:18.042 Z,2026-07-09 08:26:50.521 Z,2026-08-05 12:53:13.935 Z,FALSE
19897,3565,23796335,,,"{
  ""fee_invoice_id"": ""5186""
}",2014-02-01 00:42:15.544,28,,2014-02-01 00:42:15.536,AddFeeDelinquencyTenantEvent,,23662209-fae5-4412-bb34-360d4f072ce7,2014-07-10 00:45:01.839,,,,14,,,5135,,,TRUE,,,,FALSE,DelinquencyStageAction,19896,,,,,,,,FALSE,removed,2026-08-05 12:53:16.806 Z,2026-08-05 12:53:13.936 Z,9999-12-31 23:59:59.999 Z,TRUE
19897,3565,23796335,,,"{
  ""fee_invoice_id"": ""5186""
}",2014-02-01 00:42:15.544,28,,2014-02-01 00:42:15.536,AddFeeDelinquencyTenantEvent,,23662209-fae5-4412-bb34-360d4f072ce7,2014-07-10 00:45:01.839,,,,14,,,5135,,,TRUE,,,,FALSE,DelinquencyStageAction,19896,,,,,,,,FALSE,removed,2026-07-09 08:26:52.997 Z,2026-07-09 08:26:50.521 Z,2026-08-05 12:53:13.935 Z,FALSE
19898,3565,23796335,,,"{
  ""last_action_date"": ""2014-07-09""
}",2014-02-01 00:42:15.565,29,,2014-01-31 05:00:00.000,GateLockoutDelinquencyTenantEvent,,08ec438c-7c37-405e-a61a-0e3360410414,2014-07-10 00:45:01.799,,,,14,,,5135,,,TRUE,,,,FALSE,DelinquencyStageAction,19896,,,,,,,,FALSE,removed,2026-08-05 12:53:16.805 Z,2026-08-05 12:53:13.936 Z,9999-12-31 23:59:59.999 Z,TRUE
19898,3565,23796335,,,"{
  ""last_action_date"": ""2014-07-09""
}",2014-02-01 00:42:15.565,29,,2014-01-31 05:00:00.000,GateLockoutDelinquencyTenantEvent,,08ec438c-7c37-405e-a61a-0e3360410414,2014-07-10 00:45:01.799,,,,14,,,5135,,,TRUE,,,,FALSE,DelinquencyStageAction,19896,,,,,,,,FALSE,removed,2026-07-09 08:26:52.997 Z,2026-07-09 08:26:50.521 Z,2026-08-05 12:53:13.935 Z,FALSE
19899,3565,23796335,,,"{
  ""last_action_date"": ""2014-07-09""
}",2014-02-01 00:42:15.605,30,,2014-02-01 00:42:16.531,OverlockDelinquencyTenantEvent,,5cc34734-2f9c-45a4-af44-78b00a34175a,2024-05-20 16:47:40.170,,,,14,,5972,5135,,,TRUE,,,,FALSE,DelinquencyStageAction,19896,,,,,,,,FALSE,overlock_removed,2026-07-09 08:38:18.042 Z,2026-07-09 08:26:50.521 Z,2026-08-05 12:53:13.935 Z,FALSE
19899,3565,23796335,,,"{
  ""last_action_date"": ""2014-07-09""
}",2014-02-01 00:42:15.605,30,,2014-02-01 00:42:16.531,OverlockDelinquencyTenantEvent,,5cc34734-2f9c-45a4-af44-78b00a34175a,2024-05-20 16:47:40.170,,,,14,,5972,5135,,,TRUE,,,,FALSE,DelinquencyStageAction,19896,,,,,,,,FALSE,overlock_removed,2026-08-05 13:02:58.574 Z,2026-08-05 12:53:13.936 Z,9999-12-31 23:59:59.999 Z,TRUE
19900,3565,23796736,,,"{
  ""applied_date"": ""2013-09-16"",
  ""invoice_id"": ""5185"",
  ""line_item_id"": ""5304""
}",2014-02-01 00:42:15.657,24,,,DelinquencyStageTenantEvent,,0a62f74e-55a3-405f-b5ce-d70e06fd76eb,2014-04-08 03:12:00.264,,,,14,,,5135,,,FALSE,,,,FALSE,DelinquencyStage,,,,,,,,,FALSE,applied,2026-07-09 08:26:52.997 Z,2026-07-09 08:26:50.521 Z,2026-08-05 12:53:13.935 Z,FALSE
19900,3565,23796736,,,"{
  ""applied_date"": ""2013-09-16"",
  ""invoice_id"": ""5185"",
  ""line_item_id"": ""5304""
}",2014-02-01 00:42:15.657,24,,,DelinquencyStageTenantEvent,,0a62f74e-55a3-405f-b5ce-d70e06fd76eb,2014-04-08 03:12:00.264,,,,14,,,5135,,,FALSE,,,,FALSE,DelinquencyStage,,,,,,,,,FALSE,applied,2026-08-05 12:53:16.806 Z,2026-08-05 12:53:13.936 Z,9999-12-31 23:59:59.999 Z,TRUE
19901,3565,23796736,,,{},2014-02-01 00:42:15.663,31,,2014-02-04 16:54:34.124,PrintMailDelinquencyTenantEvent,,fc9ae21d-a053-4748-b690-417a1af24962,2024-05-20 16:47:40.170,,,,14,,5972,5135,,,TRUE,,,,FALSE,DelinquencyStageAction,19900,,,,,31,,,FALSE,letter_sent,2026-07-09 08:38:18.042 Z,2026-07-09 08:26:50.521 Z,2026-08-05 12:53:13.935 Z,FALSE
19901,3565,23796736,,,{},2014-02-01 00:42:15.663,31,,2014-02-04 16:54:34.124,PrintMailDelinquencyTenantEvent,,fc9ae21d-a053-4748-b690-417a1af24962,2024-05-20 16:47:40.170,,,,14,,5972,5135,,,TRUE,,,,FALSE,DelinquencyStageAction,19900,,,,,31,,,FALSE,letter_sent,2026-08-05 13:02:58.574 Z,2026-08-05 12:53:13.936 Z,9999-12-31 23:59:59.999 Z,TRUE
19902,3565,23797114,,,"{
  ""applied_date"": ""2013-10-11"",
  ""invoice_id"": ""5185"",
  ""line_item_id"": ""5304""
}",2014-02-01 00:42:15.807,25,,,DelinquencyStageTenantEvent,,62e5255b-0878-46b7-a0f3-41de5697edd8,2014-04-08 03:12:00.292,,,,14,,,5135,,,FALSE,,,,FALSE,DelinquencyStage,,,,,,,,,FALSE,applied,2026-08-05 13:02:58.574 Z,2026-08-05 12:53:13.936 Z,9999-12-31 23:59:59.999 Z,TRUE
19902,3565,23797114,,,"{
  ""applied_date"": ""2013-10-11"",
  ""invoice_id"": ""5185"",
  ""line_item_id"": ""5304""
}",2014-02-01 00:42:15.807,25,,,DelinquencyStageTenantEvent,,62e5255b-0878-46b7-a0f3-41de5697edd8,2014-04-08 03:12:00.292,,,,14,,,5135,,,FALSE,,,,FALSE,DelinquencyStage,,,,,,,,,FALSE,applied,2026-07-09 08:38:18.042 Z,2026-07-09 08:26:50.521 Z,2026-08-05 12:53:13.935 Z,FALSE
19903,3565,23797114,,,"{
  ""fee_invoice_id"": ""5186""
}",2014-02-01 00:42:15.813,32,,2014-02-01 00:42:15.805,AddFeeDelinquencyTenantEvent,,cce2016e-ee2e-420f-937e-ab400b55377c,2014-02-01 00:42:16.471,,,,14,,,5135,,,TRUE,,,,FALSE,DelinquencyStageAction,19902,,,,,,,,FALSE,applied,2026-08-05 13:02:58.574 Z,2026-08-05 12:53:13.936 Z,9999-12-31 23:59:59.999 Z,TRUE
19903,3565,23797114,,,"{
  ""fee_invoice_id"": ""5186""
}",2014-02-01 00:42:15.813,32,,2014-02-01 00:42:15.805,AddFeeDelinquencyTenantEvent,,cce2016e-ee2e-420f-937e-ab400b55377c,2014-02-01 00:42:16.471,,,,14,,,5135,,,TRUE,,,,FALSE,DelinquencyStageAction,19902,,,,,,,,FALSE,applied,2026-07-09 08:38:18.042 Z,2026-07-09 08:26:50.521 Z,2026-08-05 12:53:13.935 Z,FALSE
19904,3565,23797401,,,"{
  ""applied_date"": ""2013-10-16"",
  ""invoice_id"": ""5185"",
  ""line_item_id"": ""5304""
}",2014-02-01 00:42:15.869,26,,,DelinquencyStageTenantEvent,,afc1841a-c4e5-4b48-938c-6aea87774909,2014-04-08 03:12:00.320,,,,14,,,5135,,,FALSE,,,,FALSE,DelinquencyStage,,,,,,,,,FALSE,applied,2026-08-05 13:02:58.574 Z,2026-08-05 12:53:13.936 Z,9999-12-31 23:59:59.999 Z,TRUE
19904,3565,23797401,,,"{
  ""applied_date"": ""2013-10-16"",
  ""invoice_id"": ""5185"",
  ""line_item_id"": ""5304""
}",2014-02-01 00:42:15.869,26,,,DelinquencyStageTenantEvent,,afc1841a-c4e5-4b48-938c-6aea87774909,2014-04-08 03:12:00.320,,,,14,,,5135,,,FALSE,,,,FALSE,DelinquencyStage,,,,,,,,,FALSE,applied,2026-07-09 08:38:18.042 Z,2026-07-09 08:26:50.521 Z,2026-08-05 12:53:13.935 Z,FALSE
19905,3565,23797401,,,{},2014-02-01 00:42:15.875,33,,2014-02-04 16:54:30.581,PrintMailDelinquencyTenantEvent,,b1cbb9bb-5101-4bb0-8fd1-e9e0585d4619,2024-05-20 16:47:40.170,,,,14,,5972,5135,,,TRUE,,,,FALSE,DelinquencyStageAction,19904,,,,,31,,,FALSE,letter_sent,2026-07-09 08:56:43.022 Z,2026-07-09 08:26:50.521 Z,9999-12-31 23:59:59.999 Z,TRUE
19906,3565,23797694,,,"{
  ""applied_date"": ""2013-11-10"",
  ""invoice_id"": ""5185"",
  ""line_item_id"": ""5304""
}",2014-02-01 00:42:15.935,27,,,DelinquencyStageTenantEvent,,857719b1-cedc-4d50-b099-186fb76184a3,2014-04-08 03:12:00.349,,,,14,,,5135,,,FALSE,,,,FALSE,DelinquencyStage,,,,,,,,,FALSE,applied,2026-07-09 08:38:18.042 Z,2026-07-09 08:26:50.521 Z,2026-08-05 12:53:13.935 Z,FALSE
19906,3565,23797694,,,"{
  ""applied_date"": ""2013-11-10"",
  ""invoice_id"": ""5185"",
  ""line_item_id"": ""5304""
}",2014-02-01 00:42:15.935,27,,,DelinquencyStageTenantEvent,,857719b1-cedc-4d50-b099-186fb76184a3,2014-04-08 03:12:00.349,,,,14,,,5135,,,FALSE,,,,FALSE,DelinquencyStage,,,,,,,,,FALSE,applied,2026-08-05 13:02:58.574 Z,2026-08-05 12:53:13.936 Z,9999-12-31 23:59:59.999 Z,TRUE
19907,3565,23797694,,,"{
  ""fee_invoice_id"": ""5186""
}",2014-02-01 00:42:15.941,34,,2014-02-01 00:42:15.933,AddFeeDelinquencyTenantEvent,,9e4364cf-d6b1-4411-adfb-f1f08d26302e,2014-02-01 00:42:16.451,,,,14,,,5135,,,TRUE,,,,FALSE,DelinquencyStageAction,19906,,,,,,,,FALSE,applied,2026-07-09 08:38:18.042 Z,2026-07-09 08:26:50.521 Z,2026-08-05 12:53:13.935 Z,FALSE
19907,3565,23797694,,,"{
  ""fee_invoice_id"": ""5186""
}",2014-02-01 00:42:15.941,34,,2014-02-01 00:42:15.933,AddFeeDelinquencyTenantEvent,,9e4364cf-d6b1-4411-adfb-f1f08d26302e,2014-02-01 00:42:16.451,,,,14,,,5135,,,TRUE,,,,FALSE,DelinquencyStageAction,19906,,,,,,,,FALSE,applied,2026-08-05 13:02:58.574 Z,2026-08-05 12:53:13.936 Z,9999-12-31 23:59:59.999 Z,TRUE
19908,3565,23797984,,,"{
  ""applied_date"": ""2013-11-15"",
  ""invoice_id"": ""5185"",
  ""line_item_id"": ""5304""
}",2014-02-01 00:42:15.997,28,,,DelinquencyStageTenantEvent,,6f348dcb-94c7-48b4-a679-04e3efe33f1a,2014-04-08 03:12:00.377,,,,14,,,5135,,,FALSE,,,,FALSE,DelinquencyStage,,,,,,,,,FALSE,applied,2026-07-09 08:38:18.042 Z,2026-07-09 08:26:50.521 Z,2026-08-05 12:53:13.935 Z,FALSE
19908,3565,23797984,,,"{
  ""applied_date"": ""2013-11-15"",
  ""invoice_id"": ""5185"",
  ""line_item_id"": ""5304""
}",2014-02-01 00:42:15.997,28,,,DelinquencyStageTenantEvent,,6f348dcb-94c7-48b4-a679-04e3efe33f1a,2014-04-08 03:12:00.377,,,,14,,,5135,,,FALSE,,,,FALSE,DelinquencyStage,,,,,,,,,FALSE,applied,2026-08-05 13:02:58.574 Z,2026-08-05 12:53:13.936 Z,9999-12-31 23:59:59.999 Z,TRUE
19909,3565,23797984,,,{},2014-02-01 00:42:16.003,35,,2014-02-04 16:54:27.544,PrintMailDelinquencyTenantEvent,,91b5f9cc-72d6-4ca3-a978-9de0abb37bab,2024-05-20 16:47:40.170,,,,14,,5972,5135,,,TRUE,,,,FALSE,DelinquencyStageAction,19908,,,,,31,,,FALSE,letter_sent,2026-07-09 08:56:43.022 Z,2026-07-09 08:26:50.521 Z,9999-12-31 23:59:59.999 Z,TRUE
19910,3565,23798268,,,"{
  ""applied_date"": ""2013-11-30"",
  ""invoice_id"": ""5185"",
  ""line_item_id"": ""5304""
}",2014-02-01 00:42:16.056,29,,,DelinquencyStageTenantEvent,,2962ac92-daa2-497c-99b5-e2124ee1be61,2014-04-08 03:12:00.406,,,,14,,,5135,,,FALSE,,,,FALSE,DelinquencyStage,,,,,,,,,FALSE,applied,2026-08-05 13:02:58.574 Z,2026-08-05 12:53:13.936 Z,9999-12-31 23:59:59.999 Z,TRUE
19910,3565,23798268,,,"{
  ""applied_date"": ""2013-11-30"",
  ""invoice_id"": ""5185"",
  ""line_item_id"": ""5304""
}",2014-02-01 00:42:16.056,29,,,DelinquencyStageTenantEvent,,2962ac92-daa2-497c-99b5-e2124ee1be61,2014-04-08 03:12:00.406,,,,14,,,5135,,,FALSE,,,,FALSE,DelinquencyStage,,,,,,,,,FALSE,applied,2026-07-09 08:38:18.042 Z,2026-07-09 08:26:50.521 Z,2026-08-05 12:53:13.935 Z,FALSE
19911,3565,23798268,,,{},2014-02-01 00:42:16.063,36,,2014-02-04 16:54:24.806,PrintMailDelinquencyTenantEvent,,5ef02825-5bd5-4d18-afe6-d6db9e1963b1,2024-05-20 16:47:40.170,,,,14,,5972,5135,,,TRUE,,,,FALSE,DelinquencyStageAction,19910,,,,,31,,,FALSE,letter_sent,2026-07-09 08:56:43.022 Z,2026-07-09 08:26:50.521 Z,9999-12-31 23:59:59.999 Z,TRUE
19912,3565,23798550,,,"{
  ""applied_date"": ""2013-12-15"",
  ""invoice_id"": ""5185"",
  ""line_item_id"": ""5304""
}",2014-02-01 00:42:16.114,30,,,DelinquencyStageTenantEvent,,0bf98ebb-8b8a-4e62-84d3-335952fec45a,2014-04-08 03:12:00.434,,,,14,,,5135,,,FALSE,,,,FALSE,DelinquencyStage,,,,,,,,,FALSE,applied,2026-08-05 13:02:58.622 Z,2026-08-05 12:53:13.936 Z,9999-12-31 23:59:59.999 Z,TRUE
19912,3565,23798550,,,"{
  ""applied_date"": ""2013-12-15"",
  ""invoice_id"": ""5185"",
  ""line_item_id"": ""5304""
}",2014-02-01 00:42:16.114,30,,,DelinquencyStageTenantEvent,,0bf98ebb-8b8a-4e62-84d3-335952fec45a,2014-04-08 03:12:00.434,,,,14,,,5135,,,FALSE,,,,FALSE,DelinquencyStage,,,,,,,,,FALSE,applied,2026-07-09 08:38:18.085 Z,2026-07-09 08:26:50.521 Z,2026-08-05 12:53:13.935 Z,FALSE
19913,3565,23798550,,,{},2014-02-01 00:42:16.120,37,,2014-02-04 16:54:19.720,PrintMailDelinquencyTenantEvent,,c7a3752c-4c0e-45db-9a0c-705754aa20c9,2024-05-20 16:47:40.170,,,,14,,5972,5135,,,TRUE,,,,FALSE,DelinquencyStageAction,19912,,,,,31,,,FALSE,letter_sent,2026-07-09 08:56:43.022 Z,2026-07-09 08:26:50.521 Z,9999-12-31 23:59:59.999 Z,TRUE
19914,3565,23798837,,,"{
  ""applied_date"": ""2013-12-30"",
  ""invoice_id"": ""5185"",
  ""line_item_id"": ""5304""
}",2014-02-01 00:42:16.171,31,,,DelinquencyStageTenantEvent,,8be6fcb2-adb8-489a-b963-0724a2968ced,2014-04-08 03:12:00.461,,,,14,,,5135,,,FALSE,,,,FALSE,DelinquencyStage,,,,,,,,,FALSE,applied,2026-08-05 12:53:16.807 Z,2026-08-05 12:53:13.936 Z,9999-12-31 23:59:59.999 Z,TRUE
19914,3565,23798837,,,"{
  ""applied_date"": ""2013-12-30"",
  ""invoice_id"": ""5185"",
  ""line_item_id"": ""5304""
}",2014-02-01 00:42:16.171,31,,,DelinquencyStageTenantEvent,,8be6fcb2-adb8-489a-b963-0724a2968ced,2014-04-08 03:12:00.461,,,,14,,,5135,,,FALSE,,,,FALSE,DelinquencyStage,,,,,,,,,FALSE,applied,2026-07-09 08:26:52.998 Z,2026-07-09 08:26:50.521 Z,2026-08-05 12:53:13.935 Z,FALSE
19915,3565,23798837,,,{},2014-02-01 00:42:16.177,38,,2014-02-04 05:00:00.000,CutLockDelinquencyTenantEvent,,b4f06d00-e52e-4eb7-86b1-22d0ca29dce2,2024-05-20 16:47:40.170,,,,14,,5972,5135,,,TRUE,,,,FALSE,DelinquencyStageAction,19914,,,,,31,,,FALSE,lock_cut,2026-07-09 08:56:43.012 Z,2026-07-09 08:26:50.521 Z,9999-12-31 23:59:59.999 Z,TRUE
19916,3565,23799151,,,"{
  ""applied_date"": ""2014-01-14"",
  ""invoice_id"": ""5185"",
  ""line_item_id"": ""5304""
}",2014-02-01 00:42:16.228,32,,,DelinquencyStageTenantEvent,,3ae2e29e-9f55-456d-a77f-7bc656593d21,2014-04-08 03:12:00.491,,,,14,,,5135,,,FALSE,,,,FALSE,DelinquencyStage,,,,,,,,,FALSE,applied,2026-08-05 13:02:58.477 Z,2026-08-05 12:53:13.936 Z,9999-12-31 23:59:59.999 Z,TRUE
19916,3565,23799151,,,"{
  ""applied_date"": ""2014-01-14"",
  ""invoice_id"": ""5185"",
  ""line_item_id"": ""5304""
}",2014-02-01 00:42:16.228,32,,,DelinquencyStageTenantEvent,,3ae2e29e-9f55-456d-a77f-7bc656593d21,2014-04-08 03:12:00.491,,,,14,,,5135,,,FALSE,,,,FALSE,DelinquencyStage,,,,,,,,,FALSE,applied,2026-07-09 08:38:17.953 Z,2026-07-09 08:26:50.521 Z,2026-08-05 12:53:13.935 Z,FALSE
19917,3565,23799151,,,{},2014-02-01 00:42:16.234,39,,2014-02-04 16:54:14.126,PrintMailDelinquencyTenantEvent,,c86d18c2-e0c9-44a6-a321-9d987e849f32,2024-05-20 16:47:40.170,,,,14,,5972,5135,,,TRUE,,,,FALSE,DelinquencyStageAction,19916,,,,,31,,,FALSE,letter_sent,2026-07-09 08:56:43.022 Z,2026-07-09 08:26:50.521 Z,9999-12-31 23:59:59.999 Z,TRUE
19918,3565,23799425,,,"{
  ""applied_date"": ""2014-01-29"",
  ""invoice_id"": ""5185"",
  ""line_item_id"": ""5304""
}",2014-02-01 00:42:16.377,33,,,DelinquencyStageTenantEvent,,bd1ca1b5-1273-4fda-9bcc-7520c4c32d6f,2014-04-08 03:12:00.520,,,,14,,,5135,,,FALSE,,,,FALSE,DelinquencyStage,,,,,,,,,FALSE,applied,2026-07-09 08:38:18.088 Z,2026-07-09 08:26:50.521 Z,2026-08-05 12:53:13.935 Z,FALSE
19918,3565,23799425,,,"{
  ""applied_date"": ""2014-01-29"",
  ""invoice_id"": ""5185"",
  ""line_item_id"": ""5304""
}",2014-02-01 00:42:16.377,33,,,DelinquencyStageTenantEvent,,bd1ca1b5-1273-4fda-9bcc-7520c4c32d6f,2014-04-08 03:12:00.520,,,,14,,,5135,,,FALSE,,,,FALSE,DelinquencyStage,,,,,,,,,FALSE,applied,2026-08-05 13:02:58.625 Z,2026-08-05 12:53:13.936 Z,9999-12-31 23:59:59.999 Z,TRUE
19919,3565,23799425,,,"{
  ""fee_invoice_id"": ""5186""
}",2014-02-01 00:42:16.383,40,,2014-02-01 00:42:16.374,AddFeeDelinquencyTenantEvent,,d875202f-ad5a-41c7-8311-2b4d1793a1fd,2014-02-01 00:42:16.429,,,,14,,,5135,,,TRUE,,,,FALSE,DelinquencyStageAction,19918,,,,,,,,FALSE,applied,2026-07-09 08:38:18.088 Z,2026-07-09 08:26:50.521 Z,2026-08-05 12:53:13.935 Z,FALSE
19919,3565,23799425,,,"{
  ""fee_invoice_id"": ""5186""
}",2014-02-01 00:42:16.383,40,,2014-02-01 00:42:16.374,AddFeeDelinquencyTenantEvent,,d875202f-ad5a-41c7-8311-2b4d1793a1fd,2014-02-01 00:42:16.429,,,,14,,,5135,,,TRUE,,,,FALSE,DelinquencyStageAction,19918,,,,,,,,FALSE,applied,2026-08-05 13:02:58.625 Z,2026-08-05 12:53:13.936 Z,9999-12-31 23:59:59.999 Z,TRUE
19920,3566,,,,"{
  ""gate_access_code"": ""03266"",
  ""move_in_date"": ""2013-11-01"",
  ""move_in_initiated_date"": ""2013-11-01"",
  ""rate"": ""40.0""
}",2013-11-01 10:00:00.000,,,2014-02-01 00:42:16.858,MoveInUnitEvent,,eb58612d-1791-4ce7-9b18-8f43b2af6a6f,2024-05-20 16:47:40.170,,,,14,,5974,5136,,,TRUE,,,,FALSE,,,,,,,,,,FALSE,,2026-07-09 08:56:43.037 Z,2026-07-09 08:26:50.521 Z,9999-12-31 23:59:59.999 Z,TRUE
19921,3566,,,,"{
  ""invoice_sent"": ""true""
}",2014-02-01 00:42:17.197,5188,,,InvoiceSentTenantEvent,,5bac3041-39fc-419e-aade-d2ccb69cf67c,2014-02-01 00:42:17.232,,,,14,,,,,,TRUE,,,,FALSE,Invoice,,,,,,,,,FALSE,,2026-08-05 12:53:16.311 Z,2026-08-05 12:53:13.936 Z,9999-12-31 23:59:59.999 Z,TRUE
19921,3566,,,,"{
  ""invoice_sent"": ""true""
}",2014-02-01 00:42:17.197,5188,,,InvoiceSentTenantEvent,,5bac3041-39fc-419e-aade-d2ccb69cf67c,2014-02-01 00:42:17.232,,,,14,,,,,,TRUE,,,,FALSE,Invoice,,,,,,,,,FALSE,,2026-07-09 08:26:52.385 Z,2026-07-09 08:26:50.521 Z,2026-08-05 12:53:13.935 Z,FALSE
19922,3566,,,,"{
  ""invoice_sent"": ""true""
}",2014-02-01 00:42:17.397,5189,,,InvoiceSentTenantEvent,,6feebe27-3e55-4ac1-884c-552eba6776c3,2014-02-01 00:42:17.410,,,,14,,,,,,TRUE,,,,FALSE,Invoice,,,,,,,,,FALSE,,2026-08-05 12:53:16.311 Z,2026-08-05 12:53:13.936 Z,9999-12-31 23:59:59.999 Z,TRUE
19922,3566,,,,"{
  ""invoice_sent"": ""true""
}",2014-02-01 00:42:17.397,5189,,,InvoiceSentTenantEvent,,6feebe27-3e55-4ac1-884c-552eba6776c3,2014-02-01 00:42:17.410,,,,14,,,,,,TRUE,,,,FALSE,Invoice,,,,,,,,,FALSE,,2026-07-09 08:26:52.385 Z,2026-07-09 08:26:50.521 Z,2026-08-05 12:53:13.935 Z,FALSE
19923,3567,,,,{},2014-02-01 00:42:17.652,,,2014-02-06 21:40:15.309,NoteEvent,,707be75e-44c8-4764-82fb-7482f1f7c2fc,2014-04-08 03:13:26.806,,,,14,,,,,,FALSE,,,,FALSE,,,,,,,54,,,FALSE,,2026-08-05 12:53:16.311 Z,2026-08-05 12:53:13.936 Z,9999-12-31 23:59:59.999 Z,TRUE
19923,3567,,,,{},2014-02-01 00:42:17.652,,,2014-02-06 21:40:15.309,NoteEvent,,707be75e-44c8-4764-82fb-7482f1f7c2fc,2014-04-08 03:13:26.806,,,,14,,,,,,FALSE,,,,FALSE,,,,,,,54,,,FALSE,,2026-07-09 08:26:52.385 Z,2026-07-09 08:26:50.521 Z,2026-08-05 12:53:13.935 Z,FALSE
19924,3567,,,,"{
  ""gate_access_code"": ""09658"",
  ""move_in_date"": ""2008-05-28"",
  ""move_in_initiated_date"": ""2008-05-28"",
  ""rate"": ""40.0""
}",2008-05-28 10:00:00.000,,,2014-02-01 00:42:17.681,MoveInUnitEvent,,a8c6f947-e81d-445d-8aa7-181d969d07a1,2024-05-20 16:47:40.170,,,,14,,5975,5137,,,TRUE,,,,FALSE,,,,,,,,,,FALSE,,2026-07-09 08:56:43.051 Z,2026-07-09 08:26:50.521 Z,9999-12-31 23:59:59.999 Z,TRUE
19925,3567,,,,"{
  ""invoice_sent"": ""true""
}",2014-02-01 00:42:18.155,5190,,,InvoiceSentTenantEvent,,f4dffb51-6652-469c-a69f-c7a64dc5a45b,2014-02-01 00:42:18.171,,,,14,,,,,,TRUE,,,,FALSE,Invoice,,,,,,,,,FALSE,,2026-08-05 12:53:16.311 Z,2026-08-05 12:53:13.936 Z,9999-12-31 23:59:59.999 Z,TRUE
19925,3567,,,,"{
  ""invoice_sent"": ""true""
}",2014-02-01 00:42:18.155,5190,,,InvoiceSentTenantEvent,,f4dffb51-6652-469c-a69f-c7a64dc5a45b,2014-02-01 00:42:18.171,,,,14,,,,,,TRUE,,,,FALSE,Invoice,,,,,,,,,FALSE,,2026-07-09 08:26:52.385 Z,2026-07-09 08:26:50.521 Z,2026-08-05 12:53:13.935 Z,FALSE
19926,3567,,,,"{
  ""invoice_sent"": ""true""
}",2014-02-01 00:42:18.362,5191,,,InvoiceSentTenantEvent,,5e3c5d04-d755-48ae-a5f5-d18b6d2b044a,2014-02-01 00:42:18.374,,,,14,,,,,,TRUE,,,,FALSE,Invoice,,,,,,,,,FALSE,,2026-08-05 12:53:16.311 Z,2026-08-05 12:53:13.936 Z,9999-12-31 23:59:59.999 Z,TRUE
19926,3567,,,,"{
  ""invoice_sent"": ""true""
}",2014-02-01 00:42:18.362,5191,,,InvoiceSentTenantEvent,,5e3c5d04-d755-48ae-a5f5-d18b6d2b044a,2014-02-01 00:42:18.374,,,,14,,,,,,TRUE,,,,FALSE,Invoice,,,,,,,,,FALSE,,2026-07-09 08:26:52.385 Z,2026-07-09 08:26:50.521 Z,2026-08-05 12:53:13.935 Z,FALSE
19927,3568,,,,{},2014-02-01 00:42:18.639,,,2014-02-06 21:41:02.443,NoteEvent,,45e7640b-3874-46f8-85fc-556c5b019990,2014-04-08 03:13:26.828,,,,14,,,,,,FALSE,,,,FALSE,,,,,,,54,,,FALSE,,2026-08-05 12:53:16.311 Z,2026-08-05 12:53:13.936 Z,9999-12-31 23:59:59.999 Z,TRUE
19927,3568,,,,{},2014-02-01 00:42:18.639,,,2014-02-06 21:41:02.443,NoteEvent,,45e7640b-3874-46f8-85fc-556c5b019990,2014-04-08 03:13:26.828,,,,14,,,,,,FALSE,,,,FALSE,,,,,,,54,,,FALSE,,2026-07-09 08:26:52.385 Z,2026-07-09 08:26:50.521 Z,2026-08-05 12:53:13.935 Z,FALSE
19928,3568,,,,"{
  ""gate_access_code"": ""01425"",
  ""move_in_date"": ""2013-04-03"",
  ""move_in_initiated_date"": ""2013-04-03"",
  ""rate"": ""40.0""
}",2013-04-03 10:00:00.000,,,2014-02-01 00:42:18.671,MoveInUnitEvent,,3da13a15-d51f-43e0-811d-96665be171fe,2024-05-20 16:47:40.170,,,,14,,5976,5138,,,TRUE,,,,FALSE,,,,,,,,,,FALSE,,2026-07-09 08:56:43.073 Z,2026-07-09 08:26:50.521 Z,9999-12-31 23:59:59.999 Z,TRUE
19929,3568,,,,"{
  ""invoice_sent"": ""true""
}",2014-02-01 00:42:18.971,5192,,,InvoiceSentTenantEvent,,d21e5ead-5ef9-43c5-853f-89eaf6eeac56,2014-02-01 00:42:18.983,,,,14,,,,,,TRUE,,,,FALSE,Invoice,,,,,,,,,FALSE,,2026-07-09 08:26:52.385 Z,2026-07-09 08:26:50.521 Z,2026-08-05 12:53:13.935 Z,FALSE
19929,3568,,,,"{
  ""invoice_sent"": ""true""
}",2014-02-01 00:42:18.971,5192,,,InvoiceSentTenantEvent,,d21e5ead-5ef9-43c5-853f-89eaf6eeac56,2014-02-01 00:42:18.983,,,,14,,,,,,TRUE,,,,FALSE,Invoice,,,,,,,,,FALSE,,2026-08-05 12:53:16.311 Z,2026-08-05 12:53:13.936 Z,9999-12-31 23:59:59.999 Z,TRUE
19930,3568,,,,"{
  ""invoice_sent"": ""true""
}",2014-02-01 00:42:19.236,5193,,,InvoiceSentTenantEvent,,d3c445fa-b252-4dd7-a581-564d09b8351d,2014-02-01 00:42:19.249,,,,14,,,,,,TRUE,,,,FALSE,Invoice,,,,,,,,,FALSE,,2026-07-09 08:26:52.385 Z,2026-07-09 08:26:50.521 Z,2026-08-05 12:53:13.935 Z,FALSE
19930,3568,,,,"{
  ""invoice_sent"": ""true""
}",2014-02-01 00:42:19.236,5193,,,InvoiceSentTenantEvent,,d3c445fa-b252-4dd7-a581-564d09b8351d,2014-02-01 00:42:19.249,,,,14,,,,,,TRUE,,,,FALSE,Invoice,,,,,,,,,FALSE,,2026-08-05 12:53:16.311 Z,2026-08-05 12:53:13.936 Z,9999-12-31 23:59:59.999 Z,TRUE
19931,3569,,,,"{
  ""gate_access_code"": ""03303"",
  ""move_in_date"": ""2013-01-14"",
  ""move_in_initiated_date"": ""2013-01-14"",
  ""rate"": ""40.0""
}",2013-01-14 10:00:00.000,,,2014-02-01 00:42:19.435,MoveInUnitEvent,,15610e1d-f97c-4b34-9c74-3997564a2e08,2024-05-20 16:47:40.170,,,,14,,5977,5139,,,TRUE,,,,FALSE,,,,,,,,,,FALSE,,2026-07-09 08:56:43.076 Z,2026-07-09 08:26:50.521 Z,9999-12-31 23:59:59.999 Z,TRUE
19932,3569,,,,"{
  ""invoice_sent"": ""true""
}",2014-02-01 00:42:19.809,5194,,,InvoiceSentTenantEvent,,98d54998-0907-43ae-97b3-ec5cc072ae13,2014-02-01 00:42:19.823,,,,14,,,,,,TRUE,,,,FALSE,Invoice,,,,,,,,,FALSE,,2026-07-09 08:26:52.385 Z,2026-07-09 08:26:50.521 Z,2026-08-05 12:53:13.935 Z,FALSE
19932,3569,,,,"{
  ""invoice_sent"": ""true""
}",2014-02-01 00:42:19.809,5194,,,InvoiceSentTenantEvent,,98d54998-0907-43ae-97b3-ec5cc072ae13,2014-02-01 00:42:19.823,,,,14,,,,,,TRUE,,,,FALSE,Invoice,,,,,,,,,FALSE,,2026-08-05 12:53:16.311 Z,2026-08-05 12:53:13.936 Z,9999-12-31 23:59:59.999 Z,TRUE
19933,3569,,,,"{
  ""invoice_sent"": ""true""
}",2014-02-01 00:42:19.962,5195,,,InvoiceSentTenantEvent,,4442e487-5ed2-4d33-a055-acdde218dcc8,2014-02-01 00:42:19.974,,,,14,,,,,,TRUE,,,,FALSE,Invoice,,,,,,,,,FALSE,,2026-08-05 12:53:16.311 Z,2026-08-05 12:53:13.936 Z,9999-12-31 23:59:59.999 Z,TRUE
19933,3569,,,,"{
  ""invoice_sent"": ""true""
}",2014-02-01 00:42:19.962,5195,,,InvoiceSentTenantEvent,,4442e487-5ed2-4d33-a055-acdde218dcc8,2014-02-01 00:42:19.974,,,,14,,,,,,TRUE,,,,FALSE,Invoice,,,,,,,,,FALSE,,2026-07-09 08:26:52.385 Z,2026-07-09 08:26:50.521 Z,2026-08-05 12:53:13.935 Z,FALSE
19934,3569,,,,"{
  ""invoice_sent"": ""true""
}",2014-02-01 00:42:20.123,5196,,,InvoiceSentTenantEvent,,43ea2637-d34b-4f3d-bf89-2256d6f36581,2014-02-01 00:42:20.138,,,,14,,,,,,TRUE,,,,FALSE,Invoice,,,,,,,,,FALSE,,2026-07-09 08:26:52.385 Z,2026-07-09 08:26:50.521 Z,2026-08-05 12:53:13.935 Z,FALSE
19934,3569,,,,"{
  ""invoice_sent"": ""true""
}",2014-02-01 00:42:20.123,5196,,,InvoiceSentTenantEvent,,43ea2637-d34b-4f3d-bf89-2256d6f36581,2014-02-01 00:42:20.138,,,,14,,,,,,TRUE,,,,FALSE,Invoice,,,,,,,,,FALSE,,2026-08-05 12:53:16.311 Z,2026-08-05 12:53:13.936 Z,9999-12-31 23:59:59.999 Z,TRUE
19935,3569,,,,"{
  ""invoice_sent"": ""true""
}",2014-02-01 00:42:20.407,5197,,,InvoiceSentTenantEvent,,7a8c6bb9-d6fe-47a6-ad07-53565799a4cb,2014-02-01 00:42:20.419,,,,14,,,,,,TRUE,,,,FALSE,Invoice,,,,,,,,,FALSE,,2026-07-09 08:26:52.385 Z,2026-07-09 08:26:50.521 Z,2026-08-05 12:53:13.935 Z,FALSE
19935,3569,,,,"{
  ""invoice_sent"": ""true""
}",2014-02-01 00:42:20.407,5197,,,InvoiceSentTenantEvent,,7a8c6bb9-d6fe-47a6-ad07-53565799a4cb,2014-02-01 00:42:20.419,,,,14,,,,,,TRUE,,,,FALSE,Invoice,,,,,,,,,FALSE,,2026-08-05 12:53:16.311 Z,2026-08-05 12:53:13.936 Z,9999-12-31 23:59:59.999 Z,TRUE
19936,3569,23816150,,,"{
  ""applied_date"": ""2013-12-11"",
  ""invoice_id"": ""5195"",
  ""line_item_id"": ""5318"",
  ""resolved_date"": ""2015-05-05""
}",2014-02-01 00:42:20.492,23,,,DelinquencyStageTenantEvent,,fbfe194e-8fe5-40e1-bf5a-4751b3043309,2015-05-05 18:37:06.398,,,,14,,,5139,,,TRUE,,,,FALSE,DelinquencyStage,,2015-05-05 18:37:06.175,,,,,,,FALSE,removed,2026-08-05 12:53:15.944 Z,2026-08-05 12:53:13.936 Z,9999-12-31 23:59:59.999 Z,TRUE
19936,3569,23816150,,,"{
  ""applied_date"": ""2013-12-11"",
  ""invoice_id"": ""5195"",
  ""line_item_id"": ""5318"",
  ""resolved_date"": ""2015-05-05""
}",2014-02-01 00:42:20.492,23,,,DelinquencyStageTenantEvent,,fbfe194e-8fe5-40e1-bf5a-4751b3043309,2015-05-05 18:37:06.398,,,,14,,,5139,,,TRUE,,,,FALSE,DelinquencyStage,,2015-05-05 18:37:06.175,,,,,,,FALSE,removed,2026-07-09 08:26:51.823 Z,2026-07-09 08:26:50.521 Z,2026-08-05 12:53:13.935 Z,FALSE
19937,3569,23816150,,,"{
  ""fee_invoice_id"": ""5196""
}",2014-02-01 00:42:20.500,28,,2014-02-01 00:42:20.490,AddFeeDelinquencyTenantEvent,,bfb0e0c8-5573-4411-ab91-ddc81949b9cc,2015-05-05 18:19:54.645,,,,14,,,5139,,,TRUE,,,,FALSE,DelinquencyStageAction,19936,2015-03-05 02:09:59.973,,,,,,,FALSE,removed,2026-08-05 13:02:59.142 Z,2026-08-05 12:53:13.936 Z,9999-12-31 23:59:59.999 Z,TRUE
19937,3569,23816150,,,"{
  ""fee_invoice_id"": ""5196""
}",2014-02-01 00:42:20.500,28,,2014-02-01 00:42:20.490,AddFeeDelinquencyTenantEvent,,bfb0e0c8-5573-4411-ab91-ddc81949b9cc,2015-05-05 18:19:54.645,,,,14,,,5139,,,TRUE,,,,FALSE,DelinquencyStageAction,19936,2015-03-05 02:09:59.973,,,,,,,FALSE,removed,2026-07-09 08:38:18.606 Z,2026-07-09 08:26:50.521 Z,2026-08-05 12:53:13.935 Z,FALSE
19938,3569,23816150,,,"{
  ""last_action_date"": ""2015-05-05""
}",2014-02-01 00:42:20.524,29,,2014-01-31 05:00:00.000,GateLockoutDelinquencyTenantEvent,,a7c9b2d6-9cce-44ee-bae4-96ee17f5bf41,2015-05-05 18:19:54.743,,,,14,,,5139,,,TRUE,,,,FALSE,DelinquencyStageAction,19936,2015-05-05 18:19:54.671,,,,,,,FALSE,removed,2026-08-05 12:53:15.375 Z,2026-08-05 12:53:13.936 Z,9999-12-31 23:59:59.999 Z,TRUE
19938,3569,23816150,,,"{
  ""last_action_date"": ""2015-05-05""
}",2014-02-01 00:42:20.524,29,,2014-01-31 05:00:00.000,GateLockoutDelinquencyTenantEvent,,a7c9b2d6-9cce-44ee-bae4-96ee17f5bf41,2015-05-05 18:19:54.743,,,,14,,,5139,,,TRUE,,,,FALSE,DelinquencyStageAction,19936,2015-05-05 18:19:54.671,,,,,,,FALSE,removed,2026-07-09 08:26:51.316 Z,2026-07-09 08:26:50.521 Z,2026-08-05 12:53:13.935 Z,FALSE
19939,3569,23816150,,,"{
  ""last_action_date"": ""2015-05-05""
}",2014-02-01 00:42:20.565,30,,2015-05-05 18:37:06.385,OverlockDelinquencyTenantEvent,,10575c35-62d8-4e1a-b86b-b6d5e4641b71,2024-05-20 16:47:40.170,,,,14,,5977,5139,,,TRUE,User,,,FALSE,DelinquencyStageAction,19936,2015-05-05 18:37:06.130,,,,40,,,FALSE,overlock_removed,2026-07-09 08:56:43.076 Z,2026-07-09 08:26:50.521 Z,9999-12-31 23:59:59.999 Z,TRUE
19940,3569,23816469,,,"{
  ""applied_date"": ""2013-12-16"",
  ""invoice_id"": ""5195"",
  ""line_item_id"": ""5318"",
  ""resolved_date"": ""2015-05-05""
}",2014-02-01 00:42:20.628,24,,,DelinquencyStageTenantEvent,,9fa949f5-65da-483b-a71c-c453cac0a918,2015-05-05 18:19:54.924,,,,14,,,5139,,,TRUE,,,,FALSE,DelinquencyStage,,2015-05-05 18:19:54.923,,,,,,,FALSE,removed,2026-08-05 12:53:15.944 Z,2026-08-05 12:53:13.936 Z,9999-12-31 23:59:59.999 Z,TRUE
19940,3569,23816469,,,"{
  ""applied_date"": ""2013-12-16"",
  ""invoice_id"": ""5195"",
  ""line_item_id"": ""5318"",
  ""resolved_date"": ""2015-05-05""
}",2014-02-01 00:42:20.628,24,,,DelinquencyStageTenantEvent,,9fa949f5-65da-483b-a71c-c453cac0a918,2015-05-05 18:19:54.924,,,,14,,,5139,,,TRUE,,,,FALSE,DelinquencyStage,,2015-05-05 18:19:54.923,,,,,,,FALSE,removed,2026-07-09 08:26:51.823 Z,2026-07-09 08:26:50.521 Z,2026-08-05 12:53:13.935 Z,FALSE
19941,3569,23816469,,,{},2014-02-01 00:42:20.634,31,,2014-02-04 16:55:02.560,PrintMailDelinquencyTenantEvent,,71c7c690-9117-4a2c-9f00-045521fe7f63,2024-05-20 16:47:40.170,,,,14,,5977,5139,,,TRUE,,,,FALSE,DelinquencyStageAction,19940,2015-05-05 18:19:54.866,,,,31,,,FALSE,letter_sent,2026-07-09 08:56:43.076 Z,2026-07-09 08:26:50.521 Z,9999-12-31 23:59:59.999 Z,TRUE
19942,3569,23816772,,,"{
  ""applied_date"": ""2014-01-10"",
  ""invoice_id"": ""5195"",
  ""line_item_id"": ""5318"",
  ""resolved_date"": ""2015-05-05""
}",2014-02-01 00:42:20.695,25,,,DelinquencyStageTenantEvent,,6d557a1c-bec6-4edb-ba35-91810b27e9ae,2015-05-05 18:19:55.052,,,,14,,,5139,,,TRUE,,,,FALSE,DelinquencyStage,,2015-05-05 18:19:55.051,,,,,,,FALSE,removed,2026-07-09 08:26:51.823 Z,2026-07-09 08:26:50.521 Z,2026-08-05 12:53:13.935 Z,FALSE
19942,3569,23816772,,,"{
  ""applied_date"": ""2014-01-10"",
  ""invoice_id"": ""5195"",
  ""line_item_id"": ""5318"",
  ""resolved_date"": ""2015-05-05""
}",2014-02-01 00:42:20.695,25,,,DelinquencyStageTenantEvent,,6d557a1c-bec6-4edb-ba35-91810b27e9ae,2015-05-05 18:19:55.052,,,,14,,,5139,,,TRUE,,,,FALSE,DelinquencyStage,,2015-05-05 18:19:55.051,,,,,,,FALSE,removed,2026-08-05 12:53:15.944 Z,2026-08-05 12:53:13.936 Z,9999-12-31 23:59:59.999 Z,TRUE
19943,3569,23816772,,,"{
  ""fee_invoice_id"": ""5196""
}",2014-02-01 00:42:20.702,32,,2014-02-01 00:42:20.694,AddFeeDelinquencyTenantEvent,,427a57d5-f561-414c-8c28-a443f9ca8669,2015-05-05 18:19:55.001,,,,14,,,5139,,,TRUE,,,,FALSE,DelinquencyStageAction,19942,2015-05-05 18:19:54.989,,,,,,,FALSE,removed,2026-07-09 08:26:51.185 Z,2026-07-09 08:26:50.521 Z,2026-08-05 12:53:13.935 Z,FALSE
19943,3569,23816772,,,"{
  ""fee_invoice_id"": ""5196""
}",2014-02-01 00:42:20.702,32,,2014-02-01 00:42:20.694,AddFeeDelinquencyTenantEvent,,427a57d5-f561-414c-8c28-a443f9ca8669,2015-05-05 18:19:55.001,,,,14,,,5139,,,TRUE,,,,FALSE,DelinquencyStageAction,19942,2015-05-05 18:19:54.989,,,,,,,FALSE,removed,2026-08-05 12:53:15.204 Z,2026-08-05 12:53:13.936 Z,9999-12-31 23:59:59.999 Z,TRUE
19944,3569,23817096,,,"{
  ""applied_date"": ""2014-01-15"",
  ""invoice_id"": ""5195"",
  ""line_item_id"": ""5318"",
  ""resolved_date"": ""2015-05-05""
}",2014-02-01 00:42:20.759,26,,,DelinquencyStageTenantEvent,,a960c589-43a8-47ec-9686-66c5d23d24aa,2015-05-05 18:19:55.174,,,,14,,,5139,,,TRUE,,,,FALSE,DelinquencyStage,,2015-05-05 18:19:55.173,,,,,,,FALSE,removed,2026-07-09 08:26:51.823 Z,2026-07-09 08:26:50.521 Z,2026-08-05 12:53:13.935 Z,FALSE
19944,3569,23817096,,,"{
  ""applied_date"": ""2014-01-15"",
  ""invoice_id"": ""5195"",
  ""line_item_id"": ""5318"",
  ""resolved_date"": ""2015-05-05""
}",2014-02-01 00:42:20.759,26,,,DelinquencyStageTenantEvent,,a960c589-43a8-47ec-9686-66c5d23d24aa,2015-05-05 18:19:55.174,,,,14,,,5139,,,TRUE,,,,FALSE,DelinquencyStage,,2015-05-05 18:19:55.173,,,,,,,FALSE,removed,2026-08-05 12:53:15.945 Z,2026-08-05 12:53:13.936 Z,9999-12-31 23:59:59.999 Z,TRUE
19945,3569,23817096,,,{},2014-02-01 00:42:20.766,33,,2014-02-04 16:55:00.167,PrintMailDelinquencyTenantEvent,,47904e97-2b78-4695-9011-02e8081ec8b5,2024-05-20 16:47:40.170,,,,14,,5977,5139,,,TRUE,,,,FALSE,DelinquencyStageAction,19944,2015-05-05 18:19:55.117,,,,31,,,FALSE,letter_sent,2026-07-09 08:56:43.076 Z,2026-07-09 08:26:50.521 Z,9999-12-31 23:59:59.999 Z,TRUE
19946,3570,,,,"{
  ""gate_access_code"": ""00566"",
  ""move_in_date"": ""2013-11-01"",
  ""move_in_initiated_date"": ""2013-11-01"",
  ""rate"": ""40.0""
}",2013-11-01 10:00:00.000,,,2014-02-01 00:42:21.118,MoveInUnitEvent,,ab0e4781-a66a-4e26-91a5-7c0bb6884d67,2024-05-20 16:47:40.170,,,,14,,5978,5140,,,TRUE,,,,FALSE,,,,,,,,,,FALSE,,2026-07-09 08:56:43.084 Z,2026-07-09 08:26:50.521 Z,9999-12-31 23:59:59.999 Z,TRUE
19947,3570,,,,"{
  ""invoice_sent"": ""true""
}",2014-02-01 00:42:21.419,5198,,,InvoiceSentTenantEvent,,40f5c5ee-e7fa-495a-8375-27435e6c383e,2014-02-01 00:42:21.528,,,,14,,,,,,TRUE,,,,FALSE,Invoice,,,,,,,,,FALSE,,2026-08-05 12:53:16.311 Z,2026-08-05 12:53:13.936 Z,9999-12-31 23:59:59.999 Z,TRUE
19947,3570,,,,"{
  ""invoice_sent"": ""true""
}",2014-02-01 00:42:21.419,5198,,,InvoiceSentTenantEvent,,40f5c5ee-e7fa-495a-8375-27435e6c383e,2014-02-01 00:42:21.528,,,,14,,,,,,TRUE,,,,FALSE,Invoice,,,,,,,,,FALSE,,2026-07-09 08:26:52.384 Z,2026-07-09 08:26:50.521 Z,2026-08-05 12:53:13.935 Z,FALSE
19948,3570,,,,"{
  ""invoice_sent"": ""true""
}",2014-02-01 00:42:21.695,5199,,,InvoiceSentTenantEvent,,dc34a294-79af-47c2-b151-202fb7b43961,2014-02-01 00:42:21.762,,,,14,,,,,,TRUE,,,,FALSE,Invoice,,,,,,,,,FALSE,,2026-07-09 08:26:52.384 Z,2026-07-09 08:26:50.521 Z,2026-08-05 12:53:13.935 Z,FALSE
19948,3570,,,,"{
  ""invoice_sent"": ""true""
}",2014-02-01 00:42:21.695,5199,,,InvoiceSentTenantEvent,,dc34a294-79af-47c2-b151-202fb7b43961,2014-02-01 00:42:21.762,,,,14,,,,,,TRUE,,,,FALSE,Invoice,,,,,,,,,FALSE,,2026-08-05 12:53:16.311 Z,2026-08-05 12:53:13.936 Z,9999-12-31 23:59:59.999 Z,TRUE
19949,3571,,,,{},2014-02-01 00:42:21.879,,,2014-02-06 21:43:08.384,NoteEvent,,e97dbb53-e2d9-49f1-ae0b-5e71d79ab15c,2014-04-08 03:13:26.853,,,,14,,,,,,FALSE,,,,FALSE,,,,,,,54,,,FALSE,,2026-07-09 08:26:52.385 Z,2026-07-09 08:26:50.521 Z,2026-08-05 12:53:13.935 Z,FALSE
19949,3571,,,,{},2014-02-01 00:42:21.879,,,2014-02-06 21:43:08.384,NoteEvent,,e97dbb53-e2d9-49f1-ae0b-5e71d79ab15c,2014-04-08 03:13:26.853,,,,14,,,,,,FALSE,,,,FALSE,,,,,,,54,,,FALSE,,2026-08-05 12:53:16.311 Z,2026-08-05 12:53:13.936 Z,9999-12-31 23:59:59.999 Z,TRUE
19950,3571,,,,"{
  ""gate_access_code"": ""07674"",
  ""move_in_date"": ""2013-08-30"",
  ""move_in_initiated_date"": ""2013-08-30"",
  ""rate"": ""80.0""
}",2013-08-30 10:00:00.000,,,2014-02-01 00:42:21.906,MoveInUnitEvent,,0f67d9ae-1fcb-40e2-8fc6-1bb19946faf9,2014-04-08 03:12:53.723,,,,14,,5979,5141,,,TRUE,,,,FALSE,,,,,,,,,,FALSE,,2026-07-09 08:41:00.274 Z,2026-07-09 08:26:50.521 Z,9999-12-31 23:59:59.999 Z,TRUE
19951,3571,,,,"{
  ""invoice_sent"": ""true""
}",2014-02-01 00:42:22.295,5200,,,InvoiceSentTenantEvent,,659c1831-79c9-44d3-8913-755d29d5c762,2014-02-01 00:42:22.308,,,,14,,,,,,TRUE,,,,FALSE,Invoice,,,,,,,,,FALSE,,2026-08-05 12:53:16.311 Z,2026-08-05 12:53:13.936 Z,9999-12-31 23:59:59.999 Z,TRUE
19951,3571,,,,"{
  ""invoice_sent"": ""true""
}",2014-02-01 00:42:22.295,5200,,,InvoiceSentTenantEvent,,659c1831-79c9-44d3-8913-755d29d5c762,2014-02-01 00:42:22.308,,,,14,,,,,,TRUE,,,,FALSE,Invoice,,,,,,,,,FALSE,,2026-07-09 08:26:52.385 Z,2026-07-09 08:26:50.521 Z,2026-08-05 12:53:13.935 Z,FALSE
19952,3571,,,,"{
  ""invoice_sent"": ""true""
}",2014-02-01 00:42:22.479,5201,,,InvoiceSentTenantEvent,,bf525953-4303-4b14-ac21-ed6bab3acc19,2014-02-01 00:42:22.491,,,,14,,,,,,TRUE,,,,FALSE,Invoice,,,,,,,,,FALSE,,2026-08-05 12:53:16.311 Z,2026-08-05 12:53:13.936 Z,9999-12-31 23:59:59.999 Z,TRUE
19952,3571,,,,"{
  ""invoice_sent"": ""true""
}",2014-02-01 00:42:22.479,5201,,,InvoiceSentTenantEvent,,bf525953-4303-4b14-ac21-ed6bab3acc19,2014-02-01 00:42:22.491,,,,14,,,,,,TRUE,,,,FALSE,Invoice,,,,,,,,,FALSE,,2026-07-09 08:26:52.385 Z,2026-07-09 08:26:50.521 Z,2026-08-05 12:53:13.935 Z,FALSE
19953,3572,,,,{},2014-02-01 00:42:22.808,,,2014-02-06 21:44:03.130,NoteEvent,,8a219e74-b81c-4b3f-b47d-1b532aaba7e8,2014-04-08 03:13:26.876,,,,14,,,,,,FALSE,,,,FALSE,,,,,,,54,,,FALSE,,2026-08-05 12:53:16.308 Z,2026-08-05 12:53:13.936 Z,9999-12-31 23:59:59.999 Z,TRUE
19953,3572,,,,{},2014-02-01 00:42:22.808,,,2014-02-06 21:44:03.130,NoteEvent,,8a219e74-b81c-4b3f-b47d-1b532aaba7e8,2014-04-08 03:13:26.876,,,,14,,,,,,FALSE,,,,FALSE,,,,,,,54,,,FALSE,,2026-07-09 08:26:52.382 Z,2026-07-09 08:26:50.521 Z,2026-08-05 12:53:13.935 Z,FALSE
19954,3572,,,,"{
  ""gate_access_code"": ""03333"",
  ""move_in_date"": ""2012-05-29"",
  ""move_in_initiated_date"": ""2012-05-29"",
  ""rate"": ""55.0""
}",2012-05-29 10:00:00.000,,,2014-02-01 00:42:22.836,MoveInUnitEvent,,4146b461-1daf-460e-a00c-71566d71e727,2024-03-07 18:57:06.995,,,,14,,5981,5142,,,TRUE,,,,FALSE,,,,,,,,,,FALSE,,2026-07-09 08:52:51.188 Z,2026-07-09 08:26:50.521 Z,9999-12-31 23:59:59.999 Z,TRUE
19955,3572,,,,"{
  ""invoice_sent"": ""true""
}",2014-02-01 00:42:23.227,5202,,,InvoiceSentTenantEvent,,2a1fd9bd-26fe-4abb-883f-c0a4c972a978,2014-02-01 00:42:23.239,,,,14,,,,,,TRUE,,,,FALSE,Invoice,,,,,,,,,FALSE,,2026-07-09 08:26:52.385 Z,2026-07-09 08:26:50.521 Z,2026-08-05 12:53:13.935 Z,FALSE
19955,3572,,,,"{
  ""invoice_sent"": ""true""
}",2014-02-01 00:42:23.227,5202,,,InvoiceSentTenantEvent,,2a1fd9bd-26fe-4abb-883f-c0a4c972a978,2014-02-01 00:42:23.239,,,,14,,,,,,TRUE,,,,FALSE,Invoice,,,,,,,,,FALSE,,2026-08-05 12:53:16.311 Z,2026-08-05 12:53:13.936 Z,9999-12-31 23:59:59.999 Z,TRUE
19956,3572,,,,"{
  ""invoice_sent"": ""true""
}",2014-02-01 00:42:23.376,5203,,,InvoiceSentTenantEvent,,6dbc056e-7ded-4793-9cfb-2e0fd60762d7,2014-02-01 00:42:23.388,,,,14,,,,,,TRUE,,,,FALSE,Invoice,,,,,,,,,FALSE,,2026-08-05 12:53:16.311 Z,2026-08-05 12:53:13.936 Z,9999-12-31 23:59:59.999 Z,TRUE
19956,3572,,,,"{
  ""invoice_sent"": ""true""
}",2014-02-01 00:42:23.376,5203,,,InvoiceSentTenantEvent,,6dbc056e-7ded-4793-9cfb-2e0fd60762d7,2014-02-01 00:42:23.388,,,,14,,,,,,TRUE,,,,FALSE,Invoice,,,,,,,,,FALSE,,2026-07-09 08:26:52.385 Z,2026-07-09 08:26:50.521 Z,2026-08-05 12:53:13.935 Z,FALSE
19957,3572,,,,"{
  ""invoice_sent"": ""true""
}",2014-02-01 00:42:23.526,5204,,,InvoiceSentTenantEvent,,f17ca0c0-36f5-437e-998d-2283402c97f9,2014-02-01 00:42:23.540,,,,14,,,,,,TRUE,,,,FALSE,Invoice,,,,,,,,,FALSE,,2026-07-09 08:26:52.385 Z,2026-07-09 08:26:50.521 Z,2026-08-05 12:53:13.935 Z,FALSE
19957,3572,,,,"{
  ""invoice_sent"": ""true""
}",2014-02-01 00:42:23.526,5204,,,InvoiceSentTenantEvent,,f17ca0c0-36f5-437e-998d-2283402c97f9,2014-02-01 00:42:23.540,,,,14,,,,,,TRUE,,,,FALSE,Invoice,,,,,,,,,FALSE,,2026-08-05 12:53:16.311 Z,2026-08-05 12:53:13.936 Z,9999-12-31 23:59:59.999 Z,TRUE
19958,3572,,,,"{
  ""invoice_sent"": ""true""
}",2014-02-01 00:42:23.796,5205,,,InvoiceSentTenantEvent,,b25e163b-d7d3-4a94-9df9-44a49f9189bf,2014-02-01 00:42:23.809,,,,14,,,,,,TRUE,,,,FALSE,Invoice,,,,,,,,,FALSE,,2026-08-05 12:53:16.311 Z,2026-08-05 12:53:13.936 Z,9999-12-31 23:59:59.999 Z,TRUE
19958,3572,,,,"{
  ""invoice_sent"": ""true""
}",2014-02-01 00:42:23.796,5205,,,InvoiceSentTenantEvent,,b25e163b-d7d3-4a94-9df9-44a49f9189bf,2014-02-01 00:42:23.809,,,,14,,,,,,TRUE,,,,FALSE,Invoice,,,,,,,,,FALSE,,2026-07-09 08:26:52.385 Z,2026-07-09 08:26:50.521 Z,2026-08-05 12:53:13.935 Z,FALSE
19959,3572,23842547,,,"{
  ""applied_date"": ""2013-06-11"",
  ""invoice_id"": ""5203"",
  ""line_item_id"": ""5326"",
  ""resolved_date"": ""2014-07-09""
}",2014-02-01 00:42:23.882,23,,,DelinquencyStageTenantEvent,,11734993-f203-4aa4-a2aa-48cfc0fb2dfa,2014-07-10 00:45:02.143,,,,14,,,5142,,,TRUE,,,,FALSE,DelinquencyStage,,,,,,,,,FALSE,removed,2026-08-05 12:53:17.775 Z,2026-08-05 12:53:13.936 Z,9999-12-31 23:59:59.999 Z,TRUE
19959,3572,23842547,,,"{
  ""applied_date"": ""2013-06-11"",
  ""invoice_id"": ""5203"",
  ""line_item_id"": ""5326"",
  ""resolved_date"": ""2014-07-09""
}",2014-02-01 00:42:23.882,23,,,DelinquencyStageTenantEvent,,11734993-f203-4aa4-a2aa-48cfc0fb2dfa,2014-07-10 00:45:02.143,,,,14,,,5142,,,TRUE,,,,FALSE,DelinquencyStage,,,,,,,,,FALSE,removed,2026-07-09 08:26:53.990 Z,2026-07-09 08:26:50.521 Z,2026-08-05 12:53:13.935 Z,FALSE
19960,3572,23842547,,,"{
  ""fee_invoice_id"": ""5204""
}",2014-02-01 00:42:23.888,28,,2014-02-01 00:42:23.880,AddFeeDelinquencyTenantEvent,,0dbbd7df-af99-4ac2-919d-c82f380f9cf0,2014-07-10 00:45:02.105,,,,14,,,5142,,,TRUE,,,,FALSE,DelinquencyStageAction,19959,,,,,,,,FALSE,removed,2026-07-09 08:38:19.322 Z,2026-07-09 08:26:50.521 Z,2026-08-05 12:53:13.935 Z,FALSE
19960,3572,23842547,,,"{
  ""fee_invoice_id"": ""5204""
}",2014-02-01 00:42:23.888,28,,2014-02-01 00:42:23.880,AddFeeDelinquencyTenantEvent,,0dbbd7df-af99-4ac2-919d-c82f380f9cf0,2014-07-10 00:45:02.105,,,,14,,,5142,,,TRUE,,,,FALSE,DelinquencyStageAction,19959,,,,,,,,FALSE,removed,2026-08-05 13:02:59.933 Z,2026-08-05 12:53:13.936 Z,9999-12-31 23:59:59.999 Z,TRUE
19961,3572,23842547,,,"{
  ""last_action_date"": ""2014-07-09""
}",2014-02-01 00:42:23.909,29,,2014-01-31 05:00:00.000,GateLockoutDelinquencyTenantEvent,,779dad23-e87c-4a82-ada8-7cf1168b914d,2014-07-10 00:45:02.065,,,,14,,,5142,,,TRUE,,,,FALSE,DelinquencyStageAction,19959,,,,,,,,FALSE,removed,2026-07-09 08:26:50.926 Z,2026-07-09 08:26:50.521 Z,2026-08-05 12:53:13.935 Z,FALSE
19961,3572,23842547,,,"{
  ""last_action_date"": ""2014-07-09""
}",2014-02-01 00:42:23.909,29,,2014-01-31 05:00:00.000,GateLockoutDelinquencyTenantEvent,,779dad23-e87c-4a82-ada8-7cf1168b914d,2014-07-10 00:45:02.065,,,,14,,,5142,,,TRUE,,,,FALSE,DelinquencyStageAction,19959,,,,,,,,FALSE,removed,2026-08-05 12:53:14.676 Z,2026-08-05 12:53:13.936 Z,9999-12-31 23:59:59.999 Z,TRUE
19962,3572,23842547,,,"{
  ""last_action_date"": ""2014-07-09""
}",2014-02-01 00:42:23.949,30,,2014-02-01 00:42:24.917,OverlockDelinquencyTenantEvent,,cb9ca737-cd5c-46c8-9f06-425d56154a99,2024-03-07 18:57:06.995,,,,14,,5981,5142,,,TRUE,,,,FALSE,DelinquencyStageAction,19959,,,,,,,,FALSE,overlock_removed,2026-07-09 08:52:51.197 Z,2026-07-09 08:26:50.521 Z,9999-12-31 23:59:59.999 Z,TRUE
19963,3572,23842869,,,"{
  ""applied_date"": ""2013-06-16"",
  ""invoice_id"": ""5203"",
  ""line_item_id"": ""5326""
}",2014-02-01 00:42:24.002,24,,,DelinquencyStageTenantEvent,,89d57fa6-ba5d-4b07-b2f3-14bc7f9463c0,2014-04-08 03:12:00.834,,,,14,,,5142,,,FALSE,,,,FALSE,DelinquencyStage,,,,,,,,,FALSE,applied,2026-08-05 13:02:59.933 Z,2026-08-05 12:53:13.936 Z,9999-12-31 23:59:59.999 Z,TRUE
19963,3572,23842869,,,"{
  ""applied_date"": ""2013-06-16"",
  ""invoice_id"": ""5203"",
  ""line_item_id"": ""5326""
}",2014-02-01 00:42:24.002,24,,,DelinquencyStageTenantEvent,,89d57fa6-ba5d-4b07-b2f3-14bc7f9463c0,2014-04-08 03:12:00.834,,,,14,,,5142,,,FALSE,,,,FALSE,DelinquencyStage,,,,,,,,,FALSE,applied,2026-07-09 08:38:19.322 Z,2026-07-09 08:26:50.521 Z,2026-08-05 12:53:13.935 Z,FALSE
19964,3572,23842869,,,{},2014-02-01 00:42:24.009,31,,2014-02-04 16:55:38.702,PrintMailDelinquencyTenantEvent,,1a3a296c-0e02-4969-8f03-ac974cca5af9,2024-03-07 18:57:06.995,,,,14,,5981,5142,,,TRUE,,,,FALSE,DelinquencyStageAction,19963,,,,,31,,,FALSE,letter_sent,2026-07-09 08:52:51.202 Z,2026-07-09 08:26:50.521 Z,9999-12-31 23:59:59.999 Z,TRUE
19965,3572,23843231,,,"{
  ""applied_date"": ""2013-07-11"",
  ""invoice_id"": ""5203"",
  ""line_item_id"": ""5326""
}",2014-02-01 00:42:24.066,25,,,DelinquencyStageTenantEvent,,49705364-7aeb-48ca-93d9-909d2c20a29f,2014-04-08 03:12:00.864,,,,14,,,5142,,,FALSE,,,,FALSE,DelinquencyStage,,,,,,,,,FALSE,applied,2026-08-05 13:02:59.933 Z,2026-08-05 12:53:13.936 Z,9999-12-31 23:59:59.999 Z,TRUE
19965,3572,23843231,,,"{
  ""applied_date"": ""2013-07-11"",
  ""invoice_id"": ""5203"",
  ""line_item_id"": ""5326""
}",2014-02-01 00:42:24.066,25,,,DelinquencyStageTenantEvent,,49705364-7aeb-48ca-93d9-909d2c20a29f,2014-04-08 03:12:00.864,,,,14,,,5142,,,FALSE,,,,FALSE,DelinquencyStage,,,,,,,,,FALSE,applied,2026-07-09 08:38:19.322 Z,2026-07-09 08:26:50.521 Z,2026-08-05 12:53:13.935 Z,FALSE
19966,3572,23843231,,,"{
  ""fee_invoice_id"": ""5204""
}",2014-02-01 00:42:24.072,32,,2014-02-01 00:42:24.064,AddFeeDelinquencyTenantEvent,,49bf4af8-ee79-4561-9484-1cb88e875b5e,2014-02-01 00:42:24.776,,,,14,,,5142,,,TRUE,,,,FALSE,DelinquencyStageAction,19965,,,,,,,,FALSE,applied,2026-07-09 08:26:51.185 Z,2026-07-09 08:26:50.521 Z,2026-08-05 12:53:13.935 Z,FALSE
19966,3572,23843231,,,"{
  ""fee_invoice_id"": ""5204""
}",2014-02-01 00:42:24.072,32,,2014-02-01 00:42:24.064,AddFeeDelinquencyTenantEvent,,49bf4af8-ee79-4561-9484-1cb88e875b5e,2014-02-01 00:42:24.776,,,,14,,,5142,,,TRUE,,,,FALSE,DelinquencyStageAction,19965,,,,,,,,FALSE,applied,2026-08-05 12:53:15.204 Z,2026-08-05 12:53:13.936 Z,9999-12-31 23:59:59.999 Z,TRUE
19967,3572,23843625,,,"{
  ""applied_date"": ""2013-07-16"",
  ""invoice_id"": ""5203"",
  ""line_item_id"": ""5326""
}",2014-02-01 00:42:24.127,26,,,DelinquencyStageTenantEvent,,505682b0-edf5-4459-afee-ede2bc58a414,2014-04-08 03:12:00.893,,,,14,,,5142,,,FALSE,,,,FALSE,DelinquencyStage,,,,,,,,,FALSE,applied,2026-07-09 08:38:19.322 Z,2026-07-09 08:26:50.521 Z,2026-08-05 12:53:13.935 Z,FALSE
19967,3572,23843625,,,"{
  ""applied_date"": ""2013-07-16"",
  ""invoice_id"": ""5203"",
  ""line_item_id"": ""5326""
}",2014-02-01 00:42:24.127,26,,,DelinquencyStageTenantEvent,,505682b0-edf5-4459-afee-ede2bc58a414,2014-04-08 03:12:00.893,,,,14,,,5142,,,FALSE,,,,FALSE,DelinquencyStage,,,,,,,,,FALSE,applied,2026-08-05 13:02:59.933 Z,2026-08-05 12:53:13.936 Z,9999-12-31 23:59:59.999 Z,TRUE
19968,3572,23843625,,,{},2014-02-01 00:42:24.133,33,,2014-02-04 16:55:35.894,PrintMailDelinquencyTenantEvent,,4485bb97-6c97-439a-b27c-56c6f3cee70e,2024-03-07 18:57:06.995,,,,14,,5981,5142,,,TRUE,,,,FALSE,DelinquencyStageAction,19967,,,,,31,,,FALSE,letter_sent,2026-07-09 08:52:51.202 Z,2026-07-09 08:26:50.521 Z,9999-12-31 23:59:59.999 Z,TRUE
19969,3572,23844011,,,"{
  ""applied_date"": ""2013-08-10"",
  ""invoice_id"": ""5203"",
  ""line_item_id"": ""5326""
}",2014-02-01 00:42:24.189,27,,,DelinquencyStageTenantEvent,,2eeb408b-e662-4653-aae7-225ef1ec4b4f,2014-04-08 03:12:00.921,,,,14,,,5142,,,FALSE,,,,FALSE,DelinquencyStage,,,,,,,,,FALSE,applied,2026-07-09 08:26:50.667 Z,2026-07-09 08:26:50.521 Z,2026-08-05 12:53:13.935 Z,FALSE
19969,3572,23844011,,,"{
  ""applied_date"": ""2013-08-10"",
  ""invoice_id"": ""5203"",
  ""line_item_id"": ""5326""
}",2014-02-01 00:42:24.189,27,,,DelinquencyStageTenantEvent,,2eeb408b-e662-4653-aae7-225ef1ec4b4f,2014-04-08 03:12:00.921,,,,14,,,5142,,,FALSE,,,,FALSE,DelinquencyStage,,,,,,,,,FALSE,applied,2026-08-05 12:53:14.057 Z,2026-08-05 12:53:13.936 Z,9999-12-31 23:59:59.999 Z,TRUE
19970,3572,23844011,,,"{
  ""fee_invoice_id"": ""5204""
}",2014-02-01 00:42:24.195,34,,2014-02-01 00:42:24.187,AddFeeDelinquencyTenantEvent,,694d1823-278e-4a1f-a3e5-cb27fc3e2b0f,2014-02-01 00:42:24.756,,,,14,,,5142,,,TRUE,,,,FALSE,DelinquencyStageAction,19969,,,,,,,,FALSE,applied,2026-07-09 08:26:51.316 Z,2026-07-09 08:26:50.521 Z,2026-08-05 12:53:13.935 Z,FALSE
19970,3572,23844011,,,"{
  ""fee_invoice_id"": ""5204""
}",2014-02-01 00:42:24.195,34,,2014-02-01 00:42:24.187,AddFeeDelinquencyTenantEvent,,694d1823-278e-4a1f-a3e5-cb27fc3e2b0f,2014-02-01 00:42:24.756,,,,14,,,5142,,,TRUE,,,,FALSE,DelinquencyStageAction,19969,,,,,,,,FALSE,applied,2026-08-05 12:53:15.375 Z,2026-08-05 12:53:13.936 Z,9999-12-31 23:59:59.999 Z,TRUE
19971,3572,23844309,,,"{
  ""applied_date"": ""2013-08-15"",
  ""invoice_id"": ""5203"",
  ""line_item_id"": ""5326""
}",2014-02-01 00:42:24.337,28,,,DelinquencyStageTenantEvent,,ce5a0b90-c8da-44b8-b029-c3c00c00d641,2014-04-08 03:12:00.950,,,,14,,,5142,,,FALSE,,,,FALSE,DelinquencyStage,,,,,,,,,FALSE,applied,2026-08-05 13:02:59.933 Z,2026-08-05 12:53:13.936 Z,9999-12-31 23:59:59.999 Z,TRUE
19971,3572,23844309,,,"{
  ""applied_date"": ""2013-08-15"",
  ""invoice_id"": ""5203"",
  ""line_item_id"": ""5326""
}",2014-02-01 00:42:24.337,28,,,DelinquencyStageTenantEvent,,ce5a0b90-c8da-44b8-b029-c3c00c00d641,2014-04-08 03:12:00.950,,,,14,,,5142,,,FALSE,,,,FALSE,DelinquencyStage,,,,,,,,,FALSE,applied,2026-07-09 08:38:19.322 Z,2026-07-09 08:26:50.521 Z,2026-08-05 12:53:13.935 Z,FALSE
19972,3572,23844309,,,{},2014-02-01 00:42:24.343,35,,2014-02-04 16:55:33.246,PrintMailDelinquencyTenantEvent,,9248ef7a-56ac-479c-a435-9f6235038c93,2024-03-07 18:57:06.995,,,,14,,5981,5142,,,TRUE,,,,FALSE,DelinquencyStageAction,19971,,,,,31,,,FALSE,letter_sent,2026-07-09 08:52:51.203 Z,2026-07-09 08:26:50.521 Z,9999-12-31 23:59:59.999 Z,TRUE
19973,3572,23844735,,,"{
  ""applied_date"": ""2013-08-30"",
  ""invoice_id"": ""5203"",
  ""line_item_id"": ""5326""
}",2014-02-01 00:42:24.393,29,,,DelinquencyStageTenantEvent,,f8842fac-287e-464c-82eb-8b35cd9fc780,2014-04-08 03:12:00.978,,,,14,,,5142,,,FALSE,,,,FALSE,DelinquencyStage,,,,,,,,,FALSE,applied,2026-08-05 12:53:16.818 Z,2026-08-05 12:53:13.936 Z,9999-12-31 23:59:59.999 Z,TRUE
19973,3572,23844735,,,"{
  ""applied_date"": ""2013-08-30"",
  ""invoice_id"": ""5203"",
  ""line_item_id"": ""5326""
}",2014-02-01 00:42:24.393,29,,,DelinquencyStageTenantEvent,,f8842fac-287e-464c-82eb-8b35cd9fc780,2014-04-08 03:12:00.978,,,,14,,,5142,,,FALSE,,,,FALSE,DelinquencyStage,,,,,,,,,FALSE,applied,2026-07-09 08:26:53.008 Z,2026-07-09 08:26:50.521 Z,2026-08-05 12:53:13.935 Z,FALSE
19974,3572,23844735,,,{},2014-02-01 00:42:24.399,36,,2014-02-04 16:55:30.688,PrintMailDelinquencyTenantEvent,,96eb188e-07a3-4c43-ac2e-fecee3e3bea4,2024-03-07 18:57:06.995,,,,14,,5981,5142,,,TRUE,,,,FALSE,DelinquencyStageAction,19973,,,,,31,,,FALSE,letter_sent,2026-07-09 08:52:51.203 Z,2026-07-09 08:26:50.521 Z,9999-12-31 23:59:59.999 Z,TRUE
19975,3572,23845056,,,"{
  ""applied_date"": ""2013-09-14"",
  ""invoice_id"": ""5203"",
  ""line_item_id"": ""5326""
}",2014-02-01 00:42:24.450,30,,,DelinquencyStageTenantEvent,,c125b04d-74b4-4491-bccb-f2de009c5a36,2014-04-08 03:12:01.007,,,,14,,,5142,,,FALSE,,,,FALSE,DelinquencyStage,,,,,,,,,FALSE,applied,2026-07-09 08:38:19.322 Z,2026-07-09 08:26:50.521 Z,2026-08-05 12:53:13.935 Z,FALSE
19975,3572,23845056,,,"{
  ""applied_date"": ""2013-09-14"",
  ""invoice_id"": ""5203"",
  ""line_item_id"": ""5326""
}",2014-02-01 00:42:24.450,30,,,DelinquencyStageTenantEvent,,c125b04d-74b4-4491-bccb-f2de009c5a36,2014-04-08 03:12:01.007,,,,14,,,5142,,,FALSE,,,,FALSE,DelinquencyStage,,,,,,,,,FALSE,applied,2026-08-05 13:02:59.933 Z,2026-08-05 12:53:13.936 Z,9999-12-31 23:59:59.999 Z,TRUE
19976,3572,23845056,,,{},2014-02-01 00:42:24.456,37,,2014-02-04 16:55:28.040,PrintMailDelinquencyTenantEvent,,0ba591d2-00ff-4344-bbf5-7b58bc4bf9f4,2024-03-07 18:57:06.995,,,,14,,5981,5142,,,TRUE,,,,FALSE,DelinquencyStageAction,19975,,,,,31,,,FALSE,letter_sent,2026-07-09 08:52:51.203 Z,2026-07-09 08:26:50.521 Z,9999-12-31 23:59:59.999 Z,TRUE
19977,3572,23845893,,,"{
  ""applied_date"": ""2013-09-29"",
  ""invoice_id"": ""5203"",
  ""line_item_id"": ""5326""
}",2014-02-01 00:42:24.507,31,,,DelinquencyStageTenantEvent,,9629f0f5-1fd7-4052-84a0-2340078b3504,2014-04-08 03:12:01.035,,,,14,,,5142,,,FALSE,,,,FALSE,DelinquencyStage,,,,,,,,,FALSE,applied,2026-07-09 08:38:19.322 Z,2026-07-09 08:26:50.521 Z,2026-08-05 12:53:13.935 Z,FALSE
19977,3572,23845893,,,"{
  ""applied_date"": ""2013-09-29"",
  ""invoice_id"": ""5203"",
  ""line_item_id"": ""5326""
}",2014-02-01 00:42:24.507,31,,,DelinquencyStageTenantEvent,,9629f0f5-1fd7-4052-84a0-2340078b3504,2014-04-08 03:12:01.035,,,,14,,,5142,,,FALSE,,,,FALSE,DelinquencyStage,,,,,,,,,FALSE,applied,2026-08-05 13:02:59.933 Z,2026-08-05 12:53:13.936 Z,9999-12-31 23:59:59.999 Z,TRUE
19978,3572,23845893,,,{},2014-02-01 00:42:24.513,38,,2014-02-04 05:00:00.000,CutLockDelinquencyTenantEvent,,8e8abb6d-a984-4acf-b185-8d430e81bd30,2024-03-07 18:57:06.995,,,,14,,5981,5142,,,TRUE,,,,FALSE,DelinquencyStageAction,19977,,,,,31,,,FALSE,lock_cut,2026-07-09 08:52:33.414 Z,2026-07-09 08:26:50.521 Z,9999-12-31 23:59:59.999 Z,TRUE
19979,3572,23846216,,,"{
  ""applied_date"": ""2013-10-14"",
  ""invoice_id"": ""5203"",
  ""line_item_id"": ""5326""
}",2014-02-01 00:42:24.564,32,,,DelinquencyStageTenantEvent,,b27bc864-92be-437f-821f-cfa621e40375,2014-04-08 03:12:01.063,,,,14,,,5142,,,FALSE,,,,FALSE,DelinquencyStage,,,,,,,,,FALSE,applied,2026-08-05 13:02:59.933 Z,2026-08-05 12:53:13.936 Z,9999-12-31 23:59:59.999 Z,TRUE
19979,3572,23846216,,,"{
  ""applied_date"": ""2013-10-14"",
  ""invoice_id"": ""5203"",
  ""line_item_id"": ""5326""
}",2014-02-01 00:42:24.564,32,,,DelinquencyStageTenantEvent,,b27bc864-92be-437f-821f-cfa621e40375,2014-04-08 03:12:01.063,,,,14,,,5142,,,FALSE,,,,FALSE,DelinquencyStage,,,,,,,,,FALSE,applied,2026-07-09 08:38:19.322 Z,2026-07-09 08:26:50.521 Z,2026-08-05 12:53:13.935 Z,FALSE
19980,3572,23846216,,,{},2014-02-01 00:42:24.570,39,,2014-02-04 16:55:21.568,PrintMailDelinquencyTenantEvent,,d1523ef8-3433-4862-8aa5-552b927e5052,2024-03-07 18:57:06.995,,,,14,,5981,5142,,,TRUE,,,,FALSE,DelinquencyStageAction,19979,,,,,31,,,FALSE,letter_sent,2026-07-09 08:27:38.943 Z,2026-07-09 08:26:50.521 Z,2026-08-05 12:53:13.935 Z,FALSE
19980,3572,23846216,,,{},2014-02-01 00:42:24.570,39,,2014-02-04 16:55:21.568,PrintMailDelinquencyTenantEvent,,d1523ef8-3433-4862-8aa5-552b927e5052,2024-03-07 18:57:06.995,,,,14,,5981,5142,,,TRUE,,,,FALSE,DelinquencyStageAction,19979,,,,,31,,,FALSE,letter_sent,2026-08-05 12:53:57.401 Z,2026-08-05 12:53:13.936 Z,9999-12-31 23:59:59.999 Z,TRUE
19981,3572,23846509,,,"{
  ""applied_date"": ""2013-10-29"",
  ""invoice_id"": ""5203"",
  ""line_item_id"": ""5326""
}",2014-02-01 00:42:24.627,33,,,DelinquencyStageTenantEvent,,8140d7ea-d652-4f21-86e3-8308a8c05bd9,2014-04-08 03:12:01.091,,,,14,,,5142,,,FALSE,,,,FALSE,DelinquencyStage,,,,,,,,,FALSE,applied,2026-07-09 08:38:19.442 Z,2026-07-09 08:26:50.521 Z,2026-08-05 12:53:13.935 Z,FALSE
19981,3572,23846509,,,"{
  ""applied_date"": ""2013-10-29"",
  ""invoice_id"": ""5203"",
  ""line_item_id"": ""5326""
}",2014-02-01 00:42:24.627,33,,,DelinquencyStageTenantEvent,,8140d7ea-d652-4f21-86e3-8308a8c05bd9,2014-04-08 03:12:01.091,,,,14,,,5142,,,FALSE,,,,FALSE,DelinquencyStage,,,,,,,,,FALSE,applied,2026-08-05 13:03:00.057 Z,2026-08-05 12:53:13.936 Z,9999-12-31 23:59:59.999 Z,TRUE
19982,3572,23846509,,,"{
  ""fee_invoice_id"": ""5204""
}",2014-02-01 00:42:24.633,40,,2014-02-01 00:42:24.625,AddFeeDelinquencyTenantEvent,,86a401ba-222e-42f1-8a2d-731f796cfaa3,2014-02-01 00:42:24.736,,,,14,,,5142,,,TRUE,,,,FALSE,DelinquencyStageAction,19981,,,,,,,,FALSE,applied,2026-08-05 13:03:00.057 Z,2026-08-05 12:53:13.936 Z,9999-12-31 23:59:59.999 Z,TRUE
19982,3572,23846509,,,"{
  ""fee_invoice_id"": ""5204""
}",2014-02-01 00:42:24.633,40,,2014-02-01 00:42:24.625,AddFeeDelinquencyTenantEvent,,86a401ba-222e-42f1-8a2d-731f796cfaa3,2014-02-01 00:42:24.736,,,,14,,,5142,,,TRUE,,,,FALSE,DelinquencyStageAction,19981,,,,,,,,FALSE,applied,2026-07-09 08:38:19.442 Z,2026-07-09 08:26:50.521 Z,2026-08-05 12:53:13.935 Z,FALSE
19983,3572,23846912,,,"{
  ""applied_date"": ""2013-11-13"",
  ""invoice_id"": ""5203"",
  ""line_item_id"": ""5326""
}",2014-02-01 00:42:24.687,34,,,DelinquencyStageTenantEvent,,e4aaae55-9619-4ae3-9633-aa2249a7400f,2014-04-08 03:12:01.119,,,,14,,,5142,,,FALSE,,,,FALSE,DelinquencyStage,,,,,,,,,FALSE,applied,2026-08-05 12:53:14.057 Z,2026-08-05 12:53:13.936 Z,9999-12-31 23:59:59.999 Z,TRUE
19983,3572,23846912,,,"{
  ""applied_date"": ""2013-11-13"",
  ""invoice_id"": ""5203"",
  ""line_item_id"": ""5326""
}",2014-02-01 00:42:24.687,34,,,DelinquencyStageTenantEvent,,e4aaae55-9619-4ae3-9633-aa2249a7400f,2014-04-08 03:12:01.119,,,,14,,,5142,,,FALSE,,,,FALSE,DelinquencyStage,,,,,,,,,FALSE,applied,2026-07-09 08:26:50.667 Z,2026-07-09 08:26:50.521 Z,2026-08-05 12:53:13.935 Z,FALSE
19984,3572,23846912,,,{},2014-02-01 00:42:24.693,41,,2014-02-04 16:55:17.204,AuctionDelinquencyTenantEvent,,8c4e6655-f736-4b09-a75b-2652d124b9be,2024-03-07 18:57:06.995,,,,14,,5981,5142,,,TRUE,,,,FALSE,DelinquencyStageAction,,,,,,31,,,FALSE,unit_auctioned,2026-07-09 08:52:33.414 Z,2026-07-09 08:26:50.521 Z,9999-12-31 23:59:59.999 Z,TRUE
19985,3573,,,,{},2014-02-01 00:42:25.090,,,2014-02-06 21:44:36.309,NoteEvent,,738a36b9-50da-4c79-8b8e-464823a35a03,2014-04-08 03:13:26.970,,,,14,,,,,,FALSE,,,,FALSE,,,,,,,54,,,FALSE,,2026-08-05 12:53:16.311 Z,2026-08-05 12:53:13.936 Z,9999-12-31 23:59:59.999 Z,TRUE
19985,3573,,,,{},2014-02-01 00:42:25.090,,,2014-02-06 21:44:36.309,NoteEvent,,738a36b9-50da-4c79-8b8e-464823a35a03,2014-04-08 03:13:26.970,,,,14,,,,,,FALSE,,,,FALSE,,,,,,,54,,,FALSE,,2026-07-09 08:26:52.385 Z,2026-07-09 08:26:50.521 Z,2026-08-05 12:53:13.935 Z,FALSE
19986,3573,,,,{},2014-02-01 00:42:25.096,,,,NoteEvent,,e06ded63-8c74-4dbb-888d-3fa178938cc6,2014-04-08 03:13:26.989,,,,14,,,,,,FALSE,,,,FALSE,,,,,,,,,,FALSE,,2026-07-09 08:26:52.385 Z,2026-07-09 08:26:50.521 Z,2026-08-05 12:53:13.935 Z,FALSE
19986,3573,,,,{},2014-02-01 00:42:25.096,,,,NoteEvent,,e06ded63-8c74-4dbb-888d-3fa178938cc6,2014-04-08 03:13:26.989,,,,14,,,,,,FALSE,,,,FALSE,,,,,,,,,,FALSE,,2026-08-05 12:53:16.312 Z,2026-08-05 12:53:13.936 Z,9999-12-31 23:59:59.999 Z,TRUE
19987,3573,,,,"{
  ""gate_access_code"": ""08832"",
  ""move_in_date"": ""2013-05-17"",
  ""move_in_initiated_date"": ""2013-05-17"",
  ""rate"": ""55.0""
}",2013-05-17 10:00:00.000,,,2014-02-01 00:42:25.125,MoveInUnitEvent,,dd1871ad-fb4f-43c4-9d82-e90014bd8014,2024-03-07 18:57:06.995,,,,14,,5982,5143,,,TRUE,,,,FALSE,,,,,,,,,,FALSE,,2026-07-09 08:52:51.215 Z,2026-07-09 08:26:50.521 Z,9999-12-31 23:59:59.999 Z,TRUE
19988,3573,,,,"{
  ""invoice_sent"": ""true""
}",2014-02-01 00:42:25.513,5206,,,InvoiceSentTenantEvent,,323c96e4-f8c0-4fb1-87bf-7f641994659c,2014-02-01 00:42:25.536,,,,14,,,,,,TRUE,,,,FALSE,Invoice,,,,,,,,,FALSE,,2026-08-05 12:53:16.311 Z,2026-08-05 12:53:13.936 Z,9999-12-31 23:59:59.999 Z,TRUE
19988,3573,,,,"{
  ""invoice_sent"": ""true""
}",2014-02-01 00:42:25.513,5206,,,InvoiceSentTenantEvent,,323c96e4-f8c0-4fb1-87bf-7f641994659c,2014-02-01 00:42:25.536,,,,14,,,,,,TRUE,,,,FALSE,Invoice,,,,,,,,,FALSE,,2026-07-09 08:26:52.385 Z,2026-07-09 08:26:50.521 Z,2026-08-05 12:53:13.935 Z,FALSE
19989,3573,,,,"{
  ""invoice_sent"": ""true""
}",2014-02-01 00:42:25.700,5207,,,InvoiceSentTenantEvent,,a4201104-586c-4f07-8dd1-9796a079a031,2014-02-01 00:42:25.698,,,,14,,,,,,TRUE,,,,FALSE,Invoice,,,,,,,,,FALSE,,2026-07-09 08:26:52.385 Z,2026-07-09 08:26:50.521 Z,2026-08-05 12:53:13.935 Z,FALSE
19989,3573,,,,"{
  ""invoice_sent"": ""true""
}",2014-02-01 00:42:25.700,5207,,,InvoiceSentTenantEvent,,a4201104-586c-4f07-8dd1-9796a079a031,2014-02-01 00:42:25.698,,,,14,,,,,,TRUE,,,,FALSE,Invoice,,,,,,,,,FALSE,,2026-08-05 12:53:16.311 Z,2026-08-05 12:53:13.936 Z,9999-12-31 23:59:59.999 Z,TRUE
19990,3573,,,,"{
  ""invoice_sent"": ""true""
}",2014-02-01 00:42:26.153,5208,,,InvoiceSentTenantEvent,,35449aeb-7429-42f2-99a0-73e0aac2ebe3,2014-02-01 00:42:26.188,,,,14,,,,,,TRUE,,,,FALSE,Invoice,,,,,,,,,FALSE,,2026-08-05 12:53:16.311 Z,2026-08-05 12:53:13.936 Z,9999-12-31 23:59:59.999 Z,TRUE
19990,3573,,,,"{
  ""invoice_sent"": ""true""
}",2014-02-01 00:42:26.153,5208,,,InvoiceSentTenantEvent,,35449aeb-7429-42f2-99a0-73e0aac2ebe3,2014-02-01 00:42:26.188,,,,14,,,,,,TRUE,,,,FALSE,Invoice,,,,,,,,,FALSE,,2026-07-09 08:26:52.385 Z,2026-07-09 08:26:50.521 Z,2026-08-05 12:53:13.935 Z,FALSE
19991,3574,,,,"{
  ""gate_access_code"": ""06373"",
  ""move_in_date"": ""2005-05-09"",
  ""move_in_initiated_date"": ""2005-05-09"",
  ""rate"": ""55.0""
}",2005-05-09 10:00:00.000,,,2014-02-01 00:42:26.330,MoveInUnitEvent,,387c3c79-931b-49c5-bd74-54f0c5172c83,2024-03-07 18:57:06.995,,,,14,,5983,5144,,,TRUE,,,,FALSE,,,,,,,,,,FALSE,,2026-07-09 08:52:51.219 Z,2026-07-09 08:26:50.521 Z,9999-12-31 23:59:59.999 Z,TRUE
19992,3574,,,,"{
  ""invoice_sent"": ""true""
}",2014-02-01 00:42:26.705,5209,,,InvoiceSentTenantEvent,,80fb783e-324c-4438-ad2e-c165663f075c,2014-02-01 00:42:26.718,,,,14,,,,,,TRUE,,,,FALSE,Invoice,,,,,,,,,FALSE,,2026-08-05 12:53:16.311 Z,2026-08-05 12:53:13.936 Z,9999-12-31 23:59:59.999 Z,TRUE
19992,3574,,,,"{
  ""invoice_sent"": ""true""
}",2014-02-01 00:42:26.705,5209,,,InvoiceSentTenantEvent,,80fb783e-324c-4438-ad2e-c165663f075c,2014-02-01 00:42:26.718,,,,14,,,,,,TRUE,,,,FALSE,Invoice,,,,,,,,,FALSE,,2026-07-09 08:26:52.385 Z,2026-07-09 08:26:50.521 Z,2026-08-05 12:53:13.935 Z,FALSE
19993,3574,,,,"{
  ""invoice_sent"": ""true""
}",2014-02-01 00:42:26.887,5210,,,InvoiceSentTenantEvent,,080b924e-891e-4b11-80fc-be35c55407e6,2014-02-01 00:42:26.900,,,,14,,,,,,TRUE,,,,FALSE,Invoice,,,,,,,,,FALSE,,2026-08-05 12:53:16.311 Z,2026-08-05 12:53:13.936 Z,9999-12-31 23:59:59.999 Z,TRUE
19993,3574,,,,"{
  ""invoice_sent"": ""true""
}",2014-02-01 00:42:26.887,5210,,,InvoiceSentTenantEvent,,080b924e-891e-4b11-80fc-be35c55407e6,2014-02-01 00:42:26.900,,,,14,,,,,,TRUE,,,,FALSE,Invoice,,,,,,,,,FALSE,,2026-07-09 08:26:52.385 Z,2026-07-09 08:26:50.521 Z,2026-08-05 12:53:13.935 Z,FALSE
19994,3574,,,,"{
  ""invoice_sent"": ""true""
}",2014-02-01 00:42:27.274,5211,,,InvoiceSentTenantEvent,,13d401f9-e7ab-45f3-9b6a-561d1f5d55b0,2014-02-01 00:42:27.289,,,,14,,,,,,TRUE,,,,FALSE,Invoice,,,,,,,,,FALSE,,2026-07-09 08:26:52.385 Z,2026-07-09 08:26:50.521 Z,2026-08-05 12:53:13.935 Z,FALSE
19994,3574,,,,"{
  ""invoice_sent"": ""true""
}",2014-02-01 00:42:27.274,5211,,,InvoiceSentTenantEvent,,13d401f9-e7ab-45f3-9b6a-561d1f5d55b0,2014-02-01 00:42:27.289,,,,14,,,,,,TRUE,,,,FALSE,Invoice,,,,,,,,,FALSE,,2026-08-05 12:53:16.312 Z,2026-08-05 12:53:13.936 Z,9999-12-31 23:59:59.999 Z,TRUE
19995,3575,,,,{},2014-02-01 00:42:27.441,,,2014-02-06 21:45:44.622,NoteEvent,,c55208e5-efb9-4e29-8c65-df66f5af44c7,2014-04-08 03:13:27.013,,,,14,,,,,,FALSE,,,,FALSE,,,,,,,54,,,FALSE,,2026-08-05 12:53:16.312 Z,2026-08-05 12:53:13.936 Z,9999-12-31 23:59:59.999 Z,TRUE
19995,3575,,,,{},2014-02-01 00:42:27.441,,,2014-02-06 21:45:44.622,NoteEvent,,c55208e5-efb9-4e29-8c65-df66f5af44c7,2014-04-08 03:13:27.013,,,,14,,,,,,FALSE,,,,FALSE,,,,,,,54,,,FALSE,,2026-07-09 08:26:52.385 Z,2026-07-09 08:26:50.521 Z,2026-08-05 12:53:13.935 Z,FALSE
19996,3575,,,,"{
  ""gate_access_code"": ""01113"",
  ""move_in_date"": ""2011-05-09"",
  ""move_in_initiated_date"": ""2011-05-09"",
  ""rate"": ""55.0""
}",2011-05-09 10:00:00.000,,,2014-02-01 00:42:27.469,MoveInUnitEvent,,44b856ec-649d-4613-a133-f64ef53d174d,2024-03-07 18:57:06.995,,,,14,,5984,5145,,,TRUE,,,,FALSE,,,,,,,,,,FALSE,,2026-07-09 08:52:51.233 Z,2026-07-09 08:26:50.521 Z,9999-12-31 23:59:59.999 Z,TRUE
19997,3575,,,,"{
  ""invoice_sent"": ""true""
}",2014-02-01 00:42:27.839,5212,,,InvoiceSentTenantEvent,,32fb3425-ce51-4f50-8e3f-b20588a20af7,2014-02-01 00:42:27.851,,,,14,,,,,,TRUE,,,,FALSE,Invoice,,,,,,,,,FALSE,,2026-07-09 08:26:52.385 Z,2026-07-09 08:26:50.521 Z,2026-08-05 12:53:13.935 Z,FALSE
19997,3575,,,,"{
  ""invoice_sent"": ""true""
}",2014-02-01 00:42:27.839,5212,,,InvoiceSentTenantEvent,,32fb3425-ce51-4f50-8e3f-b20588a20af7,2014-02-01 00:42:27.851,,,,14,,,,,,TRUE,,,,FALSE,Invoice,,,,,,,,,FALSE,,2026-08-05 12:53:16.312 Z,2026-08-05 12:53:13.936 Z,9999-12-31 23:59:59.999 Z,TRUE
19998,3575,,,,"{
  ""invoice_sent"": ""true""
}",2014-02-01 00:42:28.019,5213,,,InvoiceSentTenantEvent,,d71a0b12-4f9e-4a2b-9119-b88c1f95ef05,2014-02-01 00:42:28.031,,,,14,,,,,,TRUE,,,,FALSE,Invoice,,,,,,,,,FALSE,,2026-07-09 08:26:52.385 Z,2026-07-09 08:26:50.521 Z,2026-08-05 12:53:13.935 Z,FALSE
19998,3575,,,,"{
  ""invoice_sent"": ""true""
}",2014-02-01 00:42:28.019,5213,,,InvoiceSentTenantEvent,,d71a0b12-4f9e-4a2b-9119-b88c1f95ef05,2014-02-01 00:42:28.031,,,,14,,,,,,TRUE,,,,FALSE,Invoice,,,,,,,,,FALSE,,2026-08-05 12:53:16.312 Z,2026-08-05 12:53:13.936 Z,9999-12-31 23:59:59.999 Z,TRUE
19999,3575,,,,"{
  ""invoice_sent"": ""true""
}",2014-02-01 00:42:28.398,5214,,,InvoiceSentTenantEvent,,dfd9e08f-cc06-4615-b3b7-7331a4ba5c0e,2014-02-01 00:42:28.413,,,,14,,,,,,TRUE,,,,FALSE,Invoice,,,,,,,,,FALSE,,2026-08-05 12:53:16.312 Z,2026-08-05 12:53:13.936 Z,9999-12-31 23:59:59.999 Z,TRUE
19999,3575,,,,"{
  ""invoice_sent"": ""true""
}",2014-02-01 00:42:28.398,5214,,,InvoiceSentTenantEvent,,dfd9e08f-cc06-4615-b3b7-7331a4ba5c0e,2014-02-01 00:42:28.413,,,,14,,,,,,TRUE,,,,FALSE,Invoice,,,,,,,,,FALSE,,2026-07-09 08:26:52.385 Z,2026-07-09 08:26:50.521 Z,2026-08-05 12:53:13.935 Z,FALSE
20000,3576,,,,"{
  ""gate_access_code"": ""08657"",
  ""move_in_date"": ""2008-09-23"",
  ""move_in_initiated_date"": ""2008-09-23"",
  ""rate"": ""55.0""
}",2008-09-23 10:00:00.000,,,2014-02-01 00:42:28.596,MoveInUnitEvent,,689d1633-aa70-41a3-b8c5-71d52122bc60,2024-03-07 18:57:06.995,,,,14,,5985,5146,,,TRUE,,,,FALSE,,,,,,,,,,FALSE,,2026-07-09 08:52:51.249 Z,2026-07-09 08:26:50.521 Z,9999-12-31 23:59:59.999 Z,TRUE
20001,3576,,,,"{
  ""invoice_sent"": ""true""
}",2014-02-01 00:42:28.968,5215,,,InvoiceSentTenantEvent,,f4a44d9d-b703-4d08-b32c-013d325c95bc,2014-02-01 00:42:28.980,,,,14,,,,,,TRUE,,,,FALSE,Invoice,,,,,,,,,FALSE,,2026-07-09 08:26:52.385 Z,2026-07-09 08:26:50.521 Z,2026-08-05 12:53:13.935 Z,FALSE
20001,3576,,,,"{
  ""invoice_sent"": ""true""
}",2014-02-01 00:42:28.968,5215,,,InvoiceSentTenantEvent,,f4a44d9d-b703-4d08-b32c-013d325c95bc,2014-02-01 00:42:28.980,,,,14,,,,,,TRUE,,,,FALSE,Invoice,,,,,,,,,FALSE,,2026-08-05 12:53:16.312 Z,2026-08-05 12:53:13.936 Z,9999-12-31 23:59:59.999 Z,TRUE
20002,3576,,,,"{
  ""invoice_sent"": ""true""
}",2014-02-01 00:42:29.148,5216,,,InvoiceSentTenantEvent,,24c73092-e049-47c8-b94d-8dec6ae690ed,2014-02-01 00:42:29.159,,,,14,,,,,,TRUE,,,,FALSE,Invoice,,,,,,,,,FALSE,,2026-07-09 08:26:52.385 Z,2026-07-09 08:26:50.521 Z,2026-08-05 12:53:13.935 Z,FALSE
20002,3576,,,,"{
  ""invoice_sent"": ""true""
}",2014-02-01 00:42:29.148,5216,,,InvoiceSentTenantEvent,,24c73092-e049-47c8-b94d-8dec6ae690ed,2014-02-01 00:42:29.159,,,,14,,,,,,TRUE,,,,FALSE,Invoice,,,,,,,,,FALSE,,2026-08-05 12:53:16.312 Z,2026-08-05 12:53:13.936 Z,9999-12-31 23:59:59.999 Z,TRUE
20003,3577,,,,{},2014-02-01 00:42:29.411,,,2014-02-06 21:50:38.179,NoteEvent,,289de1e1-1ba3-41d6-b3e5-3e438c97c283,2014-04-08 03:13:27.035,,,,14,,,,,,FALSE,,,,FALSE,,,,,,,54,,,FALSE,,2026-08-05 12:53:16.416 Z,2026-08-05 12:53:13.936 Z,9999-12-31 23:59:59.999 Z,TRUE
20003,3577,,,,{},2014-02-01 00:42:29.411,,,2014-02-06 21:50:38.179,NoteEvent,,289de1e1-1ba3-41d6-b3e5-3e438c97c283,2014-04-08 03:13:27.035,,,,14,,,,,,FALSE,,,,FALSE,,,,,,,54,,,FALSE,,2026-07-09 08:26:52.555 Z,2026-07-09 08:26:50.521 Z,2026-08-05 12:53:13.935 Z,FALSE
20004,3577,,,,{},2014-02-01 00:42:29.417,,,2014-02-06 21:50:42.019,NoteEvent,,907f7bbd-8f8c-4aea-9a0b-87d2cd0c766b,2014-04-08 03:13:27.056,,,,14,,,,,,FALSE,,,,FALSE,,,,,,,54,,,FALSE,,2026-08-05 12:53:16.416 Z,2026-08-05 12:53:13.936 Z,9999-12-31 23:59:59.999 Z,TRUE
20004,3577,,,,{},2014-02-01 00:42:29.417,,,2014-02-06 21:50:42.019,NoteEvent,,907f7bbd-8f8c-4aea-9a0b-87d2cd0c766b,2014-04-08 03:13:27.056,,,,14,,,,,,FALSE,,,,FALSE,,,,,,,54,,,FALSE,,2026-07-09 08:26:52.555 Z,2026-07-09 08:26:50.521 Z,2026-08-05 12:53:13.935 Z,FALSE
20005,3577,,,,"{
  ""gate_access_code"": ""00383"",
  ""move_in_date"": ""2011-03-31"",
  ""move_in_initiated_date"": ""2011-03-31"",
  ""rate"": ""55.0""
}",2011-03-31 10:00:00.000,,,2014-02-01 00:42:29.445,MoveInUnitEvent,,6407011b-4d6a-4b77-baa1-65e3a9200285,2024-03-07 18:57:06.995,,,,14,,5986,5147,,,TRUE,,,,FALSE,,,,,,,,,,FALSE,,2026-07-09 08:52:51.283 Z,2026-07-09 08:26:50.521 Z,9999-12-31 23:59:59.999 Z,TRUE
20006,3577,,,,"{
  ""invoice_sent"": ""true""
}",2014-02-01 00:42:29.822,5217,,,InvoiceSentTenantEvent,,75752e6c-dce8-4896-82df-f81424b924f5,2014-02-01 00:42:29.834,,,,14,,,,,,TRUE,,,,FALSE,Invoice,,,,,,,,,FALSE,,2026-08-05 12:53:16.312 Z,2026-08-05 12:53:13.936 Z,9999-12-31 23:59:59.999 Z,TRUE
20006,3577,,,,"{
  ""invoice_sent"": ""true""
}",2014-02-01 00:42:29.822,5217,,,InvoiceSentTenantEvent,,75752e6c-dce8-4896-82df-f81424b924f5,2014-02-01 00:42:29.834,,,,14,,,,,,TRUE,,,,FALSE,Invoice,,,,,,,,,FALSE,,2026-07-09 08:26:52.385 Z,2026-07-09 08:26:50.521 Z,2026-08-05 12:53:13.935 Z,FALSE
20007,3577,,,,"{
  ""invoice_sent"": ""true""
}",2014-02-01 00:42:29.995,5218,,,InvoiceSentTenantEvent,,caff5383-8d19-4a92-8e72-bb8d584e0f9d,2014-02-01 00:42:30.007,,,,14,,,,,,TRUE,,,,FALSE,Invoice,,,,,,,,,FALSE,,2026-08-05 12:53:16.312 Z,2026-08-05 12:53:13.936 Z,9999-12-31 23:59:59.999 Z,TRUE
20007,3577,,,,"{
  ""invoice_sent"": ""true""
}",2014-02-01 00:42:29.995,5218,,,InvoiceSentTenantEvent,,caff5383-8d19-4a92-8e72-bb8d584e0f9d,2014-02-01 00:42:30.007,,,,14,,,,,,TRUE,,,,FALSE,Invoice,,,,,,,,,FALSE,,2026-07-09 08:26:52.385 Z,2026-07-09 08:26:50.521 Z,2026-08-05 12:53:13.935 Z,FALSE
20008,3578,,,,{},2014-02-01 00:42:30.195,,,2014-02-06 21:51:26.354,NoteEvent,,1f23d243-d439-4dc8-837f-0f114770de60,2014-04-08 03:13:27.079,,,,14,,,,,,FALSE,,,,FALSE,,,,,,,54,,,FALSE,,2026-08-05 12:53:16.312 Z,2026-08-05 12:53:13.936 Z,9999-12-31 23:59:59.999 Z,TRUE
20008,3578,,,,{},2014-02-01 00:42:30.195,,,2014-02-06 21:51:26.354,NoteEvent,,1f23d243-d439-4dc8-837f-0f114770de60,2014-04-08 03:13:27.079,,,,14,,,,,,FALSE,,,,FALSE,,,,,,,54,,,FALSE,,2026-07-09 08:26:52.385 Z,2026-07-09 08:26:50.521 Z,2026-08-05 12:53:13.935 Z,FALSE
20009,3578,,,,"{
  ""gate_access_code"": ""01933"",
  ""move_in_date"": ""2013-05-10"",
  ""move_in_initiated_date"": ""2013-05-10"",
  ""rate"": ""55.0""
}",2013-05-10 10:00:00.000,,,2014-02-01 00:42:30.223,MoveInUnitEvent,,a897bb22-24ac-46a8-a790-e3b84591965e,2024-03-07 18:57:06.995,,,,14,,5987,5148,,,TRUE,,,,FALSE,,,,,,,,,,FALSE,,2026-07-09 08:52:51.314 Z,2026-07-09 08:26:50.521 Z,9999-12-31 23:59:59.999 Z,TRUE
20010,3578,,,,"{
  ""invoice_sent"": ""true""
}",2014-02-01 00:42:30.629,5219,,,InvoiceSentTenantEvent,,2ced1e7a-ab65-44f8-9820-855f31407108,2014-02-01 00:42:30.648,,,,14,,,,,,TRUE,,,,FALSE,Invoice,,,,,,,,,FALSE,,2026-07-09 08:26:52.385 Z,2026-07-09 08:26:50.521 Z,2026-08-05 12:53:13.935 Z,FALSE
20010,3578,,,,"{
  ""invoice_sent"": ""true""
}",2014-02-01 00:42:30.629,5219,,,InvoiceSentTenantEvent,,2ced1e7a-ab65-44f8-9820-855f31407108,2014-02-01 00:42:30.648,,,,14,,,,,,TRUE,,,,FALSE,Invoice,,,,,,,,,FALSE,,2026-08-05 12:53:16.312 Z,2026-08-05 12:53:13.936 Z,9999-12-31 23:59:59.999 Z,TRUE
20011,3578,,,,"{
  ""invoice_sent"": ""true""
}",2014-02-01 00:42:30.817,5220,,,InvoiceSentTenantEvent,,10a1739a-4b43-49f8-8475-1557ef0bd92d,2014-02-01 00:42:30.816,,,,14,,,,,,TRUE,,,,FALSE,Invoice,,,,,,,,,FALSE,,2026-08-05 12:53:16.312 Z,2026-08-05 12:53:13.936 Z,9999-12-31 23:59:59.999 Z,TRUE
20011,3578,,,,"{
  ""invoice_sent"": ""true""
}",2014-02-01 00:42:30.817,5220,,,InvoiceSentTenantEvent,,10a1739a-4b43-49f8-8475-1557ef0bd92d,2014-02-01 00:42:30.816,,,,14,,,,,,TRUE,,,,FALSE,Invoice,,,,,,,,,FALSE,,2026-07-09 08:26:52.385 Z,2026-07-09 08:26:50.521 Z,2026-08-05 12:53:13.935 Z,FALSE
20012,3579,,,,{},2014-02-01 00:42:31.082,,,2014-02-06 21:52:39.082,NoteEvent,,98d2158a-6382-4684-bb12-1199b3d633d3,2014-04-08 03:13:27.100,,,,14,,,,,,FALSE,,,,FALSE,,,,,,,54,,,FALSE,,2026-08-05 12:53:16.312 Z,2026-08-05 12:53:13.936 Z,9999-12-31 23:59:59.999 Z,TRUE
20012,3579,,,,{},2014-02-01 00:42:31.082,,,2014-02-06 21:52:39.082,NoteEvent,,98d2158a-6382-4684-bb12-1199b3d633d3,2014-04-08 03:13:27.100,,,,14,,,,,,FALSE,,,,FALSE,,,,,,,54,,,FALSE,,2026-07-09 08:26:52.385 Z,2026-07-09 08:26:50.521 Z,2026-08-05 12:53:13.935 Z,FALSE
20013,3579,,,,{},2014-02-01 00:42:31.088,,,,NoteEvent,,348a843f-29dc-4150-84dc-a955ea7be184,2014-04-08 03:13:27.119,,,,14,,,,,,FALSE,,,,FALSE,,,,,,,,,,FALSE,,2026-08-05 12:53:16.312 Z,2026-08-05 12:53:13.936 Z,9999-12-31 23:59:59.999 Z,TRUE
20013,3579,,,,{},2014-02-01 00:42:31.088,,,,NoteEvent,,348a843f-29dc-4150-84dc-a955ea7be184,2014-04-08 03:13:27.119,,,,14,,,,,,FALSE,,,,FALSE,,,,,,,,,,FALSE,,2026-07-09 08:26:52.385 Z,2026-07-09 08:26:50.521 Z,2026-08-05 12:53:13.935 Z,FALSE
20014,3579,,,,"{
  ""gate_access_code"": ""03754"",
  ""move_in_date"": ""2013-06-26"",
  ""move_in_initiated_date"": ""2013-06-26"",
  ""rate"": ""55.0""
}",2013-06-26 10:00:00.000,,,2014-02-01 00:42:31.115,MoveInUnitEvent,,1a8bf428-c7af-4128-b807-53a86389aa83,2024-03-07 18:57:06.995,,,,14,,5988,5149,,,TRUE,,,,FALSE,,,,,,,,,,FALSE,,2026-07-09 08:52:50.769 Z,2026-07-09 08:26:50.521 Z,9999-12-31 23:59:59.999 Z,TRUE
20015,3579,,,,"{
  ""invoice_sent"": ""true""
}",2014-02-01 00:42:31.496,5221,,,InvoiceSentTenantEvent,,a1f42b44-3a44-4201-a165-b5739584622f,2014-02-01 00:42:31.508,,,,14,,,,,,TRUE,,,,FALSE,Invoice,,,,,,,,,FALSE,,2026-08-05 12:53:16.312 Z,2026-08-05 12:53:13.936 Z,9999-12-31 23:59:59.999 Z,TRUE
20015,3579,,,,"{
  ""invoice_sent"": ""true""
}",2014-02-01 00:42:31.496,5221,,,InvoiceSentTenantEvent,,a1f42b44-3a44-4201-a165-b5739584622f,2014-02-01 00:42:31.508,,,,14,,,,,,TRUE,,,,FALSE,Invoice,,,,,,,,,FALSE,,2026-07-09 08:26:52.385 Z,2026-07-09 08:26:50.521 Z,2026-08-05 12:53:13.935 Z,FALSE
20016,3579,,,,"{
  ""invoice_sent"": ""true""
}",2014-02-01 00:42:31.669,5222,,,InvoiceSentTenantEvent,,361467ec-5f59-4ac5-b945-9db9acba7382,2014-02-01 00:42:31.682,,,,14,,,,,,TRUE,,,,FALSE,Invoice,,,,,,,,,FALSE,,2026-07-09 08:26:52.385 Z,2026-07-09 08:26:50.521 Z,2026-08-05 12:53:13.935 Z,FALSE
20016,3579,,,,"{
  ""invoice_sent"": ""true""
}",2014-02-01 00:42:31.669,5222,,,InvoiceSentTenantEvent,,361467ec-5f59-4ac5-b945-9db9acba7382,2014-02-01 00:42:31.682,,,,14,,,,,,TRUE,,,,FALSE,Invoice,,,,,,,,,FALSE,,2026-08-05 12:53:16.312 Z,2026-08-05 12:53:13.936 Z,9999-12-31 23:59:59.999 Z,TRUE
20017,3580,,,,{},2014-02-01 00:42:31.849,,,2014-02-06 21:53:12.169,NoteEvent,,5b77849a-85ec-41b5-b675-d15edeee7d11,2014-04-08 03:13:27.141,,,,14,,,,,,FALSE,,,,FALSE,,,,,,,54,,,FALSE,,2026-08-05 12:53:16.312 Z,2026-08-05 12:53:13.936 Z,9999-12-31 23:59:59.999 Z,TRUE
20017,3580,,,,{},2014-02-01 00:42:31.849,,,2014-02-06 21:53:12.169,NoteEvent,,5b77849a-85ec-41b5-b675-d15edeee7d11,2014-04-08 03:13:27.141,,,,14,,,,,,FALSE,,,,FALSE,,,,,,,54,,,FALSE,,2026-07-09 08:26:52.385 Z,2026-07-09 08:26:50.521 Z,2026-08-05 12:53:13.935 Z,FALSE
20018,3580,,,,{},2014-02-01 00:42:31.946,,,,NoteEvent,,e97aae54-3abe-4b0a-83a7-6290c0217875,2014-04-08 03:13:27.161,,,,14,,,,,,FALSE,,,,FALSE,,,,,,,,,,FALSE,,2026-07-09 08:26:52.385 Z,2026-07-09 08:26:50.521 Z,2026-08-05 12:53:13.935 Z,FALSE
20018,3580,,,,{},2014-02-01 00:42:31.946,,,,NoteEvent,,e97aae54-3abe-4b0a-83a7-6290c0217875,2014-04-08 03:13:27.161,,,,14,,,,,,FALSE,,,,FALSE,,,,,,,,,,FALSE,,2026-08-05 12:53:16.312 Z,2026-08-05 12:53:13.936 Z,9999-12-31 23:59:59.999 Z,TRUE
20019,3580,,,,"{
  ""gate_access_code"": ""08920"",
  ""move_in_date"": ""2013-03-30"",
  ""move_in_initiated_date"": ""2013-03-30"",
  ""rate"": ""55.0""
}",2013-03-30 10:00:00.000,,,2014-02-01 00:42:31.974,MoveInUnitEvent,,e7fac622-4cca-4c52-b11e-3ca54a4a1834,2024-03-07 18:57:06.995,,,,14,,5989,5150,,,TRUE,,,,FALSE,,,,,,,,,,FALSE,,2026-07-09 08:52:50.840 Z,2026-07-09 08:26:50.521 Z,9999-12-31 23:59:59.999 Z,TRUE
20020,3580,,,,"{
  ""invoice_sent"": ""true""
}",2014-02-01 00:42:32.284,5223,,,InvoiceSentTenantEvent,,1a60c428-54cd-420a-a271-dde644dc373e,2014-02-01 00:42:32.299,,,,14,,,,,,TRUE,,,,FALSE,Invoice,,,,,,,,,FALSE,,2026-07-09 08:26:52.385 Z,2026-07-09 08:26:50.521 Z,2026-08-05 12:53:13.935 Z,FALSE
20020,3580,,,,"{
  ""invoice_sent"": ""true""
}",2014-02-01 00:42:32.284,5223,,,InvoiceSentTenantEvent,,1a60c428-54cd-420a-a271-dde644dc373e,2014-02-01 00:42:32.299,,,,14,,,,,,TRUE,,,,FALSE,Invoice,,,,,,,,,FALSE,,2026-08-05 12:53:16.312 Z,2026-08-05 12:53:13.936 Z,9999-12-31 23:59:59.999 Z,TRUE
20021,3580,,,,"{
  ""invoice_sent"": ""true""
}",2014-02-01 00:42:32.473,5224,,,InvoiceSentTenantEvent,,6d80bcfe-2f3e-4cbb-a8e9-f6a99b7375a4,2014-02-01 00:42:32.560,,,,14,,,,,,TRUE,,,,FALSE,Invoice,,,,,,,,,FALSE,,2026-08-05 12:53:16.312 Z,2026-08-05 12:53:13.936 Z,9999-12-31 23:59:59.999 Z,TRUE
20021,3580,,,,"{
  ""invoice_sent"": ""true""
}",2014-02-01 00:42:32.473,5224,,,InvoiceSentTenantEvent,,6d80bcfe-2f3e-4cbb-a8e9-f6a99b7375a4,2014-02-01 00:42:32.560,,,,14,,,,,,TRUE,,,,FALSE,Invoice,,,,,,,,,FALSE,,2026-07-09 08:26:52.385 Z,2026-07-09 08:26:50.521 Z,2026-08-05 12:53:13.935 Z,FALSE
20022,3581,,,,{},2014-02-01 00:42:32.771,,,,NoteEvent,,a11df98c-29ab-46a0-b2e8-116601ea9f9c,2014-04-08 03:13:27.180,,,,14,,,,,,FALSE,,,,FALSE,,,,,,,,,,FALSE,,2026-07-09 08:26:52.385 Z,2026-07-09 08:26:50.521 Z,2026-08-05 12:53:13.935 Z,FALSE
20022,3581,,,,{},2014-02-01 00:42:32.771,,,,NoteEvent,,a11df98c-29ab-46a0-b2e8-116601ea9f9c,2014-04-08 03:13:27.180,,,,14,,,,,,FALSE,,,,FALSE,,,,,,,,,,FALSE,,2026-08-05 12:53:16.312 Z,2026-08-05 12:53:13.936 Z,9999-12-31 23:59:59.999 Z,TRUE
20023,3581,,,,"{
  ""gate_access_code"": ""00925"",
  ""move_in_date"": ""2013-11-16"",
  ""move_in_initiated_date"": ""2013-11-16"",
  ""rate"": ""55.0""
}",2013-11-16 10:00:00.000,,,2014-02-01 00:42:32.798,MoveInUnitEvent,,5f293e2e-a60f-42c7-9ca8-4105ed82d322,2024-03-07 18:57:06.995,,,,14,,5990,5151,,,TRUE,,,,FALSE,,,,,,,,,,FALSE,,2026-07-09 08:52:50.912 Z,2026-07-09 08:26:50.521 Z,9999-12-31 23:59:59.999 Z,TRUE
20024,3581,,,,"{
  ""invoice_sent"": ""true""
}",2014-02-01 00:42:33.196,5225,,,InvoiceSentTenantEvent,,88d55f87-7e5e-4077-b4b2-fa46c38729c0,2014-02-01 00:42:33.211,,,,14,,,,,,TRUE,,,,FALSE,Invoice,,,,,,,,,FALSE,,2026-08-05 12:53:16.312 Z,2026-08-05 12:53:13.936 Z,9999-12-31 23:59:59.999 Z,TRUE
20024,3581,,,,"{
  ""invoice_sent"": ""true""
}",2014-02-01 00:42:33.196,5225,,,InvoiceSentTenantEvent,,88d55f87-7e5e-4077-b4b2-fa46c38729c0,2014-02-01 00:42:33.211,,,,14,,,,,,TRUE,,,,FALSE,Invoice,,,,,,,,,FALSE,,2026-07-09 08:26:52.385 Z,2026-07-09 08:26:50.521 Z,2026-08-05 12:53:13.935 Z,FALSE
20025,3581,,,,"{
  ""invoice_sent"": ""true""
}",2014-02-01 00:42:33.381,5226,,,InvoiceSentTenantEvent,,189675c9-2c2b-4da1-907c-46f1b20509f5,2014-02-01 00:42:33.399,,,,14,,,,,,TRUE,,,,FALSE,Invoice,,,,,,,,,FALSE,,2026-08-05 12:53:16.312 Z,2026-08-05 12:53:13.936 Z,9999-12-31 23:59:59.999 Z,TRUE
20025,3581,,,,"{
  ""invoice_sent"": ""true""
}",2014-02-01 00:42:33.381,5226,,,InvoiceSentTenantEvent,,189675c9-2c2b-4da1-907c-46f1b20509f5,2014-02-01 00:42:33.399,,,,14,,,,,,TRUE,,,,FALSE,Invoice,,,,,,,,,FALSE,,2026-07-09 08:26:52.385 Z,2026-07-09 08:26:50.521 Z,2026-08-05 12:53:13.935 Z,FALSE
20026,3582,,,,{},2014-02-01 00:42:33.645,,,2014-02-06 21:54:27.916,NoteEvent,,90c045dd-36fa-4da3-a970-35a19caa69ce,2014-04-08 03:13:27.201,,,,14,,,,,,FALSE,,,,FALSE,,,,,,,54,,,FALSE,,2026-07-09 08:26:52.385 Z,2026-07-09 08:26:50.521 Z,2026-08-05 12:53:13.935 Z,FALSE
20026,3582,,,,{},2014-02-01 00:42:33.645,,,2014-02-06 21:54:27.916,NoteEvent,,90c045dd-36fa-4da3-a970-35a19caa69ce,2014-04-08 03:13:27.201,,,,14,,,,,,FALSE,,,,FALSE,,,,,,,54,,,FALSE,,2026-08-05 12:53:16.312 Z,2026-08-05 12:53:13.936 Z,9999-12-31 23:59:59.999 Z,TRUE
20027,3582,,,,"{
  ""gate_access_code"": ""02488"",
  ""move_in_date"": ""2012-08-20"",
  ""move_in_initiated_date"": ""2012-08-20"",
  ""rate"": ""55.0""
}",2012-08-20 10:00:00.000,,,2014-02-01 00:42:33.673,MoveInUnitEvent,,911cc3f4-2b3c-410d-b351-8c8c59450bfa,2024-03-07 18:57:06.995,,,,14,,5991,5152,,,TRUE,,,,FALSE,,,,,,,,,,FALSE,,2026-07-09 08:52:51.041 Z,2026-07-09 08:26:50.521 Z,9999-12-31 23:59:59.999 Z,TRUE
20028,3582,,,,"{
  ""invoice_sent"": ""true""
}",2014-02-01 00:42:33.960,5227,,,InvoiceSentTenantEvent,,9b8c14b7-570f-4713-b69b-9f1afbb44ab3,2014-02-01 00:42:33.971,,,,14,,,,,,TRUE,,,,FALSE,Invoice,,,,,,,,,FALSE,,2026-07-09 08:26:52.385 Z,2026-07-09 08:26:50.521 Z,2026-08-05 12:53:13.935 Z,FALSE
20028,3582,,,,"{
  ""invoice_sent"": ""true""
}",2014-02-01 00:42:33.960,5227,,,InvoiceSentTenantEvent,,9b8c14b7-570f-4713-b69b-9f1afbb44ab3,2014-02-01 00:42:33.971,,,,14,,,,,,TRUE,,,,FALSE,Invoice,,,,,,,,,FALSE,,2026-08-05 12:53:16.312 Z,2026-08-05 12:53:13.936 Z,9999-12-31 23:59:59.999 Z,TRUE
20029,3582,,,,"{
  ""invoice_sent"": ""true""
}",2014-02-01 00:42:34.223,5228,,,InvoiceSentTenantEvent,,01c38699-1e16-481b-889a-ae4e6e0aac99,2014-02-01 00:42:34.235,,,,14,,,,,,TRUE,,,,FALSE,Invoice,,,,,,,,,FALSE,,2026-08-05 12:53:16.312 Z,2026-08-05 12:53:13.936 Z,9999-12-31 23:59:59.999 Z,TRUE
20029,3582,,,,"{
  ""invoice_sent"": ""true""
}",2014-02-01 00:42:34.223,5228,,,InvoiceSentTenantEvent,,01c38699-1e16-481b-889a-ae4e6e0aac99,2014-02-01 00:42:34.235,,,,14,,,,,,TRUE,,,,FALSE,Invoice,,,,,,,,,FALSE,,2026-07-09 08:26:52.385 Z,2026-07-09 08:26:50.521 Z,2026-08-05 12:53:13.935 Z,FALSE
20030,3583,,,,{},2014-02-01 00:42:34.414,,,2014-02-06 21:55:54.323,NoteEvent,,afe087c4-fee8-4d84-bcba-d72a4cf4a40a,2014-04-08 03:13:27.223,,,,14,,,,,,FALSE,,,,FALSE,,,,,,,54,,,FALSE,,2026-07-09 08:26:52.385 Z,2026-07-09 08:26:50.521 Z,2026-08-05 12:53:13.935 Z,FALSE
20030,3583,,,,{},2014-02-01 00:42:34.414,,,2014-02-06 21:55:54.323,NoteEvent,,afe087c4-fee8-4d84-bcba-d72a4cf4a40a,2014-04-08 03:13:27.223,,,,14,,,,,,FALSE,,,,FALSE,,,,,,,54,,,FALSE,,2026-08-05 12:53:16.312 Z,2026-08-05 12:53:13.936 Z,9999-12-31 23:59:59.999 Z,TRUE
20031,3583,,,,"{
  ""gate_access_code"": ""08039"",
  ""move_in_date"": ""2013-10-26"",
  ""move_in_initiated_date"": ""2013-10-26"",
  ""rate"": ""55.0""
}",2013-10-26 10:00:00.000,,,2014-02-01 00:42:34.447,MoveInUnitEvent,,6b994b0c-7a10-495c-abcc-1581712d215f,2024-03-07 18:57:06.995,,,,14,,5992,5153,,,TRUE,,,,FALSE,,,,,,,,,,FALSE,,2026-07-09 08:52:51.112 Z,2026-07-09 08:26:50.521 Z,9999-12-31 23:59:59.999 Z,TRUE
20032,3583,,,,"{
  ""invoice_sent"": ""true""
}",2014-02-01 00:42:34.845,5229,,,InvoiceSentTenantEvent,,421b78e6-3e9f-46e6-b69b-5c99c32bd931,2014-02-01 00:42:34.878,,,,14,,,,,,TRUE,,,,FALSE,Invoice,,,,,,,,,FALSE,,2026-08-05 12:53:16.312 Z,2026-08-05 12:53:13.936 Z,9999-12-31 23:59:59.999 Z,TRUE
20032,3583,,,,"{
  ""invoice_sent"": ""true""
}",2014-02-01 00:42:34.845,5229,,,InvoiceSentTenantEvent,,421b78e6-3e9f-46e6-b69b-5c99c32bd931,2014-02-01 00:42:34.878,,,,14,,,,,,TRUE,,,,FALSE,Invoice,,,,,,,,,FALSE,,2026-07-09 08:26:52.385 Z,2026-07-09 08:26:50.521 Z,2026-08-05 12:53:13.935 Z,FALSE
20033,3583,,,,"{
  ""invoice_sent"": ""true""
}",2014-02-01 00:42:35.050,5230,,,InvoiceSentTenantEvent,,75aa4ad7-43a4-4e63-9180-1a7a1ec6aaa8,2014-02-01 00:42:35.050,,,,14,,,,,,TRUE,,,,FALSE,Invoice,,,,,,,,,FALSE,,2026-08-05 12:53:16.312 Z,2026-08-05 12:53:13.936 Z,9999-12-31 23:59:59.999 Z,TRUE
20033,3583,,,,"{
  ""invoice_sent"": ""true""
}",2014-02-01 00:42:35.050,5230,,,InvoiceSentTenantEvent,,75aa4ad7-43a4-4e63-9180-1a7a1ec6aaa8,2014-02-01 00:42:35.050,,,,14,,,,,,TRUE,,,,FALSE,Invoice,,,,,,,,,FALSE,,2026-07-09 08:26:52.385 Z,2026-07-09 08:26:50.521 Z,2026-08-05 12:53:13.935 Z,FALSE
20034,3584,,,,{},2014-02-01 00:42:35.345,,,2014-02-06 21:59:55.599,NoteEvent,,14cc4c00-b423-4060-b4c0-d17e20efe60e,2014-04-08 03:13:27.246,,,,14,,,,,,FALSE,,,,FALSE,,,,,,,54,,,FALSE,,2026-07-09 08:26:52.385 Z,2026-07-09 08:26:50.521 Z,2026-08-05 12:53:13.935 Z,FALSE
20034,3584,,,,{},2014-02-01 00:42:35.345,,,2014-02-06 21:59:55.599,NoteEvent,,14cc4c00-b423-4060-b4c0-d17e20efe60e,2014-04-08 03:13:27.246,,,,14,,,,,,FALSE,,,,FALSE,,,,,,,54,,,FALSE,,2026-08-05 12:53:16.312 Z,2026-08-05 12:53:13.936 Z,9999-12-31 23:59:59.999 Z,TRUE
20035,3584,,,,{},2014-02-01 00:42:35.351,,,2014-02-06 22:00:02.487,NoteEvent,,4515956a-1d15-4512-be19-c107b2d52e78,2014-04-08 03:13:27.268,,,,14,,,,,,FALSE,,,,FALSE,,,,,,,54,,,FALSE,,2026-07-09 08:26:52.555 Z,2026-07-09 08:26:50.521 Z,2026-08-05 12:53:13.935 Z,FALSE
20035,3584,,,,{},2014-02-01 00:42:35.351,,,2014-02-06 22:00:02.487,NoteEvent,,4515956a-1d15-4512-be19-c107b2d52e78,2014-04-08 03:13:27.268,,,,14,,,,,,FALSE,,,,FALSE,,,,,,,54,,,FALSE,,2026-08-05 12:53:16.416 Z,2026-08-05 12:53:13.936 Z,9999-12-31 23:59:59.999 Z,TRUE
20036,3584,,,,"{
  ""gate_access_code"": ""01988"",
  ""move_in_date"": ""2013-03-26"",
  ""move_in_initiated_date"": ""2013-03-26"",
  ""rate"": ""55.0""
}",2013-03-26 10:00:00.000,,,2014-02-01 00:42:35.379,MoveInUnitEvent,,e27864ba-dd39-4f1d-bd9c-9411f6f86f21,2024-03-07 18:57:06.995,,,,14,,5993,5154,,,TRUE,,,,FALSE,,,,,,,,,,FALSE,,2026-07-09 08:52:51.191 Z,2026-07-09 08:26:50.521 Z,9999-12-31 23:59:59.999 Z,TRUE
20037,3584,,,,"{
  ""invoice_sent"": ""true""
}",2014-02-01 00:42:35.680,5231,,,InvoiceSentTenantEvent,,5833f6e1-f7ed-463e-bbc3-2323b28cdc24,2014-02-01 00:42:35.710,,,,14,,,,,,TRUE,,,,FALSE,Invoice,,,,,,,,,FALSE,,2026-07-09 08:26:52.385 Z,2026-07-09 08:26:50.521 Z,2026-08-05 12:53:13.935 Z,FALSE
20037,3584,,,,"{
  ""invoice_sent"": ""true""
}",2014-02-01 00:42:35.680,5231,,,InvoiceSentTenantEvent,,5833f6e1-f7ed-463e-bbc3-2323b28cdc24,2014-02-01 00:42:35.710,,,,14,,,,,,TRUE,,,,FALSE,Invoice,,,,,,,,,FALSE,,2026-08-05 12:53:16.312 Z,2026-08-05 12:53:13.936 Z,9999-12-31 23:59:59.999 Z,TRUE
20038,3584,,,,"{
  ""invoice_sent"": ""true""
}",2014-02-01 00:42:35.956,5232,,,InvoiceSentTenantEvent,,325ace68-ef49-4ced-8996-24a201732c51,2014-02-01 00:42:35.975,,,,14,,,,,,TRUE,,,,FALSE,Invoice,,,,,,,,,FALSE,,2026-07-09 08:26:52.385 Z,2026-07-09 08:26:50.521 Z,2026-08-05 12:53:13.935 Z,FALSE
20038,3584,,,,"{
  ""invoice_sent"": ""true""
}",2014-02-01 00:42:35.956,5232,,,InvoiceSentTenantEvent,,325ace68-ef49-4ced-8996-24a201732c51,2014-02-01 00:42:35.975,,,,14,,,,,,TRUE,,,,FALSE,Invoice,,,,,,,,,FALSE,,2026-08-05 12:53:16.312 Z,2026-08-05 12:53:13.936 Z,9999-12-31 23:59:59.999 Z,TRUE
20039,3584,,,,"{
  ""invoice_sent"": ""true""
}",2014-02-01 00:42:36.395,5233,,,InvoiceSentTenantEvent,,43c8673f-961a-4cae-912d-663e6e9ee5e9,2014-02-01 00:42:36.394,,,,14,,,,,,TRUE,,,,FALSE,Invoice,,,,,,,,,FALSE,,2026-07-09 08:26:52.385 Z,2026-07-09 08:26:50.521 Z,2026-08-05 12:53:13.935 Z,FALSE
20039,3584,,,,"{
  ""invoice_sent"": ""true""
}",2014-02-01 00:42:36.395,5233,,,InvoiceSentTenantEvent,,43c8673f-961a-4cae-912d-663e6e9ee5e9,2014-02-01 00:42:36.394,,,,14,,,,,,TRUE,,,,FALSE,Invoice,,,,,,,,,FALSE,,2026-08-05 12:53:16.312 Z,2026-08-05 12:53:13.936 Z,9999-12-31 23:59:59.999 Z,TRUE
20040,3585,,,,{},2014-02-01 00:42:36.584,,,2014-02-06 22:00:37.008,NoteEvent,,a0f92f80-cdc1-452f-bada-0fb514f5b659,2014-04-08 03:13:27.290,,,,14,,,,,,FALSE,,,,FALSE,,,,,,,54,,,FALSE,,2026-08-05 12:53:16.312 Z,2026-08-05 12:53:13.936 Z,9999-12-31 23:59:59.999 Z,TRUE
20040,3585,,,,{},2014-02-01 00:42:36.584,,,2014-02-06 22:00:37.008,NoteEvent,,a0f92f80-cdc1-452f-bada-0fb514f5b659,2014-04-08 03:13:27.290,,,,14,,,,,,FALSE,,,,FALSE,,,,,,,54,,,FALSE,,2026-07-09 08:26:52.385 Z,2026-07-09 08:26:50.521 Z,2026-08-05 12:53:13.935 Z,FALSE
20041,3585,,,,{},2014-02-01 00:42:36.590,,,,NoteEvent,,8212a6f8-a263-4ed9-adfb-62fff5defd84,2014-04-08 03:13:27.309,,,,14,,,,,,FALSE,,,,FALSE,,,,,,,,,,FALSE,,2026-08-05 12:53:16.312 Z,2026-08-05 12:53:13.936 Z,9999-12-31 23:59:59.999 Z,TRUE
20041,3585,,,,{},2014-02-01 00:42:36.590,,,,NoteEvent,,8212a6f8-a263-4ed9-adfb-62fff5defd84,2014-04-08 03:13:27.309,,,,14,,,,,,FALSE,,,,FALSE,,,,,,,,,,FALSE,,2026-07-09 08:26:52.385 Z,2026-07-09 08:26:50.521 Z,2026-08-05 12:53:13.935 Z,FALSE
20042,3585,,,,"{
  ""gate_access_code"": ""09213"",
  ""move_in_date"": ""2013-01-18"",
  ""move_in_initiated_date"": ""2013-01-18"",
  ""rate"": ""55.0""
}",2013-01-18 10:00:00.000,,,2014-02-01 00:42:36.617,MoveInUnitEvent,,bbbdbac1-da21-4579-a1bb-3e7f509cfec8,2024-03-07 18:57:06.995,,,,14,,5994,5155,,,TRUE,,,,FALSE,,,,,,,,,,FALSE,,2026-07-09 08:52:51.019 Z,2026-07-09 08:26:50.521 Z,9999-12-31 23:59:59.999 Z,TRUE
20043,3585,,,,"{
  ""invoice_sent"": ""true""
}",2014-02-01 00:42:37.002,5234,,,InvoiceSentTenantEvent,,946df898-f433-4d81-8c92-9abbcbcf5d61,2014-02-01 00:42:37.017,,,,14,,,,,,TRUE,,,,FALSE,Invoice,,,,,,,,,FALSE,,2026-08-05 12:53:16.312 Z,2026-08-05 12:53:13.936 Z,9999-12-31 23:59:59.999 Z,TRUE
20043,3585,,,,"{
  ""invoice_sent"": ""true""
}",2014-02-01 00:42:37.002,5234,,,InvoiceSentTenantEvent,,946df898-f433-4d81-8c92-9abbcbcf5d61,2014-02-01 00:42:37.017,,,,14,,,,,,TRUE,,,,FALSE,Invoice,,,,,,,,,FALSE,,2026-07-09 08:26:52.385 Z,2026-07-09 08:26:50.521 Z,2026-08-05 12:53:13.935 Z,FALSE
20044,3585,,,,"{
  ""invoice_sent"": ""true""
}",2014-02-01 00:42:37.157,5235,,,InvoiceSentTenantEvent,,4eacc237-d9eb-42c9-ad7b-ac955e4a93dc,2014-02-01 00:42:37.170,,,,14,,,,,,TRUE,,,,FALSE,Invoice,,,,,,,,,FALSE,,2026-08-05 12:53:16.312 Z,2026-08-05 12:53:13.936 Z,9999-12-31 23:59:59.999 Z,TRUE
20044,3585,,,,"{
  ""invoice_sent"": ""true""
}",2014-02-01 00:42:37.157,5235,,,InvoiceSentTenantEvent,,4eacc237-d9eb-42c9-ad7b-ac955e4a93dc,2014-02-01 00:42:37.170,,,,14,,,,,,TRUE,,,,FALSE,Invoice,,,,,,,,,FALSE,,2026-07-09 08:26:52.385 Z,2026-07-09 08:26:50.521 Z,2026-08-05 12:53:13.935 Z,FALSE
20045,3585,,,,"{
  ""invoice_sent"": ""true""
}",2014-02-01 00:42:37.312,5236,,,InvoiceSentTenantEvent,,4af3ee7b-c84e-4303-befb-6bca330bf353,2014-02-01 00:42:37.328,,,,14,,,,,,TRUE,,,,FALSE,Invoice,,,,,,,,,FALSE,,2026-07-09 08:26:52.385 Z,2026-07-09 08:26:50.521 Z,2026-08-05 12:53:13.935 Z,FALSE
20045,3585,,,,"{
  ""invoice_sent"": ""true""
}",2014-02-01 00:42:37.312,5236,,,InvoiceSentTenantEvent,,4af3ee7b-c84e-4303-befb-6bca330bf353,2014-02-01 00:42:37.328,,,,14,,,,,,TRUE,,,,FALSE,Invoice,,,,,,,,,FALSE,,2026-08-05 12:53:16.312 Z,2026-08-05 12:53:13.936 Z,9999-12-31 23:59:59.999 Z,TRUE
20046,3585,,,,"{
  ""invoice_sent"": ""true""
}",2014-02-01 00:42:37.590,5237,,,InvoiceSentTenantEvent,,2c453b6a-27d8-4300-aa96-ddc2a8c6d0fa,2014-02-01 00:42:37.603,,,,14,,,,,,TRUE,,,,FALSE,Invoice,,,,,,,,,FALSE,,2026-08-05 12:53:16.312 Z,2026-08-05 12:53:13.936 Z,9999-12-31 23:59:59.999 Z,TRUE
20046,3585,,,,"{
  ""invoice_sent"": ""true""
}",2014-02-01 00:42:37.590,5237,,,InvoiceSentTenantEvent,,2c453b6a-27d8-4300-aa96-ddc2a8c6d0fa,2014-02-01 00:42:37.603,,,,14,,,,,,TRUE,,,,FALSE,Invoice,,,,,,,,,FALSE,,2026-07-09 08:26:52.385 Z,2026-07-09 08:26:50.521 Z,2026-08-05 12:53:13.935 Z,FALSE
20047,3585,23903915,,,"{
  ""applied_date"": ""2013-07-11"",
  ""invoice_id"": ""5235"",
  ""line_item_id"": ""5358"",
  ""resolved_date"": ""2014-07-09""
}",2014-02-01 00:42:37.667,23,,,DelinquencyStageTenantEvent,,f415578a-ca71-42cf-a0da-ad6b35a28d46,2014-07-10 00:45:02.807,,,,14,,,5155,,,TRUE,,,,FALSE,DelinquencyStage,,,,,,,,,FALSE,removed,2026-08-05 12:53:14.676 Z,2026-08-05 12:53:13.936 Z,9999-12-31 23:59:59.999 Z,TRUE
20047,3585,23903915,,,"{
  ""applied_date"": ""2013-07-11"",
  ""invoice_id"": ""5235"",
  ""line_item_id"": ""5358"",
  ""resolved_date"": ""2014-07-09""
}",2014-02-01 00:42:37.667,23,,,DelinquencyStageTenantEvent,,f415578a-ca71-42cf-a0da-ad6b35a28d46,2014-07-10 00:45:02.807,,,,14,,,5155,,,TRUE,,,,FALSE,DelinquencyStage,,,,,,,,,FALSE,removed,2026-07-09 08:26:50.926 Z,2026-07-09 08:26:50.521 Z,2026-08-05 12:53:13.935 Z,FALSE
20048,3585,23903915,,,"{
  ""fee_invoice_id"": ""5236""
}",2014-02-01 00:42:37.673,28,,2014-02-01 00:42:37.665,AddFeeDelinquencyTenantEvent,,cffe67da-d287-4cf9-b216-a19e1ce326d6,2014-07-10 00:45:02.770,,,,14,,,5155,,,TRUE,,,,FALSE,DelinquencyStageAction,20047,,,,,,,,FALSE,removed,2026-07-09 08:26:50.926 Z,2026-07-09 08:26:50.521 Z,2026-08-05 12:53:13.935 Z,FALSE
20048,3585,23903915,,,"{
  ""fee_invoice_id"": ""5236""
}",2014-02-01 00:42:37.673,28,,2014-02-01 00:42:37.665,AddFeeDelinquencyTenantEvent,,cffe67da-d287-4cf9-b216-a19e1ce326d6,2014-07-10 00:45:02.770,,,,14,,,5155,,,TRUE,,,,FALSE,DelinquencyStageAction,20047,,,,,,,,FALSE,removed,2026-08-05 12:53:14.676 Z,2026-08-05 12:53:13.936 Z,9999-12-31 23:59:59.999 Z,TRUE
20049,3585,23903915,,,"{
  ""last_action_date"": ""2014-07-09""
}",2014-02-01 00:42:37.694,29,,2014-01-31 05:00:00.000,GateLockoutDelinquencyTenantEvent,,f1a51e0c-7c61-4000-840a-ab73569a4c4e,2014-07-10 00:45:02.730,,,,14,,,5155,,,TRUE,,,,FALSE,DelinquencyStageAction,20047,,,,,,,,FALSE,removed,2026-07-09 08:38:19.066 Z,2026-07-09 08:26:50.521 Z,2026-08-05 12:53:13.935 Z,FALSE
20049,3585,23903915,,,"{
  ""last_action_date"": ""2014-07-09""
}",2014-02-01 00:42:37.694,29,,2014-01-31 05:00:00.000,GateLockoutDelinquencyTenantEvent,,f1a51e0c-7c61-4000-840a-ab73569a4c4e,2014-07-10 00:45:02.730,,,,14,,,5155,,,TRUE,,,,FALSE,DelinquencyStageAction,20047,,,,,,,,FALSE,removed,2026-08-05 13:02:58.993 Z,2026-08-05 12:53:13.936 Z,9999-12-31 23:59:59.999 Z,TRUE
20050,3585,23903915,,,"{
  ""last_action_date"": ""2014-07-09""
}",2014-02-01 00:42:37.735,30,,2014-02-01 00:42:38.736,OverlockDelinquencyTenantEvent,,7007797d-029d-4eb5-9a82-0a9bf7d3c4d8,2024-03-07 18:57:06.995,,,,14,,5994,5155,,,TRUE,,,,FALSE,DelinquencyStageAction,20047,,,,,,,,FALSE,overlock_removed,2026-07-09 08:52:51.019 Z,2026-07-09 08:26:50.521 Z,9999-12-31 23:59:59.999 Z,TRUE
20051,3585,23904258,,,"{
  ""applied_date"": ""2013-07-16"",
  ""invoice_id"": ""5235"",
  ""line_item_id"": ""5358""
}",2014-02-01 00:42:37.792,24,,,DelinquencyStageTenantEvent,,0958a258-99f2-4ca8-bcfc-5dbd09fe3b09,2014-04-08 03:12:01.203,,,,14,,,5155,,,FALSE,,,,FALSE,DelinquencyStage,,,,,,,,,FALSE,applied,2026-07-09 08:26:53.009 Z,2026-07-09 08:26:50.521 Z,2026-08-05 12:53:13.935 Z,FALSE
20051,3585,23904258,,,"{
  ""applied_date"": ""2013-07-16"",
  ""invoice_id"": ""5235"",
  ""line_item_id"": ""5358""
}",2014-02-01 00:42:37.792,24,,,DelinquencyStageTenantEvent,,0958a258-99f2-4ca8-bcfc-5dbd09fe3b09,2014-04-08 03:12:01.203,,,,14,,,5155,,,FALSE,,,,FALSE,DelinquencyStage,,,,,,,,,FALSE,applied,2026-08-05 12:53:16.826 Z,2026-08-05 12:53:13.936 Z,9999-12-31 23:59:59.999 Z,TRUE
20052,3585,23904258,,,{},2014-02-01 00:42:37.798,31,,2014-02-04 16:56:34.001,PrintMailDelinquencyTenantEvent,,13fe0320-3818-4cdc-8ff0-799ecc3cb71e,2024-03-07 18:57:06.995,,,,14,,5994,5155,,,TRUE,,,,FALSE,DelinquencyStageAction,20051,,,,,31,,,FALSE,letter_sent,2026-07-09 08:52:51.021 Z,2026-07-09 08:26:50.521 Z,9999-12-31 23:59:59.999 Z,TRUE
20053,3585,23904534,,,"{
  ""applied_date"": ""2013-08-10"",
  ""invoice_id"": ""5235"",
  ""line_item_id"": ""5358""
}",2014-02-01 00:42:37.854,25,,,DelinquencyStageTenantEvent,,1c83cd85-f340-4ff5-9897-ca6ec3658563,2014-04-08 03:12:01.232,,,,14,,,5155,,,FALSE,,,,FALSE,DelinquencyStage,,,,,,,,,FALSE,applied,2026-08-05 13:02:58.993 Z,2026-08-05 12:53:13.936 Z,9999-12-31 23:59:59.999 Z,TRUE
20053,3585,23904534,,,"{
  ""applied_date"": ""2013-08-10"",
  ""invoice_id"": ""5235"",
  ""line_item_id"": ""5358""
}",2014-02-01 00:42:37.854,25,,,DelinquencyStageTenantEvent,,1c83cd85-f340-4ff5-9897-ca6ec3658563,2014-04-08 03:12:01.232,,,,14,,,5155,,,FALSE,,,,FALSE,DelinquencyStage,,,,,,,,,FALSE,applied,2026-07-09 08:38:19.066 Z,2026-07-09 08:26:50.521 Z,2026-08-05 12:53:13.935 Z,FALSE
20054,3585,23904534,,,"{
  ""fee_invoice_id"": ""5236""
}",2014-02-01 00:42:37.860,32,,2014-02-01 00:42:37.852,AddFeeDelinquencyTenantEvent,,a8c7415b-9856-4b2f-8b43-82c89cbc5458,2014-02-01 00:42:38.590,,,,14,,,5155,,,TRUE,,,,FALSE,DelinquencyStageAction,20053,,,,,,,,FALSE,applied,2026-07-09 08:26:51.185 Z,2026-07-09 08:26:50.521 Z,2026-08-05 12:53:13.935 Z,FALSE
20054,3585,23904534,,,"{
  ""fee_invoice_id"": ""5236""
}",2014-02-01 00:42:37.860,32,,2014-02-01 00:42:37.852,AddFeeDelinquencyTenantEvent,,a8c7415b-9856-4b2f-8b43-82c89cbc5458,2014-02-01 00:42:38.590,,,,14,,,5155,,,TRUE,,,,FALSE,DelinquencyStageAction,20053,,,,,,,,FALSE,applied,2026-08-05 12:53:15.204 Z,2026-08-05 12:53:13.936 Z,9999-12-31 23:59:59.999 Z,TRUE
20055,3585,23904982,,,"{
  ""applied_date"": ""2013-08-15"",
  ""invoice_id"": ""5235"",
  ""line_item_id"": ""5358""
}",2014-02-01 00:42:37.914,26,,,DelinquencyStageTenantEvent,,a53f755b-fa47-4f4f-8561-e10fd7be6918,2014-04-08 03:12:01.345,,,,14,,,5155,,,FALSE,,,,FALSE,DelinquencyStage,,,,,,,,,FALSE,applied,2026-08-05 13:02:58.993 Z,2026-08-05 12:53:13.936 Z,9999-12-31 23:59:59.999 Z,TRUE
20055,3585,23904982,,,"{
  ""applied_date"": ""2013-08-15"",
  ""invoice_id"": ""5235"",
  ""line_item_id"": ""5358""
}",2014-02-01 00:42:37.914,26,,,DelinquencyStageTenantEvent,,a53f755b-fa47-4f4f-8561-e10fd7be6918,2014-04-08 03:12:01.345,,,,14,,,5155,,,FALSE,,,,FALSE,DelinquencyStage,,,,,,,,,FALSE,applied,2026-07-09 08:38:19.066 Z,2026-07-09 08:26:50.521 Z,2026-08-05 12:53:13.935 Z,FALSE
20056,3585,23904982,,,{},2014-02-01 00:42:37.920,33,,2014-02-04 16:56:31.351,PrintMailDelinquencyTenantEvent,,22806ea1-3fde-4413-a1e5-12e3e1e49a70,2024-03-07 18:57:06.995,,,,14,,5994,5155,,,TRUE,,,,FALSE,DelinquencyStageAction,20055,,,,,31,,,FALSE,letter_sent,2026-07-09 08:52:51.022 Z,2026-07-09 08:26:50.521 Z,9999-12-31 23:59:59.999 Z,TRUE
20057,3585,23905365,,,"{
  ""applied_date"": ""2013-09-09"",
  ""invoice_id"": ""5235"",
  ""line_item_id"": ""5358""
}",2014-02-01 00:42:37.978,27,,,DelinquencyStageTenantEvent,,c416e16a-5d32-436b-892b-dac1bee3438c,2014-04-08 03:12:01.376,,,,14,,,5155,,,FALSE,,,,FALSE,DelinquencyStage,,,,,,,,,FALSE,applied,2026-08-05 13:02:59.079 Z,2026-08-05 12:53:13.936 Z,9999-12-31 23:59:59.999 Z,TRUE
20057,3585,23905365,,,"{
  ""applied_date"": ""2013-09-09"",
  ""invoice_id"": ""5235"",
  ""line_item_id"": ""5358""
}",2014-02-01 00:42:37.978,27,,,DelinquencyStageTenantEvent,,c416e16a-5d32-436b-892b-dac1bee3438c,2014-04-08 03:12:01.376,,,,14,,,5155,,,FALSE,,,,FALSE,DelinquencyStage,,,,,,,,,FALSE,applied,2026-07-09 08:38:19.142 Z,2026-07-09 08:26:50.521 Z,2026-08-05 12:53:13.935 Z,FALSE
20058,3585,23905365,,,"{
  ""fee_invoice_id"": ""5236""
}",2014-02-01 00:42:37.985,34,,2014-02-01 00:42:37.977,AddFeeDelinquencyTenantEvent,,0c853f49-cdec-488a-8dce-eb28c63de54a,2014-02-01 00:42:38.570,,,,14,,,5155,,,TRUE,,,,FALSE,DelinquencyStageAction,20057,,,,,,,,FALSE,applied,2026-08-05 12:53:15.204 Z,2026-08-05 12:53:13.936 Z,9999-12-31 23:59:59.999 Z,TRUE
20058,3585,23905365,,,"{
  ""fee_invoice_id"": ""5236""
}",2014-02-01 00:42:37.985,34,,2014-02-01 00:42:37.977,AddFeeDelinquencyTenantEvent,,0c853f49-cdec-488a-8dce-eb28c63de54a,2014-02-01 00:42:38.570,,,,14,,,5155,,,TRUE,,,,FALSE,DelinquencyStageAction,20057,,,,,,,,FALSE,applied,2026-07-09 08:26:51.185 Z,2026-07-09 08:26:50.521 Z,2026-08-05 12:53:13.935 Z,FALSE
20059,3585,23905674,,,"{
  ""applied_date"": ""2013-09-14"",
  ""invoice_id"": ""5235"",
  ""line_item_id"": ""5358""
}",2014-02-01 00:42:38.141,28,,,DelinquencyStageTenantEvent,,e5b6163b-d079-4ac2-929b-00e219ede87a,2014-04-08 03:12:01.406,,,,14,,,5155,,,FALSE,,,,FALSE,DelinquencyStage,,,,,,,,,FALSE,applied,2026-08-05 13:02:59.204 Z,2026-08-05 12:53:13.936 Z,9999-12-31 23:59:59.999 Z,TRUE
20059,3585,23905674,,,"{
  ""applied_date"": ""2013-09-14"",
  ""invoice_id"": ""5235"",
  ""line_item_id"": ""5358""
}",2014-02-01 00:42:38.141,28,,,DelinquencyStageTenantEvent,,e5b6163b-d079-4ac2-929b-00e219ede87a,2014-04-08 03:12:01.406,,,,14,,,5155,,,FALSE,,,,FALSE,DelinquencyStage,,,,,,,,,FALSE,applied,2026-07-09 08:38:19.253 Z,2026-07-09 08:26:50.521 Z,2026-08-05 12:53:13.935 Z,FALSE
20060,3585,23905674,,,{},2014-02-01 00:42:38.147,35,,2014-02-04 16:56:28.736,PrintMailDelinquencyTenantEvent,,6fcf027e-f13c-4fd4-969d-2ccf3fcae9dc,2024-03-07 18:57:06.995,,,,14,,5994,5155,,,TRUE,,,,FALSE,DelinquencyStageAction,20059,,,,,31,,,FALSE,letter_sent,2026-07-09 08:52:51.022 Z,2026-07-09 08:26:50.521 Z,9999-12-31 23:59:59.999 Z,TRUE
20061,3585,23905999,,,"{
  ""applied_date"": ""2013-09-29"",
  ""invoice_id"": ""5235"",
  ""line_item_id"": ""5358""
}",2014-02-01 00:42:38.199,29,,,DelinquencyStageTenantEvent,,94bbe6c4-bb99-4b14-81ad-d5df0d31e36f,2014-04-08 03:12:01.435,,,,14,,,5155,,,FALSE,,,,FALSE,DelinquencyStage,,,,,,,,,FALSE,applied,2026-08-05 12:53:14.057 Z,2026-08-05 12:53:13.936 Z,9999-12-31 23:59:59.999 Z,TRUE
20061,3585,23905999,,,"{
  ""applied_date"": ""2013-09-29"",
  ""invoice_id"": ""5235"",
  ""line_item_id"": ""5358""
}",2014-02-01 00:42:38.199,29,,,DelinquencyStageTenantEvent,,94bbe6c4-bb99-4b14-81ad-d5df0d31e36f,2014-04-08 03:12:01.435,,,,14,,,5155,,,FALSE,,,,FALSE,DelinquencyStage,,,,,,,,,FALSE,applied,2026-07-09 08:26:50.667 Z,2026-07-09 08:26:50.521 Z,2026-08-05 12:53:13.935 Z,FALSE
20062,3585,23905999,,,{},2014-02-01 00:42:38.205,36,,2014-02-04 16:56:24.901,PrintMailDelinquencyTenantEvent,,1d389afe-9be0-4825-94d8-30a9b30fe551,2024-03-07 18:57:06.995,,,,14,,5994,5155,,,TRUE,,,,FALSE,DelinquencyStageAction,20061,,,,,31,,,FALSE,letter_sent,2026-07-09 08:52:51.022 Z,2026-07-09 08:26:50.521 Z,9999-12-31 23:59:59.999 Z,TRUE
20063,3585,23906274,,,"{
  ""applied_date"": ""2013-10-14"",
  ""invoice_id"": ""5235"",
  ""line_item_id"": ""5358""
}",2014-02-01 00:42:38.257,30,,,DelinquencyStageTenantEvent,,32ac6be8-8232-42ae-89d6-b8b85f9df15c,2014-04-08 03:12:01.464,,,,14,,,5155,,,FALSE,,,,FALSE,DelinquencyStage,,,,,,,,,FALSE,applied,2026-07-09 08:26:53.011 Z,2026-07-09 08:26:50.521 Z,2026-08-05 12:53:13.935 Z,FALSE
20063,3585,23906274,,,"{
  ""applied_date"": ""2013-10-14"",
  ""invoice_id"": ""5235"",
  ""line_item_id"": ""5358""
}",2014-02-01 00:42:38.257,30,,,DelinquencyStageTenantEvent,,32ac6be8-8232-42ae-89d6-b8b85f9df15c,2014-04-08 03:12:01.464,,,,14,,,5155,,,FALSE,,,,FALSE,DelinquencyStage,,,,,,,,,FALSE,applied,2026-08-05 12:53:16.828 Z,2026-08-05 12:53:13.936 Z,9999-12-31 23:59:59.999 Z,TRUE
20064,3585,23906274,,,{},2014-02-01 00:42:38.263,37,,2014-02-04 16:56:21.820,PrintMailDelinquencyTenantEvent,,17a559d0-1cd0-436f-b060-693ae9931610,2024-03-07 18:57:06.995,,,,14,,5994,5155,,,TRUE,,,,FALSE,DelinquencyStageAction,20063,,,,,31,,,FALSE,letter_sent,2026-07-09 08:52:51.022 Z,2026-07-09 08:26:50.521 Z,9999-12-31 23:59:59.999 Z,TRUE
20065,3585,23906544,,,"{
  ""applied_date"": ""2013-10-29"",
  ""invoice_id"": ""5235"",
  ""line_item_id"": ""5358""
}",2014-02-01 00:42:38.316,31,,,DelinquencyStageTenantEvent,,eef5db0e-98b6-49b6-ad7b-2e9c53a9fa6e,2014-04-08 03:12:01.492,,,,14,,,5155,,,FALSE,,,,FALSE,DelinquencyStage,,,,,,,,,FALSE,applied,2026-08-05 13:02:59.033 Z,2026-08-05 12:53:13.936 Z,9999-12-31 23:59:59.999 Z,TRUE
20065,3585,23906544,,,"{
  ""applied_date"": ""2013-10-29"",
  ""invoice_id"": ""5235"",
  ""line_item_id"": ""5358""
}",2014-02-01 00:42:38.316,31,,,DelinquencyStageTenantEvent,,eef5db0e-98b6-49b6-ad7b-2e9c53a9fa6e,2014-04-08 03:12:01.492,,,,14,,,5155,,,FALSE,,,,FALSE,DelinquencyStage,,,,,,,,,FALSE,applied,2026-07-09 08:38:19.102 Z,2026-07-09 08:26:50.521 Z,2026-08-05 12:53:13.935 Z,FALSE
20066,3585,23906544,,,{},2014-02-01 00:42:38.322,38,,2014-02-04 05:00:00.000,CutLockDelinquencyTenantEvent,,1a88e8bd-d1c6-48b0-ab37-fb4baa671d76,2024-03-07 18:57:06.995,,,,14,,5994,5155,,,TRUE,,,,FALSE,DelinquencyStageAction,20065,,,,,31,,,FALSE,lock_cut,2026-07-09 08:52:51.019 Z,2026-07-09 08:26:50.521 Z,9999-12-31 23:59:59.999 Z,TRUE
20067,3585,23906854,,,"{
  ""applied_date"": ""2013-11-13"",
  ""invoice_id"": ""5235"",
  ""line_item_id"": ""5358""
}",2014-02-01 00:42:38.373,32,,,DelinquencyStageTenantEvent,,37a70521-2ca4-4a64-a57d-0921159e6e0f,2014-04-08 03:12:01.522,,,,14,,,5155,,,FALSE,,,,FALSE,DelinquencyStage,,,,,,,,,FALSE,applied,2026-07-09 08:38:19.216 Z,2026-07-09 08:26:50.521 Z,2026-08-05 12:53:13.935 Z,FALSE
20067,3585,23906854,,,"{
  ""applied_date"": ""2013-11-13"",
  ""invoice_id"": ""5235"",
  ""line_item_id"": ""5358""
}",2014-02-01 00:42:38.373,32,,,DelinquencyStageTenantEvent,,37a70521-2ca4-4a64-a57d-0921159e6e0f,2014-04-08 03:12:01.522,,,,14,,,5155,,,FALSE,,,,FALSE,DelinquencyStage,,,,,,,,,FALSE,applied,2026-08-05 13:02:59.163 Z,2026-08-05 12:53:13.936 Z,9999-12-31 23:59:59.999 Z,TRUE
20068,3585,23906854,,,{},2014-02-01 00:42:38.379,39,,2014-02-04 16:56:15.602,PrintMailDelinquencyTenantEvent,,09f6450d-2c0b-4989-be02-998b86bc57a3,2024-03-07 18:57:06.995,,,,14,,5994,5155,,,TRUE,,,,FALSE,DelinquencyStageAction,20067,,,,,31,,,FALSE,letter_sent,2026-07-09 08:52:51.022 Z,2026-07-09 08:26:50.521 Z,9999-12-31 23:59:59.999 Z,TRUE
20069,3585,23907164,,,"{
  ""applied_date"": ""2013-11-28"",
  ""invoice_id"": ""5235"",
  ""line_item_id"": ""5358""
}",2014-02-01 00:42:38.436,33,,,DelinquencyStageTenantEvent,,f056c082-514e-49b7-b52a-576176d9a81d,2014-04-08 03:12:01.551,,,,14,,,5155,,,FALSE,,,,FALSE,DelinquencyStage,,,,,,,,,FALSE,applied,2026-08-05 13:02:58.523 Z,2026-08-05 12:53:13.936 Z,9999-12-31 23:59:59.999 Z,TRUE
20069,3585,23907164,,,"{
  ""applied_date"": ""2013-11-28"",
  ""invoice_id"": ""5235"",
  ""line_item_id"": ""5358""
}",2014-02-01 00:42:38.436,33,,,DelinquencyStageTenantEvent,,f056c082-514e-49b7-b52a-576176d9a81d,2014-04-08 03:12:01.551,,,,14,,,5155,,,FALSE,,,,FALSE,DelinquencyStage,,,,,,,,,FALSE,applied,2026-07-09 08:38:18.635 Z,2026-07-09 08:26:50.521 Z,2026-08-05 12:53:13.935 Z,FALSE
20070,3585,23907164,,,"{
  ""fee_invoice_id"": ""5236""
}",2014-02-01 00:42:38.442,40,,2014-02-01 00:42:38.434,AddFeeDelinquencyTenantEvent,,a18a4d19-bc1f-4584-a86e-34429147f06d,2014-02-01 00:42:38.550,,,,14,,,5155,,,TRUE,,,,FALSE,DelinquencyStageAction,20069,,,,,,,,FALSE,applied,2026-07-09 08:26:51.185 Z,2026-07-09 08:26:50.521 Z,2026-08-05 12:53:13.935 Z,FALSE
20070,3585,23907164,,,"{
  ""fee_invoice_id"": ""5236""
}",2014-02-01 00:42:38.442,40,,2014-02-01 00:42:38.434,AddFeeDelinquencyTenantEvent,,a18a4d19-bc1f-4584-a86e-34429147f06d,2014-02-01 00:42:38.550,,,,14,,,5155,,,TRUE,,,,FALSE,DelinquencyStageAction,20069,,,,,,,,FALSE,applied,2026-08-05 12:53:15.204 Z,2026-08-05 12:53:13.936 Z,9999-12-31 23:59:59.999 Z,TRUE
20071,3585,23907594,,,"{
  ""applied_date"": ""2013-12-13"",
  ""invoice_id"": ""5235"",
  ""line_item_id"": ""5358""
}",2014-02-01 00:42:38.497,34,,,DelinquencyStageTenantEvent,,ce24ae0f-3d86-4809-9ae0-0b61b142492c,2014-04-08 03:12:01.580,,,,14,,,5155,,,FALSE,,,,FALSE,DelinquencyStage,,,,,,,,,FALSE,applied,2026-08-05 13:02:58.549 Z,2026-08-05 12:53:13.936 Z,9999-12-31 23:59:59.999 Z,TRUE
20071,3585,23907594,,,"{
  ""applied_date"": ""2013-12-13"",
  ""invoice_id"": ""5235"",
  ""line_item_id"": ""5358""
}",2014-02-01 00:42:38.497,34,,,DelinquencyStageTenantEvent,,ce24ae0f-3d86-4809-9ae0-0b61b142492c,2014-04-08 03:12:01.580,,,,14,,,5155,,,FALSE,,,,FALSE,DelinquencyStage,,,,,,,,,FALSE,applied,2026-07-09 08:38:18.661 Z,2026-07-09 08:26:50.521 Z,2026-08-05 12:53:13.935 Z,FALSE
20072,3585,23907594,,,{},2014-02-01 00:42:38.503,41,,2014-02-04 16:56:12.927,AuctionDelinquencyTenantEvent,,1efdbb42-2ade-401f-b7df-b168d6e8a01c,2024-03-07 18:57:06.995,,,,14,,5994,5155,,,TRUE,,,,FALSE,DelinquencyStageAction,,,,,,31,,,FALSE,unit_auctioned,2026-07-09 08:52:51.017 Z,2026-07-09 08:26:50.521 Z,9999-12-31 23:59:59.999 Z,TRUE
20073,3586,,,,{},2014-02-01 00:42:38.891,,,,NoteEvent,,b9f4dd5f-3568-4563-8219-739aaeee94b7,2014-04-08 03:13:27.332,,,,14,,,,,,FALSE,,,,FALSE,,,,,,,,,,FALSE,,2026-07-09 08:26:52.386 Z,2026-07-09 08:26:50.521 Z,2026-08-05 12:53:13.935 Z,FALSE
20073,3586,,,,{},2014-02-01 00:42:38.891,,,,NoteEvent,,b9f4dd5f-3568-4563-8219-739aaeee94b7,2014-04-08 03:13:27.332,,,,14,,,,,,FALSE,,,,FALSE,,,,,,,,,,FALSE,,2026-08-05 12:53:16.312 Z,2026-08-05 12:53:13.936 Z,9999-12-31 23:59:59.999 Z,TRUE
20074,3586,,,,"{
  ""gate_access_code"": ""01863"",
  ""move_in_date"": ""2010-03-01"",
  ""move_in_initiated_date"": ""2010-03-01"",
  ""rate"": ""80.0""
}",2010-03-01 10:00:00.000,,,2014-02-01 00:42:38.919,MoveInUnitEvent,,784c163d-542c-4abc-abdf-5c449c5d35ca,2014-04-08 03:12:54.086,,,,14,,5995,5156,,,TRUE,,,,FALSE,,,,,,,,,,FALSE,,2026-07-09 08:41:00.115 Z,2026-07-09 08:26:50.521 Z,9999-12-31 23:59:59.999 Z,TRUE
20075,3586,,,,"{
  ""invoice_sent"": ""true""
}",2014-02-01 00:42:39.320,5238,,,InvoiceSentTenantEvent,,f91915d9-fee4-4e0b-9426-02153aa880d8,2014-02-01 00:42:39.332,,,,14,,,,,,TRUE,,,,FALSE,Invoice,,,,,,,,,FALSE,,2026-07-09 08:26:52.385 Z,2026-07-09 08:26:50.521 Z,2026-08-05 12:53:13.935 Z,FALSE
20075,3586,,,,"{
  ""invoice_sent"": ""true""
}",2014-02-01 00:42:39.320,5238,,,InvoiceSentTenantEvent,,f91915d9-fee4-4e0b-9426-02153aa880d8,2014-02-01 00:42:39.332,,,,14,,,,,,TRUE,,,,FALSE,Invoice,,,,,,,,,FALSE,,2026-08-05 12:53:16.312 Z,2026-08-05 12:53:13.936 Z,9999-12-31 23:59:59.999 Z,TRUE
20076,3586,,,,"{
  ""invoice_sent"": ""true""
}",2014-02-01 00:42:39.469,5239,,,InvoiceSentTenantEvent,,6a7be524-84aa-4f2c-a6b6-03f9aed3c03d,2014-02-01 00:42:39.481,,,,14,,,,,,TRUE,,,,FALSE,Invoice,,,,,,,,,FALSE,,2026-07-09 08:26:52.385 Z,2026-07-09 08:26:50.521 Z,2026-08-05 12:53:13.935 Z,FALSE
20076,3586,,,,"{
  ""invoice_sent"": ""true""
}",2014-02-01 00:42:39.469,5239,,,InvoiceSentTenantEvent,,6a7be524-84aa-4f2c-a6b6-03f9aed3c03d,2014-02-01 00:42:39.481,,,,14,,,,,,TRUE,,,,FALSE,Invoice,,,,,,,,,FALSE,,2026-08-05 12:53:16.312 Z,2026-08-05 12:53:13.936 Z,9999-12-31 23:59:59.999 Z,TRUE
20077,3586,,,,"{
  ""invoice_sent"": ""true""
}",2014-02-01 00:42:39.622,5240,,,InvoiceSentTenantEvent,,838cdbeb-02ed-4942-9121-05280a5f7803,2014-02-01 00:42:39.636,,,,14,,,,,,TRUE,,,,FALSE,Invoice,,,,,,,,,FALSE,,2026-08-05 12:53:16.312 Z,2026-08-05 12:53:13.936 Z,9999-12-31 23:59:59.999 Z,TRUE
20077,3586,,,,"{
  ""invoice_sent"": ""true""
}",2014-02-01 00:42:39.622,5240,,,InvoiceSentTenantEvent,,838cdbeb-02ed-4942-9121-05280a5f7803,2014-02-01 00:42:39.636,,,,14,,,,,,TRUE,,,,FALSE,Invoice,,,,,,,,,FALSE,,2026-07-09 08:26:52.385 Z,2026-07-09 08:26:50.521 Z,2026-08-05 12:53:13.935 Z,FALSE
20078,3586,,,,"{
  ""invoice_sent"": ""true""
}",2014-02-01 00:42:39.895,5241,,,InvoiceSentTenantEvent,,f6369fbb-6048-4493-8801-a742073c2f43,2014-02-01 00:42:39.907,,,,14,,,,,,TRUE,,,,FALSE,Invoice,,,,,,,,,FALSE,,2026-07-09 08:26:52.386 Z,2026-07-09 08:26:50.521 Z,2026-08-05 12:53:13.935 Z,FALSE
20078,3586,,,,"{
  ""invoice_sent"": ""true""
}",2014-02-01 00:42:39.895,5241,,,InvoiceSentTenantEvent,,f6369fbb-6048-4493-8801-a742073c2f43,2014-02-01 00:42:39.907,,,,14,,,,,,TRUE,,,,FALSE,Invoice,,,,,,,,,FALSE,,2026-08-05 12:53:16.312 Z,2026-08-05 12:53:13.936 Z,9999-12-31 23:59:59.999 Z,TRUE
20079,3586,23911394,,,"{
  ""applied_date"": ""2013-12-11"",
  ""invoice_id"": ""5239"",
  ""line_item_id"": ""5362"",
  ""resolved_date"": ""2014-03-14""
}",2014-02-01 00:42:39.970,23,,,DelinquencyStageTenantEvent,,848ebd3d-aa16-443f-a272-d22fbd497166,2014-04-08 03:12:01.632,,,,14,,,5156,,,TRUE,,,,FALSE,DelinquencyStage,,,,,,,,,FALSE,removed,2026-07-09 08:26:50.667 Z,2026-07-09 08:26:50.521 Z,2026-08-05 12:53:13.935 Z,FALSE
20079,3586,23911394,,,"{
  ""applied_date"": ""2013-12-11"",
  ""invoice_id"": ""5239"",
  ""line_item_id"": ""5362"",
  ""resolved_date"": ""2014-03-14""
}",2014-02-01 00:42:39.970,23,,,DelinquencyStageTenantEvent,,848ebd3d-aa16-443f-a272-d22fbd497166,2014-04-08 03:12:01.632,,,,14,,,5156,,,TRUE,,,,FALSE,DelinquencyStage,,,,,,,,,FALSE,removed,2026-08-05 12:53:14.057 Z,2026-08-05 12:53:13.936 Z,9999-12-31 23:59:59.999 Z,TRUE
20080,3586,23911394,,,"{
  ""fee_invoice_id"": ""5240""
}",2014-02-01 00:42:39.976,28,,2014-02-01 00:42:39.968,AddFeeDelinquencyTenantEvent,,f2ab7f0b-39b3-46dc-9036-17ca90e46ef6,2014-03-14 19:32:26.507,,,,14,,,5156,,,TRUE,,,,FALSE,DelinquencyStageAction,20079,,,,,,,,FALSE,removed,2026-08-05 12:53:14.585 Z,2026-08-05 12:53:13.936 Z,9999-12-31 23:59:59.999 Z,TRUE
20080,3586,23911394,,,"{
  ""fee_invoice_id"": ""5240""
}",2014-02-01 00:42:39.976,28,,2014-02-01 00:42:39.968,AddFeeDelinquencyTenantEvent,,f2ab7f0b-39b3-46dc-9036-17ca90e46ef6,2014-03-14 19:32:26.507,,,,14,,,5156,,,TRUE,,,,FALSE,DelinquencyStageAction,20079,,,,,,,,FALSE,removed,2026-07-09 08:26:50.891 Z,2026-07-09 08:26:50.521 Z,2026-08-05 12:53:13.935 Z,FALSE
20081,3586,23911394,,,{},2014-02-01 00:42:39.997,29,,2014-03-14 04:00:00.000,GateLockoutDelinquencyTenantEvent,,4d91db88-6c2e-45fa-9c65-deb6b544b15d,2014-03-14 19:32:26.587,,,,14,,,5156,,,TRUE,,,,FALSE,DelinquencyStageAction,20079,,,,,,,,FALSE,removed,2026-08-05 13:02:58.624 Z,2026-08-05 12:53:13.936 Z,9999-12-31 23:59:59.999 Z,TRUE
20081,3586,23911394,,,{},2014-02-01 00:42:39.997,29,,2014-03-14 04:00:00.000,GateLockoutDelinquencyTenantEvent,,4d91db88-6c2e-45fa-9c65-deb6b544b15d,2014-03-14 19:32:26.587,,,,14,,,5156,,,TRUE,,,,FALSE,DelinquencyStageAction,20079,,,,,,,,FALSE,removed,2026-07-09 08:38:18.738 Z,2026-07-09 08:26:50.521 Z,2026-08-05 12:53:13.935 Z,FALSE
20082,3586,23911394,,,{},2014-02-01 00:42:40.050,30,,2014-03-14 19:33:52.342,OverlockDelinquencyTenantEvent,,52b4c9fb-9dee-478a-bc44-bb58ebf18ead,2014-03-14 19:33:52.343,,,,14,,5995,5156,,,TRUE,,,,FALSE,DelinquencyStageAction,20079,,,,,49,,,FALSE,overlock_removed,2026-07-09 08:38:18.738 Z,2026-07-09 08:26:50.521 Z,2026-08-05 12:53:13.935 Z,FALSE
20082,3586,23911394,,,{},2014-02-01 00:42:40.050,30,,2014-03-14 19:33:52.342,OverlockDelinquencyTenantEvent,,52b4c9fb-9dee-478a-bc44-bb58ebf18ead,2014-03-14 19:33:52.343,,,,14,,5995,5156,,,TRUE,,,,FALSE,DelinquencyStageAction,20079,,,,,49,,,FALSE,overlock_removed,2026-08-05 13:02:58.624 Z,2026-08-05 12:53:13.936 Z,9999-12-31 23:59:59.999 Z,TRUE
20083,3586,23911808,,,"{
  ""applied_date"": ""2013-12-16"",
  ""invoice_id"": ""5239"",
  ""line_item_id"": ""5362"",
  ""resolved_date"": ""2014-03-14""
}",2014-02-01 00:42:40.104,24,,,DelinquencyStageTenantEvent,,504fed37-dc88-40ff-8048-83c93faa1d07,2014-04-08 03:12:01.663,,,,14,,,5156,,,TRUE,,,,FALSE,DelinquencyStage,,,,,,,,,FALSE,removed,2026-07-09 08:38:18.738 Z,2026-07-09 08:26:50.521 Z,2026-08-05 12:53:13.935 Z,FALSE
20083,3586,23911808,,,"{
  ""applied_date"": ""2013-12-16"",
  ""invoice_id"": ""5239"",
  ""line_item_id"": ""5362"",
  ""resolved_date"": ""2014-03-14""
}",2014-02-01 00:42:40.104,24,,,DelinquencyStageTenantEvent,,504fed37-dc88-40ff-8048-83c93faa1d07,2014-04-08 03:12:01.663,,,,14,,,5156,,,TRUE,,,,FALSE,DelinquencyStage,,,,,,,,,FALSE,removed,2026-08-05 13:02:58.624 Z,2026-08-05 12:53:13.936 Z,9999-12-31 23:59:59.999 Z,TRUE
20084,3586,23911808,,,{},2014-02-01 00:42:40.110,31,,2014-02-04 16:59:00.446,PrintMailDelinquencyTenantEvent,,d3e3b475-a16b-4ab8-8e1e-76ff092ef23c,2014-02-04 16:59:00.447,,,,14,,5995,5156,,,TRUE,,,,FALSE,DelinquencyStageAction,20083,,,,,31,,,FALSE,letter_sent,2026-08-05 12:53:57.408 Z,2026-08-05 12:53:13.936 Z,9999-12-31 23:59:59.999 Z,TRUE
20084,3586,23911808,,,{},2014-02-01 00:42:40.110,31,,2014-02-04 16:59:00.446,PrintMailDelinquencyTenantEvent,,d3e3b475-a16b-4ab8-8e1e-76ff092ef23c,2014-02-04 16:59:00.447,,,,14,,5995,5156,,,TRUE,,,,FALSE,DelinquencyStageAction,20083,,,,,31,,,FALSE,letter_sent,2026-07-09 08:27:38.945 Z,2026-07-09 08:26:50.521 Z,2026-08-05 12:53:13.935 Z,FALSE
20085,3586,23912044,,,"{
  ""applied_date"": ""2014-01-10"",
  ""invoice_id"": ""5239"",
  ""line_item_id"": ""5362"",
  ""resolved_date"": ""2014-03-14""
}",2014-02-01 00:42:40.169,25,,,DelinquencyStageTenantEvent,,4577bce7-b2cc-42a6-91a2-be52961b0881,2014-04-08 03:12:01.693,,,,14,,,5156,,,TRUE,,,,FALSE,DelinquencyStage,,,,,,,,,FALSE,removed,2026-07-09 08:38:18.739 Z,2026-07-09 08:26:50.521 Z,2026-08-05 12:53:13.935 Z,FALSE
20085,3586,23912044,,,"{
  ""applied_date"": ""2014-01-10"",
  ""invoice_id"": ""5239"",
  ""line_item_id"": ""5362"",
  ""resolved_date"": ""2014-03-14""
}",2014-02-01 00:42:40.169,25,,,DelinquencyStageTenantEvent,,4577bce7-b2cc-42a6-91a2-be52961b0881,2014-04-08 03:12:01.693,,,,14,,,5156,,,TRUE,,,,FALSE,DelinquencyStage,,,,,,,,,FALSE,removed,2026-08-05 13:02:58.625 Z,2026-08-05 12:53:13.936 Z,9999-12-31 23:59:59.999 Z,TRUE
20086,3586,23912044,,,"{
  ""fee_invoice_id"": ""5240""
}",2014-02-01 00:42:40.175,32,,2014-02-01 00:42:40.167,AddFeeDelinquencyTenantEvent,,20f4cf7e-f465-4254-a2a6-53d65db4356e,2014-03-14 19:32:26.835,,,,14,,,5156,,,TRUE,,,,FALSE,DelinquencyStageAction,20085,,,,,,,,FALSE,removed,2026-08-05 13:02:58.626 Z,2026-08-05 12:53:13.936 Z,9999-12-31 23:59:59.999 Z,TRUE
20086,3586,23912044,,,"{
  ""fee_invoice_id"": ""5240""
}",2014-02-01 00:42:40.175,32,,2014-02-01 00:42:40.167,AddFeeDelinquencyTenantEvent,,20f4cf7e-f465-4254-a2a6-53d65db4356e,2014-03-14 19:32:26.835,,,,14,,,5156,,,TRUE,,,,FALSE,DelinquencyStageAction,20085,,,,,,,,FALSE,removed,2026-07-09 08:38:18.740 Z,2026-07-09 08:26:50.521 Z,2026-08-05 12:53:13.935 Z,FALSE
20087,3586,23912391,,,"{
  ""applied_date"": ""2014-01-15"",
  ""invoice_id"": ""5239"",
  ""line_item_id"": ""5362"",
  ""resolved_date"": ""2014-03-14""
}",2014-02-01 00:42:40.230,26,,,DelinquencyStageTenantEvent,,a2d3c048-1a80-4044-9bf6-f39327dda6d5,2014-04-08 03:12:01.725,,,,14,,,5156,,,TRUE,,,,FALSE,DelinquencyStage,,,,,,,,,FALSE,removed,2026-08-05 13:02:58.626 Z,2026-08-05 12:53:13.936 Z,9999-12-31 23:59:59.999 Z,TRUE
20087,3586,23912391,,,"{
  ""applied_date"": ""2014-01-15"",
  ""invoice_id"": ""5239"",
  ""line_item_id"": ""5362"",
  ""resolved_date"": ""2014-03-14""
}",2014-02-01 00:42:40.230,26,,,DelinquencyStageTenantEvent,,a2d3c048-1a80-4044-9bf6-f39327dda6d5,2014-04-08 03:12:01.725,,,,14,,,5156,,,TRUE,,,,FALSE,DelinquencyStage,,,,,,,,,FALSE,removed,2026-07-09 08:38:18.740 Z,2026-07-09 08:26:50.521 Z,2026-08-05 12:53:13.935 Z,FALSE
20088,3586,23912391,,,{},2014-02-01 00:42:40.236,33,,2014-02-04 16:58:57.193,PrintMailDelinquencyTenantEvent,,1335bf88-4f6f-481b-bc19-cea85605351c,2014-02-04 16:58:57.194,,,,14,,5995,5156,,,TRUE,,,,FALSE,DelinquencyStageAction,20087,,,,,31,,,FALSE,letter_sent,2026-08-05 12:53:57.411 Z,2026-08-05 12:53:13.936 Z,9999-12-31 23:59:59.999 Z,TRUE
20088,3586,23912391,,,{},2014-02-01 00:42:40.236,33,,2014-02-04 16:58:57.193,PrintMailDelinquencyTenantEvent,,1335bf88-4f6f-481b-bc19-cea85605351c,2014-02-04 16:58:57.194,,,,14,,5995,5156,,,TRUE,,,,FALSE,DelinquencyStageAction,20087,,,,,31,,,FALSE,letter_sent,2026-07-09 08:27:38.953 Z,2026-07-09 08:26:50.521 Z,2026-08-05 12:53:13.935 Z,FALSE
20089,3587,,,,"{
  ""gate_access_code"": ""03160"",
  ""move_in_date"": ""2014-01-16"",
  ""move_in_initiated_date"": ""2014-01-16"",
  ""rate"": ""80.0""
}",2014-01-16 10:00:00.000,,,2014-02-01 00:42:40.621,MoveInUnitEvent,,3539a96e-ccda-49a1-b55b-2429e2baf88e,2014-04-08 03:12:54.105,,,,14,,5996,5157,,,TRUE,,,,FALSE,,,,,,,,,,FALSE,,2026-07-09 08:41:00.488 Z,2026-07-09 08:26:50.521 Z,9999-12-31 23:59:59.999 Z,TRUE
20090,3587,,,,"{
  ""invoice_sent"": ""true""
}",2014-02-01 00:42:40.923,5242,,,InvoiceSentTenantEvent,,f50e9b72-76a2-4809-ac6b-1cb9b0624fc0,2014-02-01 00:42:40.946,,,,14,,,,,,TRUE,,,,FALSE,Invoice,,,,,,,,,FALSE,,2026-08-05 12:53:16.312 Z,2026-08-05 12:53:13.936 Z,9999-12-31 23:59:59.999 Z,TRUE
20090,3587,,,,"{
  ""invoice_sent"": ""true""
}",2014-02-01 00:42:40.923,5242,,,InvoiceSentTenantEvent,,f50e9b72-76a2-4809-ac6b-1cb9b0624fc0,2014-02-01 00:42:40.946,,,,14,,,,,,TRUE,,,,FALSE,Invoice,,,,,,,,,FALSE,,2026-07-09 08:26:52.386 Z,2026-07-09 08:26:50.521 Z,2026-08-05 12:53:13.935 Z,FALSE
20091,3587,,,,"{
  ""invoice_sent"": ""true""
}",2014-02-01 00:42:41.204,5243,,,InvoiceSentTenantEvent,,655dce3b-fcb7-4338-8477-8275eb9fec71,2014-02-01 00:42:41.200,,,,14,,,,,,TRUE,,,,FALSE,Invoice,,,,,,,,,FALSE,,2026-07-09 08:26:52.386 Z,2026-07-09 08:26:50.521 Z,2026-08-05 12:53:13.935 Z,FALSE
20091,3587,,,,"{
  ""invoice_sent"": ""true""
}",2014-02-01 00:42:41.204,5243,,,InvoiceSentTenantEvent,,655dce3b-fcb7-4338-8477-8275eb9fec71,2014-02-01 00:42:41.200,,,,14,,,,,,TRUE,,,,FALSE,Invoice,,,,,,,,,FALSE,,2026-08-05 12:53:16.312 Z,2026-08-05 12:53:13.936 Z,9999-12-31 23:59:59.999 Z,TRUE
20092,3588,,,,"{
  ""gate_access_code"": ""08275"",
  ""move_in_date"": ""2007-05-09"",
  ""move_in_initiated_date"": ""2007-05-09"",
  ""rate"": ""55.0""
}",2007-05-09 10:00:00.000,,,2014-02-01 00:42:41.404,MoveInUnitEvent,,b665c97d-eddb-41a6-9570-48e01ce7e10c,2024-03-07 18:57:06.995,,,,14,,5997,5158,,,TRUE,,,,FALSE,,,,,,,,,,FALSE,,2026-07-09 08:52:51.113 Z,2026-07-09 08:26:50.521 Z,9999-12-31 23:59:59.999 Z,TRUE
20093,3588,,,,"{
  ""invoice_sent"": ""true""
}",2014-02-01 00:42:41.870,5244,,,InvoiceSentTenantEvent,,9162d1e6-1648-4fd1-a397-eebb09ad16a1,2014-02-01 00:42:41.885,,,,14,,,,,,TRUE,,,,FALSE,Invoice,,,,,,,,,FALSE,,2026-07-09 08:26:52.386 Z,2026-07-09 08:26:50.521 Z,2026-08-05 12:53:13.935 Z,FALSE
20093,3588,,,,"{
  ""invoice_sent"": ""true""
}",2014-02-01 00:42:41.870,5244,,,InvoiceSentTenantEvent,,9162d1e6-1648-4fd1-a397-eebb09ad16a1,2014-02-01 00:42:41.885,,,,14,,,,,,TRUE,,,,FALSE,Invoice,,,,,,,,,FALSE,,2026-08-05 12:53:16.312 Z,2026-08-05 12:53:13.936 Z,9999-12-31 23:59:59.999 Z,TRUE
20094,3588,,,,"{
  ""invoice_sent"": ""true""
}",2014-02-01 00:42:42.088,5245,,,InvoiceSentTenantEvent,,44abd348-aea1-4ebf-8e16-aba5316f44a6,2014-02-01 00:42:42.099,,,,14,,,,,,TRUE,,,,FALSE,Invoice,,,,,,,,,FALSE,,2026-07-09 08:26:52.386 Z,2026-07-09 08:26:50.521 Z,2026-08-05 12:53:13.935 Z,FALSE
20094,3588,,,,"{
  ""invoice_sent"": ""true""
}",2014-02-01 00:42:42.088,5245,,,InvoiceSentTenantEvent,,44abd348-aea1-4ebf-8e16-aba5316f44a6,2014-02-01 00:42:42.099,,,,14,,,,,,TRUE,,,,FALSE,Invoice,,,,,,,,,FALSE,,2026-08-05 12:53:16.312 Z,2026-08-05 12:53:13.936 Z,9999-12-31 23:59:59.999 Z,TRUE
20095,3589,,,,{},2014-02-01 00:42:42.362,,,,NoteEvent,,121cdfc4-6c13-497b-9964-515d097308da,2014-04-08 03:13:27.356,,,,14,,,,,,FALSE,,,,FALSE,,,,,,,,,,FALSE,,2026-07-09 08:26:52.386 Z,2026-07-09 08:26:50.521 Z,2026-08-05 12:53:13.935 Z,FALSE
20095,3589,,,,{},2014-02-01 00:42:42.362,,,,NoteEvent,,121cdfc4-6c13-497b-9964-515d097308da,2014-04-08 03:13:27.356,,,,14,,,,,,FALSE,,,,FALSE,,,,,,,,,,FALSE,,2026-08-05 12:53:16.312 Z,2026-08-05 12:53:13.936 Z,9999-12-31 23:59:59.999 Z,TRUE
20096,3589,,,,"{
  ""gate_access_code"": ""01523"",
  ""move_in_date"": ""2013-12-03"",
  ""move_in_initiated_date"": ""2013-12-03"",
  ""rate"": ""55.0""
}",2013-12-03 10:00:00.000,,,2014-02-01 00:42:42.389,MoveInUnitEvent,,fe227c48-d0ba-4137-a3bf-b4bb4b44b6eb,2024-03-07 18:57:06.995,,,,14,,5998,5159,,,TRUE,,,,FALSE,,,,,,,,,,FALSE,,2026-07-09 08:52:51.621 Z,2026-07-09 08:26:50.521 Z,9999-12-31 23:59:59.999 Z,TRUE
20097,3589,,,,"{
  ""invoice_sent"": ""true""
}",2014-02-01 00:42:42.787,5246,,,InvoiceSentTenantEvent,,eff52256-c8d7-4873-9a86-cd3d0d6e6ad7,2014-02-01 00:42:42.818,,,,14,,,,,,TRUE,,,,FALSE,Invoice,,,,,,,,,FALSE,,2026-08-05 12:53:16.312 Z,2026-08-05 12:53:13.936 Z,9999-12-31 23:59:59.999 Z,TRUE
20097,3589,,,,"{
  ""invoice_sent"": ""true""
}",2014-02-01 00:42:42.787,5246,,,InvoiceSentTenantEvent,,eff52256-c8d7-4873-9a86-cd3d0d6e6ad7,2014-02-01 00:42:42.818,,,,14,,,,,,TRUE,,,,FALSE,Invoice,,,,,,,,,FALSE,,2026-07-09 08:26:52.386 Z,2026-07-09 08:26:50.521 Z,2026-08-05 12:53:13.935 Z,FALSE
20098,3589,,,,"{
  ""invoice_sent"": ""true""
}",2014-02-01 00:42:42.941,5247,,,InvoiceSentTenantEvent,,7850388c-38f1-4636-8017-21db5ad3a239,2014-02-01 00:42:42.936,,,,14,,,,,,TRUE,,,,FALSE,Invoice,,,,,,,,,FALSE,,2026-07-09 08:26:52.386 Z,2026-07-09 08:26:50.521 Z,2026-08-05 12:53:13.935 Z,FALSE
20098,3589,,,,"{
  ""invoice_sent"": ""true""
}",2014-02-01 00:42:42.941,5247,,,InvoiceSentTenantEvent,,7850388c-38f1-4636-8017-21db5ad3a239,2014-02-01 00:42:42.936,,,,14,,,,,,TRUE,,,,FALSE,Invoice,,,,,,,,,FALSE,,2026-08-05 12:53:16.312 Z,2026-08-05 12:53:13.936 Z,9999-12-31 23:59:59.999 Z,TRUE
20099,3589,,,,"{
  ""invoice_sent"": ""true""
}",2014-02-01 00:42:43.115,5248,,,InvoiceSentTenantEvent,,fbe5e865-33b4-4f83-b6d8-dedf364ea77a,2014-02-01 00:42:43.134,,,,14,,,,,,TRUE,,,,FALSE,Invoice,,,,,,,,,FALSE,,2026-07-09 08:26:52.386 Z,2026-07-09 08:26:50.521 Z,2026-08-05 12:53:13.935 Z,FALSE
20099,3589,,,,"{
  ""invoice_sent"": ""true""
}",2014-02-01 00:42:43.115,5248,,,InvoiceSentTenantEvent,,fbe5e865-33b4-4f83-b6d8-dedf364ea77a,2014-02-01 00:42:43.134,,,,14,,,,,,TRUE,,,,FALSE,Invoice,,,,,,,,,FALSE,,2026-08-05 12:53:16.312 Z,2026-08-05 12:53:13.936 Z,9999-12-31 23:59:59.999 Z,TRUE
20100,3589,,,,"{
  ""invoice_sent"": ""true""
}",2014-02-01 00:42:43.405,5249,,,InvoiceSentTenantEvent,,a93658d6-9a8c-4200-acc6-b28327c1589f,2014-02-01 00:42:43.506,,,,14,,,,,,TRUE,,,,FALSE,Invoice,,,,,,,,,FALSE,,2026-07-09 08:26:52.386 Z,2026-07-09 08:26:50.521 Z,2026-08-05 12:53:13.935 Z,FALSE
20100,3589,,,,"{
  ""invoice_sent"": ""true""
}",2014-02-01 00:42:43.405,5249,,,InvoiceSentTenantEvent,,a93658d6-9a8c-4200-acc6-b28327c1589f,2014-02-01 00:42:43.506,,,,14,,,,,,TRUE,,,,FALSE,Invoice,,,,,,,,,FALSE,,2026-08-05 12:53:16.312 Z,2026-08-05 12:53:13.936 Z,9999-12-31 23:59:59.999 Z,TRUE
20101,3589,23919339,,,"{
  ""applied_date"": ""2014-02-11"",
  ""invoice_id"": ""5247"",
  ""line_item_id"": ""5372"",
  ""resolved_date"": ""2014-07-24""
}",2014-02-01 00:42:43.484,23,,,DelinquencyStageTenantEvent,,9a2394e3-3b63-478c-b734-8fd76639f365,2014-07-24 15:19:06.130,,,,14,,,5159,,,TRUE,,,,FALSE,DelinquencyStage,,,,,,,,,FALSE,removed,2026-07-09 08:38:19.572 Z,2026-07-09 08:26:50.521 Z,2026-08-05 12:53:13.935 Z,FALSE
20101,3589,23919339,,,"{
  ""applied_date"": ""2014-02-11"",
  ""invoice_id"": ""5247"",
  ""line_item_id"": ""5372"",
  ""resolved_date"": ""2014-07-24""
}",2014-02-01 00:42:43.484,23,,,DelinquencyStageTenantEvent,,9a2394e3-3b63-478c-b734-8fd76639f365,2014-07-24 15:19:06.130,,,,14,,,5159,,,TRUE,,,,FALSE,DelinquencyStage,,,,,,,,,FALSE,removed,2026-08-05 13:02:59.552 Z,2026-08-05 12:53:13.936 Z,9999-12-31 23:59:59.999 Z,TRUE
20102,3589,23919339,,,"{
  ""fee_invoice_id"": ""5248""
}",2014-02-01 00:42:43.490,28,,2014-02-01 00:42:43.482,AddFeeDelinquencyTenantEvent,,6b98b396-cf22-45e4-afa4-08941908a9e8,2014-07-24 15:19:06.092,,,,14,,,5159,,,TRUE,,,,FALSE,DelinquencyStageAction,20101,,,,,,,,FALSE,removed,2026-07-09 08:26:51.380 Z,2026-07-09 08:26:50.521 Z,2026-08-05 12:53:13.935 Z,FALSE
20102,3589,23919339,,,"{
  ""fee_invoice_id"": ""5248""
}",2014-02-01 00:42:43.490,28,,2014-02-01 00:42:43.482,AddFeeDelinquencyTenantEvent,,6b98b396-cf22-45e4-afa4-08941908a9e8,2014-07-24 15:19:06.092,,,,14,,,5159,,,TRUE,,,,FALSE,DelinquencyStageAction,20101,,,,,,,,FALSE,removed,2026-08-05 12:53:15.408 Z,2026-08-05 12:53:13.936 Z,9999-12-31 23:59:59.999 Z,TRUE
20103,3589,23919339,,,"{
  ""last_action_date"": ""2014-07-24""
}",2014-02-01 00:42:43.511,29,,2014-01-31 05:00:00.000,GateLockoutDelinquencyTenantEvent,,984bab3c-8aac-4a75-bf21-7e87ef83b97d,2014-07-24 15:19:06.049,,,,14,,,5159,,,TRUE,,,,FALSE,DelinquencyStageAction,20101,,,,,,,,FALSE,removed,2026-08-05 12:53:15.408 Z,2026-08-05 12:53:13.936 Z,9999-12-31 23:59:59.999 Z,TRUE
20103,3589,23919339,,,"{
  ""last_action_date"": ""2014-07-24""
}",2014-02-01 00:42:43.511,29,,2014-01-31 05:00:00.000,GateLockoutDelinquencyTenantEvent,,984bab3c-8aac-4a75-bf21-7e87ef83b97d,2014-07-24 15:19:06.049,,,,14,,,5159,,,TRUE,,,,FALSE,DelinquencyStageAction,20101,,,,,,,,FALSE,removed,2026-07-09 08:26:51.380 Z,2026-07-09 08:26:50.521 Z,2026-08-05 12:53:13.935 Z,FALSE
20104,3589,23919339,,,"{
  ""last_action_date"": ""2014-07-24""
}",2014-02-01 00:42:43.552,30,,2014-02-01 00:42:43.687,OverlockDelinquencyTenantEvent,,b1394392-0256-4dd6-b6a7-27963737d4d8,2024-03-07 18:57:06.995,,,,14,,5998,5159,,,TRUE,,,,FALSE,DelinquencyStageAction,20101,,,,,,,,FALSE,overlock_removed,2026-07-09 08:52:51.633 Z,2026-07-09 08:26:50.521 Z,9999-12-31 23:59:59.999 Z,TRUE
20105,3589,23919621,,,"{
  ""applied_date"": ""2014-02-16"",
  ""invoice_id"": ""5247"",
  ""line_item_id"": ""5372""
}",2014-02-01 00:42:43.607,24,,,DelinquencyStageTenantEvent,,39c4fe27-1de7-40c6-9dc9-8bb5c4ce52f9,2014-04-08 03:12:01.812,,,,14,,,5159,,,FALSE,,,,FALSE,DelinquencyStage,,,,,,,,,FALSE,applied,2026-08-05 12:53:16.839 Z,2026-08-05 12:53:13.936 Z,9999-12-31 23:59:59.999 Z,TRUE
20105,3589,23919621,,,"{
  ""applied_date"": ""2014-02-16"",
  ""invoice_id"": ""5247"",
  ""line_item_id"": ""5372""
}",2014-02-01 00:42:43.607,24,,,DelinquencyStageTenantEvent,,39c4fe27-1de7-40c6-9dc9-8bb5c4ce52f9,2014-04-08 03:12:01.812,,,,14,,,5159,,,FALSE,,,,FALSE,DelinquencyStage,,,,,,,,,FALSE,applied,2026-07-09 08:26:53.020 Z,2026-07-09 08:26:50.521 Z,2026-08-05 12:53:13.935 Z,FALSE
20106,3589,23919621,,,{},2014-02-01 00:42:43.613,31,,2014-02-04 16:59:09.145,PrintMailDelinquencyTenantEvent,,3fa18078-3d4c-47d8-89e7-6aec18059f63,2024-03-07 18:57:06.995,,,,14,,5998,5159,,,TRUE,,,,FALSE,DelinquencyStageAction,20105,,,,,31,,,FALSE,letter_sent,2026-07-09 08:52:51.640 Z,2026-07-09 08:26:50.521 Z,9999-12-31 23:59:59.999 Z,TRUE
20107,3590,,,,"{
  ""gate_access_code"": ""00895"",
  ""move_in_date"": ""2006-12-18"",
  ""move_in_initiated_date"": ""2006-12-18"",
  ""rate"": ""55.0""
}",2006-12-18 10:00:00.000,,,2014-02-01 00:42:43.909,MoveInUnitEvent,,043dba15-6c51-4da0-8e9e-5a69669d9874,2024-03-07 18:57:06.995,,,,14,,5999,5160,,,TRUE,,,,FALSE,,,,,,,,,,FALSE,,2026-07-09 08:52:51.653 Z,2026-07-09 08:26:50.521 Z,9999-12-31 23:59:59.999 Z,TRUE
20108,3590,,,,"{
  ""invoice_sent"": ""true""
}",2014-02-01 00:42:44.261,5250,,,InvoiceSentTenantEvent,,2766cc9a-80cb-4de4-8fca-c5f106211dd1,2014-02-01 00:42:44.275,,,,14,,,,,,TRUE,,,,FALSE,Invoice,,,,,,,,,FALSE,,2026-08-05 12:53:16.312 Z,2026-08-05 12:53:13.936 Z,9999-12-31 23:59:59.999 Z,TRUE
20108,3590,,,,"{
  ""invoice_sent"": ""true""
}",2014-02-01 00:42:44.261,5250,,,InvoiceSentTenantEvent,,2766cc9a-80cb-4de4-8fca-c5f106211dd1,2014-02-01 00:42:44.275,,,,14,,,,,,TRUE,,,,FALSE,Invoice,,,,,,,,,FALSE,,2026-07-09 08:26:52.386 Z,2026-07-09 08:26:50.521 Z,2026-08-05 12:53:13.935 Z,FALSE
20109,3590,,,,"{
  ""invoice_sent"": ""true""
}",2014-02-01 00:42:44.557,5251,,,InvoiceSentTenantEvent,,e5d655c7-b107-459b-a064-adb9b9a3803a,2014-02-01 00:42:44.568,,,,14,,,,,,TRUE,,,,FALSE,Invoice,,,,,,,,,FALSE,,2026-07-09 08:26:52.386 Z,2026-07-09 08:26:50.521 Z,2026-08-05 12:53:13.935 Z,FALSE
20109,3590,,,,"{
  ""invoice_sent"": ""true""
}",2014-02-01 00:42:44.557,5251,,,InvoiceSentTenantEvent,,e5d655c7-b107-459b-a064-adb9b9a3803a,2014-02-01 00:42:44.568,,,,14,,,,,,TRUE,,,,FALSE,Invoice,,,,,,,,,FALSE,,2026-08-05 12:53:16.312 Z,2026-08-05 12:53:13.936 Z,9999-12-31 23:59:59.999 Z,TRUE
20110,3591,,,,"{
  ""gate_access_code"": ""05906"",
  ""move_in_date"": ""2013-11-11"",
  ""move_in_initiated_date"": ""2013-11-11"",
  ""rate"": ""55.0""
}",2013-11-11 10:00:00.000,,,2014-02-01 00:42:44.776,MoveInUnitEvent,,990f80f7-7fe5-4090-8534-e774db24363b,2024-03-07 18:57:06.995,,,,14,,6000,5161,,,TRUE,,,,FALSE,,,,,,,,,,FALSE,,2026-07-09 08:52:51.664 Z,2026-07-09 08:26:50.521 Z,9999-12-31 23:59:59.999 Z,TRUE
20111,3591,,,,"{
  ""invoice_sent"": ""true""
}",2014-02-01 00:42:45.162,5252,,,InvoiceSentTenantEvent,,64287d24-dee3-4473-a1ff-14669ab80690,2014-02-01 00:42:45.175,,,,14,,,,,,TRUE,,,,FALSE,Invoice,,,,,,,,,FALSE,,2026-07-09 08:26:52.386 Z,2026-07-09 08:26:50.521 Z,2026-08-05 12:53:13.935 Z,FALSE
20111,3591,,,,"{
  ""invoice_sent"": ""true""
}",2014-02-01 00:42:45.162,5252,,,InvoiceSentTenantEvent,,64287d24-dee3-4473-a1ff-14669ab80690,2014-02-01 00:42:45.175,,,,14,,,,,,TRUE,,,,FALSE,Invoice,,,,,,,,,FALSE,,2026-08-05 12:53:16.312 Z,2026-08-05 12:53:13.936 Z,9999-12-31 23:59:59.999 Z,TRUE
20112,3591,,,,"{
  ""invoice_sent"": ""true""
}",2014-02-01 00:42:45.340,5253,,,InvoiceSentTenantEvent,,75d5297b-6800-4201-8493-2c9e555f3d4b,2014-02-01 00:42:45.352,,,,14,,,,,,TRUE,,,,FALSE,Invoice,,,,,,,,,FALSE,,2026-07-09 08:26:52.386 Z,2026-07-09 08:26:50.521 Z,2026-08-05 12:53:13.935 Z,FALSE
20112,3591,,,,"{
  ""invoice_sent"": ""true""
}",2014-02-01 00:42:45.340,5253,,,InvoiceSentTenantEvent,,75d5297b-6800-4201-8493-2c9e555f3d4b,2014-02-01 00:42:45.352,,,,14,,,,,,TRUE,,,,FALSE,Invoice,,,,,,,,,FALSE,,2026-08-05 12:53:16.312 Z,2026-08-05 12:53:13.936 Z,9999-12-31 23:59:59.999 Z,TRUE
20113,3592,,,,{},2014-02-01 00:42:45.589,,,,NoteEvent,,f637a88c-7961-47f2-a2fb-d0334c5690eb,2014-04-08 03:13:27.377,,,,14,,,,,,FALSE,,,,FALSE,,,,,,,,,,FALSE,,2026-08-05 12:53:16.312 Z,2026-08-05 12:53:13.936 Z,9999-12-31 23:59:59.999 Z,TRUE
20113,3592,,,,{},2014-02-01 00:42:45.589,,,,NoteEvent,,f637a88c-7961-47f2-a2fb-d0334c5690eb,2014-04-08 03:13:27.377,,,,14,,,,,,FALSE,,,,FALSE,,,,,,,,,,FALSE,,2026-07-09 08:26:52.386 Z,2026-07-09 08:26:50.521 Z,2026-08-05 12:53:13.935 Z,FALSE
20114,3592,,,,"{
  ""gate_access_code"": ""01964"",
  ""move_in_date"": ""2013-11-14"",
  ""move_in_initiated_date"": ""2013-11-14"",
  ""rate"": ""55.0""
}",2013-11-14 10:00:00.000,,,2014-02-01 00:42:45.616,MoveInUnitEvent,,57f08017-ada3-48da-8ef4-11ea8e759a33,2024-03-07 18:57:06.995,,,,14,,6001,5162,,,TRUE,,,,FALSE,,,,,,,,,,FALSE,,2026-07-09 08:52:51.749 Z,2026-07-09 08:26:50.521 Z,9999-12-31 23:59:59.999 Z,TRUE
20115,3592,,,,"{
  ""invoice_sent"": ""true""
}",2014-02-01 00:42:45.902,5254,,,InvoiceSentTenantEvent,,d52d7785-cc3b-4a56-a572-4e050ee825fc,2014-02-01 00:42:45.913,,,,14,,,,,,TRUE,,,,FALSE,Invoice,,,,,,,,,FALSE,,2026-07-09 08:26:52.386 Z,2026-07-09 08:26:50.521 Z,2026-08-05 12:53:13.935 Z,FALSE
20115,3592,,,,"{
  ""invoice_sent"": ""true""
}",2014-02-01 00:42:45.902,5254,,,InvoiceSentTenantEvent,,d52d7785-cc3b-4a56-a572-4e050ee825fc,2014-02-01 00:42:45.913,,,,14,,,,,,TRUE,,,,FALSE,Invoice,,,,,,,,,FALSE,,2026-08-05 12:53:16.312 Z,2026-08-05 12:53:13.936 Z,9999-12-31 23:59:59.999 Z,TRUE
20116,3592,,,,"{
  ""invoice_sent"": ""true""
}",2014-02-01 00:42:46.049,5255,,,InvoiceSentTenantEvent,,99513bae-9c44-421d-8ea2-518bee734cef,2014-02-01 00:42:46.061,,,,14,,,,,,TRUE,,,,FALSE,Invoice,,,,,,,,,FALSE,,2026-07-09 08:26:52.385 Z,2026-07-09 08:26:50.521 Z,2026-08-05 12:53:13.935 Z,FALSE
20116,3592,,,,"{
  ""invoice_sent"": ""true""
}",2014-02-01 00:42:46.049,5255,,,InvoiceSentTenantEvent,,99513bae-9c44-421d-8ea2-518bee734cef,2014-02-01 00:42:46.061,,,,14,,,,,,TRUE,,,,FALSE,Invoice,,,,,,,,,FALSE,,2026-08-05 12:53:16.312 Z,2026-08-05 12:53:13.936 Z,9999-12-31 23:59:59.999 Z,TRUE
20117,3592,,,,"{
  ""invoice_sent"": ""true""
}",2014-02-01 00:42:46.297,5256,,,InvoiceSentTenantEvent,,743a14cb-5ea8-459c-8722-c727251d9b98,2014-02-01 00:42:46.317,,,,14,,,,,,TRUE,,,,FALSE,Invoice,,,,,,,,,FALSE,,2026-07-09 08:26:52.386 Z,2026-07-09 08:26:50.521 Z,2026-08-05 12:53:13.935 Z,FALSE
20117,3592,,,,"{
  ""invoice_sent"": ""true""
}",2014-02-01 00:42:46.297,5256,,,InvoiceSentTenantEvent,,743a14cb-5ea8-459c-8722-c727251d9b98,2014-02-01 00:42:46.317,,,,14,,,,,,TRUE,,,,FALSE,Invoice,,,,,,,,,FALSE,,2026-08-05 12:53:16.312 Z,2026-08-05 12:53:13.936 Z,9999-12-31 23:59:59.999 Z,TRUE
20118,3592,,,,"{
  ""invoice_sent"": ""true""
}",2014-02-01 00:42:46.483,5257,,,InvoiceSentTenantEvent,,6dac1668-1cec-493a-8374-3007e16cfee2,2014-02-01 00:42:46.497,,,,14,,,,,,TRUE,,,,FALSE,Invoice,,,,,,,,,FALSE,,2026-08-05 12:53:16.312 Z,2026-08-05 12:53:13.936 Z,9999-12-31 23:59:59.999 Z,TRUE
20118,3592,,,,"{
  ""invoice_sent"": ""true""
}",2014-02-01 00:42:46.483,5257,,,InvoiceSentTenantEvent,,6dac1668-1cec-493a-8374-3007e16cfee2,2014-02-01 00:42:46.497,,,,14,,,,,,TRUE,,,,FALSE,Invoice,,,,,,,,,FALSE,,2026-07-09 08:26:52.386 Z,2026-07-09 08:26:50.521 Z,2026-08-05 12:53:13.935 Z,FALSE
20119,3592,24016645,,,"{
  ""applied_date"": ""2013-12-11"",
  ""invoice_id"": ""5255"",
  ""line_item_id"": ""5382"",
  ""resolved_date"": ""2014-07-09""
}",2014-02-01 00:42:46.565,23,,,DelinquencyStageTenantEvent,,cd1f625e-157a-4812-b7fb-2517bd64d524,2014-07-10 00:45:03.280,,,,14,,,5162,,,TRUE,,,,FALSE,DelinquencyStage,,,,,,,,,FALSE,removed,2026-07-09 08:26:53.991 Z,2026-07-09 08:26:50.521 Z,2026-08-05 12:53:13.935 Z,FALSE
20119,3592,24016645,,,"{
  ""applied_date"": ""2013-12-11"",
  ""invoice_id"": ""5255"",
  ""line_item_id"": ""5382"",
  ""resolved_date"": ""2014-07-09""
}",2014-02-01 00:42:46.565,23,,,DelinquencyStageTenantEvent,,cd1f625e-157a-4812-b7fb-2517bd64d524,2014-07-10 00:45:03.280,,,,14,,,5162,,,TRUE,,,,FALSE,DelinquencyStage,,,,,,,,,FALSE,removed,2026-08-05 12:53:17.776 Z,2026-08-05 12:53:13.936 Z,9999-12-31 23:59:59.999 Z,TRUE
20120,3592,24016645,,,"{
  ""fee_invoice_id"": ""5256""
}",2014-02-01 00:42:46.571,28,,2014-02-01 00:42:46.563,AddFeeDelinquencyTenantEvent,,9418217b-81fe-4590-bf5b-554c5977475a,2014-07-10 00:45:03.245,,,,14,,,5162,,,TRUE,,,,FALSE,DelinquencyStageAction,20119,,,,,,,,FALSE,removed,2026-08-05 12:53:14.676 Z,2026-08-05 12:53:13.936 Z,9999-12-31 23:59:59.999 Z,TRUE
20120,3592,24016645,,,"{
  ""fee_invoice_id"": ""5256""
}",2014-02-01 00:42:46.571,28,,2014-02-01 00:42:46.563,AddFeeDelinquencyTenantEvent,,9418217b-81fe-4590-bf5b-554c5977475a,2014-07-10 00:45:03.245,,,,14,,,5162,,,TRUE,,,,FALSE,DelinquencyStageAction,20119,,,,,,,,FALSE,removed,2026-07-09 08:26:50.926 Z,2026-07-09 08:26:50.521 Z,2026-08-05 12:53:13.935 Z,FALSE
20121,3592,24016645,,,"{
  ""last_action_date"": ""2014-07-09""
}",2014-02-01 00:42:46.592,29,,2014-01-31 05:00:00.000,GateLockoutDelinquencyTenantEvent,,0a7b1dc4-7cd3-4704-9144-00c987fd8ff6,2014-07-10 00:45:03.207,,,,14,,,5162,,,TRUE,,,,FALSE,DelinquencyStageAction,20119,,,,,,,,FALSE,removed,2026-07-09 08:26:50.926 Z,2026-07-09 08:26:50.521 Z,2026-08-05 12:53:13.935 Z,FALSE
20121,3592,24016645,,,"{
  ""last_action_date"": ""2014-07-09""
}",2014-02-01 00:42:46.592,29,,2014-01-31 05:00:00.000,GateLockoutDelinquencyTenantEvent,,0a7b1dc4-7cd3-4704-9144-00c987fd8ff6,2014-07-10 00:45:03.207,,,,14,,,5162,,,TRUE,,,,FALSE,DelinquencyStageAction,20119,,,,,,,,FALSE,removed,2026-08-05 12:53:14.676 Z,2026-08-05 12:53:13.936 Z,9999-12-31 23:59:59.999 Z,TRUE
20122,3592,24016645,,,"{
  ""last_action_date"": ""2014-07-09""
}",2014-02-01 00:42:46.632,30,,2014-02-01 00:42:47.004,OverlockDelinquencyTenantEvent,,2cd270a1-71db-4289-9448-d7a7981ad5f8,2024-03-07 18:57:06.995,,,,14,,6001,5162,,,TRUE,,,,FALSE,DelinquencyStageAction,20119,,,,,,,,FALSE,overlock_removed,2026-07-09 08:52:51.773 Z,2026-07-09 08:26:50.521 Z,9999-12-31 23:59:59.999 Z,TRUE
20123,3592,24016944,,,"{
  ""applied_date"": ""2013-12-16"",
  ""invoice_id"": ""5255"",
  ""line_item_id"": ""5382""
}",2014-02-01 00:42:46.685,24,,,DelinquencyStageTenantEvent,,baddeab2-3fc3-4c03-b974-c8548401b3af,2014-04-08 03:12:01.898,,,,14,,,5162,,,FALSE,,,,FALSE,DelinquencyStage,,,,,,,,,FALSE,applied,2026-08-05 12:53:14.057 Z,2026-08-05 12:53:13.936 Z,9999-12-31 23:59:59.999 Z,TRUE
20123,3592,24016944,,,"{
  ""applied_date"": ""2013-12-16"",
  ""invoice_id"": ""5255"",
  ""line_item_id"": ""5382""
}",2014-02-01 00:42:46.685,24,,,DelinquencyStageTenantEvent,,baddeab2-3fc3-4c03-b974-c8548401b3af,2014-04-08 03:12:01.898,,,,14,,,5162,,,FALSE,,,,FALSE,DelinquencyStage,,,,,,,,,FALSE,applied,2026-07-09 08:26:50.667 Z,2026-07-09 08:26:50.521 Z,2026-08-05 12:53:13.935 Z,FALSE
20124,3592,24016944,,,{},2014-02-01 00:42:46.782,31,,2014-02-04 16:59:22.108,PrintMailDelinquencyTenantEvent,,0576ddec-f5b6-47cf-8ed6-6050f36f136a,2024-03-07 18:57:06.995,,,,14,,6001,5162,,,TRUE,,,,FALSE,DelinquencyStageAction,20123,,,,,31,,,FALSE,letter_sent,2026-07-09 08:52:51.776 Z,2026-07-09 08:26:50.521 Z,9999-12-31 23:59:59.999 Z,TRUE
20125,3592,24017223,,,"{
  ""applied_date"": ""2014-01-10"",
  ""invoice_id"": ""5255"",
  ""line_item_id"": ""5382""
}",2014-02-01 00:42:46.841,25,,,DelinquencyStageTenantEvent,,2b32756e-09fc-469c-a1be-10bd8801aded,2014-04-08 03:12:01.928,,,,14,,,5162,,,FALSE,,,,FALSE,DelinquencyStage,,,,,,,,,FALSE,applied,2026-07-09 08:26:51.312 Z,2026-07-09 08:26:50.521 Z,2026-08-05 12:53:13.935 Z,FALSE
20125,3592,24017223,,,"{
  ""applied_date"": ""2014-01-10"",
  ""invoice_id"": ""5255"",
  ""line_item_id"": ""5382""
}",2014-02-01 00:42:46.841,25,,,DelinquencyStageTenantEvent,,2b32756e-09fc-469c-a1be-10bd8801aded,2014-04-08 03:12:01.928,,,,14,,,5162,,,FALSE,,,,FALSE,DelinquencyStage,,,,,,,,,FALSE,applied,2026-08-05 12:53:15.338 Z,2026-08-05 12:53:13.936 Z,9999-12-31 23:59:59.999 Z,TRUE
20126,3592,24017223,,,"{
  ""fee_invoice_id"": ""5256""
}",2014-02-01 00:42:46.847,32,,2014-02-01 00:42:46.839,AddFeeDelinquencyTenantEvent,,69a302d5-7eef-4c61-a097-8cdd54399bfa,2014-02-01 00:42:46.949,,,,14,,,5162,,,TRUE,,,,FALSE,DelinquencyStageAction,20125,,,,,,,,FALSE,applied,2026-07-09 08:26:51.185 Z,2026-07-09 08:26:50.521 Z,2026-08-05 12:53:13.935 Z,FALSE
20126,3592,24017223,,,"{
  ""fee_invoice_id"": ""5256""
}",2014-02-01 00:42:46.847,32,,2014-02-01 00:42:46.839,AddFeeDelinquencyTenantEvent,,69a302d5-7eef-4c61-a097-8cdd54399bfa,2014-02-01 00:42:46.949,,,,14,,,5162,,,TRUE,,,,FALSE,DelinquencyStageAction,20125,,,,,,,,FALSE,applied,2026-08-05 12:53:15.204 Z,2026-08-05 12:53:13.936 Z,9999-12-31 23:59:59.999 Z,TRUE
20127,3592,24017516,,,"{
  ""applied_date"": ""2014-01-15"",
  ""invoice_id"": ""5255"",
  ""line_item_id"": ""5382""
}",2014-02-01 00:42:46.900,26,,,DelinquencyStageTenantEvent,,5cbff911-ba8e-44de-a240-6890ec7080d2,2014-04-08 03:12:01.959,,,,14,,,5162,,,FALSE,,,,FALSE,DelinquencyStage,,,,,,,,,FALSE,applied,2026-08-05 12:53:16.840 Z,2026-08-05 12:53:13.936 Z,9999-12-31 23:59:59.999 Z,TRUE
20127,3592,24017516,,,"{
  ""applied_date"": ""2014-01-15"",
  ""invoice_id"": ""5255"",
  ""line_item_id"": ""5382""
}",2014-02-01 00:42:46.900,26,,,DelinquencyStageTenantEvent,,5cbff911-ba8e-44de-a240-6890ec7080d2,2014-04-08 03:12:01.959,,,,14,,,5162,,,FALSE,,,,FALSE,DelinquencyStage,,,,,,,,,FALSE,applied,2026-07-09 08:26:53.021 Z,2026-07-09 08:26:50.521 Z,2026-08-05 12:53:13.935 Z,FALSE
20128,3592,24017516,,,{},2014-02-01 00:42:46.906,33,,2014-02-04 16:59:20.159,PrintMailDelinquencyTenantEvent,,2179c281-8432-42e2-895e-f2e386bac6a0,2024-03-07 18:57:06.995,,,,14,,6001,5162,,,TRUE,,,,FALSE,DelinquencyStageAction,20127,,,,,31,,,FALSE,letter_sent,2026-07-09 08:52:51.777 Z,2026-07-09 08:26:50.521 Z,9999-12-31 23:59:59.999 Z,TRUE
20129,3593,,,,{},2014-02-01 00:42:47.178,,,2014-02-06 22:23:04.815,NoteEvent,,22645046-0c25-480f-b1da-f8a77868766f,2014-04-08 03:13:27.399,,,,14,,,,,,FALSE,,,,FALSE,,,,,,,31,,,FALSE,,2026-08-05 12:53:16.312 Z,2026-08-05 12:53:13.936 Z,9999-12-31 23:59:59.999 Z,TRUE
20129,3593,,,,{},2014-02-01 00:42:47.178,,,2014-02-06 22:23:04.815,NoteEvent,,22645046-0c25-480f-b1da-f8a77868766f,2014-04-08 03:13:27.399,,,,14,,,,,,FALSE,,,,FALSE,,,,,,,31,,,FALSE,,2026-07-09 08:26:52.386 Z,2026-07-09 08:26:50.521 Z,2026-08-05 12:53:13.935 Z,FALSE
20130,3593,,,,{},2014-02-01 00:42:47.184,,,,NoteEvent,,79608e86-f6d5-4665-9c75-1de811f34ac2,2014-04-08 03:13:27.418,,,,14,,,,,,FALSE,,,,FALSE,,,,,,,,,,FALSE,,2026-08-05 12:53:16.312 Z,2026-08-05 12:53:13.936 Z,9999-12-31 23:59:59.999 Z,TRUE
20130,3593,,,,{},2014-02-01 00:42:47.184,,,,NoteEvent,,79608e86-f6d5-4665-9c75-1de811f34ac2,2014-04-08 03:13:27.418,,,,14,,,,,,FALSE,,,,FALSE,,,,,,,,,,FALSE,,2026-07-09 08:26:52.386 Z,2026-07-09 08:26:50.521 Z,2026-08-05 12:53:13.935 Z,FALSE
20131,3593,,,,"{
  ""gate_access_code"": ""01974"",
  ""move_in_date"": ""2013-10-04"",
  ""move_in_initiated_date"": ""2013-10-04"",
  ""rate"": ""55.0""
}",2013-10-04 10:00:00.000,,,2014-02-01 00:42:47.307,MoveInUnitEvent,,b388a70e-8a8b-4ff8-8dde-b354fb26627e,2024-03-07 18:57:06.995,,,,14,,6002,5163,,,TRUE,,,,FALSE,,,,,,,,,,FALSE,,2026-07-09 08:52:51.797 Z,2026-07-09 08:26:50.521 Z,9999-12-31 23:59:59.999 Z,TRUE
20132,3593,,,,"{
  ""invoice_sent"": ""true""
}",2014-02-01 00:42:47.627,5258,,,InvoiceSentTenantEvent,,289cad02-fab2-42c4-9fd1-8834327c087e,2014-02-01 00:42:47.640,,,,14,,,,,,TRUE,,,,FALSE,Invoice,,,,,,,,,FALSE,,2026-07-09 08:26:52.386 Z,2026-07-09 08:26:50.521 Z,2026-08-05 12:53:13.935 Z,FALSE
20132,3593,,,,"{
  ""invoice_sent"": ""true""
}",2014-02-01 00:42:47.627,5258,,,InvoiceSentTenantEvent,,289cad02-fab2-42c4-9fd1-8834327c087e,2014-02-01 00:42:47.640,,,,14,,,,,,TRUE,,,,FALSE,Invoice,,,,,,,,,FALSE,,2026-08-05 12:53:16.312 Z,2026-08-05 12:53:13.936 Z,9999-12-31 23:59:59.999 Z,TRUE
20133,3593,,,,"{
  ""invoice_sent"": ""true""
}",2014-02-01 00:42:47.817,5259,,,InvoiceSentTenantEvent,,4dc510f8-1ddf-406a-87bf-34dc858bac6e,2014-02-01 00:42:47.831,,,,14,,,,,,TRUE,,,,FALSE,Invoice,,,,,,,,,FALSE,,2026-08-05 12:53:16.312 Z,2026-08-05 12:53:13.936 Z,9999-12-31 23:59:59.999 Z,TRUE
20133,3593,,,,"{
  ""invoice_sent"": ""true""
}",2014-02-01 00:42:47.817,5259,,,InvoiceSentTenantEvent,,4dc510f8-1ddf-406a-87bf-34dc858bac6e,2014-02-01 00:42:47.831,,,,14,,,,,,TRUE,,,,FALSE,Invoice,,,,,,,,,FALSE,,2026-07-09 08:26:52.386 Z,2026-07-09 08:26:50.521 Z,2026-08-05 12:53:13.935 Z,FALSE
20134,3594,,,,{},2014-02-01 00:42:48.123,,,2014-02-06 22:22:17.232,NoteEvent,,3f984c9f-c1c3-4451-9b69-9f7d95b466d7,2014-04-08 03:13:27.440,,,,14,,,,,,FALSE,,,,FALSE,,,,,,,31,,,FALSE,,2026-08-05 12:53:16.312 Z,2026-08-05 12:53:13.936 Z,9999-12-31 23:59:59.999 Z,TRUE
20134,3594,,,,{},2014-02-01 00:42:48.123,,,2014-02-06 22:22:17.232,NoteEvent,,3f984c9f-c1c3-4451-9b69-9f7d95b466d7,2014-04-08 03:13:27.440,,,,14,,,,,,FALSE,,,,FALSE,,,,,,,31,,,FALSE,,2026-07-09 08:26:52.386 Z,2026-07-09 08:26:50.521 Z,2026-08-05 12:53:13.935 Z,FALSE
20135,3594,,,,"{
  ""gate_access_code"": ""08964"",
  ""move_in_date"": ""2011-05-25"",
  ""move_in_initiated_date"": ""2011-05-25"",
  ""rate"": ""55.0""
}",2011-05-25 10:00:00.000,,,2014-02-01 00:42:48.152,MoveInUnitEvent,,8cbe6022-ee96-498b-9796-3f361ace2143,2024-03-07 18:57:06.995,,,,14,,6003,5164,,,TRUE,,,,FALSE,,,,,,,,,,FALSE,,2026-07-09 08:52:51.841 Z,2026-07-09 08:26:50.521 Z,9999-12-31 23:59:59.999 Z,TRUE
20136,3594,,,,"{
  ""invoice_sent"": ""true""
}",2014-02-01 00:42:48.552,5260,,,InvoiceSentTenantEvent,,7174a203-a2be-4ec7-8083-b26c97d04348,2014-02-01 00:42:48.573,,,,14,,,,,,TRUE,,,,FALSE,Invoice,,,,,,,,,FALSE,,2026-08-05 12:53:16.312 Z,2026-08-05 12:53:13.936 Z,9999-12-31 23:59:59.999 Z,TRUE
20136,3594,,,,"{
  ""invoice_sent"": ""true""
}",2014-02-01 00:42:48.552,5260,,,InvoiceSentTenantEvent,,7174a203-a2be-4ec7-8083-b26c97d04348,2014-02-01 00:42:48.573,,,,14,,,,,,TRUE,,,,FALSE,Invoice,,,,,,,,,FALSE,,2026-07-09 08:26:52.386 Z,2026-07-09 08:26:50.521 Z,2026-08-05 12:53:13.935 Z,FALSE
20137,3594,,,,"{
  ""invoice_sent"": ""true""
}",2014-02-01 00:42:48.745,5261,,,InvoiceSentTenantEvent,,55053ef9-76b3-4b7e-9beb-66c1e998479f,2014-02-01 00:42:48.776,,,,14,,,,,,TRUE,,,,FALSE,Invoice,,,,,,,,,FALSE,,2026-08-05 12:53:16.312 Z,2026-08-05 12:53:13.936 Z,9999-12-31 23:59:59.999 Z,TRUE
20137,3594,,,,"{
  ""invoice_sent"": ""true""
}",2014-02-01 00:42:48.745,5261,,,InvoiceSentTenantEvent,,55053ef9-76b3-4b7e-9beb-66c1e998479f,2014-02-01 00:42:48.776,,,,14,,,,,,TRUE,,,,FALSE,Invoice,,,,,,,,,FALSE,,2026-07-09 08:26:52.386 Z,2026-07-09 08:26:50.521 Z,2026-08-05 12:53:13.935 Z,FALSE
20138,3595,,,,"{
  ""gate_access_code"": ""08462"",
  ""move_in_date"": ""2013-04-10"",
  ""move_in_initiated_date"": ""2013-04-10"",
  ""rate"": ""55.0""
}",2013-04-10 10:00:00.000,,,2014-02-01 00:42:49.037,MoveInUnitEvent,,6553716a-0dea-4a59-aa46-a2f2ef852be0,2024-03-07 18:57:06.995,,,,14,,6004,5165,,,TRUE,,,,FALSE,,,,,,,,,,FALSE,,2026-07-09 08:52:51.922 Z,2026-07-09 08:26:50.521 Z,9999-12-31 23:59:59.999 Z,TRUE
20139,3595,,,,"{
  ""invoice_sent"": ""true""
}",2014-02-01 00:42:49.347,5262,,,InvoiceSentTenantEvent,,9990104e-99c0-4da6-b425-5fc8332c9910,2014-02-01 00:42:49.345,,,,14,,,,,,TRUE,,,,FALSE,Invoice,,,,,,,,,FALSE,,2026-08-05 12:53:16.312 Z,2026-08-05 12:53:13.936 Z,9999-12-31 23:59:59.999 Z,TRUE
20139,3595,,,,"{
  ""invoice_sent"": ""true""
}",2014-02-01 00:42:49.347,5262,,,InvoiceSentTenantEvent,,9990104e-99c0-4da6-b425-5fc8332c9910,2014-02-01 00:42:49.345,,,,14,,,,,,TRUE,,,,FALSE,Invoice,,,,,,,,,FALSE,,2026-07-09 08:26:52.386 Z,2026-07-09 08:26:50.521 Z,2026-08-05 12:53:13.935 Z,FALSE
20140,3595,,,,"{
  ""invoice_sent"": ""true""
}",2014-02-01 00:42:49.536,5263,,,InvoiceSentTenantEvent,,4e53ef81-57fc-40df-bf64-3b1c937fa00c,2014-02-01 00:42:49.555,,,,14,,,,,,TRUE,,,,FALSE,Invoice,,,,,,,,,FALSE,,2026-08-05 12:53:16.312 Z,2026-08-05 12:53:13.936 Z,9999-12-31 23:59:59.999 Z,TRUE
20140,3595,,,,"{
  ""invoice_sent"": ""true""
}",2014-02-01 00:42:49.536,5263,,,InvoiceSentTenantEvent,,4e53ef81-57fc-40df-bf64-3b1c937fa00c,2014-02-01 00:42:49.555,,,,14,,,,,,TRUE,,,,FALSE,Invoice,,,,,,,,,FALSE,,2026-07-09 08:26:52.386 Z,2026-07-09 08:26:50.521 Z,2026-08-05 12:53:13.935 Z,FALSE
20141,3596,,,,"{
  ""gate_access_code"": ""09311"",
  ""move_in_date"": ""2013-12-04"",
  ""move_in_initiated_date"": ""2013-12-04"",
  ""rate"": ""55.0""
}",2013-12-04 10:00:00.000,,,2014-02-01 00:42:49.833,MoveInUnitEvent,,009b9707-b4f5-4814-8d39-08f7c2b4f967,2024-03-07 18:57:06.995,,,,14,,6005,5166,,,TRUE,,,,FALSE,,,,,,,,,,FALSE,,2026-07-09 08:52:51.940 Z,2026-07-09 08:26:50.521 Z,9999-12-31 23:59:59.999 Z,TRUE
20142,3596,,,,"{
  ""invoice_sent"": ""true""
}",2014-02-01 00:42:50.219,5264,,,InvoiceSentTenantEvent,,4d41b6a3-e1f0-4ee3-a29e-334f6e06a224,2014-02-01 00:42:50.233,,,,14,,,,,,TRUE,,,,FALSE,Invoice,,,,,,,,,FALSE,,2026-08-05 12:53:16.312 Z,2026-08-05 12:53:13.936 Z,9999-12-31 23:59:59.999 Z,TRUE
20142,3596,,,,"{
  ""invoice_sent"": ""true""
}",2014-02-01 00:42:50.219,5264,,,InvoiceSentTenantEvent,,4d41b6a3-e1f0-4ee3-a29e-334f6e06a224,2014-02-01 00:42:50.233,,,,14,,,,,,TRUE,,,,FALSE,Invoice,,,,,,,,,FALSE,,2026-07-09 08:26:52.386 Z,2026-07-09 08:26:50.521 Z,2026-08-05 12:53:13.935 Z,FALSE
20143,3596,,,,"{
  ""invoice_sent"": ""true""
}",2014-02-01 00:42:50.401,5265,,,InvoiceSentTenantEvent,,d7d07a8a-21ce-4932-9e41-6c37416dddea,2014-02-01 00:42:50.412,,,,14,,,,,,TRUE,,,,FALSE,Invoice,,,,,,,,,FALSE,,2026-08-05 12:53:16.312 Z,2026-08-05 12:53:13.936 Z,9999-12-31 23:59:59.999 Z,TRUE
20143,3596,,,,"{
  ""invoice_sent"": ""true""
}",2014-02-01 00:42:50.401,5265,,,InvoiceSentTenantEvent,,d7d07a8a-21ce-4932-9e41-6c37416dddea,2014-02-01 00:42:50.412,,,,14,,,,,,TRUE,,,,FALSE,Invoice,,,,,,,,,FALSE,,2026-07-09 08:26:52.386 Z,2026-07-09 08:26:50.521 Z,2026-08-05 12:53:13.935 Z,FALSE
20144,3597,,,,"{
  ""gate_access_code"": ""00824"",
  ""move_in_date"": ""2013-12-20"",
  ""move_in_initiated_date"": ""2013-12-20"",
  ""rate"": ""55.0""
}",2013-12-20 10:00:00.000,,,2014-02-01 00:42:50.616,MoveInUnitEvent,,20f02d52-5ad4-419c-8421-9e396ad6e24d,2024-03-07 18:57:06.995,,,,14,,6006,5167,,,TRUE,,,,FALSE,,,,,,,,,,FALSE,,2026-07-09 08:52:51.997 Z,2026-07-09 08:26:50.521 Z,9999-12-31 23:59:59.999 Z,TRUE
20145,3597,,,,"{
  ""invoice_sent"": ""true""
}",2014-02-01 00:42:51.020,5266,,,InvoiceSentTenantEvent,,2ec95427-4c21-4f93-ab3f-e87ba6bbb0a7,2014-02-01 00:42:51.054,,,,14,,,,,,TRUE,,,,FALSE,Invoice,,,,,,,,,FALSE,,2026-07-09 08:26:52.386 Z,2026-07-09 08:26:50.521 Z,2026-08-05 12:53:13.935 Z,FALSE
20145,3597,,,,"{
  ""invoice_sent"": ""true""
}",2014-02-01 00:42:51.020,5266,,,InvoiceSentTenantEvent,,2ec95427-4c21-4f93-ab3f-e87ba6bbb0a7,2014-02-01 00:42:51.054,,,,14,,,,,,TRUE,,,,FALSE,Invoice,,,,,,,,,FALSE,,2026-08-05 12:53:16.312 Z,2026-08-05 12:53:13.936 Z,9999-12-31 23:59:59.999 Z,TRUE
20146,3597,,,,"{
  ""invoice_sent"": ""true""
}",2014-02-01 00:42:51.182,5267,,,InvoiceSentTenantEvent,,31e1947d-e164-4fe9-87f0-a85c82137ccf,2014-02-01 00:42:51.202,,,,14,,,,,,TRUE,,,,FALSE,Invoice,,,,,,,,,FALSE,,2026-08-05 12:53:16.312 Z,2026-08-05 12:53:13.936 Z,9999-12-31 23:59:59.999 Z,TRUE
20146,3597,,,,"{
  ""invoice_sent"": ""true""
}",2014-02-01 00:42:51.182,5267,,,InvoiceSentTenantEvent,,31e1947d-e164-4fe9-87f0-a85c82137ccf,2014-02-01 00:42:51.202,,,,14,,,,,,TRUE,,,,FALSE,Invoice,,,,,,,,,FALSE,,2026-07-09 08:26:52.386 Z,2026-07-09 08:26:50.521 Z,2026-08-05 12:53:13.935 Z,FALSE
20147,3597,,,,"{
  ""invoice_sent"": ""true""
}",2014-02-01 00:42:51.459,5268,,,InvoiceSentTenantEvent,,0f69080d-ebf6-4b77-a34e-f7ce23b40117,2014-02-01 00:42:51.456,,,,14,,,,,,TRUE,,,,FALSE,Invoice,,,,,,,,,FALSE,,2026-08-05 12:53:16.312 Z,2026-08-05 12:53:13.936 Z,9999-12-31 23:59:59.999 Z,TRUE
20147,3597,,,,"{
  ""invoice_sent"": ""true""
}",2014-02-01 00:42:51.459,5268,,,InvoiceSentTenantEvent,,0f69080d-ebf6-4b77-a34e-f7ce23b40117,2014-02-01 00:42:51.456,,,,14,,,,,,TRUE,,,,FALSE,Invoice,,,,,,,,,FALSE,,2026-07-09 08:26:52.386 Z,2026-07-09 08:26:50.521 Z,2026-08-05 12:53:13.935 Z,FALSE
20148,3597,,,,"{
  ""invoice_sent"": ""true""
}",2014-02-01 00:42:51.673,5269,,,InvoiceSentTenantEvent,,3cfb2bf1-c8cd-44fa-8fdf-b546ed1a1595,2014-02-01 00:42:51.705,,,,14,,,,,,TRUE,,,,FALSE,Invoice,,,,,,,,,FALSE,,2026-07-09 08:26:52.386 Z,2026-07-09 08:26:50.521 Z,2026-08-05 12:53:13.935 Z,FALSE
20148,3597,,,,"{
  ""invoice_sent"": ""true""
}",2014-02-01 00:42:51.673,5269,,,InvoiceSentTenantEvent,,3cfb2bf1-c8cd-44fa-8fdf-b546ed1a1595,2014-02-01 00:42:51.705,,,,14,,,,,,TRUE,,,,FALSE,Invoice,,,,,,,,,FALSE,,2026-08-05 12:53:16.312 Z,2026-08-05 12:53:13.936 Z,9999-12-31 23:59:59.999 Z,TRUE
20149,3597,24031783,,,"{
  ""applied_date"": ""2014-02-21"",
  ""invoice_id"": ""5267"",
  ""line_item_id"": ""5394"",
  ""resolved_date"": ""2014-03-06""
}",2014-02-01 00:42:51.758,23,,,DelinquencyStageTenantEvent,,f59feb5d-87c0-476d-b123-256648c6b83a,2014-04-08 03:12:02.098,,,,14,,,5167,,,TRUE,,,,FALSE,DelinquencyStage,,,,,,,,,FALSE,removed,2026-07-09 08:26:50.757 Z,2026-07-09 08:26:50.521 Z,2026-08-05 12:53:13.935 Z,FALSE
20149,3597,24031783,,,"{
  ""applied_date"": ""2014-02-21"",
  ""invoice_id"": ""5267"",
  ""line_item_id"": ""5394"",
  ""resolved_date"": ""2014-03-06""
}",2014-02-01 00:42:51.758,23,,,DelinquencyStageTenantEvent,,f59feb5d-87c0-476d-b123-256648c6b83a,2014-04-08 03:12:02.098,,,,14,,,5167,,,TRUE,,,,FALSE,DelinquencyStage,,,,,,,,,FALSE,removed,2026-08-05 12:53:14.252 Z,2026-08-05 12:53:13.936 Z,9999-12-31 23:59:59.999 Z,TRUE
20150,3597,24031783,,,"{
  ""fee_invoice_id"": ""5268""
}",2014-02-01 00:42:51.767,28,,2014-02-01 00:42:51.755,AddFeeDelinquencyTenantEvent,,77397d91-e144-45c0-9804-570e2b5d6484,2014-03-06 17:03:13.086,,,,14,,,5167,,,TRUE,,,,FALSE,DelinquencyStageAction,20149,,,,,,,,FALSE,removed,2026-08-05 12:53:14.252 Z,2026-08-05 12:53:13.936 Z,9999-12-31 23:59:59.999 Z,TRUE
20150,3597,24031783,,,"{
  ""fee_invoice_id"": ""5268""
}",2014-02-01 00:42:51.767,28,,2014-02-01 00:42:51.755,AddFeeDelinquencyTenantEvent,,77397d91-e144-45c0-9804-570e2b5d6484,2014-03-06 17:03:13.086,,,,14,,,5167,,,TRUE,,,,FALSE,DelinquencyStageAction,20149,,,,,,,,FALSE,removed,2026-07-09 08:26:50.757 Z,2026-07-09 08:26:50.521 Z,2026-08-05 12:53:13.935 Z,FALSE
20151,3597,24031783,,,{},2014-02-01 00:42:51.790,29,,2014-03-06 05:00:00.000,GateLockoutDelinquencyTenantEvent,,d4d39e95-05e2-475f-a2e5-01315a464610,2014-03-06 17:03:13.179,,,,14,,,5167,,,TRUE,,,,FALSE,DelinquencyStageAction,20149,,,,,,,,FALSE,removed,2026-08-05 13:03:00.812 Z,2026-08-05 12:53:13.936 Z,9999-12-31 23:59:59.999 Z,TRUE
20151,3597,24031783,,,{},2014-02-01 00:42:51.790,29,,2014-03-06 05:00:00.000,GateLockoutDelinquencyTenantEvent,,d4d39e95-05e2-475f-a2e5-01315a464610,2014-03-06 17:03:13.179,,,,14,,,5167,,,TRUE,,,,FALSE,DelinquencyStageAction,20149,,,,,,,,FALSE,removed,2026-07-09 08:38:20.152 Z,2026-07-09 08:26:50.521 Z,2026-08-05 12:53:13.935 Z,FALSE
20152,3597,24031783,,,{},2014-02-01 00:42:51.831,30,,2014-03-06 17:03:25.555,OverlockDelinquencyTenantEvent,,2564907b-cc59-435f-b577-b2e3e3fb70a6,2024-03-07 18:57:06.995,,,,14,,6006,5167,,,TRUE,,,,FALSE,DelinquencyStageAction,20149,,,,,8,,,FALSE,overlock_removed,2026-08-05 13:03:00.812 Z,2026-08-05 12:53:13.936 Z,9999-12-31 23:59:59.999 Z,TRUE
20152,3597,24031783,,,{},2014-02-01 00:42:51.831,30,,2014-03-06 17:03:25.555,OverlockDelinquencyTenantEvent,,2564907b-cc59-435f-b577-b2e3e3fb70a6,2024-03-07 18:57:06.995,,,,14,,6006,5167,,,TRUE,,,,FALSE,DelinquencyStageAction,20149,,,,,8,,,FALSE,overlock_removed,2026-07-09 08:38:20.152 Z,2026-07-09 08:26:50.521 Z,2026-08-05 12:53:13.935 Z,FALSE
20153,3597,24032118,,,"{
  ""applied_date"": ""2014-02-26"",
  ""invoice_id"": ""5267"",
  ""line_item_id"": ""5394"",
  ""resolved_date"": ""2014-03-06""
}",2014-02-01 00:42:51.894,24,,,DelinquencyStageTenantEvent,,5ee89635-4e99-448d-8336-c3ebae7f27c7,2014-04-08 03:12:02.130,,,,14,,,5167,,,TRUE,,,,FALSE,DelinquencyStage,,,,,,,,,FALSE,removed,2026-07-09 08:38:20.152 Z,2026-07-09 08:26:50.521 Z,2026-08-05 12:53:13.935 Z,FALSE
20153,3597,24032118,,,"{
  ""applied_date"": ""2014-02-26"",
  ""invoice_id"": ""5267"",
  ""line_item_id"": ""5394"",
  ""resolved_date"": ""2014-03-06""
}",2014-02-01 00:42:51.894,24,,,DelinquencyStageTenantEvent,,5ee89635-4e99-448d-8336-c3ebae7f27c7,2014-04-08 03:12:02.130,,,,14,,,5167,,,TRUE,,,,FALSE,DelinquencyStage,,,,,,,,,FALSE,removed,2026-08-05 13:03:00.812 Z,2026-08-05 12:53:13.936 Z,9999-12-31 23:59:59.999 Z,TRUE
20154,3597,24032118,,,{},2014-02-01 00:42:51.900,31,,2014-02-04 16:59:28.775,PrintMailDelinquencyTenantEvent,,cff321e5-b997-4add-b4a3-8b0b402ba927,2024-03-07 18:57:06.995,,,,14,,6006,5167,,,TRUE,,,,FALSE,DelinquencyStageAction,20153,,,,,31,,,FALSE,letter_sent,2026-08-05 12:53:55.117 Z,2026-08-05 12:53:13.936 Z,9999-12-31 23:59:59.999 Z,TRUE
20154,3597,24032118,,,{},2014-02-01 00:42:51.900,31,,2014-02-04 16:59:28.775,PrintMailDelinquencyTenantEvent,,cff321e5-b997-4add-b4a3-8b0b402ba927,2024-03-07 18:57:06.995,,,,14,,6006,5167,,,TRUE,,,,FALSE,DelinquencyStageAction,20153,,,,,31,,,FALSE,letter_sent,2026-07-09 08:27:36.595 Z,2026-07-09 08:26:50.521 Z,2026-08-05 12:53:13.935 Z,FALSE
20155,3598,,,,"{
  ""gate_access_code"": ""01122"",
  ""move_in_date"": ""2014-01-16"",
  ""move_in_initiated_date"": ""2014-01-16"",
  ""rate"": ""55.0""
}",2014-01-16 10:00:00.000,,,2014-02-01 00:42:52.271,MoveInUnitEvent,,dff075eb-c92f-4ad0-92c9-944799b8bb61,2024-03-07 18:57:06.995,,,,14,,6007,5168,,,TRUE,,,,FALSE,,,,,,,,,,FALSE,,2026-07-09 08:52:52.031 Z,2026-07-09 08:26:50.521 Z,9999-12-31 23:59:59.999 Z,TRUE
20156,3598,,,,"{
  ""invoice_sent"": ""true""
}",2014-02-01 00:42:52.652,5270,,,InvoiceSentTenantEvent,,557f13f8-1794-4893-82f9-6fab3efdf3d7,2014-02-01 00:42:52.664,,,,14,,,,,,TRUE,,,,FALSE,Invoice,,,,,,,,,FALSE,,2026-08-05 12:53:16.312 Z,2026-08-05 12:53:13.936 Z,9999-12-31 23:59:59.999 Z,TRUE
20156,3598,,,,"{
  ""invoice_sent"": ""true""
}",2014-02-01 00:42:52.652,5270,,,InvoiceSentTenantEvent,,557f13f8-1794-4893-82f9-6fab3efdf3d7,2014-02-01 00:42:52.664,,,,14,,,,,,TRUE,,,,FALSE,Invoice,,,,,,,,,FALSE,,2026-07-09 08:26:52.386 Z,2026-07-09 08:26:50.521 Z,2026-08-05 12:53:13.935 Z,FALSE
20157,3598,,,,"{
  ""invoice_sent"": ""true""
}",2014-02-01 00:42:52.832,5271,,,InvoiceSentTenantEvent,,a6a817db-4bac-418d-a518-4d19206c5665,2014-02-01 00:42:52.844,,,,14,,,,,,TRUE,,,,FALSE,Invoice,,,,,,,,,FALSE,,2026-08-05 12:53:16.312 Z,2026-08-05 12:53:13.936 Z,9999-12-31 23:59:59.999 Z,TRUE
20157,3598,,,,"{
  ""invoice_sent"": ""true""
}",2014-02-01 00:42:52.832,5271,,,InvoiceSentTenantEvent,,a6a817db-4bac-418d-a518-4d19206c5665,2014-02-01 00:42:52.844,,,,14,,,,,,TRUE,,,,FALSE,Invoice,,,,,,,,,FALSE,,2026-07-09 08:26:52.386 Z,2026-07-09 08:26:50.521 Z,2026-08-05 12:53:13.935 Z,FALSE
20158,3599,,,,{},2014-02-01 00:42:53.008,,,2014-02-06 22:22:39.958,NoteEvent,,5e20a3c6-125e-47f6-8fe2-fe9c6ec9ffe3,2014-04-08 03:13:27.463,,,,14,,,,,,FALSE,,,,FALSE,,,,,,,31,,,FALSE,,2026-07-09 08:26:52.386 Z,2026-07-09 08:26:50.521 Z,2026-08-05 12:53:13.935 Z,FALSE
20158,3599,,,,{},2014-02-01 00:42:53.008,,,2014-02-06 22:22:39.958,NoteEvent,,5e20a3c6-125e-47f6-8fe2-fe9c6ec9ffe3,2014-04-08 03:13:27.463,,,,14,,,,,,FALSE,,,,FALSE,,,,,,,31,,,FALSE,,2026-08-05 12:53:16.312 Z,2026-08-05 12:53:13.936 Z,9999-12-31 23:59:59.999 Z,TRUE
20159,3599,,,,"{
  ""gate_access_code"": ""04321"",
  ""move_in_date"": ""2013-06-22"",
  ""move_in_initiated_date"": ""2013-06-22"",
  ""rate"": ""80.0""
}",2013-06-22 10:00:00.000,,,2014-02-01 00:42:53.139,MoveInUnitEvent,,5025e8ee-9f2d-425f-85c8-603ccd2e224c,2014-04-08 03:12:54.462,,,,14,,6008,5169,,,TRUE,,,,FALSE,,,,,,,,,,FALSE,,2026-07-09 08:41:00.274 Z,2026-07-09 08:26:50.521 Z,9999-12-31 23:59:59.999 Z,TRUE
20160,3599,,,,"{
  ""invoice_sent"": ""true""
}",2014-02-01 00:42:53.443,5272,,,InvoiceSentTenantEvent,,89d0b25f-7ad1-4384-9f62-c69d151bb3ce,2014-02-01 00:42:53.438,,,,14,,,,,,TRUE,,,,FALSE,Invoice,,,,,,,,,FALSE,,2026-08-05 12:53:16.312 Z,2026-08-05 12:53:13.936 Z,9999-12-31 23:59:59.999 Z,TRUE
20160,3599,,,,"{
  ""invoice_sent"": ""true""
}",2014-02-01 00:42:53.443,5272,,,InvoiceSentTenantEvent,,89d0b25f-7ad1-4384-9f62-c69d151bb3ce,2014-02-01 00:42:53.438,,,,14,,,,,,TRUE,,,,FALSE,Invoice,,,,,,,,,FALSE,,2026-07-09 08:26:52.386 Z,2026-07-09 08:26:50.521 Z,2026-08-05 12:53:13.935 Z,FALSE
20161,3599,,,,"{
  ""invoice_sent"": ""true""
}",2014-02-01 00:42:53.628,5273,,,InvoiceSentTenantEvent,,3dba90b6-40b5-4d2e-bea3-de4c3ded9b0f,2014-02-01 00:42:53.741,,,,14,,,,,,TRUE,,,,FALSE,Invoice,,,,,,,,,FALSE,,2026-08-05 12:53:16.312 Z,2026-08-05 12:53:13.936 Z,9999-12-31 23:59:59.999 Z,TRUE
20161,3599,,,,"{
  ""invoice_sent"": ""true""
}",2014-02-01 00:42:53.628,5273,,,InvoiceSentTenantEvent,,3dba90b6-40b5-4d2e-bea3-de4c3ded9b0f,2014-02-01 00:42:53.741,,,,14,,,,,,TRUE,,,,FALSE,Invoice,,,,,,,,,FALSE,,2026-07-09 08:26:52.386 Z,2026-07-09 08:26:50.521 Z,2026-08-05 12:53:13.935 Z,FALSE
20162,3600,,,,{},2014-02-01 00:42:53.875,,,2014-02-06 22:21:43.210,NoteEvent,,852b6e8f-4833-437c-aaaa-cef82a3906f1,2014-04-08 03:13:27.484,,,,14,,,,,,FALSE,,,,FALSE,,,,,,,31,,,FALSE,,2026-08-05 12:53:16.312 Z,2026-08-05 12:53:13.936 Z,9999-12-31 23:59:59.999 Z,TRUE
20162,3600,,,,{},2014-02-01 00:42:53.875,,,2014-02-06 22:21:43.210,NoteEvent,,852b6e8f-4833-437c-aaaa-cef82a3906f1,2014-04-08 03:13:27.484,,,,14,,,,,,FALSE,,,,FALSE,,,,,,,31,,,FALSE,,2026-07-09 08:26:52.386 Z,2026-07-09 08:26:50.521 Z,2026-08-05 12:53:13.935 Z,FALSE
20163,3600,,,,"{
  ""gate_access_code"": ""05177"",
  ""move_in_date"": ""2012-06-04"",
  ""move_in_initiated_date"": ""2012-06-04"",
  ""rate"": ""55.0""
}",2012-06-04 10:00:00.000,,,2014-02-01 00:42:53.902,MoveInUnitEvent,,e88e2525-31b7-42d7-bbaf-5937164db47a,2024-03-07 18:57:06.995,,,,14,,6009,5170,,,TRUE,,,,FALSE,,,,,,,,,,FALSE,,2026-07-09 08:52:52.058 Z,2026-07-09 08:26:50.521 Z,9999-12-31 23:59:59.999 Z,TRUE
20164,3600,,,,"{
  ""invoice_sent"": ""true""
}",2014-02-01 00:42:54.284,5274,,,InvoiceSentTenantEvent,,d4754b40-5f1b-45d6-a2e6-05fbeca33d1c,2014-02-01 00:42:54.296,,,,14,,,,,,TRUE,,,,FALSE,Invoice,,,,,,,,,FALSE,,2026-08-05 12:53:16.312 Z,2026-08-05 12:53:13.936 Z,9999-12-31 23:59:59.999 Z,TRUE
20164,3600,,,,"{
  ""invoice_sent"": ""true""
}",2014-02-01 00:42:54.284,5274,,,InvoiceSentTenantEvent,,d4754b40-5f1b-45d6-a2e6-05fbeca33d1c,2014-02-01 00:42:54.296,,,,14,,,,,,TRUE,,,,FALSE,Invoice,,,,,,,,,FALSE,,2026-07-09 08:26:52.386 Z,2026-07-09 08:26:50.521 Z,2026-08-05 12:53:13.935 Z,FALSE
20165,3600,,,,"{
  ""invoice_sent"": ""true""
}",2014-02-01 00:42:54.429,5275,,,InvoiceSentTenantEvent,,4e150bbb-7ce7-4630-8904-4594d2f396bc,2014-02-01 00:42:54.441,,,,14,,,,,,TRUE,,,,FALSE,Invoice,,,,,,,,,FALSE,,2026-08-05 12:53:16.312 Z,2026-08-05 12:53:13.936 Z,9999-12-31 23:59:59.999 Z,TRUE
20165,3600,,,,"{
  ""invoice_sent"": ""true""
}",2014-02-01 00:42:54.429,5275,,,InvoiceSentTenantEvent,,4e150bbb-7ce7-4630-8904-4594d2f396bc,2014-02-01 00:42:54.441,,,,14,,,,,,TRUE,,,,FALSE,Invoice,,,,,,,,,FALSE,,2026-07-09 08:26:52.386 Z,2026-07-09 08:26:50.521 Z,2026-08-05 12:53:13.935 Z,FALSE
20166,3600,,,,"{
  ""invoice_sent"": ""true""
}",2014-02-01 00:42:54.579,5276,,,InvoiceSentTenantEvent,,aabbbe35-12c4-4d22-8deb-9c88c4ba86ab,2014-02-01 00:42:54.595,,,,14,,,,,,TRUE,,,,FALSE,Invoice,,,,,,,,,FALSE,,2026-08-05 12:53:16.312 Z,2026-08-05 12:53:13.936 Z,9999-12-31 23:59:59.999 Z,TRUE
20166,3600,,,,"{
  ""invoice_sent"": ""true""
}",2014-02-01 00:42:54.579,5276,,,InvoiceSentTenantEvent,,aabbbe35-12c4-4d22-8deb-9c88c4ba86ab,2014-02-01 00:42:54.595,,,,14,,,,,,TRUE,,,,FALSE,Invoice,,,,,,,,,FALSE,,2026-07-09 08:26:52.386 Z,2026-07-09 08:26:50.521 Z,2026-08-05 12:53:13.935 Z,FALSE
20167,3600,,,,"{
  ""invoice_sent"": ""true""
}",2014-02-01 00:42:54.756,5277,,,InvoiceSentTenantEvent,,63ecb21a-27e7-4275-b13b-b923c9625476,2014-02-01 00:42:54.769,,,,14,,,,,,TRUE,,,,FALSE,Invoice,,,,,,,,,FALSE,,2026-08-05 12:53:16.312 Z,2026-08-05 12:53:13.936 Z,9999-12-31 23:59:59.999 Z,TRUE
20167,3600,,,,"{
  ""invoice_sent"": ""true""
}",2014-02-01 00:42:54.756,5277,,,InvoiceSentTenantEvent,,63ecb21a-27e7-4275-b13b-b923c9625476,2014-02-01 00:42:54.769,,,,14,,,,,,TRUE,,,,FALSE,Invoice,,,,,,,,,FALSE,,2026-07-09 08:26:52.386 Z,2026-07-09 08:26:50.521 Z,2026-08-05 12:53:13.935 Z,FALSE
20168,3600,24059941,,,"{
  ""applied_date"": ""2013-09-11"",
  ""invoice_id"": ""5275"",
  ""line_item_id"": ""5402"",
  ""resolved_date"": ""2014-07-09""
}",2014-02-01 00:42:54.931,23,,,DelinquencyStageTenantEvent,,95176dac-472a-441c-9457-3fe93935eb2a,2014-07-10 00:45:03.891,,,,14,,,5170,,,TRUE,,,,FALSE,DelinquencyStage,,,,,,,,,FALSE,removed,2026-08-05 12:53:17.776 Z,2026-08-05 12:53:13.936 Z,9999-12-31 23:59:59.999 Z,TRUE
20168,3600,24059941,,,"{
  ""applied_date"": ""2013-09-11"",
  ""invoice_id"": ""5275"",
  ""line_item_id"": ""5402"",
  ""resolved_date"": ""2014-07-09""
}",2014-02-01 00:42:54.931,23,,,DelinquencyStageTenantEvent,,95176dac-472a-441c-9457-3fe93935eb2a,2014-07-10 00:45:03.891,,,,14,,,5170,,,TRUE,,,,FALSE,DelinquencyStage,,,,,,,,,FALSE,removed,2026-07-09 08:26:53.992 Z,2026-07-09 08:26:50.521 Z,2026-08-05 12:53:13.935 Z,FALSE
20169,3600,24059941,,,"{
  ""fee_invoice_id"": ""5276""
}",2014-02-01 00:42:54.937,28,,2014-02-01 00:42:54.929,AddFeeDelinquencyTenantEvent,,b7ca834f-279f-4c9c-a1ae-aab46d57de84,2014-07-10 00:45:03.856,,,,14,,,5170,,,TRUE,,,,FALSE,DelinquencyStageAction,20168,,,,,,,,FALSE,removed,2026-08-05 12:53:17.776 Z,2026-08-05 12:53:13.936 Z,9999-12-31 23:59:59.999 Z,TRUE
20169,3600,24059941,,,"{
  ""fee_invoice_id"": ""5276""
}",2014-02-01 00:42:54.937,28,,2014-02-01 00:42:54.929,AddFeeDelinquencyTenantEvent,,b7ca834f-279f-4c9c-a1ae-aab46d57de84,2014-07-10 00:45:03.856,,,,14,,,5170,,,TRUE,,,,FALSE,DelinquencyStageAction,20168,,,,,,,,FALSE,removed,2026-07-09 08:26:53.991 Z,2026-07-09 08:26:50.521 Z,2026-08-05 12:53:13.935 Z,FALSE
20170,3600,24059941,,,"{
  ""last_action_date"": ""2014-07-09""
}",2014-02-01 00:42:54.958,29,,2014-01-31 05:00:00.000,GateLockoutDelinquencyTenantEvent,,29b5bdfa-6b8b-42ed-a205-477e7c87a7ab,2014-07-10 00:45:03.821,,,,14,,,5170,,,TRUE,,,,FALSE,DelinquencyStageAction,20168,,,,,,,,FALSE,removed,2026-08-05 13:03:01.816 Z,2026-08-05 12:53:13.936 Z,9999-12-31 23:59:59.999 Z,TRUE
20170,3600,24059941,,,"{
  ""last_action_date"": ""2014-07-09""
}",2014-02-01 00:42:54.958,29,,2014-01-31 05:00:00.000,GateLockoutDelinquencyTenantEvent,,29b5bdfa-6b8b-42ed-a205-477e7c87a7ab,2014-07-10 00:45:03.821,,,,14,,,5170,,,TRUE,,,,FALSE,DelinquencyStageAction,20168,,,,,,,,FALSE,removed,2026-07-09 08:38:21.097 Z,2026-07-09 08:26:50.521 Z,2026-08-05 12:53:13.935 Z,FALSE
20171,3600,24059941,,,"{
  ""last_action_date"": ""2014-07-09""
}",2014-02-01 00:42:54.998,30,,2014-02-01 00:42:55.848,OverlockDelinquencyTenantEvent,,18603f3e-2edb-4acc-a99d-cecf38f0927f,2024-03-07 18:57:06.995,,,,14,,6009,5170,,,TRUE,,,,FALSE,DelinquencyStageAction,20168,,,,,,,,FALSE,overlock_removed,2026-07-09 08:52:52.071 Z,2026-07-09 08:26:50.521 Z,9999-12-31 23:59:59.999 Z,TRUE
20172,3600,24060272,,,"{
  ""applied_date"": ""2013-09-16"",
  ""invoice_id"": ""5275"",
  ""line_item_id"": ""5402""
}",2014-02-01 00:42:55.066,24,,,DelinquencyStageTenantEvent,,91cbf048-d60e-40d4-84ac-5778daba2269,2014-04-08 03:12:02.214,,,,14,,,5170,,,FALSE,,,,FALSE,DelinquencyStage,,,,,,,,,FALSE,applied,2026-08-05 12:53:14.057 Z,2026-08-05 12:53:13.936 Z,9999-12-31 23:59:59.999 Z,TRUE
20172,3600,24060272,,,"{
  ""applied_date"": ""2013-09-16"",
  ""invoice_id"": ""5275"",
  ""line_item_id"": ""5402""
}",2014-02-01 00:42:55.066,24,,,DelinquencyStageTenantEvent,,91cbf048-d60e-40d4-84ac-5778daba2269,2014-04-08 03:12:02.214,,,,14,,,5170,,,FALSE,,,,FALSE,DelinquencyStage,,,,,,,,,FALSE,applied,2026-07-09 08:26:50.667 Z,2026-07-09 08:26:50.521 Z,2026-08-05 12:53:13.935 Z,FALSE
20173,3600,24060272,,,{},2014-02-01 00:42:55.073,31,,2014-02-04 17:00:01.416,PrintMailDelinquencyTenantEvent,,4c53c313-5e75-44f2-9f81-a18b0fe1b909,2024-03-07 18:57:06.995,,,,14,,6009,5170,,,TRUE,,,,FALSE,DelinquencyStageAction,20172,,,,,31,,,FALSE,letter_sent,2026-07-09 08:26:56.000 Z,2026-07-09 08:26:50.521 Z,2026-08-05 12:53:13.935 Z,FALSE
20173,3600,24060272,,,{},2014-02-01 00:42:55.073,31,,2014-02-04 17:00:01.416,PrintMailDelinquencyTenantEvent,,4c53c313-5e75-44f2-9f81-a18b0fe1b909,2024-03-07 18:57:06.995,,,,14,,6009,5170,,,TRUE,,,,FALSE,DelinquencyStageAction,20172,,,,,31,,,FALSE,letter_sent,2026-08-05 12:53:19.304 Z,2026-08-05 12:53:13.936 Z,9999-12-31 23:59:59.999 Z,TRUE
20174,3600,24060503,,,"{
  ""applied_date"": ""2013-10-11"",
  ""invoice_id"": ""5275"",
  ""line_item_id"": ""5402""
}",2014-02-01 00:42:55.132,25,,,DelinquencyStageTenantEvent,,ac61fbce-b2b7-4e7a-b86b-349e72da49c0,2014-04-08 03:12:02.243,,,,14,,,5170,,,FALSE,,,,FALSE,DelinquencyStage,,,,,,,,,FALSE,applied,2026-08-05 12:53:15.338 Z,2026-08-05 12:53:13.936 Z,9999-12-31 23:59:59.999 Z,TRUE
20174,3600,24060503,,,"{
  ""applied_date"": ""2013-10-11"",
  ""invoice_id"": ""5275"",
  ""line_item_id"": ""5402""
}",2014-02-01 00:42:55.132,25,,,DelinquencyStageTenantEvent,,ac61fbce-b2b7-4e7a-b86b-349e72da49c0,2014-04-08 03:12:02.243,,,,14,,,5170,,,FALSE,,,,FALSE,DelinquencyStage,,,,,,,,,FALSE,applied,2026-07-09 08:26:51.312 Z,2026-07-09 08:26:50.521 Z,2026-08-05 12:53:13.935 Z,FALSE
20175,3600,24060503,,,"{
  ""fee_invoice_id"": ""5276""
}",2014-02-01 00:42:55.138,32,,2014-02-01 00:42:55.130,AddFeeDelinquencyTenantEvent,,bde3ff61-8a05-4337-b989-804bc041cf46,2014-02-01 00:42:55.796,,,,14,,,5170,,,TRUE,,,,FALSE,DelinquencyStageAction,20174,,,,,,,,FALSE,applied,2026-07-09 08:26:51.185 Z,2026-07-09 08:26:50.521 Z,2026-08-05 12:53:13.935 Z,FALSE
20175,3600,24060503,,,"{
  ""fee_invoice_id"": ""5276""
}",2014-02-01 00:42:55.138,32,,2014-02-01 00:42:55.130,AddFeeDelinquencyTenantEvent,,bde3ff61-8a05-4337-b989-804bc041cf46,2014-02-01 00:42:55.796,,,,14,,,5170,,,TRUE,,,,FALSE,DelinquencyStageAction,20174,,,,,,,,FALSE,applied,2026-08-05 12:53:15.204 Z,2026-08-05 12:53:13.936 Z,9999-12-31 23:59:59.999 Z,TRUE
20176,3600,24060774,,,"{
  ""applied_date"": ""2013-10-16"",
  ""invoice_id"": ""5275"",
  ""line_item_id"": ""5402""
}",2014-02-01 00:42:55.192,26,,,DelinquencyStageTenantEvent,,df9cffc8-a792-4110-a865-e2b72ab23175,2014-04-08 03:12:02.273,,,,14,,,5170,,,FALSE,,,,FALSE,DelinquencyStage,,,,,,,,,FALSE,applied,2026-08-05 12:53:15.338 Z,2026-08-05 12:53:13.936 Z,9999-12-31 23:59:59.999 Z,TRUE
20176,3600,24060774,,,"{
  ""applied_date"": ""2013-10-16"",
  ""invoice_id"": ""5275"",
  ""line_item_id"": ""5402""
}",2014-02-01 00:42:55.192,26,,,DelinquencyStageTenantEvent,,df9cffc8-a792-4110-a865-e2b72ab23175,2014-04-08 03:12:02.273,,,,14,,,5170,,,FALSE,,,,FALSE,DelinquencyStage,,,,,,,,,FALSE,applied,2026-07-09 08:26:51.312 Z,2026-07-09 08:26:50.521 Z,2026-08-05 12:53:13.935 Z,FALSE
20177,3600,24060774,,,{},2014-02-01 00:42:55.198,33,,2014-02-04 16:59:59.060,PrintMailDelinquencyTenantEvent,,c80a218a-1020-4511-bd1e-9b763e4d93bb,2024-03-07 18:57:06.995,,,,14,,6009,5170,,,TRUE,,,,FALSE,DelinquencyStageAction,20176,,,,,31,,,FALSE,letter_sent,2026-07-09 08:52:52.081 Z,2026-07-09 08:26:50.521 Z,9999-12-31 23:59:59.999 Z,TRUE
20178,3600,24061048,,,"{
  ""applied_date"": ""2013-11-10"",
  ""invoice_id"": ""5275"",
  ""line_item_id"": ""5402""
}",2014-02-01 00:42:55.255,27,,,DelinquencyStageTenantEvent,,18234bd4-5843-4019-9f81-5f2648f58f4e,2014-04-08 03:12:02.303,,,,14,,,5170,,,FALSE,,,,FALSE,DelinquencyStage,,,,,,,,,FALSE,applied,2026-08-05 12:53:15.338 Z,2026-08-05 12:53:13.936 Z,9999-12-31 23:59:59.999 Z,TRUE
20178,3600,24061048,,,"{
  ""applied_date"": ""2013-11-10"",
  ""invoice_id"": ""5275"",
  ""line_item_id"": ""5402""
}",2014-02-01 00:42:55.255,27,,,DelinquencyStageTenantEvent,,18234bd4-5843-4019-9f81-5f2648f58f4e,2014-04-08 03:12:02.303,,,,14,,,5170,,,FALSE,,,,FALSE,DelinquencyStage,,,,,,,,,FALSE,applied,2026-07-09 08:26:51.312 Z,2026-07-09 08:26:50.521 Z,2026-08-05 12:53:13.935 Z,FALSE
20179,3600,24061048,,,"{
  ""fee_invoice_id"": ""5276""
}",2014-02-01 00:42:55.261,34,,2014-02-01 00:42:55.253,AddFeeDelinquencyTenantEvent,,8d57498d-3bd7-424c-9676-e1095c8c07f8,2014-02-01 00:42:55.776,,,,14,,,5170,,,TRUE,,,,FALSE,DelinquencyStageAction,20178,,,,,,,,FALSE,applied,2026-08-05 12:53:15.204 Z,2026-08-05 12:53:13.936 Z,9999-12-31 23:59:59.999 Z,TRUE
20179,3600,24061048,,,"{
  ""fee_invoice_id"": ""5276""
}",2014-02-01 00:42:55.261,34,,2014-02-01 00:42:55.253,AddFeeDelinquencyTenantEvent,,8d57498d-3bd7-424c-9676-e1095c8c07f8,2014-02-01 00:42:55.776,,,,14,,,5170,,,TRUE,,,,FALSE,DelinquencyStageAction,20178,,,,,,,,FALSE,applied,2026-07-09 08:26:51.185 Z,2026-07-09 08:26:50.521 Z,2026-08-05 12:53:13.935 Z,FALSE
20180,3600,24061263,,,"{
  ""applied_date"": ""2013-11-15"",
  ""invoice_id"": ""5275"",
  ""line_item_id"": ""5402""
}",2014-02-01 00:42:55.314,28,,,DelinquencyStageTenantEvent,,591b26a4-ce06-4d53-b5a1-fddcc0e5afef,2014-04-08 03:12:02.333,,,,14,,,5170,,,FALSE,,,,FALSE,DelinquencyStage,,,,,,,,,FALSE,applied,2026-07-09 08:38:21.097 Z,2026-07-09 08:26:50.521 Z,2026-08-05 12:53:13.935 Z,FALSE
20180,3600,24061263,,,"{
  ""applied_date"": ""2013-11-15"",
  ""invoice_id"": ""5275"",
  ""line_item_id"": ""5402""
}",2014-02-01 00:42:55.314,28,,,DelinquencyStageTenantEvent,,591b26a4-ce06-4d53-b5a1-fddcc0e5afef,2014-04-08 03:12:02.333,,,,14,,,5170,,,FALSE,,,,FALSE,DelinquencyStage,,,,,,,,,FALSE,applied,2026-08-05 13:03:01.816 Z,2026-08-05 12:53:13.936 Z,9999-12-31 23:59:59.999 Z,TRUE
20181,3600,24061263,,,{},2014-02-01 00:42:55.320,35,,2014-02-04 16:59:55.557,PrintMailDelinquencyTenantEvent,,3ffb16bc-5cd4-4557-ae1b-55de09056eb9,2024-03-07 18:57:06.995,,,,14,,6009,5170,,,TRUE,,,,FALSE,DelinquencyStageAction,20180,,,,,31,,,FALSE,letter_sent,2026-07-09 08:52:52.082 Z,2026-07-09 08:26:50.521 Z,9999-12-31 23:59:59.999 Z,TRUE
20182,3600,24061541,,,"{
  ""applied_date"": ""2013-11-30"",
  ""invoice_id"": ""5275"",
  ""line_item_id"": ""5402""
}",2014-02-01 00:42:55.371,29,,,DelinquencyStageTenantEvent,,d94fb16d-34a1-4077-8dd4-a87a4be451e8,2014-04-08 03:12:02.363,,,,14,,,5170,,,FALSE,,,,FALSE,DelinquencyStage,,,,,,,,,FALSE,applied,2026-08-05 13:03:01.816 Z,2026-08-05 12:53:13.936 Z,9999-12-31 23:59:59.999 Z,TRUE
20182,3600,24061541,,,"{
  ""applied_date"": ""2013-11-30"",
  ""invoice_id"": ""5275"",
  ""line_item_id"": ""5402""
}",2014-02-01 00:42:55.371,29,,,DelinquencyStageTenantEvent,,d94fb16d-34a1-4077-8dd4-a87a4be451e8,2014-04-08 03:12:02.363,,,,14,,,5170,,,FALSE,,,,FALSE,DelinquencyStage,,,,,,,,,FALSE,applied,2026-07-09 08:38:21.097 Z,2026-07-09 08:26:50.521 Z,2026-08-05 12:53:13.935 Z,FALSE
20183,3600,24061541,,,{},2014-02-01 00:42:55.378,36,,2014-02-04 16:59:51.305,PrintMailDelinquencyTenantEvent,,67126833-7e8e-4a89-ad85-90cf62b93d73,2024-03-07 18:57:06.995,,,,14,,6009,5170,,,TRUE,,,,FALSE,DelinquencyStageAction,20182,,,,,31,,,FALSE,letter_sent,2026-07-09 08:52:52.082 Z,2026-07-09 08:26:50.521 Z,9999-12-31 23:59:59.999 Z,TRUE
20184,3600,24061796,,,"{
  ""applied_date"": ""2013-12-15"",
  ""invoice_id"": ""5275"",
  ""line_item_id"": ""5402""
}",2014-02-01 00:42:55.527,30,,,DelinquencyStageTenantEvent,,8e44ab5c-94e6-47a0-bc23-82bb88a9e0fd,2014-04-08 03:12:02.391,,,,14,,,5170,,,FALSE,,,,FALSE,DelinquencyStage,,,,,,,,,FALSE,applied,2026-07-09 08:38:21.097 Z,2026-07-09 08:26:50.521 Z,2026-08-05 12:53:13.935 Z,FALSE
20184,3600,24061796,,,"{
  ""applied_date"": ""2013-12-15"",
  ""invoice_id"": ""5275"",
  ""line_item_id"": ""5402""
}",2014-02-01 00:42:55.527,30,,,DelinquencyStageTenantEvent,,8e44ab5c-94e6-47a0-bc23-82bb88a9e0fd,2014-04-08 03:12:02.391,,,,14,,,5170,,,FALSE,,,,FALSE,DelinquencyStage,,,,,,,,,FALSE,applied,2026-08-05 13:03:01.816 Z,2026-08-05 12:53:13.936 Z,9999-12-31 23:59:59.999 Z,TRUE
20185,3600,24061796,,,{},2014-02-01 00:42:55.533,37,,2014-02-04 16:59:47.923,PrintMailDelinquencyTenantEvent,,f2f10fe8-8b95-4b71-b432-5ed10f7b3ba2,2024-03-07 18:57:06.995,,,,14,,6009,5170,,,TRUE,,,,FALSE,DelinquencyStageAction,20184,,,,,31,,,FALSE,letter_sent,2026-07-09 08:52:52.083 Z,2026-07-09 08:26:50.521 Z,9999-12-31 23:59:59.999 Z,TRUE
20186,3600,24062053,,,"{
  ""applied_date"": ""2013-12-30"",
  ""invoice_id"": ""5275"",
  ""line_item_id"": ""5402""
}",2014-02-01 00:42:55.583,31,,,DelinquencyStageTenantEvent,,31e2552e-973a-4831-b9c0-d6cbf99ff500,2014-04-08 03:12:02.420,,,,14,,,5170,,,FALSE,,,,FALSE,DelinquencyStage,,,,,,,,,FALSE,applied,2026-07-09 08:26:50.667 Z,2026-07-09 08:26:50.521 Z,2026-08-05 12:53:13.935 Z,FALSE
20186,3600,24062053,,,"{
  ""applied_date"": ""2013-12-30"",
  ""invoice_id"": ""5275"",
  ""line_item_id"": ""5402""
}",2014-02-01 00:42:55.583,31,,,DelinquencyStageTenantEvent,,31e2552e-973a-4831-b9c0-d6cbf99ff500,2014-04-08 03:12:02.420,,,,14,,,5170,,,FALSE,,,,FALSE,DelinquencyStage,,,,,,,,,FALSE,applied,2026-08-05 12:53:14.057 Z,2026-08-05 12:53:13.936 Z,9999-12-31 23:59:59.999 Z,TRUE
20187,3600,24062053,,,{},2014-02-01 00:42:55.589,38,,2014-02-04 05:00:00.000,CutLockDelinquencyTenantEvent,,ba54700e-6856-49be-aaa5-58236f94153c,2024-03-07 18:57:06.995,,,,14,,6009,5170,,,TRUE,,,,FALSE,DelinquencyStageAction,20186,,,,,31,,,FALSE,lock_cut,2026-07-09 08:52:52.051 Z,2026-07-09 08:26:50.521 Z,9999-12-31 23:59:59.999 Z,TRUE
20188,3600,24062255,,,"{
  ""applied_date"": ""2014-01-14"",
  ""invoice_id"": ""5275"",
  ""line_item_id"": ""5402""
}",2014-02-01 00:42:55.641,32,,,DelinquencyStageTenantEvent,,201620fe-1e8c-4847-a859-74407702e83f,2014-04-08 03:12:02.450,,,,14,,,5170,,,FALSE,,,,FALSE,DelinquencyStage,,,,,,,,,FALSE,applied,2026-07-09 08:38:21.097 Z,2026-07-09 08:26:50.521 Z,2026-08-05 12:53:13.935 Z,FALSE
20188,3600,24062255,,,"{
  ""applied_date"": ""2014-01-14"",
  ""invoice_id"": ""5275"",
  ""line_item_id"": ""5402""
}",2014-02-01 00:42:55.641,32,,,DelinquencyStageTenantEvent,,201620fe-1e8c-4847-a859-74407702e83f,2014-04-08 03:12:02.450,,,,14,,,5170,,,FALSE,,,,FALSE,DelinquencyStage,,,,,,,,,FALSE,applied,2026-08-05 13:03:01.816 Z,2026-08-05 12:53:13.936 Z,9999-12-31 23:59:59.999 Z,TRUE
20189,3600,24062255,,,{},2014-02-01 00:42:55.647,39,,2014-02-04 16:59:41.049,PrintMailDelinquencyTenantEvent,,f2a87441-48d9-4551-8d29-3af549d96686,2024-03-07 18:57:06.995,,,,14,,6009,5170,,,TRUE,,,,FALSE,DelinquencyStageAction,20188,,,,,31,,,FALSE,letter_sent,2026-07-09 08:52:52.083 Z,2026-07-09 08:26:50.521 Z,9999-12-31 23:59:59.999 Z,TRUE
20190,3600,24062513,,,"{
  ""applied_date"": ""2014-01-29"",
  ""invoice_id"": ""5275"",
  ""line_item_id"": ""5402""
}",2014-02-01 00:42:55.702,33,,,DelinquencyStageTenantEvent,,adfa45b2-bcad-473f-86eb-aad80dfd5722,2014-04-08 03:12:02.479,,,,14,,,5170,,,FALSE,,,,FALSE,DelinquencyStage,,,,,,,,,FALSE,applied,2026-08-05 13:03:01.816 Z,2026-08-05 12:53:13.936 Z,9999-12-31 23:59:59.999 Z,TRUE
20190,3600,24062513,,,"{
  ""applied_date"": ""2014-01-29"",
  ""invoice_id"": ""5275"",
  ""line_item_id"": ""5402""
}",2014-02-01 00:42:55.702,33,,,DelinquencyStageTenantEvent,,adfa45b2-bcad-473f-86eb-aad80dfd5722,2014-04-08 03:12:02.479,,,,14,,,5170,,,FALSE,,,,FALSE,DelinquencyStage,,,,,,,,,FALSE,applied,2026-07-09 08:38:21.097 Z,2026-07-09 08:26:50.521 Z,2026-08-05 12:53:13.935 Z,FALSE
20191,3600,24062513,,,"{
  ""fee_invoice_id"": ""5276""
}",2014-02-01 00:42:55.708,40,,2014-02-01 00:42:55.700,AddFeeDelinquencyTenantEvent,,10e176a1-5963-413c-a10f-87daa96a10b1,2014-02-01 00:42:55.756,,,,14,,,5170,,,TRUE,,,,FALSE,DelinquencyStageAction,20190,,,,,,,,FALSE,applied,2026-07-09 08:38:21.097 Z,2026-07-09 08:26:50.521 Z,2026-08-05 12:53:13.935 Z,FALSE
20191,3600,24062513,,,"{
  ""fee_invoice_id"": ""5276""
}",2014-02-01 00:42:55.708,40,,2014-02-01 00:42:55.700,AddFeeDelinquencyTenantEvent,,10e176a1-5963-413c-a10f-87daa96a10b1,2014-02-01 00:42:55.756,,,,14,,,5170,,,TRUE,,,,FALSE,DelinquencyStageAction,20190,,,,,,,,FALSE,applied,2026-08-05 13:03:01.816 Z,2026-08-05 12:53:13.936 Z,9999-12-31 23:59:59.999 Z,TRUE
20192,3601,,,,"{
  ""gate_access_code"": ""07746"",
  ""move_in_date"": ""2005-08-09"",
  ""move_in_initiated_date"": ""2005-08-09"",
  ""rate"": ""80.0""
}",2005-08-09 10:00:00.000,,,2014-02-01 00:42:56.093,MoveInUnitEvent,,97f568d3-ce8e-4fd0-9ede-ce1225a55c0f,2014-04-08 03:12:54.516,,,,14,,6010,5171,,,TRUE,,,,FALSE,,,,,,,,,,FALSE,,2026-07-09 08:41:00.115 Z,2026-07-09 08:26:50.521 Z,9999-12-31 23:59:59.999 Z,TRUE
20193,3601,,,,"{
  ""invoice_sent"": ""true""
}",2014-02-01 00:42:56.374,5278,,,InvoiceSentTenantEvent,,23c850fd-f1ba-454f-a8ed-aa7e8083f049,2014-02-01 00:42:56.386,,,,14,,,,,,TRUE,,,,FALSE,Invoice,,,,,,,,,FALSE,,2026-07-09 08:26:52.386 Z,2026-07-09 08:26:50.521 Z,2026-08-05 12:53:13.935 Z,FALSE
20193,3601,,,,"{
  ""invoice_sent"": ""true""
}",2014-02-01 00:42:56.374,5278,,,InvoiceSentTenantEvent,,23c850fd-f1ba-454f-a8ed-aa7e8083f049,2014-02-01 00:42:56.386,,,,14,,,,,,TRUE,,,,FALSE,Invoice,,,,,,,,,FALSE,,2026-08-05 12:53:16.313 Z,2026-08-05 12:53:13.936 Z,9999-12-31 23:59:59.999 Z,TRUE
