"id","type","data","needs_followup","needs_followup_by","followup_date","resolved","created_by_id","updated_by_id","unit_id","tenant_id","source_id","facility_id","created_at","updated_at","parent_event_id","related_object_id","related_object_type","uuid","status","important_task","resolved_on","created_by_type","updated_by_type","ledger_id","lead_id","support_case_id","attachment_id","action_item","ledger_delinquency_id","company_uuid","facility_uuid","tenant_uuid","ledger_uuid","unit_uuid","lead_uuid","related_object_uuid","client_application_id","payment_intent_id"
19626,MoveInUnitEvent,"""rate""=>""80.0"", ""move_in_date""=>""2011-01-22"", ""gate_access_code""=>""02378"", ""move_in_initiated_date""=>""2011-01-22""",false,,2014-02-01 00:41:44.569,true,,,5949,3544,,14,2011-01-22 10:00:00.000,2014-04-08 03:12:52.981,,,,"611e7a5c-842f-4876-a793-7bb690e6c056",,false,,,,5114,,,,,,,,,,,,,,
19627,InvoiceSentTenantEvent,"""invoice_sent""=>""true""",false,,,true,,,,3544,,14,2014-02-01 00:41:45.427,2014-02-01 00:41:45.795,,5119,Invoice,dd9b8870-913e-4e52-9301-28def3c13a68,,false,,,,,,,,,,,,,,,,,,
19628,InvoiceSentTenantEvent,"""invoice_sent""=>""true""",false,,,true,,,,3544,,14,2014-02-01 00:41:45.604,2014-02-01 00:41:45.858,,5120,Invoice,"23c39473-ff22-47b2-a5f9-3c166598464f",,false,,,,,,,,,,,,,,,,,,
19629,InvoiceSentTenantEvent,"""invoice_sent""=>""true""",false,,,true,,,,3544,,14,2014-02-01 00:41:45.789,2014-02-01 00:41:45.809,,5121,Invoice,"3af8e266-9c57-4090-b87f-76e1d2a7e3ae",,false,,,,,,,,,,,,,,,,,,
19630,InvoiceSentTenantEvent,"""invoice_sent""=>""true""",false,,,true,,,,3544,,14,2014-02-01 00:41:46.071,2014-02-01 00:41:46.160,,5122,Invoice,"3e070c01-1bd4-43a0-812c-6a034215f3ac",,false,,,,,,,,,,,,,,,,,,
19631,DelinquencyStageTenantEvent,"""invoice_id""=>""5120"", ""applied_date""=>""2014-02-19"", ""line_item_id""=>""5237"", ""resolved_date""=>""2014-03-13""",false,,,true,,,,3544,,14,2014-02-01 00:41:46.354,2014-04-08 03:11:57.877,,23,DelinquencyStage,f8030a6c-eab3-44a9-b9b3-4a490aee0321,removed,false,,,,5114,,,,,23598765,,,,,,,,,
19632,AddFeeDelinquencyTenantEvent,"""fee_invoice_id""=>""5121""",false,,2014-02-01 00:41:46.291,true,,,,3544,,14,2014-02-01 00:41:46.368,2014-03-13 19:11:35.682,19631,28,DelinquencyStageAction,"327e9333-96e4-4a98-87d4-611783e3795d",removed,false,,,,5114,,,,,23598765,,,,,,,,,
19633,GateLockoutDelinquencyTenantEvent,"",false,,2014-03-13 04:00:00.000,true,,,,3544,,14,2014-02-01 00:41:46.485,2014-03-13 19:11:35.767,19631,29,DelinquencyStageAction,"8e02221d-27d3-4e3a-8469-33f8b0726db3",removed,false,,,,5114,,,,,23598765,,,,,,,,,
19634,OverlockDelinquencyTenantEvent,"",false,,2014-03-13 19:13:46.739,true,,40,5949,3544,,14,2014-02-01 00:41:46.557,2014-03-13 19:13:46.740,19631,30,DelinquencyStageAction,c9816208-f870-4424-8568-102d10c7199c,overlock_removed,false,,,,5114,,,,,23598765,,,,,,,,,
19635,DelinquencyStageTenantEvent,"""invoice_id""=>""5120"", ""applied_date""=>""2014-02-24"", ""line_item_id""=>""5237"", ""resolved_date""=>""2014-03-13""",false,,,true,,,,3544,,14,2014-02-01 00:41:46.656,2014-04-08 03:11:57.918,,24,DelinquencyStage,"65ce5380-bb44-4bc5-a2f7-4bf9ee547374",removed,false,,,,5114,,,,,23599027,,,,,,,,,
19636,PrintMailDelinquencyTenantEvent,"",false,,2014-02-04 14:42:22.757,true,,31,5949,3544,,14,2014-02-01 00:41:46.663,2014-02-04 14:42:22.758,19635,31,DelinquencyStageAction,"60ac5013-889f-4aee-b578-054c146f7e4d",letter_sent,false,,,,5114,,,,,23599027,,,,,,,,,
19637,DelinquencyStageTenantEvent,"""invoice_id""=>""5120"", ""applied_date""=>""2014-03-21"", ""line_item_id""=>""5237"", ""resolved_date""=>""2014-03-13""",false,,,true,,,,3544,,14,2014-02-01 00:41:46.804,2014-04-08 03:11:57.947,,25,DelinquencyStage,"8a9bb005-59c1-4e78-9694-64e0136c96aa",removed,false,,,,5114,,,,,23599221,,,,,,,,,
19638,AddFeeDelinquencyTenantEvent,"""fee_invoice_id""=>""5121""",false,,2014-02-01 00:41:46.731,true,,,,3544,,14,2014-02-01 00:41:46.812,2014-03-13 19:11:36.035,19637,32,DelinquencyStageAction,e627a16a-6c49-45bd-89f0-63e097adab1c,removed,false,,,,5114,,,,,23599221,,,,,,,,,
19639,DelinquencyStageTenantEvent,"""invoice_id""=>""5120"", ""applied_date""=>""2014-03-26"", ""line_item_id""=>""5237"", ""resolved_date""=>""2014-03-13""",false,,,true,,,,3544,,14,2014-02-01 00:41:46.871,2014-04-08 03:11:57.975,,26,DelinquencyStage,"4c4422c0-0d13-496d-8abd-ac36fdefb0c8",removed,false,,,,5114,,,,,23599594,,,,,,,,,
19640,PrintMailDelinquencyTenantEvent,"",false,,2014-02-04 14:42:26.530,true,,31,5949,3544,,14,2014-02-01 00:41:46.878,2014-02-04 14:42:26.531,19639,33,DelinquencyStageAction,d7b46ba7-00e7-4e53-ae2e-579b1c88de9f,letter_sent,false,,,,5114,,,,,23599594,,,,,,,,,
19641,NoteEvent,"",false,,2014-02-06 17:24:20.685,false,,54,,3545,,14,2014-02-01 00:41:47.293,2014-04-08 03:13:26.078,,,,"9bc05b1f-0633-450d-98ed-c112f390deef",,false,,,,,,,,,,,,,,,,,,
19642,MoveInUnitEvent,"""rate""=>""40.0"", ""move_in_date""=>""2013-08-16"", ""gate_access_code""=>""01014"", ""move_in_initiated_date""=>""2013-08-16""",false,,2014-02-01 00:41:47.326,true,,,5951,3545,,14,2013-08-16 10:00:00.000,2024-05-20 16:47:40.170,,,,c6f91d22-5b7c-4601-8b99-f25f7ed8f860,,false,,,,5115,,,,,,,,,,,,,,
19643,InvoiceSentTenantEvent,"""invoice_sent""=>""true""",false,,,true,,,,3545,,14,2014-02-01 00:41:47.698,2014-02-01 00:41:47.720,,5123,Invoice,"047917c8-6d56-4f86-9cfc-ce8dec8b1866",,false,,,,,,,,,,,,,,,,,,
19644,InvoiceSentTenantEvent,"""invoice_sent""=>""true""",false,,,true,,,,3545,,14,2014-02-01 00:41:47.899,2014-02-01 00:41:47.898,,5124,Invoice,c80cbd0b-f045-4c95-8cd8-30ebcc9fbc82,,false,,,,,,,,,,,,,,,,,,
19645,InvoiceSentTenantEvent,"""invoice_sent""=>""true""",false,,,true,,,,3545,,14,2014-02-01 00:41:48.374,2014-02-01 00:41:48.594,,5125,Invoice,fefda359-0380-4166-b7a5-69a96d2d2db5,,false,,,,,,,,,,,,,,,,,,
19646,NoteEvent,"",false,,2014-02-06 17:25:25.953,false,,54,,3546,,14,2014-02-01 00:41:48.641,2014-04-08 03:13:26.226,,,,"1f2dd7f0-3e69-4789-8096-885519178fe3",,false,,,,,,,,,,,,,,,,,,
19647,MoveInUnitEvent,"""rate""=>""40.0"", ""move_in_date""=>""2011-09-14"", ""gate_access_code""=>""01102"", ""move_in_initiated_date""=>""2011-09-14""",false,,2014-02-01 00:41:48.670,true,,,5952,3546,,14,2011-09-14 10:00:00.000,2024-05-20 16:47:40.170,,,,"49df528e-885b-4a5f-9af9-a559621e2577",,false,,,,5116,,,,,,,,,,,,,,
19648,InvoiceSentTenantEvent,"""invoice_sent""=>""true""",false,,,true,,,,3546,,14,2014-02-01 00:41:48.948,2014-02-01 00:41:48.961,,5126,Invoice,"6113d985-040a-4ca0-b020-80748ed70c2f",,false,,,,,,,,,,,,,,,,,,
19649,InvoiceSentTenantEvent,"""invoice_sent""=>""true""",false,,,true,,,,3546,,14,2014-02-01 00:41:49.174,2014-02-01 00:41:49.188,,5127,Invoice,de1520ba-ac3d-4516-bffe-ff467578e005,,false,,,,,,,,,,,,,,,,,,
19650,InvoiceSentTenantEvent,"""invoice_sent""=>""true""",false,,,true,,,,3546,,14,2014-02-01 00:41:49.329,2014-02-01 00:41:49.346,,5128,Invoice,ea68b6ef-88db-4521-bd6f-48ebb924a5bb,,false,,,,,,,,,,,,,,,,,,
19651,InvoiceSentTenantEvent,"""invoice_sent""=>""true""",false,,,true,,,,3546,,14,2014-02-01 00:41:49.508,2014-02-01 00:41:49.521,,5129,Invoice,a5e24569-6bf3-4e53-9426-30872f6a169b,,false,,,,,,,,,,,,,,,,,,
19652,DelinquencyStageTenantEvent,"""invoice_id""=>""5127"", ""applied_date""=>""2014-01-11"", ""line_item_id""=>""5244"", ""resolved_date""=>""2014-03-13""",false,,,true,,,,3546,,14,2014-02-01 00:41:49.582,2014-04-08 03:11:58.028,,23,DelinquencyStage,"23cbaa04-7286-4aff-acee-067fdfba9750",removed,false,,,,5116,,,,,23619417,,,,,,,,,
19653,AddFeeDelinquencyTenantEvent,"""fee_invoice_id""=>""5128""",false,,2014-02-01 00:41:49.580,true,,,,3546,,14,2014-02-01 00:41:49.588,2014-03-13 15:48:46.319,19652,28,DelinquencyStageAction,"1ad5e27c-d74a-4416-9111-51061e7af738",removed,false,,,,5116,,,,,23619417,,,,,,,,,
19654,GateLockoutDelinquencyTenantEvent,"",false,,2014-03-13 04:00:00.000,true,,,,3546,,14,2014-02-01 00:41:49.609,2014-03-13 15:48:46.520,19652,29,DelinquencyStageAction,"82b0c984-9978-4f8e-834a-1021712931c7",removed,false,,,,5116,,,,,23619417,,,,,,,,,
19655,OverlockDelinquencyTenantEvent,"",false,,2014-03-13 16:14:45.287,true,,40,5952,3546,,14,2014-02-01 00:41:49.649,2024-05-20 16:47:40.170,19652,30,DelinquencyStageAction,b681c27f-16a6-49b9-8801-301e7cb06998,overlock_removed,false,,,,5116,,,,,23619417,,,,,,,,,
19656,DelinquencyStageTenantEvent,"""invoice_id""=>""5127"", ""applied_date""=>""2014-01-16"", ""line_item_id""=>""5244"", ""resolved_date""=>""2014-03-13""",false,,,true,,,,3546,,14,2014-02-01 00:41:49.780,2014-04-08 03:11:58.058,,24,DelinquencyStage,fbce76fe-9e81-4bd2-9720-b26924aa56fe,removed,false,,,,5116,,,,,23619633,,,,,,,,,
19657,PrintMailDelinquencyTenantEvent,"",false,,2014-02-04 16:50:18.482,true,,31,5952,3546,,14,2014-02-01 00:41:49.787,2024-05-20 16:47:40.170,19656,31,DelinquencyStageAction,"171b5b37-08a7-49ec-87c6-887fd51a51b7",letter_sent,false,,,,5116,,,,,23619633,,,,,,,,,
19658,NoteEvent,"",false,,2014-02-06 17:32:57.156,false,,54,,3547,,14,2014-02-01 00:41:50.136,2014-04-08 03:13:26.248,,,,"99511605-957b-4e3d-a1b6-71fef7699f3b",,false,,,,,,,,,,,,,,,,,,
19659,NoteEvent,"",false,,2014-02-06 17:33:02.808,false,,54,,3547,,14,2014-02-01 00:41:50.143,2014-04-08 03:13:26.271,,,,"391c026c-d1e1-4961-9071-2c40a2841fad",,false,,,,,,,,,,,,,,,,,,
19660,MoveInUnitEvent,"""rate""=>""40.0"", ""move_in_date""=>""2010-12-13"", ""gate_access_code""=>""01317"", ""move_in_initiated_date""=>""2010-12-13""",false,,2014-02-01 00:41:50.173,true,,,5953,3547,,14,2010-12-13 10:00:00.000,2024-05-20 16:47:40.170,,,,"6b579931-3f97-4577-8a73-2385d3438fea",,false,,,,5117,,,,,,,,,,,,,,
19661,InvoiceSentTenantEvent,"""invoice_sent""=>""true""",false,,,true,,,,3547,,14,2014-02-01 00:41:50.465,2014-02-01 00:41:50.489,,5130,Invoice,dad12d6d-ebc9-418b-8fdf-4c18e4d3bc44,,false,,,,,,,,,,,,,,,,,,
19662,InvoiceSentTenantEvent,"""invoice_sent""=>""true""",false,,,true,,,,3547,,14,2014-02-01 00:41:50.654,2014-02-01 00:41:50.732,,5131,Invoice,"73524435-cd40-4db9-998e-ef518e8a303d",,false,,,,,,,,,,,,,,,,,,
19663,NoteEvent,"",false,,2014-02-06 20:24:42.342,false,,54,,3548,,14,2014-02-01 00:41:50.910,2014-04-08 03:13:26.294,,,,"017b0a34-4a00-4590-9fad-71ab00fa26f2",,false,,,,,,,,,,,,,,,,,,
19664,NoteEvent,"",false,,,false,,,,3548,,14,2014-02-01 00:41:50.916,2014-04-08 03:13:26.314,,,,"56d2d353-5cdf-4742-8835-15e79772d6da",,false,,,,,,,,,,,,,,,,,,
19665,MoveInUnitEvent,"""rate""=>""40.0"", ""move_in_date""=>""2013-10-11"", ""gate_access_code""=>""08585"", ""move_in_initiated_date""=>""2013-10-11""",false,,2014-02-01 00:41:50.951,true,,,5954,3548,,14,2013-10-11 10:00:00.000,2024-05-20 16:47:40.170,,,,f1a99025-8c7e-4011-92ea-fecfcb38b928,,false,,,,5118,,,,,,,,,,,,,,
19666,InvoiceSentTenantEvent,"""invoice_sent""=>""true""",false,,,true,,,,3548,,14,2014-02-01 00:41:51.329,2014-02-01 00:41:51.365,,5132,Invoice,f7ef5b8a-f62e-46d1-91fb-f1362f4be2fb,,false,,,,,,,,,,,,,,,,,,
19667,InvoiceSentTenantEvent,"""invoice_sent""=>""true""",false,,,true,,,,3548,,14,2014-02-01 00:41:51.483,2014-02-01 00:41:51.506,,5133,Invoice,bd411f17-2fa9-409c-95ba-a58ec37d30b9,,false,,,,,,,,,,,,,,,,,,
19668,InvoiceSentTenantEvent,"""invoice_sent""=>""true""",false,,,true,,,,3548,,14,2014-02-01 00:41:51.645,2014-02-01 00:41:51.645,,5134,Invoice,"25fa7aa1-8d54-42e3-90f2-0bb21b7dfc2c",,false,,,,,,,,,,,,,,,,,,
19669,InvoiceSentTenantEvent,"""invoice_sent""=>""true""",false,,,true,,,,3548,,14,2014-02-01 00:41:51.945,2014-02-01 00:41:51.978,,5135,Invoice,e94690f4-815d-4946-8c57-931bb41abde1,,false,,,,,,,,,,,,,,,,,,
19670,DelinquencyStageTenantEvent,"""invoice_id""=>""5133"", ""applied_date""=>""2014-01-31"", ""line_item_id""=>""5250"", ""resolved_date""=>""2014-02-15""",false,,,true,,,,3548,,14,2014-02-01 00:41:52.033,2014-04-08 03:11:58.111,,23,DelinquencyStage,"946e996c-714b-4c26-894f-2e8957d9283f",removed,false,,,,5118,,,,,23709460,,,,,,,,,
19671,AddFeeDelinquencyTenantEvent,"""fee_invoice_id""=>""5134""",false,,2014-02-01 00:41:52.031,true,,,,3548,,14,2014-02-01 00:41:52.039,2014-02-15 15:02:22.552,19670,28,DelinquencyStageAction,d94dea24-399c-47ba-8452-7a16220a7fb7,removed,false,,,,5118,,,,,23709460,,,,,,,,,
19672,GateLockoutDelinquencyTenantEvent,"",false,,2014-02-15 05:00:00.000,true,,,,3548,,14,2014-02-01 00:41:52.060,2014-02-15 15:02:22.657,19670,29,DelinquencyStageAction,b590218f-8844-4fe2-aa69-5bdfab9d66c2,removed,false,,,,5118,,,,,23709460,,,,,,,,,
19673,OverlockDelinquencyTenantEvent,"",false,,2014-02-15 15:03:58.871,true,,40,5954,3548,,14,2014-02-01 00:41:52.100,2024-05-20 16:47:40.170,19670,30,DelinquencyStageAction,"1fdbaa8a-7177-47b8-9142-da6aaf4a392f",overlock_removed,false,,,,5118,,,,,23709460,,,,,,,,,
19674,DelinquencyStageTenantEvent,"""invoice_id""=>""5133"", ""applied_date""=>""2014-01-31"", ""line_item_id""=>""5250"", ""resolved_date""=>""2014-02-15""",false,,,true,,,,3548,,14,2014-02-01 00:41:52.156,2014-04-08 03:11:58.139,,24,DelinquencyStage,d3026152-fa87-44bb-8386-61977085d5b0,removed,false,,,,5118,,,,,23709730,,,,,,,,,
19675,PrintMailDelinquencyTenantEvent,"",false,,2014-02-04 16:50:38.444,true,,31,5954,3548,,14,2014-02-01 00:41:52.162,2024-05-20 16:47:40.170,19674,31,DelinquencyStageAction,"007a745f-e13f-431c-ad19-43edc9e93c9a",letter_sent,false,,,,5118,,,,,23709730,,,,,,,,,
19676,DelinquencyStageTenantEvent,"""invoice_id""=>""5133"", ""applied_date""=>""2014-01-31"", ""line_item_id""=>""5250"", ""resolved_date""=>""2014-02-15""",false,,,true,,,,3548,,14,2014-02-01 00:41:52.219,2014-04-08 03:11:58.168,,25,DelinquencyStage,"205ba38d-8be2-4397-8681-c49896564e17",removed,false,,,,5118,,,,,23709989,,,,,,,,,
19677,AddFeeDelinquencyTenantEvent,"""fee_invoice_id""=>""5134""",false,,2014-02-01 00:41:52.217,true,,,,3548,,14,2014-02-01 00:41:52.225,2014-02-15 15:02:22.288,19676,32,DelinquencyStageAction,"47b75e17-b56b-453e-9d87-369a541e29c1",removed,false,,,,5118,,,,,23709989,,,,,,,,,
19678,DelinquencyStageTenantEvent,"""invoice_id""=>""5133"", ""applied_date""=>""2014-01-31"", ""line_item_id""=>""5250"", ""resolved_date""=>""2014-02-15""",false,,,true,,,,3548,,14,2014-02-01 00:41:52.279,2014-04-08 03:11:58.197,,26,DelinquencyStage,"324b0be0-8bc7-4f36-a8d3-69ee593b5e8c",removed,false,,,,5118,,,,,23710311,,,,,,,,,
19679,PrintMailDelinquencyTenantEvent,"",false,,2014-02-04 16:50:35.206,true,,31,5954,3548,,14,2014-02-01 00:41:52.286,2024-05-20 16:47:40.170,19678,33,DelinquencyStageAction,"7c692821-fe2b-45fe-84bd-08edab69c46e",letter_sent,false,,,,5118,,,,,23710311,,,,,,,,,
19680,DelinquencyStageTenantEvent,"""invoice_id""=>""5133"", ""applied_date""=>""2014-01-31"", ""line_item_id""=>""5250"", ""resolved_date""=>""2014-02-15""",false,,,true,,,,3548,,14,2014-02-01 00:41:52.344,2014-04-08 03:11:58.225,,27,DelinquencyStage,"6f5d6719-1eec-4749-a5ca-f977d9499aaf",removed,false,,,,5118,,,,,23710594,,,,,,,,,
19681,AddFeeDelinquencyTenantEvent,"""fee_invoice_id""=>""5134""",false,,2014-02-01 00:41:52.342,true,,,,3548,,14,2014-02-01 00:41:52.351,2014-02-15 15:02:22.125,19680,34,DelinquencyStageAction,ed76250b-66a4-4d58-9501-2723b2085a09,removed,false,,,,5118,,,,,23710594,,,,,,,,,
19682,DelinquencyStageTenantEvent,"""invoice_id""=>""5133"", ""applied_date""=>""2014-01-31"", ""line_item_id""=>""5250"", ""resolved_date""=>""2014-02-15""",false,,,true,,,,3548,,14,2014-02-01 00:41:52.491,2014-04-08 03:11:58.254,,28,DelinquencyStage,"2e1af5e1-2bcd-40fc-b9cb-d5d521b8fb41",removed,false,,,,5118,,,,,23710825,,,,,,,,,
19683,PrintMailDelinquencyTenantEvent,"",false,,2014-02-04 16:50:32.883,true,,31,5954,3548,,14,2014-02-01 00:41:52.498,2024-05-20 16:47:40.170,19682,35,DelinquencyStageAction,dc30b88c-70df-4679-bc07-2dacd5296ac4,letter_sent,false,,,,5118,,,,,23710825,,,,,,,,,
19684,DelinquencyStageTenantEvent,"""invoice_id""=>""5133"", ""applied_date""=>""2014-01-31"", ""line_item_id""=>""5250"", ""resolved_date""=>""2014-02-15""",false,,,true,,,,3548,,14,2014-02-01 00:41:52.550,2014-04-08 03:11:58.283,,29,DelinquencyStage,a555c30f-1784-479a-9388-a57ee2d0811a,removed,false,,,,5118,,,,,23711117,,,,,,,,,
19685,PrintMailDelinquencyTenantEvent,"",false,,2014-02-04 16:50:30.218,true,,31,5954,3548,,14,2014-02-01 00:41:52.556,2024-05-20 16:47:40.170,19684,36,DelinquencyStageAction,"3985aad4-7081-496a-9bc4-f3a686911745",letter_sent,false,,,,5118,,,,,23711117,,,,,,,,,
19686,NoteEvent,"",false,,2014-02-06 20:28:58.883,false,,54,,3549,,14,2014-02-01 00:41:52.786,2014-04-08 03:13:26.337,,,,"6254d0a2-28ae-4cf8-bd0d-2278b6f216cf",,false,,,,,,,,,,,,,,,,,,
19687,MoveInUnitEvent,"""rate""=>""40.0"", ""move_in_date""=>""2013-01-19"", ""gate_access_code""=>""05131"", ""move_in_initiated_date""=>""2013-01-19""",false,,2014-02-01 00:41:52.814,true,,,5955,3549,,14,2013-01-19 10:00:00.000,2024-05-20 16:47:40.170,,,,d32d927f-4f6d-40c3-bef2-f0231b67d23f,,false,,,,5119,,,,,,,,,,,,,,
19688,InvoiceSentTenantEvent,"""invoice_sent""=>""true""",false,,,true,,,,3549,,14,2014-02-01 00:41:53.183,2014-02-01 00:41:53.197,,5136,Invoice,b9493ec8-cab6-4b98-af65-454bd886c689,,false,,,,,,,,,,,,,,,,,,
19689,InvoiceSentTenantEvent,"""invoice_sent""=>""true""",false,,,true,,,,3549,,14,2014-02-01 00:41:53.355,2014-02-01 00:41:53.368,,5137,Invoice,"0ba12347-94d6-4d17-b245-b74abaf662c3",,false,,,,,,,,,,,,,,,,,,
19690,MoveInUnitEvent,"""rate""=>""40.0"", ""move_in_date""=>""2011-02-21"", ""gate_access_code""=>""01945"", ""move_in_initiated_date""=>""2011-02-21""",false,,2014-02-01 00:41:53.614,true,,,5956,3550,,14,2011-02-21 10:00:00.000,2024-05-20 16:47:40.170,,,,"004be564-817f-4535-9685-f1d1a98329c5",,false,,,,5120,,,,,,,,,,,,,,
19691,InvoiceSentTenantEvent,"""invoice_sent""=>""true""",false,,,true,,,,3550,,14,2014-02-01 00:41:53.904,2014-02-01 00:41:53.901,,5138,Invoice,"101a7ac9-1360-4fc6-891c-159b04b006f9",,false,,,,,,,,,,,,,,,,,,
19692,InvoiceSentTenantEvent,"""invoice_sent""=>""true""",false,,,true,,,,3550,,14,2014-02-01 00:41:54.171,2014-02-01 00:41:54.190,,5139,Invoice,"3fb0f9f2-39a3-43aa-a51d-37bcf95175d5",,false,,,,,,,,,,,,,,,,,,
19693,NoteEvent,"",false,,2014-02-06 20:29:57.345,false,,54,,3551,,14,2014-02-01 00:41:54.316,2014-04-08 03:13:26.359,,,,b3ce7d46-bd5e-4856-86be-f247d9857dea,,false,,,,,,,,,,,,,,,,,,
19694,MoveInUnitEvent,"""rate""=>""40.0"", ""move_in_date""=>""2013-07-30"", ""gate_access_code""=>""08686"", ""move_in_initiated_date""=>""2013-07-30""",false,,2014-02-01 00:41:54.344,true,,,5957,3551,,14,2013-07-30 10:00:00.000,2024-05-20 16:47:40.170,,,,f0706d0f-db6b-4834-81de-efd2823c5588,,false,,,,5121,,,,,,,,,,,,,,
19695,InvoiceSentTenantEvent,"""invoice_sent""=>""true""",false,,,true,,,,3551,,14,2014-02-01 00:41:54.714,2014-02-01 00:41:54.747,,5140,Invoice,"77202876-b602-4444-a9c2-eabe8e935a77",,false,,,,,,,,,,,,,,,,,,
19696,InvoiceSentTenantEvent,"""invoice_sent""=>""true""",false,,,true,,,,3551,,14,2014-02-01 00:41:54.895,2014-02-01 00:41:54.892,,5141,Invoice,"5133dbf0-be6d-4b1d-b848-4ddbbb756c2e",,false,,,,,,,,,,,,,,,,,,
19697,InvoiceSentTenantEvent,"""invoice_sent""=>""true""",false,,,true,,,,3551,,14,2014-02-01 00:41:55.325,2014-02-01 00:41:55.342,,5142,Invoice,f3b3380d-529e-4bcf-b329-fa5964ca04b4,,false,,,,,,,,,,,,,,,,,,
19698,NoteEvent,"",false,,2014-02-06 20:35:35.446,false,,54,,3552,,14,2014-02-01 00:41:55.502,2014-04-08 03:13:26.382,,,,"7269d82b-dcbd-432d-9aa4-f865b372fa3d",,false,,,,,,,,,,,,,,,,,,
19699,MoveInUnitEvent,"""rate""=>""40.0"", ""move_in_date""=>""2012-01-30"", ""gate_access_code""=>""08001"", ""move_in_initiated_date""=>""2012-01-30""",false,,2014-02-01 00:41:55.533,true,,,5958,3552,,14,2012-01-30 10:00:00.000,2024-05-20 16:47:40.170,,,,d972196e-a61b-41d1-8bc4-e72a4da67ff7,,false,,,,5122,,,,,,,,,,,,,,
19700,InvoiceSentTenantEvent,"""invoice_sent""=>""true""",false,,,true,,,,3552,,14,2014-02-01 00:41:55.891,2014-02-01 00:41:55.903,,5143,Invoice,"65170ab0-487f-4103-bd58-0191cceaa466",,false,,,,,,,,,,,,,,,,,,
19701,InvoiceSentTenantEvent,"""invoice_sent""=>""true""",false,,,true,,,,3552,,14,2014-02-01 00:41:56.061,2014-02-01 00:41:56.073,,5144,Invoice,b4c3b863-cbb4-42e6-9f3e-8482434fc695,,false,,,,,,,,,,,,,,,,,,
19702,NoteEvent,"",false,,2014-02-06 20:36:58.053,false,,54,,3553,,14,2014-02-01 00:41:56.322,2014-04-08 03:13:26.403,,,,"7e31e08e-6383-40fb-9350-3d54f4a3bb43",,false,,,,,,,,,,,,,,,,,,
19703,MoveInUnitEvent,"""rate""=>""40.0"", ""move_in_date""=>""2013-01-16"", ""gate_access_code""=>""04493"", ""move_in_initiated_date""=>""2013-01-16""",false,,2014-02-01 00:41:56.353,true,,,5959,3553,,14,2013-01-16 10:00:00.000,2024-05-20 16:47:40.170,,,,"400d5e44-8bdb-431c-a76e-3edb526d61ba",,false,,,,5123,,,,,,,,,,,,,,
19704,InvoiceSentTenantEvent,"""invoice_sent""=>""true""",false,,,true,,,,3553,,14,2014-02-01 00:41:56.645,2014-02-01 00:41:56.657,,5145,Invoice,b2936c2f-47e8-404c-9b00-e008073b5947,,false,,,,,,,,,,,,,,,,,,
19705,InvoiceSentTenantEvent,"""invoice_sent""=>""true""",false,,,true,,,,3553,,14,2014-02-01 00:41:56.872,2014-02-01 00:41:56.884,,5146,Invoice,"818678c1-9538-4ac6-8d43-bbdaeb667af9",,false,,,,,,,,,,,,,,,,,,
19706,InvoiceSentTenantEvent,"""invoice_sent""=>""true""",false,,,true,,,,3553,,14,2014-02-01 00:41:57.022,2014-02-01 00:41:57.038,,5147,Invoice,dc7e946a-ee40-4e14-a6a1-e01924ef2d05,,false,,,,,,,,,,,,,,,,,,
19707,InvoiceSentTenantEvent,"""invoice_sent""=>""true""",false,,,true,,,,3553,,14,2014-02-01 00:41:57.200,2014-02-01 00:41:57.212,,5148,Invoice,f8b27f95-99bf-4d5f-967b-ffcc53e16897,,false,,,,,,,,,,,,,,,,,,
19708,DelinquencyStageTenantEvent,"""invoice_id""=>""5146"", ""applied_date""=>""2014-01-31"", ""line_item_id""=>""5263"", ""resolved_date""=>""2014-02-12""",false,,,true,,,,3553,,14,2014-02-01 00:41:57.272,2014-04-08 03:11:58.339,,23,DelinquencyStage,d140220e-cb64-4d93-82fd-e3f90986af7c,removed,false,,,,5123,,,,,23744617,,,,,,,,,
19709,AddFeeDelinquencyTenantEvent,"""fee_invoice_id""=>""5147""",false,,2014-02-01 00:41:57.270,true,,,,3553,,14,2014-02-01 00:41:57.278,2014-02-07 15:46:11.837,19708,28,DelinquencyStageAction,d6a72bff-7d4a-43d0-bc87-aeee4576573f,removed,false,,,,5123,,,,,23744617,,,,,,,,,
19710,GateLockoutDelinquencyTenantEvent,"",false,,2014-02-07 05:00:00.000,true,,,,3553,,14,2014-02-01 00:41:57.298,2014-02-07 15:46:11.875,19708,29,DelinquencyStageAction,"77a0a45c-3793-4f71-a10d-be0b854c7c53",removed,false,,,,5123,,,,,23744617,,,,,,,,,
19711,OverlockDelinquencyTenantEvent,"",false,,2014-02-12 19:27:17.530,true,,40,5959,3553,,14,2014-02-01 00:41:57.418,2024-05-20 16:47:40.170,19708,30,DelinquencyStageAction,"4b78f373-1c97-41c9-80ee-bd62e90149c1",overlock_removed,false,,,,5123,,,,,23744617,,,,,,,,,
19712,DelinquencyStageTenantEvent,"""invoice_id""=>""5146"", ""applied_date""=>""2014-01-31"", ""line_item_id""=>""5263"", ""resolved_date""=>""2014-02-07""",false,,,true,,,,3553,,14,2014-02-01 00:41:57.472,2014-04-08 03:11:58.368,,24,DelinquencyStage,"8879499a-9d7a-4f64-8978-5322e528c332",removed,false,,,,5123,,,,,23745087,,,,,,,,,
19713,PrintMailDelinquencyTenantEvent,"",false,,2014-02-04 16:50:53.987,true,,31,5959,3553,,14,2014-02-01 00:41:57.478,2024-05-20 16:47:40.170,19712,31,DelinquencyStageAction,"3649ef59-3c8a-47d1-a932-37f9c3518c09",letter_sent,false,,,,5123,,,,,23745087,,,,,,,,,
19714,DelinquencyStageTenantEvent,"""invoice_id""=>""5146"", ""applied_date""=>""2014-01-31"", ""line_item_id""=>""5263"", ""resolved_date""=>""2014-02-07""",false,,,true,,,,3553,,14,2014-02-01 00:41:57.535,2014-04-08 03:11:58.397,,25,DelinquencyStage,"1ac32774-3c38-45ed-8c18-8c64b38476fe",removed,false,,,,5123,,,,,23745320,,,,,,,,,
19715,AddFeeDelinquencyTenantEvent,"""fee_invoice_id""=>""5147""",false,,2014-02-01 00:41:57.533,true,,,,3553,,14,2014-02-01 00:41:57.541,2014-02-07 15:46:11.513,19714,32,DelinquencyStageAction,"29993376-75fe-4cbe-accc-3d020e6ff9d6",removed,false,,,,5123,,,,,23745320,,,,,,,,,
19716,DelinquencyStageTenantEvent,"""invoice_id""=>""5146"", ""applied_date""=>""2014-01-31"", ""line_item_id""=>""5263"", ""resolved_date""=>""2014-02-07""",false,,,true,,,,3553,,14,2014-02-01 00:41:57.594,2014-04-08 03:11:58.426,,26,DelinquencyStage,e7d7ad34-7094-4532-8c99-e0a586b75f13,removed,false,,,,5123,,,,,23745487,,,,,,,,,
19717,PrintMailDelinquencyTenantEvent,"",false,,2014-02-04 16:50:51.362,true,,31,5959,3553,,14,2014-02-01 00:41:57.600,2024-05-20 16:47:40.170,19716,33,DelinquencyStageAction,"70c16a5a-64df-4569-8ea5-3744b612400e",letter_sent,false,,,,5123,,,,,23745487,,,,,,,,,
19718,NoteEvent,"",false,,,false,,,,3554,,14,2014-02-01 00:41:57.946,2014-04-08 03:13:26.424,,,,d8a3d888-267c-49aa-ae83-b8d13cf5a3fc,,false,,,,,,,,,,,,,,,,,,
19719,MoveInUnitEvent,"""rate""=>""40.0"", ""move_in_date""=>""2011-10-04"", ""gate_access_code""=>""02175"", ""move_in_initiated_date""=>""2011-10-04""",false,,2014-02-01 00:41:57.974,true,,,5960,3554,,14,2011-10-04 10:00:00.000,2024-05-20 16:47:40.170,,,,c4bee8e6-8514-4247-a2f9-da01e08cd1e6,,false,,,,5124,,,,,,,,,,,,,,
19720,InvoiceSentTenantEvent,"""invoice_sent""=>""true""",false,,,true,,,,3554,,14,2014-02-01 00:41:58.249,2014-02-01 00:41:58.262,,5149,Invoice,"95c42ffa-36c3-430a-ab24-151607fda0b7",,false,,,,,,,,,,,,,,,,,,
19721,InvoiceSentTenantEvent,"""invoice_sent""=>""true""",false,,,true,,,,3554,,14,2014-02-01 00:41:58.395,2014-02-01 00:41:58.489,,5150,Invoice,"5826f8c5-31da-4b8e-af30-588296a1d12b",,false,,,,,,,,,,,,,,,,,,
19722,InvoiceSentTenantEvent,"""invoice_sent""=>""true""",false,,,true,,,,3554,,14,2014-02-01 00:41:58.625,2014-02-01 00:41:58.641,,5151,Invoice,aa40126e-687e-402f-94dc-c5b01ed13755,,false,,,,,,,,,,,,,,,,,,
19723,InvoiceSentTenantEvent,"""invoice_sent""=>""true""",false,,,true,,,,3554,,14,2014-02-01 00:41:58.803,2014-02-01 00:41:58.815,,5152,Invoice,"4fa7ec5a-c0d6-4a07-b46f-4c6234208154",,false,,,,,,,,,,,,,,,,,,
19724,DelinquencyStageTenantEvent,"""invoice_id""=>""5150"", ""applied_date""=>""2013-08-11"", ""line_item_id""=>""5267"", ""resolved_date""=>""2014-07-09""",false,,,true,,,,3554,,14,2014-02-01 00:41:58.877,2014-07-10 00:45:00.936,,23,DelinquencyStage,e9296cdb-b962-4d76-8953-0a25a651c59d,removed,false,,,,5124,,,,,23746543,,,,,,,,,
19725,AddFeeDelinquencyTenantEvent,"""fee_invoice_id""=>""5151""",false,,2014-02-01 00:41:58.875,true,,,,3554,,14,2014-02-01 00:41:58.883,2014-07-10 00:45:00.900,19724,28,DelinquencyStageAction,"6ce940ec-0ead-4f93-b016-b3b02dcf3657",removed,false,,,,5124,,,,,23746543,,,,,,,,,
19726,GateLockoutDelinquencyTenantEvent,"""last_action_date""=>""2014-07-09""",false,,2014-01-31 05:00:00.000,true,,,,3554,,14,2014-02-01 00:41:58.903,2014-07-10 00:45:00.861,19724,29,DelinquencyStageAction,"2b1b5e58-efb9-44ab-b69f-4fcf213c628d",removed,false,,,,5124,,,,,23746543,,,,,,,,,
19727,OverlockDelinquencyTenantEvent,"""last_action_date""=>""2014-07-09""",false,,2014-02-01 00:42:00.050,true,,,5960,3554,,14,2014-02-01 00:41:58.942,2024-05-20 16:47:40.170,19724,30,DelinquencyStageAction,c3494b69-9faa-4ce7-ae77-01453a8e8d30,overlock_removed,false,,,,5124,,,,,23746543,,,,,,,,,
19728,DelinquencyStageTenantEvent,"""invoice_id""=>""5150"", ""applied_date""=>""2013-08-16"", ""line_item_id""=>""5267""",false,,,false,,,,3554,,14,2014-02-01 00:41:59.074,2014-04-08 03:11:58.576,,24,DelinquencyStage,"583b9d6c-111d-41b1-8ad7-52d1517c2db9",applied,false,,,,5124,,,,,23746909,,,,,,,,,
19729,PrintMailDelinquencyTenantEvent,"",false,,2014-02-04 16:51:33.478,true,,31,5960,3554,,14,2014-02-01 00:41:59.080,2024-05-20 16:47:40.170,19728,31,DelinquencyStageAction,e6780ef6-aaef-4b12-ace3-2d9e597151bb,letter_sent,false,,,,5124,,,,,23746909,,,,,,,,,
19730,DelinquencyStageTenantEvent,"""invoice_id""=>""5150"", ""applied_date""=>""2013-09-10"", ""line_item_id""=>""5267""",false,,,false,,,,3554,,14,2014-02-01 00:41:59.137,2014-04-08 03:11:58.604,,25,DelinquencyStage,"2f421548-a9bb-4a3d-ac9a-5887d74a6e08",applied,false,,,,5124,,,,,23747157,,,,,,,,,
19731,AddFeeDelinquencyTenantEvent,"""fee_invoice_id""=>""5151""",false,,2014-02-01 00:41:59.135,true,,,,3554,,14,2014-02-01 00:41:59.143,2014-02-01 00:41:59.898,19730,32,DelinquencyStageAction,"7e5cba7f-3932-429f-b012-df7172b2c153",applied,false,,,,5124,,,,,23747157,,,,,,,,,
19732,DelinquencyStageTenantEvent,"""invoice_id""=>""5150"", ""applied_date""=>""2013-09-15"", ""line_item_id""=>""5267""",false,,,false,,,,3554,,14,2014-02-01 00:41:59.195,2014-04-08 03:11:58.633,,26,DelinquencyStage,"833063f8-a81d-45ed-a93f-68983187f813",applied,false,,,,5124,,,,,23747420,,,,,,,,,
19733,PrintMailDelinquencyTenantEvent,"",false,,2014-02-04 16:51:31.399,true,,31,5960,3554,,14,2014-02-01 00:41:59.201,2024-05-20 16:47:40.170,19732,33,DelinquencyStageAction,"7b653b8e-57bc-4bd0-9b11-da66ae4326dc",letter_sent,false,,,,5124,,,,,23747420,,,,,,,,,
19734,DelinquencyStageTenantEvent,"""invoice_id""=>""5150"", ""applied_date""=>""2013-10-10"", ""line_item_id""=>""5267""",false,,,false,,,,3554,,14,2014-02-01 00:41:59.257,2014-04-08 03:11:58.661,,27,DelinquencyStage,"0ef9a43a-017b-4ceb-a80f-a837e0216469",applied,false,,,,5124,,,,,23747686,,,,,,,,,
19735,AddFeeDelinquencyTenantEvent,"""fee_invoice_id""=>""5151""",false,,2014-02-01 00:41:59.255,true,,,,3554,,14,2014-02-01 00:41:59.263,2014-02-01 00:41:59.879,19734,34,DelinquencyStageAction,d54cff84-9c41-47ef-b05d-fcc4b8b6293f,applied,false,,,,5124,,,,,23747686,,,,,,,,,
19736,DelinquencyStageTenantEvent,"""invoice_id""=>""5150"", ""applied_date""=>""2013-10-15"", ""line_item_id""=>""5267""",false,,,false,,,,3554,,14,2014-02-01 00:41:59.315,2014-04-08 03:11:58.688,,28,DelinquencyStage,d2a1e8c2-64ed-432b-81d5-df70dbdd6dcd,applied,false,,,,5124,,,,,23747991,,,,,,,,,
19737,PrintMailDelinquencyTenantEvent,"",false,,2014-02-04 16:51:28.479,true,,31,5960,3554,,14,2014-02-01 00:41:59.322,2024-05-20 16:47:40.170,19736,35,DelinquencyStageAction,ef96bda9-39fb-4d08-96de-ae96f47dcf8c,letter_sent,false,,,,5124,,,,,23747991,,,,,,,,,
19738,DelinquencyStageTenantEvent,"""invoice_id""=>""5150"", ""applied_date""=>""2013-10-30"", ""line_item_id""=>""5267""",false,,,false,,,,3554,,14,2014-02-01 00:41:59.372,2014-04-08 03:11:58.716,,29,DelinquencyStage,"1d04c8af-2570-4e6a-9511-2fa6054372ff",applied,false,,,,5124,,,,,23748348,,,,,,,,,
19739,PrintMailDelinquencyTenantEvent,"",false,,2014-02-04 16:51:25.092,true,,31,5960,3554,,14,2014-02-01 00:41:59.378,2024-05-20 16:47:40.170,19738,36,DelinquencyStageAction,"6e23ce6d-c318-4912-acf0-2df4dded671a",letter_sent,false,,,,5124,,,,,23748348,,,,,,,,,
19740,DelinquencyStageTenantEvent,"""invoice_id""=>""5150"", ""applied_date""=>""2013-11-14"", ""line_item_id""=>""5267""",false,,,false,,,,3554,,14,2014-02-01 00:41:59.428,2014-04-08 03:11:58.744,,30,DelinquencyStage,c068612b-89a1-47c8-91a0-340938315610,applied,false,,,,5124,,,,,23748592,,,,,,,,,
19741,PrintMailDelinquencyTenantEvent,"",false,,2014-02-04 16:51:21.749,true,,31,5960,3554,,14,2014-02-01 00:41:59.434,2024-05-20 16:47:40.170,19740,37,DelinquencyStageAction,aaada856-c4e2-4082-86f7-0d20f4e6c52e,letter_sent,false,,,,5124,,,,,23748592,,,,,,,,,
19742,DelinquencyStageTenantEvent,"""invoice_id""=>""5150"", ""applied_date""=>""2013-11-29"", ""line_item_id""=>""5267""",false,,,false,,,,3554,,14,2014-02-01 00:41:59.592,2014-04-08 03:11:58.773,,31,DelinquencyStage,"8c322716-c37e-4cfa-83b0-f9b68c5f6771",applied,false,,,,5124,,,,,23748994,,,,,,,,,
19743,CutLockDelinquencyTenantEvent,"",false,,2014-02-04 05:00:00.000,true,,31,5960,3554,,14,2014-02-01 00:41:59.599,2024-05-20 16:47:40.170,19742,38,DelinquencyStageAction,"72168761-28dd-4042-bc4d-09a027435fb9",lock_cut,false,,,,5124,,,,,23748994,,,,,,,,,
19744,DelinquencyStageTenantEvent,"""invoice_id""=>""5150"", ""applied_date""=>""2013-12-14"", ""line_item_id""=>""5267""",false,,,false,,,,3554,,14,2014-02-01 00:41:59.655,2014-04-08 03:11:58.802,,32,DelinquencyStage,"050ca5c0-18c4-4871-a12e-a1a3e5782373",applied,false,,,,5124,,,,,23749400,,,,,,,,,
19745,PrintMailDelinquencyTenantEvent,"",false,,2014-02-04 16:51:13.280,true,,31,5960,3554,,14,2014-02-01 00:41:59.661,2024-05-20 16:47:40.170,19744,39,DelinquencyStageAction,"7907d2e0-1d5d-4150-b640-caca0ebd3d8b",letter_sent,false,,,,5124,,,,,23749400,,,,,,,,,
19746,DelinquencyStageTenantEvent,"""invoice_id""=>""5150"", ""applied_date""=>""2013-12-29"", ""line_item_id""=>""5267""",false,,,false,,,,3554,,14,2014-02-01 00:41:59.716,2014-04-08 03:11:58.830,,33,DelinquencyStage,"90339daf-9197-40d1-bca8-853ab6e200d8",applied,false,,,,5124,,,,,23749649,,,,,,,,,
19747,AddFeeDelinquencyTenantEvent,"""fee_invoice_id""=>""5151""",false,,2014-02-01 00:41:59.714,true,,,,3554,,14,2014-02-01 00:41:59.722,2014-02-01 00:41:59.859,19746,40,DelinquencyStageAction,"0889bd6c-2775-4df6-af84-090f002be363",applied,false,,,,5124,,,,,23749649,,,,,,,,,
19748,DelinquencyStageTenantEvent,"""invoice_id""=>""5150"", ""applied_date""=>""2014-01-13"", ""line_item_id""=>""5267""",false,,,false,,,,3554,,14,2014-02-01 00:41:59.803,2014-04-08 03:11:58.857,,34,DelinquencyStage,"36e5553f-831f-48c5-b5ae-26854912d99b",applied,false,,,,5124,,,,,23750043,,,,,,,,,
19749,AuctionDelinquencyTenantEvent,"",false,,2014-02-04 16:51:08.179,true,,31,5960,3554,,14,2014-02-01 00:41:59.810,2024-05-20 16:47:40.170,,41,DelinquencyStageAction,db9de37c-d0cc-40df-a1d5-435bab92d0f8,unit_auctioned,false,,,,5124,,,,,23750043,,,,,,,,,
19750,NoteEvent,"",false,,2014-02-06 20:37:35.256,false,,54,,3555,,14,2014-02-01 00:42:00.206,2014-04-08 03:13:26.449,,,,"9dde935b-9ab5-4b8e-99eb-9edf2edb9e83",,false,,,,,,,,,,,,,,,,,,
19751,NoteEvent,"",false,,,false,,,,3555,,14,2014-02-01 00:42:00.212,2014-04-08 03:13:26.469,,,,df4bc1d0-2cc7-4cb6-a3b1-9b0c75b8547e,,false,,,,,,,,,,,,,,,,,,
19752,MoveInUnitEvent,"""rate""=>""40.0"", ""move_in_date""=>""2012-11-03"", ""gate_access_code""=>""02475"", ""move_in_initiated_date""=>""2012-11-03""",false,,2014-02-01 00:42:00.241,true,,,5961,3555,,14,2012-11-03 10:00:00.000,2024-05-20 16:47:40.170,,,,"5e0ed8a1-e150-4331-9a19-e96b2082e65b",,false,,,,5125,,,,,,,,,,,,,,
19753,InvoiceSentTenantEvent,"""invoice_sent""=>""true""",false,,,true,,,,3555,,14,2014-02-01 00:42:00.609,2014-02-01 00:42:00.622,,5153,Invoice,"47309a7a-b1b1-4436-9de8-eabe94b0c3a2",,false,,,,,,,,,,,,,,,,,,
19754,InvoiceSentTenantEvent,"""invoice_sent""=>""true""",false,,,true,,,,3555,,14,2014-02-01 00:42:00.759,2014-02-01 00:42:00.771,,5154,Invoice,"0c43d27d-63c0-4c0b-a402-bcb5e30a0a01",,false,,,,,,,,,,,,,,,,,,
19755,InvoiceSentTenantEvent,"""invoice_sent""=>""true""",false,,,true,,,,3555,,14,2014-02-01 00:42:00.911,2014-02-01 00:42:00.927,,5155,Invoice,cbb61830-dc45-4ee0-b239-0a349829a140,,false,,,,,,,,,,,,,,,,,,
19756,InvoiceSentTenantEvent,"""invoice_sent""=>""true""",false,,,true,,,,3555,,14,2014-02-01 00:42:01.183,2014-02-01 00:42:01.196,,5156,Invoice,"1e83ca1e-5b78-432e-9a88-f3ab2ecea90e",,false,,,,,,,,,,,,,,,,,,
19757,DelinquencyStageTenantEvent,"""invoice_id""=>""5154"", ""applied_date""=>""2014-01-31"", ""line_item_id""=>""5271"", ""resolved_date""=>""2014-02-12""",false,,,true,,,,3555,,14,2014-02-01 00:42:01.260,2014-04-08 03:11:58.909,,23,DelinquencyStage,"88c03365-08a5-4ac4-aedd-3ef638d405a3",removed,false,,,,5125,,,,,23752213,,,,,,,,,
19758,AddFeeDelinquencyTenantEvent,"""fee_invoice_id""=>""5155""",false,,2014-02-01 00:42:01.258,true,,,,3555,,14,2014-02-01 00:42:01.266,2014-02-08 13:18:29.954,19757,28,DelinquencyStageAction,f36fcdd4-96a7-49b3-9256-5e2be6eb196f,removed,false,,,,5125,,,,,23752213,,,,,,,,,
19759,GateLockoutDelinquencyTenantEvent,"",false,,2014-02-08 05:00:00.000,true,,,,3555,,14,2014-02-01 00:42:01.288,2014-02-08 13:18:30.042,19757,29,DelinquencyStageAction,fa3fcafb-cd3f-46bb-9c6f-9d2e6b81ef24,removed,false,,,,5125,,,,,23752213,,,,,,,,,
19760,OverlockDelinquencyTenantEvent,"",false,,2014-02-12 19:27:58.397,true,,40,5961,3555,,14,2014-02-01 00:42:01.328,2024-05-20 16:47:40.170,19757,30,DelinquencyStageAction,"252e57b8-3c1b-4555-bcbf-c9b877e49e88",overlock_removed,false,,,,5125,,,,,23752213,,,,,,,,,
19761,DelinquencyStageTenantEvent,"""invoice_id""=>""5154"", ""applied_date""=>""2014-01-31"", ""line_item_id""=>""5271"", ""resolved_date""=>""2014-02-08""",false,,,true,,,,3555,,14,2014-02-01 00:42:01.385,2014-04-08 03:11:58.943,,24,DelinquencyStage,c6ba8c16-2f27-43c4-963a-48ca003442e7,removed,false,,,,5125,,,,,23752509,,,,,,,,,
19762,PrintMailDelinquencyTenantEvent,"",false,,2014-02-04 16:52:05.435,true,,31,5961,3555,,14,2014-02-01 00:42:01.392,2024-05-20 16:47:40.170,19761,31,DelinquencyStageAction,eb61d06a-1f06-4267-ad02-b450fe42aae4,letter_sent,false,,,,5125,,,,,23752509,,,,,,,,,
19763,DelinquencyStageTenantEvent,"""invoice_id""=>""5154"", ""applied_date""=>""2014-01-31"", ""line_item_id""=>""5271"", ""resolved_date""=>""2014-02-08""",false,,,true,,,,3555,,14,2014-02-01 00:42:01.451,2014-04-08 03:11:58.971,,25,DelinquencyStage,a22d728c-441d-4f06-ab71-283a07ba5d50,removed,false,,,,5125,,,,,23752832,,,,,,,,,
19764,AddFeeDelinquencyTenantEvent,"""fee_invoice_id""=>""5155""",false,,2014-02-01 00:42:01.449,true,,,,3555,,14,2014-02-01 00:42:01.457,2014-02-08 13:18:29.687,19763,32,DelinquencyStageAction,"655d311a-59d2-49c8-8d32-6e5807da2a4e",removed,false,,,,5125,,,,,23752832,,,,,,,,,
19765,DelinquencyStageTenantEvent,"""invoice_id""=>""5154"", ""applied_date""=>""2014-01-31"", ""line_item_id""=>""5271"", ""resolved_date""=>""2014-02-08""",false,,,true,,,,3555,,14,2014-02-01 00:42:01.516,2014-04-08 03:11:58.999,,26,DelinquencyStage,f41b4972-b54e-4805-949f-ee37586bd6b8,removed,false,,,,5125,,,,,23753056,,,,,,,,,
19766,PrintMailDelinquencyTenantEvent,"",false,,2014-02-04 16:52:03.614,true,,31,5961,3555,,14,2014-02-01 00:42:01.523,2024-05-20 16:47:40.170,19765,33,DelinquencyStageAction,a8b2e5ec-81bb-4b4d-ab2d-2fc2f4e36557,letter_sent,false,,,,5125,,,,,23753056,,,,,,,,,
19767,DelinquencyStageTenantEvent,"""invoice_id""=>""5154"", ""applied_date""=>""2014-01-31"", ""line_item_id""=>""5271"", ""resolved_date""=>""2014-02-08""",false,,,true,,,,3555,,14,2014-02-01 00:42:01.584,2014-04-08 03:11:59.027,,27,DelinquencyStage,"76d64bc4-d9a5-4227-bbae-9760a967f1ec",removed,false,,,,5125,,,,,23753289,,,,,,,,,
19768,AddFeeDelinquencyTenantEvent,"""fee_invoice_id""=>""5155""",false,,2014-02-01 00:42:01.582,true,,,,3555,,14,2014-02-01 00:42:01.591,2014-02-08 13:18:29.549,19767,34,DelinquencyStageAction,"82847581-874b-4f52-abfb-749e12cf876a",removed,false,,,,5125,,,,,23753289,,,,,,,,,
19769,DelinquencyStageTenantEvent,"""invoice_id""=>""5154"", ""applied_date""=>""2014-01-31"", ""line_item_id""=>""5271"", ""resolved_date""=>""2014-02-08""",false,,,true,,,,3555,,14,2014-02-01 00:42:01.646,2014-04-08 03:11:59.055,,28,DelinquencyStage,"14f967a9-b9d9-4b1e-aed0-39a15f60d981",removed,false,,,,5125,,,,,23753572,,,,,,,,,
19770,PrintMailDelinquencyTenantEvent,"",false,,2014-02-04 16:52:01.447,true,,31,5961,3555,,14,2014-02-01 00:42:01.733,2024-05-20 16:47:40.170,19769,35,DelinquencyStageAction,"8405512f-2425-4de8-9fbf-347a49fe70a6",letter_sent,false,,,,5125,,,,,23753572,,,,,,,,,
19771,DelinquencyStageTenantEvent,"""invoice_id""=>""5154"", ""applied_date""=>""2014-01-31"", ""line_item_id""=>""5271"", ""resolved_date""=>""2014-02-08""",false,,,true,,,,3555,,14,2014-02-01 00:42:01.788,2014-04-08 03:11:59.084,,29,DelinquencyStage,"07eb2272-1a14-4ff4-abf1-09643647bda3",removed,false,,,,5125,,,,,23754128,,,,,,,,,
19772,PrintMailDelinquencyTenantEvent,"",false,,2014-02-04 16:51:59.264,true,,31,5961,3555,,14,2014-02-01 00:42:01.794,2024-05-20 16:47:40.170,19771,36,DelinquencyStageAction,d59a26a9-2cc3-45bf-af22-9540d7122f6b,letter_sent,false,,,,5125,,,,,23754128,,,,,,,,,
19773,DelinquencyStageTenantEvent,"""invoice_id""=>""5154"", ""applied_date""=>""2014-01-31"", ""line_item_id""=>""5271"", ""resolved_date""=>""2014-02-08""",false,,,true,,,,3555,,14,2014-02-01 00:42:01.845,2014-04-08 03:11:59.111,,30,DelinquencyStage,"92d39a35-469c-4433-bc1b-b18eac347f83",removed,false,,,,5125,,,,,23754472,,,,,,,,,
19774,PrintMailDelinquencyTenantEvent,"",false,,2014-02-04 16:51:57.112,true,,31,5961,3555,,14,2014-02-01 00:42:01.851,2024-05-20 16:47:40.170,19773,37,DelinquencyStageAction,"419eead5-b3b2-4d05-981e-540f3e6d01a8",letter_sent,false,,,,5125,,,,,23754472,,,,,,,,,
19775,DelinquencyStageTenantEvent,"""invoice_id""=>""5154"", ""applied_date""=>""2014-01-31"", ""line_item_id""=>""5271"", ""resolved_date""=>""2014-02-08""",false,,,true,,,,3555,,14,2014-02-01 00:42:01.902,2014-04-08 03:11:59.140,,31,DelinquencyStage,f90b8470-8104-4360-9e5a-d39476b5e000,removed,false,,,,5125,,,,,23754909,,,,,,,,,
19776,CutLockDelinquencyTenantEvent,"",false,,2014-02-04 05:00:00.000,true,,31,5961,3555,,14,2014-02-01 00:42:01.909,2024-05-20 16:47:40.170,19775,38,DelinquencyStageAction,a684d351-6c02-4414-83d1-bc46327176ef,lock_cut,false,,,,5125,,,,,23754909,,,,,,,,,
19777,NoteEvent,"",false,,,false,,,,3556,,14,2014-02-01 00:42:02.285,2014-04-08 03:13:26.491,,,,"0ec739a2-071a-4415-9d0e-f4ee2c055eb1",,false,,,,,,,,,,,,,,,,,,
19778,MoveInUnitEvent,"""rate""=>""40.0"", ""move_in_date""=>""2013-03-18"", ""gate_access_code""=>""08496"", ""move_in_initiated_date""=>""2013-03-18""",false,,2014-02-01 00:42:02.314,true,,,5962,3556,,14,2013-03-18 10:00:00.000,2024-05-20 16:47:40.170,,,,a29bf203-3467-43dd-9012-190058009e6b,,false,,,,5126,,,,,,,,,,,,,,
19779,InvoiceSentTenantEvent,"""invoice_sent""=>""true""",false,,,true,,,,3556,,14,2014-02-01 00:42:02.610,2014-02-01 00:42:02.632,,5157,Invoice,e40a1ac9-defb-47a8-ad74-cb62739c1601,,false,,,,,,,,,,,,,,,,,,
19780,InvoiceSentTenantEvent,"""invoice_sent""=>""true""",false,,,true,,,,3556,,14,2014-02-01 00:42:02.853,2014-02-01 00:42:02.859,,5158,Invoice,"9e3aba11-e295-481b-9c35-3cd34ffbfad9",,false,,,,,,,,,,,,,,,,,,
19781,InvoiceSentTenantEvent,"""invoice_sent""=>""true""",false,,,true,,,,3556,,14,2014-02-01 00:42:03.025,2014-02-01 00:42:03.061,,5159,Invoice,"67872031-4920-41fb-b4bf-82d9abc41fcb",,false,,,,,,,,,,,,,,,,,,
19782,InvoiceSentTenantEvent,"""invoice_sent""=>""true""",false,,,true,,,,3556,,14,2014-02-01 00:42:03.211,2014-02-01 00:42:03.229,,5160,Invoice,da94ceb1-c6ed-4f7e-bc94-a9acb4cafbd6,,false,,,,,,,,,,,,,,,,,,
19783,DelinquencyStageTenantEvent,"""invoice_id""=>""5158"", ""applied_date""=>""2013-09-11"", ""line_item_id""=>""5275"", ""resolved_date""=>""2014-07-09""",false,,,true,,,,3556,,14,2014-02-01 00:42:03.290,2014-07-10 00:45:01.413,,23,DelinquencyStage,c27aac12-6a7d-4f55-881e-62cd57cd9382,removed,false,,,,5126,,,,,23757588,,,,,,,,,
19784,AddFeeDelinquencyTenantEvent,"""fee_invoice_id""=>""5159""",false,,2014-02-01 00:42:03.288,true,,,,3556,,14,2014-02-01 00:42:03.296,2014-07-10 00:45:01.372,19783,28,DelinquencyStageAction,"4b020448-f393-4ef3-933d-e301f7f3003c",removed,false,,,,5126,,,,,23757588,,,,,,,,,
19785,GateLockoutDelinquencyTenantEvent,"""last_action_date""=>""2014-07-09""",false,,2014-01-31 05:00:00.000,true,,,,3556,,14,2014-02-01 00:42:03.316,2014-07-10 00:45:01.330,19783,29,DelinquencyStageAction,"3d315135-1714-4340-b2c3-057d4f6d2ff2",removed,false,,,,5126,,,,,23757588,,,,,,,,,
19786,OverlockDelinquencyTenantEvent,"""last_action_date""=>""2014-07-09""",false,,2014-02-01 00:42:04.253,true,,,5962,3556,,14,2014-02-01 00:42:03.438,2024-05-20 16:47:40.170,19783,30,DelinquencyStageAction,fd4fa74c-821c-4eb6-a64c-cdba68ab3a52,overlock_removed,false,,,,5126,,,,,23757588,,,,,,,,,
19787,DelinquencyStageTenantEvent,"""invoice_id""=>""5158"", ""applied_date""=>""2013-09-16"", ""line_item_id""=>""5275""",false,,,false,,,,3556,,14,2014-02-01 00:42:03.494,2014-04-08 03:11:59.294,,24,DelinquencyStage,abd8b98d-302e-4c46-9582-b33db27d7bd0,applied,false,,,,5126,,,,,23757825,,,,,,,,,
19788,PrintMailDelinquencyTenantEvent,"",false,,2014-02-04 16:52:43.435,true,,31,5962,3556,,14,2014-02-01 00:42:03.500,2024-05-20 16:47:40.170,19787,31,DelinquencyStageAction,"2a86dd4b-922d-4c75-866e-57a9c192a84a",letter_sent,false,,,,5126,,,,,23757825,,,,,,,,,
19789,DelinquencyStageTenantEvent,"""invoice_id""=>""5158"", ""applied_date""=>""2013-10-11"", ""line_item_id""=>""5275""",false,,,false,,,,3556,,14,2014-02-01 00:42:03.559,2014-04-08 03:11:59.322,,25,DelinquencyStage,ea99adba-9de0-4b77-8f7d-0d99ba35e6c9,applied,false,,,,5126,,,,,23758086,,,,,,,,,
19790,AddFeeDelinquencyTenantEvent,"""fee_invoice_id""=>""5159""",false,,2014-02-01 00:42:03.557,true,,,,3556,,14,2014-02-01 00:42:03.565,2014-02-01 00:42:04.203,19789,32,DelinquencyStageAction,"61124c93-1b34-42af-8288-b73bd576b3a1",applied,false,,,,5126,,,,,23758086,,,,,,,,,
19791,DelinquencyStageTenantEvent,"""invoice_id""=>""5158"", ""applied_date""=>""2013-10-16"", ""line_item_id""=>""5275""",false,,,false,,,,3556,,14,2014-02-01 00:42:03.623,2014-04-08 03:11:59.351,,26,DelinquencyStage,"05f0b853-0f87-4cfc-bfef-0651dc2f8b95",applied,false,,,,5126,,,,,23758360,,,,,,,,,
19792,PrintMailDelinquencyTenantEvent,"",false,,2014-02-04 16:52:40.085,true,,31,5962,3556,,14,2014-02-01 00:42:03.629,2024-05-20 16:47:40.170,19791,33,DelinquencyStageAction,"3a9e6c36-be8b-4bbf-9d92-4b9640d036ff",letter_sent,false,,,,5126,,,,,23758360,,,,,,,,,
19793,DelinquencyStageTenantEvent,"""invoice_id""=>""5158"", ""applied_date""=>""2013-11-10"", ""line_item_id""=>""5275""",false,,,false,,,,3556,,14,2014-02-01 00:42:03.684,2014-04-08 03:11:59.379,,27,DelinquencyStage,f46717ac-0387-4481-bf04-d86656f39545,applied,false,,,,5126,,,,,23758572,,,,,,,,,
19794,AddFeeDelinquencyTenantEvent,"""fee_invoice_id""=>""5159""",false,,2014-02-01 00:42:03.682,true,,,,3556,,14,2014-02-01 00:42:03.690,2014-02-01 00:42:04.185,19793,34,DelinquencyStageAction,"2ec1e5eb-a441-44b4-925c-8c329e50acaf",applied,false,,,,5126,,,,,23758572,,,,,,,,,
19795,DelinquencyStageTenantEvent,"""invoice_id""=>""5158"", ""applied_date""=>""2013-11-15"", ""line_item_id""=>""5275""",false,,,false,,,,3556,,14,2014-02-01 00:42:03.743,2014-04-08 03:11:59.409,,28,DelinquencyStage,"976c2411-98c5-4e18-a7db-16e1afd9c7da",applied,false,,,,5126,,,,,23758830,,,,,,,,,
19796,PrintMailDelinquencyTenantEvent,"",false,,2014-02-04 16:52:37.864,true,,31,5962,3556,,14,2014-02-01 00:42:03.749,2024-05-20 16:47:40.170,19795,35,DelinquencyStageAction,c3e96c69-06b9-43b4-b1a8-8d5746b1012d,letter_sent,false,,,,5126,,,,,23758830,,,,,,,,,
19797,DelinquencyStageTenantEvent,"""invoice_id""=>""5158"", ""applied_date""=>""2013-11-30"", ""line_item_id""=>""5275""",false,,,false,,,,3556,,14,2014-02-01 00:42:03.800,2014-04-08 03:11:59.437,,29,DelinquencyStage,e671a8e6-c613-45e3-bc1b-766a90e162ff,applied,false,,,,5126,,,,,23759092,,,,,,,,,
19798,PrintMailDelinquencyTenantEvent,"",false,,2014-02-04 16:52:35.059,true,,31,5962,3556,,14,2014-02-01 00:42:03.806,2024-05-20 16:47:40.170,19797,36,DelinquencyStageAction,c92a2819-4a3d-485b-bd06-3df1826b9461,letter_sent,false,,,,5126,,,,,23759092,,,,,,,,,
19799,DelinquencyStageTenantEvent,"""invoice_id""=>""5158"", ""applied_date""=>""2013-12-15"", ""line_item_id""=>""5275""",false,,,false,,,,3556,,14,2014-02-01 00:42:03.856,2014-04-08 03:11:59.465,,30,DelinquencyStage,c3ac43d6-2e71-43af-8b2e-b7e6d3bff1e1,applied,false,,,,5126,,,,,23759367,,,,,,,,,
19800,PrintMailDelinquencyTenantEvent,"",false,,2014-02-04 16:52:32.087,true,,31,5962,3556,,14,2014-02-01 00:42:03.862,2024-05-20 16:47:40.170,19799,37,DelinquencyStageAction,"00f69a0e-4470-4ea8-a3f9-22baf7f381cc",letter_sent,false,,,,5126,,,,,23759367,,,,,,,,,
19801,DelinquencyStageTenantEvent,"""invoice_id""=>""5158"", ""applied_date""=>""2013-12-30"", ""line_item_id""=>""5275""",false,,,false,,,,3556,,14,2014-02-01 00:42:03.912,2014-04-08 03:11:59.492,,31,DelinquencyStage,"08cf1679-fd39-48b7-b0d6-1722011b94e3",applied,false,,,,5126,,,,,23759594,,,,,,,,,
19802,CutLockDelinquencyTenantEvent,"",false,,2014-02-04 05:00:00.000,true,,31,5962,3556,,14,2014-02-01 00:42:03.997,2024-05-20 16:47:40.170,19801,38,DelinquencyStageAction,"3472048f-cf46-40c9-9d36-7987fa8c26df",lock_cut,false,,,,5126,,,,,23759594,,,,,,,,,
19803,DelinquencyStageTenantEvent,"""invoice_id""=>""5158"", ""applied_date""=>""2014-01-14"", ""line_item_id""=>""5275""",false,,,false,,,,3556,,14,2014-02-01 00:42:04.053,2014-04-08 03:11:59.520,,32,DelinquencyStage,"34087767-e180-4682-9579-dee6a6ca465f",applied,false,,,,5126,,,,,23759875,,,,,,,,,
19804,PrintMailDelinquencyTenantEvent,"",false,,2014-02-04 16:52:26.799,true,,31,5962,3556,,14,2014-02-01 00:42:04.059,2024-05-20 16:47:40.170,19803,39,DelinquencyStageAction,"5c056b1d-5bb9-4c1e-821d-0b369bf23673",letter_sent,false,,,,5126,,,,,23759875,,,,,,,,,
19805,DelinquencyStageTenantEvent,"""invoice_id""=>""5158"", ""applied_date""=>""2014-01-29"", ""line_item_id""=>""5275""",false,,,false,,,,3556,,14,2014-02-01 00:42:04.116,2014-04-08 03:11:59.547,,33,DelinquencyStage,"1ed857d7-9a0e-4fd9-9f78-c5595eef2e1a",applied,false,,,,5126,,,,,23760142,,,,,,,,,
19806,AddFeeDelinquencyTenantEvent,"""fee_invoice_id""=>""5159""",false,,2014-02-01 00:42:04.114,true,,,,3556,,14,2014-02-01 00:42:04.122,2014-02-01 00:42:04.166,19805,40,DelinquencyStageAction,c56dcc64-abda-40fe-8c27-db30ba7303c2,applied,false,,,,5126,,,,,23760142,,,,,,,,,
19807,MoveInUnitEvent,"""rate""=>""40.0"", ""move_in_date""=>""2007-12-01"", ""gate_access_code""=>""04459"", ""move_in_initiated_date""=>""2007-12-01""",false,,2014-02-01 00:42:04.398,true,,,5963,3557,,14,2007-12-01 10:00:00.000,2024-05-20 16:47:40.170,,,,f638eb84-25d7-4694-b26b-286b710d72b3,,false,,,,5127,,,,,,,,,,,,,,
19808,InvoiceSentTenantEvent,"""invoice_sent""=>""true""",false,,,true,,,,3557,,14,2014-02-01 00:42:04.845,2014-02-01 00:42:04.860,,5161,Invoice,"6d44c739-ab72-4e28-b9f7-213a580c2bbc",,false,,,,,,,,,,,,,,,,,,
19809,InvoiceSentTenantEvent,"""invoice_sent""=>""true""",false,,,true,,,,3557,,14,2014-02-01 00:42:05.131,2014-02-01 00:42:05.143,,5162,Invoice,"641316fc-73fb-497f-8d4e-211005e4e714",,false,,,,,,,,,,,,,,,,,,
19810,NoteEvent,"",false,,2014-02-06 21:07:07.815,false,,54,,3558,,14,2014-02-01 00:42:05.319,2014-04-08 03:13:26.515,,,,"6c2782af-858a-4f22-a4ca-d12439d4b510",,false,,,,,,,,,,,,,,,,,,
19811,MoveInUnitEvent,"""rate""=>""40.0"", ""move_in_date""=>""2012-11-28"", ""gate_access_code""=>""00914"", ""move_in_initiated_date""=>""2012-11-28""",false,,2014-02-01 00:42:05.347,true,,,5964,3558,,14,2012-11-28 10:00:00.000,2024-05-20 16:47:40.170,,,,"6587b7ce-0746-4c01-9a2a-92f2e51a49ca",,false,,,,5128,,,,,,,,,,,,,,
19812,InvoiceSentTenantEvent,"""invoice_sent""=>""true""",false,,,true,,,,3558,,14,2014-02-01 00:42:05.722,2014-02-01 00:42:05.718,,5163,Invoice,cdc7ca5f-4b97-4b05-8469-0a1d8eb8a62b,,false,,,,,,,,,,,,,,,,,,
19813,InvoiceSentTenantEvent,"""invoice_sent""=>""true""",false,,,true,,,,3558,,14,2014-02-01 00:42:05.904,2014-02-01 00:42:05.923,,5164,Invoice,f3161466-4535-4dae-8ac2-d17f144488ee,,false,,,,,,,,,,,,,,,,,,
19814,NoteEvent,"",false,,2014-02-06 21:09:03.493,false,,54,,3559,,14,2014-02-01 00:42:06.143,2014-04-08 03:13:26.539,,,,eca6ac0d-6dea-4f41-acd8-a571dfa3c84b,,false,,,,,,,,,,,,,,,,,,
19815,MoveInUnitEvent,"""rate""=>""40.0"", ""move_in_date""=>""2013-10-04"", ""gate_access_code""=>""00421"", ""move_in_initiated_date""=>""2013-10-04""",false,,2014-02-01 00:42:06.170,true,,,5965,3559,,14,2013-10-04 10:00:00.000,2024-05-20 16:47:40.170,,,,"03ac156a-8e55-4755-99ba-b40609aecbdb",,false,,,,5129,,,,,,,,,,,,,,
19816,InvoiceSentTenantEvent,"""invoice_sent""=>""true""",false,,,true,,,,3559,,14,2014-02-01 00:42:06.444,2014-02-01 00:42:06.456,,5165,Invoice,"6f16e1a0-e600-44c8-afe1-751ab97dfcfd",,false,,,,,,,,,,,,,,,,,,
19817,InvoiceSentTenantEvent,"""invoice_sent""=>""true""",false,,,true,,,,3559,,14,2014-02-01 00:42:06.682,2014-02-01 00:42:06.695,,5166,Invoice,"98c27960-c233-408b-ab44-4427dcb2df25",,false,,,,,,,,,,,,,,,,,,
19818,InvoiceSentTenantEvent,"""invoice_sent""=>""true""",false,,,true,,,,3559,,14,2014-02-01 00:42:06.828,2014-02-01 00:42:06.843,,5167,Invoice,"34a10770-e47e-4666-ba26-33ee69f155ce",,false,,,,,,,,,,,,,,,,,,
19819,InvoiceSentTenantEvent,"""invoice_sent""=>""true""",false,,,true,,,,3559,,14,2014-02-01 00:42:07.005,2014-02-01 00:42:07.020,,5168,Invoice,"04e4c467-8537-476b-9e53-a7acfc877fa4",,false,,,,,,,,,,,,,,,,,,
19820,DelinquencyStageTenantEvent,"""invoice_id""=>""5166"", ""applied_date""=>""2013-12-11"", ""line_item_id""=>""5285"", ""resolved_date""=>""2014-03-27""",false,,,true,,,,3559,,14,2014-02-01 00:42:07.081,2014-04-08 03:11:59.599,,23,DelinquencyStage,"54018f67-9b20-4e2f-a05a-0f8d3a237301",removed,false,,,,5129,,,,,23773568,,,,,,,,,
19821,AddFeeDelinquencyTenantEvent,"""fee_invoice_id""=>""5167""",false,,2014-02-01 00:42:07.079,true,,,,3559,,14,2014-02-01 00:42:07.087,2014-03-27 18:59:07.667,19820,28,DelinquencyStageAction,"61a37fec-fc41-4109-8bb7-a2d3f0185605",removed,false,,,,5129,,,,,23773568,,,,,,,,,
19822,GateLockoutDelinquencyTenantEvent,"",false,,2014-03-27 04:00:00.000,true,,,,3559,,14,2014-02-01 00:42:07.108,2014-03-27 18:59:07.725,19820,29,DelinquencyStageAction,"51e9b641-4ee9-49ca-bf7a-31fa74098ef6",removed,false,,,,5129,,,,,23773568,,,,,,,,,
19823,OverlockDelinquencyTenantEvent,"",false,,2014-03-27 18:59:28.027,true,,40,5965,3559,,14,2014-02-01 00:42:07.232,2024-05-20 16:47:40.170,19820,30,DelinquencyStageAction,c94bf95d-58f8-42ca-b71e-e276f6f0ba0b,overlock_removed,false,,,,5129,,,,,23773568,,,,,,,,,
19824,DelinquencyStageTenantEvent,"""invoice_id""=>""5166"", ""applied_date""=>""2013-12-16"", ""line_item_id""=>""5285"", ""resolved_date""=>""2014-03-27""",false,,,true,,,,3559,,14,2014-02-01 00:42:07.284,2014-04-08 03:11:59.626,,24,DelinquencyStage,"3ebb9c26-4089-454b-acfe-4dd7fbffe7a0",removed,false,,,,5129,,,,,23773847,,,,,,,,,
19825,PrintMailDelinquencyTenantEvent,"",false,,2014-02-04 16:53:04.529,true,,31,5965,3559,,14,2014-02-01 00:42:07.290,2024-05-20 16:47:40.170,19824,31,DelinquencyStageAction,b2cf915a-1665-422c-9dfe-5ebac24cdde4,letter_sent,false,,,,5129,,,,,23773847,,,,,,,,,
19826,DelinquencyStageTenantEvent,"""invoice_id""=>""5166"", ""applied_date""=>""2014-01-10"", ""line_item_id""=>""5285"", ""resolved_date""=>""2014-03-27""",false,,,true,,,,3559,,14,2014-02-01 00:42:07.347,2014-04-08 03:11:59.655,,25,DelinquencyStage,d40a47a9-b3a8-4e4d-bec6-e2f642781696,removed,false,,,,5129,,,,,23774124,,,,,,,,,
19827,AddFeeDelinquencyTenantEvent,"""fee_invoice_id""=>""5167""",false,,2014-02-01 00:42:07.345,true,,,,3559,,14,2014-02-01 00:42:07.353,2014-03-27 18:59:07.863,19826,32,DelinquencyStageAction,"8493fd5c-6ca6-4ce0-bb2c-c183f01aae2b",removed,false,,,,5129,,,,,23774124,,,,,,,,,
19828,DelinquencyStageTenantEvent,"""invoice_id""=>""5166"", ""applied_date""=>""2014-01-15"", ""line_item_id""=>""5285"", ""resolved_date""=>""2014-03-27""",false,,,true,,,,3559,,14,2014-02-01 00:42:07.407,2014-04-08 03:11:59.683,,26,DelinquencyStage,"7b61faaa-7e7a-4cb0-baf3-9477bdf521a9",removed,false,,,,5129,,,,,23774422,,,,,,,,,
19829,PrintMailDelinquencyTenantEvent,"",false,,2014-02-04 16:53:02.667,true,,31,5965,3559,,14,2014-02-01 00:42:07.413,2024-05-20 16:47:40.170,19828,33,DelinquencyStageAction,"5d1e383e-3979-4c53-aa79-aede4c6c9411",letter_sent,false,,,,5129,,,,,23774422,,,,,,,,,
19830,NoteEvent,"",false,,2014-02-06 21:09:59.997,false,,54,,3560,,14,2014-02-01 00:42:07.725,2014-04-08 03:13:26.562,,,,"358cdb3e-e16c-471a-97bc-8229a2ea98d9",,false,,,,,,,,,,,,,,,,,,
19831,MoveInUnitEvent,"""rate""=>""40.0"", ""move_in_date""=>""2013-10-28"", ""gate_access_code""=>""05378"", ""move_in_initiated_date""=>""2013-10-28""",false,,2014-02-01 00:42:07.754,true,,,5966,3560,,14,2013-10-28 10:00:00.000,2024-05-20 16:47:40.170,,,,bd87261f-59ff-4efe-8f6d-c6bc14617b77,,false,,,,5130,,,,,,,,,,,,,,
19832,InvoiceSentTenantEvent,"""invoice_sent""=>""true""",false,,,true,,,,3560,,14,2014-02-01 00:42:08.053,2014-02-01 00:42:08.067,,5169,Invoice,dc38493b-76fb-48dc-865a-9e894127fee1,,false,,,,,,,,,,,,,,,,,,
19833,InvoiceSentTenantEvent,"""invoice_sent""=>""true""",false,,,true,,,,3560,,14,2014-02-01 00:42:08.321,2014-02-01 00:42:08.334,,5170,Invoice,"4fd8a5f5-3538-480f-b47b-598160805164",,false,,,,,,,,,,,,,,,,,,
19834,NoteEvent,"",false,,2014-02-06 21:10:36.162,false,,54,,3561,,14,2014-02-01 00:42:08.533,2014-04-08 03:13:26.584,,,,"9a4faf62-9e04-4535-b021-c7ba3fe2ec05",,false,,,,,,,,,,,,,,,,,,
19835,MoveInUnitEvent,"""rate""=>""40.0"", ""move_in_date""=>""2013-04-15"", ""gate_access_code""=>""02151"", ""move_in_initiated_date""=>""2013-04-15""",false,,2014-02-01 00:42:08.560,true,,,5968,3561,,14,2013-04-15 10:00:00.000,2024-05-20 16:47:40.170,,,,c5330a76-dbd1-4d15-acc4-fcacc87fb5a7,,false,,,,5131,,,,,,,,,,,,,,
19836,InvoiceSentTenantEvent,"""invoice_sent""=>""true""",false,,,true,,,,3561,,14,2014-02-01 00:42:08.937,2014-02-01 00:42:08.976,,5171,Invoice,"31028908-de67-49d8-9410-14657f94d006",,false,,,,,,,,,,,,,,,,,,
19837,InvoiceSentTenantEvent,"""invoice_sent""=>""true""",false,,,true,,,,3561,,14,2014-02-01 00:42:09.126,2014-02-01 00:42:09.146,,5172,Invoice,"12b11dbd-1d38-48fb-ae74-bf68a3fbe5dc",,false,,,,,,,,,,,,,,,,,,
19838,NoteEvent,"",false,,,false,,,,3562,,14,2014-02-01 00:42:09.403,2014-04-08 03:13:26.605,,,,"0f449b13-9a7a-41b7-8bda-1af332283029",,false,,,,,,,,,,,,,,,,,,
19839,NoteEvent,"",false,,2014-02-06 21:14:58.031,false,,54,,3562,,14,2014-02-01 00:42:09.410,2014-04-08 03:13:26.627,,,,b9343e83-776c-4659-ac2b-f06ea819c0da,,false,,,,,,,,,,,,,,,,,,
19840,NoteEvent,"",false,,2014-02-06 21:15:01.339,false,,54,,3562,,14,2014-02-01 00:42:09.416,2014-04-08 03:13:26.648,,,,"3db4e619-eb1e-4ab1-b6f4-431c6faca27b",,false,,,,,,,,,,,,,,,,,,
19841,MoveInUnitEvent,"""rate""=>""40.0"", ""move_in_date""=>""2013-03-22"", ""gate_access_code""=>""08732"", ""move_in_initiated_date""=>""2013-03-22""",false,,2014-02-01 00:42:09.446,true,,,5969,3562,,14,2013-03-22 10:00:00.000,2024-05-20 16:47:40.170,,,,d9d73e8c-2ad9-4d5c-a52d-55adfa2ad5c0,,false,,,,5132,,,,,,,,,,,,,,
19842,InvoiceSentTenantEvent,"""invoice_sent""=>""true""",false,,,true,,,,3562,,14,2014-02-01 00:42:09.811,2014-02-01 00:42:09.823,,5173,Invoice,"9aa51eb3-60ba-44ac-8454-dfc24ad76712",,false,,,,,,,,,,,,,,,,,,
19843,InvoiceSentTenantEvent,"""invoice_sent""=>""true""",false,,,true,,,,3562,,14,2014-02-01 00:42:09.956,2014-02-01 00:42:09.967,,5174,Invoice,"40e59295-1a83-4b6a-ab62-fe5ff8fb7cc0",,false,,,,,,,,,,,,,,,,,,
19844,InvoiceSentTenantEvent,"""invoice_sent""=>""true""",false,,,true,,,,3562,,14,2014-02-01 00:42:10.102,2014-02-01 00:42:10.117,,5175,Invoice,"33cdbf60-a58c-43ce-9c11-e5df8b008e88",,false,,,,,,,,,,,,,,,,,,
19845,InvoiceSentTenantEvent,"""invoice_sent""=>""true""",false,,,true,,,,3562,,14,2014-02-01 00:42:10.371,2014-02-01 00:42:10.384,,5176,Invoice,"2c14b47d-ed31-40aa-a762-93dd59ee43ef",,false,,,,,,,,,,,,,,,,,,
19846,DelinquencyStageTenantEvent,"""invoice_id""=>""5174"", ""applied_date""=>""2014-01-31"", ""line_item_id""=>""5293"", ""resolved_date""=>""2014-02-12""",false,,,true,,,,3562,,14,2014-02-01 00:42:10.448,2014-04-08 03:11:59.734,,23,DelinquencyStage,f44906a2-ad6e-4674-bd44-bda40272adff,removed,false,,,,5132,,,,,23780784,,,,,,,,,
19847,AddFeeDelinquencyTenantEvent,"""fee_invoice_id""=>""5175""",false,,2014-02-01 00:42:10.446,true,,,,3562,,14,2014-02-01 00:42:10.455,2014-02-12 17:38:59.922,19846,28,DelinquencyStageAction,"3a4b33b0-7539-4804-8ffa-750f52b8a6d2",removed,false,,,,5132,,,,,23780784,,,,,,,,,
19848,GateLockoutDelinquencyTenantEvent,"",false,,2014-02-12 05:00:00.000,true,,,,3562,,14,2014-02-01 00:42:10.476,2014-02-12 17:39:00.070,19846,29,DelinquencyStageAction,"4ddfe50b-f96e-4d36-8c1c-065dd3c4546b",removed,false,,,,5132,,,,,23780784,,,,,,,,,
19849,OverlockDelinquencyTenantEvent,"",false,,2014-02-12 19:28:07.440,true,,40,5969,3562,,14,2014-02-01 00:42:10.517,2024-05-20 16:47:40.170,19846,30,DelinquencyStageAction,"7acfaa91-ead7-4ac1-bdfc-de2002a8f22b",overlock_removed,false,,,,5132,,,,,23780784,,,,,,,,,
19850,DelinquencyStageTenantEvent,"""invoice_id""=>""5174"", ""applied_date""=>""2014-01-31"", ""line_item_id""=>""5293"", ""resolved_date""=>""2014-02-12""",false,,,true,,,,3562,,14,2014-02-01 00:42:10.570,2014-04-08 03:11:59.762,,24,DelinquencyStage,"3a590c72-0758-4ea9-935f-c5a57eba2a12",removed,false,,,,5132,,,,,23781043,,,,,,,,,
19851,PrintMailDelinquencyTenantEvent,"",false,,2014-02-04 16:53:22.224,true,,31,5969,3562,,14,2014-02-01 00:42:10.577,2024-05-20 16:47:40.170,19850,31,DelinquencyStageAction,b56b85ac-3296-4854-a633-7ddd68030b1c,letter_sent,false,,,,5132,,,,,23781043,,,,,,,,,
19852,DelinquencyStageTenantEvent,"""invoice_id""=>""5174"", ""applied_date""=>""2014-01-31"", ""line_item_id""=>""5293"", ""resolved_date""=>""2014-02-12""",false,,,true,,,,3562,,14,2014-02-01 00:42:10.634,2014-04-08 03:11:59.792,,25,DelinquencyStage,"6bc7b9a0-cb39-47d1-a794-51fac2863fc5",removed,false,,,,5132,,,,,23781372,,,,,,,,,
19853,AddFeeDelinquencyTenantEvent,"""fee_invoice_id""=>""5175""",false,,2014-02-01 00:42:10.632,true,,,,3562,,14,2014-02-01 00:42:10.640,2014-02-12 17:38:59.681,19852,32,DelinquencyStageAction,"51ee0dc5-b9d2-4608-82b5-11357ed02a68",removed,false,,,,5132,,,,,23781372,,,,,,,,,
19854,DelinquencyStageTenantEvent,"""invoice_id""=>""5174"", ""applied_date""=>""2014-01-31"", ""line_item_id""=>""5293"", ""resolved_date""=>""2014-02-12""",false,,,true,,,,3562,,14,2014-02-01 00:42:10.696,2014-04-08 03:11:59.820,,26,DelinquencyStage,"29afe47c-0975-4a0b-860f-9445dc0341d7",removed,false,,,,5132,,,,,23781643,,,,,,,,,
19855,PrintMailDelinquencyTenantEvent,"",false,,2014-02-04 16:53:20.115,true,,31,5969,3562,,14,2014-02-01 00:42:10.702,2024-05-20 16:47:40.170,19854,33,DelinquencyStageAction,"258816f5-dc16-4b3f-87f5-7e352246b281",letter_sent,false,,,,5132,,,,,23781643,,,,,,,,,
19856,NoteEvent,"",false,,2014-02-06 21:20:37.028,false,,54,,3563,,14,2014-02-01 00:42:11.046,2014-04-08 03:13:26.672,,,,"4b48b911-effb-476c-98da-daf2bfcea15c",,false,,,,,,,,,,,,,,,,,,
19857,MoveInUnitEvent,"""rate""=>""40.0"", ""move_in_date""=>""2011-11-18"", ""gate_access_code""=>""03007"", ""move_in_initiated_date""=>""2011-11-18""",false,,2014-02-01 00:42:11.075,true,,,5970,3563,,14,2011-11-18 10:00:00.000,2024-05-20 16:47:40.170,,,,f9bc398d-76e8-464b-b86c-5b384c2a742f,,false,,,,5133,,,,,,,,,,,,,,
19858,InvoiceSentTenantEvent,"""invoice_sent""=>""true""",false,,,true,,,,3563,,14,2014-02-01 00:42:11.466,2014-02-01 00:42:11.469,,5177,Invoice,"481f9a0d-47f4-4b82-8a4e-0fbc36661330",,false,,,,,,,,,,,,,,,,,,
19859,InvoiceSentTenantEvent,"""invoice_sent""=>""true""",false,,,true,,,,3563,,14,2014-02-01 00:42:11.662,2014-02-01 00:42:11.692,,5178,Invoice,e876bf8c-88be-4d89-94dc-fca42bbdf406,,false,,,,,,,,,,,,,,,,,,
19860,InvoiceSentTenantEvent,"""invoice_sent""=>""true""",false,,,true,,,,3563,,14,2014-02-01 00:42:12.058,2014-02-01 00:42:12.081,,5179,Invoice,"8db84d1d-706d-490b-af8e-341212fc14fd",,false,,,,,,,,,,,,,,,,,,
19861,NoteEvent,"",false,,,false,,,,3564,,14,2014-02-01 00:42:12.267,2014-04-08 03:13:26.692,,,,b4d530ab-1340-4e36-9893-7aedf7c35c8b,,false,,,,,,,,,,,,,,,,,,
19862,NoteEvent,"",false,,2014-02-06 21:25:43.578,false,,54,,3564,,14,2014-02-01 00:42:12.273,2014-04-08 03:13:26.713,,,,"861ddc36-6c2f-40ab-b87e-c3ae0f112432",,false,,,,,,,,,,,,,,,,,,
19863,NoteEvent,"",false,,2014-02-06 21:25:47.129,false,,54,,3564,,14,2014-02-01 00:42:12.279,2014-04-08 03:13:26.735,,,,"7111ac17-84b1-4a5e-945a-a1b911a5bd4f",,false,,,,,,,,,,,,,,,,,,
19864,MoveInUnitEvent,"""rate""=>""40.0"", ""move_in_date""=>""2010-01-23"", ""gate_access_code""=>""04215"", ""move_in_initiated_date""=>""2010-01-23""",false,,2014-02-01 00:42:12.307,true,,,5971,3564,,14,2010-01-23 10:00:00.000,2024-05-20 16:47:40.170,,,,"0174e270-0ff9-4c33-b9ed-276c68192c11",,false,,,,5134,,,,,,,,,,,,,,
19865,InvoiceSentTenantEvent,"""invoice_sent""=>""true""",false,,,true,,,,3564,,14,2014-02-01 00:42:12.681,2014-02-01 00:42:12.678,,5180,Invoice,a19d631c-58bc-4ce1-85f6-7ebc3db32dbc,,false,,,,,,,,,,,,,,,,,,
19866,InvoiceSentTenantEvent,"""invoice_sent""=>""true""",false,,,true,,,,3564,,14,2014-02-01 00:42:12.832,2014-02-01 00:42:12.865,,5181,Invoice,c4f72554-d40b-4704-b214-852c498cc0f0,,false,,,,,,,,,,,,,,,,,,
19867,InvoiceSentTenantEvent,"""invoice_sent""=>""true""",false,,,true,,,,3564,,14,2014-02-01 00:42:13.083,2014-02-01 00:42:13.103,,5182,Invoice,"74aef579-5445-40aa-9938-a031c3de34f3",,false,,,,,,,,,,,,,,,,,,
19868,InvoiceSentTenantEvent,"""invoice_sent""=>""true""",false,,,true,,,,3564,,14,2014-02-01 00:42:13.276,2014-02-01 00:42:13.275,,5183,Invoice,"6bee080f-a8fc-48e0-8a3d-62374a31bfc1",,false,,,,,,,,,,,,,,,,,,
19869,DelinquencyStageTenantEvent,"""invoice_id""=>""5181"", ""applied_date""=>""2013-10-11"", ""line_item_id""=>""5300"", ""resolved_date""=>""2014-07-24""",false,,,true,,,,3564,,14,2014-02-01 00:42:13.357,2014-07-24 16:53:15.181,,23,DelinquencyStage,aca9899b-553f-40ef-be0b-71dd606b96c0,removed,false,,,,5134,,,,,23783627,,,,,,,,,
19870,AddFeeDelinquencyTenantEvent,"""fee_invoice_id""=>""5182""",false,,2014-02-01 00:42:13.355,true,,,,3564,,14,2014-02-01 00:42:13.364,2014-07-03 19:25:42.647,19869,28,DelinquencyStageAction,"3797b7ae-d603-4a4c-b625-3b77f0368f1f",removed,false,,,,5134,,,,,23783627,,,,,,,,,
19871,GateLockoutDelinquencyTenantEvent,"""last_action_date""=>""2014-07-03""",false,,2014-01-31 05:00:00.000,true,,,,3564,,14,2014-02-01 00:42:13.384,2014-07-03 19:25:42.606,19869,29,DelinquencyStageAction,"2b1f2c0a-f388-47f7-a2a0-7e33f0929f7e",removed,false,,,,5134,,,,,23783627,,,,,,,,,
19872,OverlockDelinquencyTenantEvent,"""last_action_date""=>""2014-07-24""",false,,2014-07-24 16:53:15.170,true,,40,5971,3564,,14,2014-02-01 00:42:13.424,2024-05-20 16:47:40.170,19869,30,DelinquencyStageAction,b0b7279d-8b3a-4521-a6ac-92fae5aee2cb,overlock_removed,false,,,,5134,,,,,23783627,,,,,,,,,
19873,DelinquencyStageTenantEvent,"""invoice_id""=>""5181"", ""applied_date""=>""2013-10-16"", ""line_item_id""=>""5300"", ""resolved_date""=>""2014-07-03""",false,,,true,,,,3564,,14,2014-02-01 00:42:13.479,2014-07-03 19:25:42.473,,24,DelinquencyStage,"5cdac877-97f0-449d-9c25-d42a73f97a0b",removed,false,,,,5134,,,,,23783901,,,,,,,,,
19874,PrintMailDelinquencyTenantEvent,"",false,,2014-02-04 16:53:50.596,true,,31,5971,3564,,14,2014-02-01 00:42:13.486,2024-05-20 16:47:40.170,19873,31,DelinquencyStageAction,"0e51ebd6-a76c-40d9-aa23-0742cf53cc4b",letter_sent,false,,,,5134,,,,,23783901,,,,,,,,,
19875,DelinquencyStageTenantEvent,"""invoice_id""=>""5181"", ""applied_date""=>""2013-11-10"", ""line_item_id""=>""5300"", ""resolved_date""=>""2014-07-03""",false,,,true,,,,3564,,14,2014-02-01 00:42:13.638,2014-07-03 19:25:42.374,,25,DelinquencyStage,"1c3cd7cf-7f2a-42ac-b6bd-f51750f93758",removed,false,,,,5134,,,,,23784183,,,,,,,,,
19876,AddFeeDelinquencyTenantEvent,"""fee_invoice_id""=>""5182""",false,,2014-02-01 00:42:13.635,true,,,,3564,,14,2014-02-01 00:42:13.644,2014-07-03 19:25:42.335,19875,32,DelinquencyStageAction,c09d3ab4-eb71-42e4-a8c5-e3c26162f073,removed,false,,,,5134,,,,,23784183,,,,,,,,,
19877,DelinquencyStageTenantEvent,"""invoice_id""=>""5181"", ""applied_date""=>""2013-11-15"", ""line_item_id""=>""5300"", ""resolved_date""=>""2014-07-03""",false,,,true,,,,3564,,14,2014-02-01 00:42:13.700,2014-07-03 19:25:42.261,,26,DelinquencyStage,bdafd111-8283-4c80-bfc2-29c96937553b,removed,false,,,,5134,,,,,23784456,,,,,,,,,
19878,PrintMailDelinquencyTenantEvent,"",false,,2014-02-04 16:53:48.556,true,,31,5971,3564,,14,2014-02-01 00:42:13.706,2024-05-20 16:47:40.170,19877,33,DelinquencyStageAction,"01f51b28-c281-4727-bf1e-28e47b25a60d",letter_sent,false,,,,5134,,,,,23784456,,,,,,,,,
19879,DelinquencyStageTenantEvent,"""invoice_id""=>""5181"", ""applied_date""=>""2013-12-10"", ""line_item_id""=>""5300"", ""resolved_date""=>""2014-07-03""",false,,,true,,,,3564,,14,2014-02-01 00:42:13.763,2014-07-03 19:25:42.164,,27,DelinquencyStage,be3edc52-a9c5-41c1-a946-c6ab9988a7ed,removed,false,,,,5134,,,,,23784745,,,,,,,,,
19880,AddFeeDelinquencyTenantEvent,"""fee_invoice_id""=>""5182""",false,,2014-02-01 00:42:13.761,true,,,,3564,,14,2014-02-01 00:42:13.769,2014-07-03 19:25:42.128,19879,34,DelinquencyStageAction,"83b35004-fd7f-4ccb-9e82-e640c36e4dc8",removed,false,,,,5134,,,,,23784745,,,,,,,,,
19881,DelinquencyStageTenantEvent,"""invoice_id""=>""5181"", ""applied_date""=>""2013-12-15"", ""line_item_id""=>""5300"", ""resolved_date""=>""2014-07-03""",false,,,true,,,,3564,,14,2014-02-01 00:42:13.823,2014-07-03 19:25:42.055,,28,DelinquencyStage,"1d43d322-93e3-4178-92ac-d38f5e5b9af7",removed,false,,,,5134,,,,,23784998,,,,,,,,,
19882,PrintMailDelinquencyTenantEvent,"",false,,2014-02-04 16:53:46.334,true,,31,5971,3564,,14,2014-02-01 00:42:13.829,2024-05-20 16:47:40.170,19881,35,DelinquencyStageAction,b8fcd5dd-98b4-41bf-893b-030e35b13732,letter_sent,false,,,,5134,,,,,23784998,,,,,,,,,
19883,DelinquencyStageTenantEvent,"""invoice_id""=>""5181"", ""applied_date""=>""2013-12-30"", ""line_item_id""=>""5300"", ""resolved_date""=>""2014-07-03""",false,,,true,,,,3564,,14,2014-02-01 00:42:13.879,2014-07-03 19:25:41.961,,29,DelinquencyStage,"2aa6810f-22bf-4d9b-bf36-289a95af776a",removed,false,,,,5134,,,,,23785262,,,,,,,,,
19884,PrintMailDelinquencyTenantEvent,"",false,,2014-02-04 16:53:43.569,true,,31,5971,3564,,14,2014-02-01 00:42:13.886,2024-05-20 16:47:40.170,19883,36,DelinquencyStageAction,"5a9478e0-2b36-4561-b70f-8880ebbe261a",letter_sent,false,,,,5134,,,,,23785262,,,,,,,,,
19885,DelinquencyStageTenantEvent,"""invoice_id""=>""5181"", ""applied_date""=>""2014-01-14"", ""line_item_id""=>""5300"", ""resolved_date""=>""2014-07-03""",false,,,true,,,,3564,,14,2014-02-01 00:42:13.937,2014-07-03 19:25:41.867,,30,DelinquencyStage,c133062f-b621-4223-bbd0-9c7a0708ead2,removed,false,,,,5134,,,,,23785580,,,,,,,,,
19886,PrintMailDelinquencyTenantEvent,"",false,,2014-02-04 16:53:40.642,true,,31,5971,3564,,14,2014-02-01 00:42:13.943,2024-05-20 16:47:40.170,19885,37,DelinquencyStageAction,a1241800-3d29-4f70-ad76-de2687e6eb57,letter_sent,false,,,,5134,,,,,23785580,,,,,,,,,
19887,DelinquencyStageTenantEvent,"""invoice_id""=>""5181"", ""applied_date""=>""2014-01-29"", ""line_item_id""=>""5300"", ""resolved_date""=>""2014-07-03""",false,,,true,,,,3564,,14,2014-02-01 00:42:13.995,2014-07-03 19:25:41.768,,31,DelinquencyStage,"0e35b198-8b7e-4a20-a022-94b4ac2d84fd",removed,false,,,,5134,,,,,23785970,,,,,,,,,
19888,CutLockDelinquencyTenantEvent,"",false,,2014-02-04 05:00:00.000,true,,31,5971,3564,,14,2014-02-01 00:42:14.001,2024-05-20 16:47:40.170,19887,38,DelinquencyStageAction,"8f701cba-1d21-4fe9-8c79-56f37de7fa53",lock_cut,false,,,,5134,,,,,23785970,,,,,,,,,
19889,NoteEvent,"",false,,2014-02-06 21:35:34.267,false,,54,,3565,,14,2014-02-01 00:42:14.382,2014-04-08 03:13:26.759,,,,"793065dc-4f24-4b32-a4d1-73926c61710c",,false,,,,,,,,,,,,,,,,,,
19890,NoteEvent,"",false,,2014-02-06 21:35:37.869,false,,54,,3565,,14,2014-02-01 00:42:14.388,2014-04-08 03:13:26.781,,,,c9153832-5ca1-4e08-81fa-9ab787b4d00d,,false,,,,,,,,,,,,,,,,,,
19891,MoveInUnitEvent,"""rate""=>""40.0"", ""move_in_date""=>""2007-04-16"", ""gate_access_code""=>""00981"", ""move_in_initiated_date""=>""2007-04-16""",false,,2014-02-01 00:42:14.416,true,,,5972,3565,,14,2007-04-16 10:00:00.000,2024-05-20 16:47:40.170,,,,"4dcec154-53b8-4e0b-b43f-a5622233ffa6",,false,,,,5135,,,,,,,,,,,,,,
19892,InvoiceSentTenantEvent,"""invoice_sent""=>""true""",false,,,true,,,,3565,,14,2014-02-01 00:42:14.797,2014-02-01 00:42:14.809,,5184,Invoice,"2c0efa04-87c3-4c07-b5ed-5bd2ad05a38d",,false,,,,,,,,,,,,,,,,,,
19893,InvoiceSentTenantEvent,"""invoice_sent""=>""true""",false,,,true,,,,3565,,14,2014-02-01 00:42:15.011,2014-02-01 00:42:15.031,,5185,Invoice,"46c2b612-76bb-44b1-b5a5-8cc80116f062",,false,,,,,,,,,,,,,,,,,,
19894,InvoiceSentTenantEvent,"""invoice_sent""=>""true""",false,,,true,,,,3565,,14,2014-02-01 00:42:15.285,2014-02-01 00:42:15.300,,5186,Invoice,"3ba8536d-a2ee-4316-b281-628471e85b74",,false,,,,,,,,,,,,,,,,,,
19895,InvoiceSentTenantEvent,"""invoice_sent""=>""true""",false,,,true,,,,3565,,14,2014-02-01 00:42:15.463,2014-02-01 00:42:15.475,,5187,Invoice,"3bdd57dc-177e-4b20-8ee9-c2e92f9bd5fa",,false,,,,,,,,,,,,,,,,,,
19896,DelinquencyStageTenantEvent,"""invoice_id""=>""5185"", ""applied_date""=>""2013-09-11"", ""line_item_id""=>""5304"", ""resolved_date""=>""2014-07-09""",false,,,true,,,,3565,,14,2014-02-01 00:42:15.538,2014-07-10 00:45:01.876,,23,DelinquencyStage,"0f47f6dc-6bff-4697-8133-e7d7076d846c",removed,false,,,,5135,,,,,23796335,,,,,,,,,
19897,AddFeeDelinquencyTenantEvent,"""fee_invoice_id""=>""5186""",false,,2014-02-01 00:42:15.536,true,,,,3565,,14,2014-02-01 00:42:15.544,2014-07-10 00:45:01.839,19896,28,DelinquencyStageAction,"23662209-fae5-4412-bb34-360d4f072ce7",removed,false,,,,5135,,,,,23796335,,,,,,,,,
19898,GateLockoutDelinquencyTenantEvent,"""last_action_date""=>""2014-07-09""",false,,2014-01-31 05:00:00.000,true,,,,3565,,14,2014-02-01 00:42:15.565,2014-07-10 00:45:01.799,19896,29,DelinquencyStageAction,"08ec438c-7c37-405e-a61a-0e3360410414",removed,false,,,,5135,,,,,23796335,,,,,,,,,
19899,OverlockDelinquencyTenantEvent,"""last_action_date""=>""2014-07-09""",false,,2014-02-01 00:42:16.531,true,,,5972,3565,,14,2014-02-01 00:42:15.605,2024-05-20 16:47:40.170,19896,30,DelinquencyStageAction,"5cc34734-2f9c-45a4-af44-78b00a34175a",overlock_removed,false,,,,5135,,,,,23796335,,,,,,,,,
19900,DelinquencyStageTenantEvent,"""invoice_id""=>""5185"", ""applied_date""=>""2013-09-16"", ""line_item_id""=>""5304""",false,,,false,,,,3565,,14,2014-02-01 00:42:15.657,2014-04-08 03:12:00.264,,24,DelinquencyStage,"0a62f74e-55a3-405f-b5ce-d70e06fd76eb",applied,false,,,,5135,,,,,23796736,,,,,,,,,
19901,PrintMailDelinquencyTenantEvent,"",false,,2014-02-04 16:54:34.124,true,,31,5972,3565,,14,2014-02-01 00:42:15.663,2024-05-20 16:47:40.170,19900,31,DelinquencyStageAction,fc9ae21d-a053-4748-b690-417a1af24962,letter_sent,false,,,,5135,,,,,23796736,,,,,,,,,
19902,DelinquencyStageTenantEvent,"""invoice_id""=>""5185"", ""applied_date""=>""2013-10-11"", ""line_item_id""=>""5304""",false,,,false,,,,3565,,14,2014-02-01 00:42:15.807,2014-04-08 03:12:00.292,,25,DelinquencyStage,"62e5255b-0878-46b7-a0f3-41de5697edd8",applied,false,,,,5135,,,,,23797114,,,,,,,,,
19903,AddFeeDelinquencyTenantEvent,"""fee_invoice_id""=>""5186""",false,,2014-02-01 00:42:15.805,true,,,,3565,,14,2014-02-01 00:42:15.813,2014-02-01 00:42:16.471,19902,32,DelinquencyStageAction,cce2016e-ee2e-420f-937e-ab400b55377c,applied,false,,,,5135,,,,,23797114,,,,,,,,,
19904,DelinquencyStageTenantEvent,"""invoice_id""=>""5185"", ""applied_date""=>""2013-10-16"", ""line_item_id""=>""5304""",false,,,false,,,,3565,,14,2014-02-01 00:42:15.869,2014-04-08 03:12:00.320,,26,DelinquencyStage,afc1841a-c4e5-4b48-938c-6aea87774909,applied,false,,,,5135,,,,,23797401,,,,,,,,,
19905,PrintMailDelinquencyTenantEvent,"",false,,2014-02-04 16:54:30.581,true,,31,5972,3565,,14,2014-02-01 00:42:15.875,2024-05-20 16:47:40.170,19904,33,DelinquencyStageAction,b1cbb9bb-5101-4bb0-8fd1-e9e0585d4619,letter_sent,false,,,,5135,,,,,23797401,,,,,,,,,
19906,DelinquencyStageTenantEvent,"""invoice_id""=>""5185"", ""applied_date""=>""2013-11-10"", ""line_item_id""=>""5304""",false,,,false,,,,3565,,14,2014-02-01 00:42:15.935,2014-04-08 03:12:00.349,,27,DelinquencyStage,"857719b1-cedc-4d50-b099-186fb76184a3",applied,false,,,,5135,,,,,23797694,,,,,,,,,
19907,AddFeeDelinquencyTenantEvent,"""fee_invoice_id""=>""5186""",false,,2014-02-01 00:42:15.933,true,,,,3565,,14,2014-02-01 00:42:15.941,2014-02-01 00:42:16.451,19906,34,DelinquencyStageAction,"9e4364cf-d6b1-4411-adfb-f1f08d26302e",applied,false,,,,5135,,,,,23797694,,,,,,,,,
19908,DelinquencyStageTenantEvent,"""invoice_id""=>""5185"", ""applied_date""=>""2013-11-15"", ""line_item_id""=>""5304""",false,,,false,,,,3565,,14,2014-02-01 00:42:15.997,2014-04-08 03:12:00.377,,28,DelinquencyStage,"6f348dcb-94c7-48b4-a679-04e3efe33f1a",applied,false,,,,5135,,,,,23797984,,,,,,,,,
19909,PrintMailDelinquencyTenantEvent,"",false,,2014-02-04 16:54:27.544,true,,31,5972,3565,,14,2014-02-01 00:42:16.003,2024-05-20 16:47:40.170,19908,35,DelinquencyStageAction,"91b5f9cc-72d6-4ca3-a978-9de0abb37bab",letter_sent,false,,,,5135,,,,,23797984,,,,,,,,,
19910,DelinquencyStageTenantEvent,"""invoice_id""=>""5185"", ""applied_date""=>""2013-11-30"", ""line_item_id""=>""5304""",false,,,false,,,,3565,,14,2014-02-01 00:42:16.056,2014-04-08 03:12:00.406,,29,DelinquencyStage,"2962ac92-daa2-497c-99b5-e2124ee1be61",applied,false,,,,5135,,,,,23798268,,,,,,,,,
19911,PrintMailDelinquencyTenantEvent,"",false,,2014-02-04 16:54:24.806,true,,31,5972,3565,,14,2014-02-01 00:42:16.063,2024-05-20 16:47:40.170,19910,36,DelinquencyStageAction,"5ef02825-5bd5-4d18-afe6-d6db9e1963b1",letter_sent,false,,,,5135,,,,,23798268,,,,,,,,,
19912,DelinquencyStageTenantEvent,"""invoice_id""=>""5185"", ""applied_date""=>""2013-12-15"", ""line_item_id""=>""5304""",false,,,false,,,,3565,,14,2014-02-01 00:42:16.114,2014-04-08 03:12:00.434,,30,DelinquencyStage,"0bf98ebb-8b8a-4e62-84d3-335952fec45a",applied,false,,,,5135,,,,,23798550,,,,,,,,,
19913,PrintMailDelinquencyTenantEvent,"",false,,2014-02-04 16:54:19.720,true,,31,5972,3565,,14,2014-02-01 00:42:16.120,2024-05-20 16:47:40.170,19912,37,DelinquencyStageAction,c7a3752c-4c0e-45db-9a0c-705754aa20c9,letter_sent,false,,,,5135,,,,,23798550,,,,,,,,,
19914,DelinquencyStageTenantEvent,"""invoice_id""=>""5185"", ""applied_date""=>""2013-12-30"", ""line_item_id""=>""5304""",false,,,false,,,,3565,,14,2014-02-01 00:42:16.171,2014-04-08 03:12:00.461,,31,DelinquencyStage,"8be6fcb2-adb8-489a-b963-0724a2968ced",applied,false,,,,5135,,,,,23798837,,,,,,,,,
19915,CutLockDelinquencyTenantEvent,"",false,,2014-02-04 05:00:00.000,true,,31,5972,3565,,14,2014-02-01 00:42:16.177,2024-05-20 16:47:40.170,19914,38,DelinquencyStageAction,b4f06d00-e52e-4eb7-86b1-22d0ca29dce2,lock_cut,false,,,,5135,,,,,23798837,,,,,,,,,
19916,DelinquencyStageTenantEvent,"""invoice_id""=>""5185"", ""applied_date""=>""2014-01-14"", ""line_item_id""=>""5304""",false,,,false,,,,3565,,14,2014-02-01 00:42:16.228,2014-04-08 03:12:00.491,,32,DelinquencyStage,"3ae2e29e-9f55-456d-a77f-7bc656593d21",applied,false,,,,5135,,,,,23799151,,,,,,,,,
19917,PrintMailDelinquencyTenantEvent,"",false,,2014-02-04 16:54:14.126,true,,31,5972,3565,,14,2014-02-01 00:42:16.234,2024-05-20 16:47:40.170,19916,39,DelinquencyStageAction,c86d18c2-e0c9-44a6-a321-9d987e849f32,letter_sent,false,,,,5135,,,,,23799151,,,,,,,,,
19918,DelinquencyStageTenantEvent,"""invoice_id""=>""5185"", ""applied_date""=>""2014-01-29"", ""line_item_id""=>""5304""",false,,,false,,,,3565,,14,2014-02-01 00:42:16.377,2014-04-08 03:12:00.520,,33,DelinquencyStage,bd1ca1b5-1273-4fda-9bcc-7520c4c32d6f,applied,false,,,,5135,,,,,23799425,,,,,,,,,
19919,AddFeeDelinquencyTenantEvent,"""fee_invoice_id""=>""5186""",false,,2014-02-01 00:42:16.374,true,,,,3565,,14,2014-02-01 00:42:16.383,2014-02-01 00:42:16.429,19918,40,DelinquencyStageAction,d875202f-ad5a-41c7-8311-2b4d1793a1fd,applied,false,,,,5135,,,,,23799425,,,,,,,,,
19920,MoveInUnitEvent,"""rate""=>""40.0"", ""move_in_date""=>""2013-11-01"", ""gate_access_code""=>""03266"", ""move_in_initiated_date""=>""2013-11-01""",false,,2014-02-01 00:42:16.858,true,,,5974,3566,,14,2013-11-01 10:00:00.000,2024-05-20 16:47:40.170,,,,eb58612d-1791-4ce7-9b18-8f43b2af6a6f,,false,,,,5136,,,,,,,,,,,,,,
19921,InvoiceSentTenantEvent,"""invoice_sent""=>""true""",false,,,true,,,,3566,,14,2014-02-01 00:42:17.197,2014-02-01 00:42:17.232,,5188,Invoice,"5bac3041-39fc-419e-aade-d2ccb69cf67c",,false,,,,,,,,,,,,,,,,,,
19922,InvoiceSentTenantEvent,"""invoice_sent""=>""true""",false,,,true,,,,3566,,14,2014-02-01 00:42:17.397,2014-02-01 00:42:17.410,,5189,Invoice,"6feebe27-3e55-4ac1-884c-552eba6776c3",,false,,,,,,,,,,,,,,,,,,
19923,NoteEvent,"",false,,2014-02-06 21:40:15.309,false,,54,,3567,,14,2014-02-01 00:42:17.652,2014-04-08 03:13:26.806,,,,"707be75e-44c8-4764-82fb-7482f1f7c2fc",,false,,,,,,,,,,,,,,,,,,
19924,MoveInUnitEvent,"""rate""=>""40.0"", ""move_in_date""=>""2008-05-28"", ""gate_access_code""=>""09658"", ""move_in_initiated_date""=>""2008-05-28""",false,,2014-02-01 00:42:17.681,true,,,5975,3567,,14,2008-05-28 10:00:00.000,2024-05-20 16:47:40.170,,,,a8c6f947-e81d-445d-8aa7-181d969d07a1,,false,,,,5137,,,,,,,,,,,,,,
19925,InvoiceSentTenantEvent,"""invoice_sent""=>""true""",false,,,true,,,,3567,,14,2014-02-01 00:42:18.155,2014-02-01 00:42:18.171,,5190,Invoice,f4dffb51-6652-469c-a69f-c7a64dc5a45b,,false,,,,,,,,,,,,,,,,,,
19926,InvoiceSentTenantEvent,"""invoice_sent""=>""true""",false,,,true,,,,3567,,14,2014-02-01 00:42:18.362,2014-02-01 00:42:18.374,,5191,Invoice,"5e3c5d04-d755-48ae-a5f5-d18b6d2b044a",,false,,,,,,,,,,,,,,,,,,
19927,NoteEvent,"",false,,2014-02-06 21:41:02.443,false,,54,,3568,,14,2014-02-01 00:42:18.639,2014-04-08 03:13:26.828,,,,"45e7640b-3874-46f8-85fc-556c5b019990",,false,,,,,,,,,,,,,,,,,,
19928,MoveInUnitEvent,"""rate""=>""40.0"", ""move_in_date""=>""2013-04-03"", ""gate_access_code""=>""01425"", ""move_in_initiated_date""=>""2013-04-03""",false,,2014-02-01 00:42:18.671,true,,,5976,3568,,14,2013-04-03 10:00:00.000,2024-05-20 16:47:40.170,,,,"3da13a15-d51f-43e0-811d-96665be171fe",,false,,,,5138,,,,,,,,,,,,,,
19929,InvoiceSentTenantEvent,"""invoice_sent""=>""true""",false,,,true,,,,3568,,14,2014-02-01 00:42:18.971,2014-02-01 00:42:18.983,,5192,Invoice,d21e5ead-5ef9-43c5-853f-89eaf6eeac56,,false,,,,,,,,,,,,,,,,,,
19930,InvoiceSentTenantEvent,"""invoice_sent""=>""true""",false,,,true,,,,3568,,14,2014-02-01 00:42:19.236,2014-02-01 00:42:19.249,,5193,Invoice,d3c445fa-b252-4dd7-a581-564d09b8351d,,false,,,,,,,,,,,,,,,,,,
19931,MoveInUnitEvent,"""rate""=>""40.0"", ""move_in_date""=>""2013-01-14"", ""gate_access_code""=>""03303"", ""move_in_initiated_date""=>""2013-01-14""",false,,2014-02-01 00:42:19.435,true,,,5977,3569,,14,2013-01-14 10:00:00.000,2024-05-20 16:47:40.170,,,,"15610e1d-f97c-4b34-9c74-3997564a2e08",,false,,,,5139,,,,,,,,,,,,,,
19932,InvoiceSentTenantEvent,"""invoice_sent""=>""true""",false,,,true,,,,3569,,14,2014-02-01 00:42:19.809,2014-02-01 00:42:19.823,,5194,Invoice,"98d54998-0907-43ae-97b3-ec5cc072ae13",,false,,,,,,,,,,,,,,,,,,
19933,InvoiceSentTenantEvent,"""invoice_sent""=>""true""",false,,,true,,,,3569,,14,2014-02-01 00:42:19.962,2014-02-01 00:42:19.974,,5195,Invoice,"4442e487-5ed2-4d33-a055-acdde218dcc8",,false,,,,,,,,,,,,,,,,,,
19934,InvoiceSentTenantEvent,"""invoice_sent""=>""true""",false,,,true,,,,3569,,14,2014-02-01 00:42:20.123,2014-02-01 00:42:20.138,,5196,Invoice,"43ea2637-d34b-4f3d-bf89-2256d6f36581",,false,,,,,,,,,,,,,,,,,,
19935,InvoiceSentTenantEvent,"""invoice_sent""=>""true""",false,,,true,,,,3569,,14,2014-02-01 00:42:20.407,2014-02-01 00:42:20.419,,5197,Invoice,"7a8c6bb9-d6fe-47a6-ad07-53565799a4cb",,false,,,,,,,,,,,,,,,,,,
19936,DelinquencyStageTenantEvent,"""invoice_id""=>""5195"", ""applied_date""=>""2013-12-11"", ""line_item_id""=>""5318"", ""resolved_date""=>""2015-05-05""",false,,,true,,,,3569,,14,2014-02-01 00:42:20.492,2015-05-05 18:37:06.398,,23,DelinquencyStage,fbfe194e-8fe5-40e1-bf5a-4751b3043309,removed,false,2015-05-05 18:37:06.175,,,5139,,,,,23816150,,,,,,,,,
19937,AddFeeDelinquencyTenantEvent,"""fee_invoice_id""=>""5196""",false,,2014-02-01 00:42:20.490,true,,,,3569,,14,2014-02-01 00:42:20.500,2015-05-05 18:19:54.645,19936,28,DelinquencyStageAction,bfb0e0c8-5573-4411-ab91-ddc81949b9cc,removed,false,2015-03-05 02:09:59.973,,,5139,,,,,23816150,,,,,,,,,
19938,GateLockoutDelinquencyTenantEvent,"""last_action_date""=>""2015-05-05""",false,,2014-01-31 05:00:00.000,true,,,,3569,,14,2014-02-01 00:42:20.524,2015-05-05 18:19:54.743,19936,29,DelinquencyStageAction,a7c9b2d6-9cce-44ee-bae4-96ee17f5bf41,removed,false,2015-05-05 18:19:54.671,,,5139,,,,,23816150,,,,,,,,,
19939,OverlockDelinquencyTenantEvent,"""last_action_date""=>""2015-05-05""",false,,2015-05-05 18:37:06.385,true,,40,5977,3569,,14,2014-02-01 00:42:20.565,2024-05-20 16:47:40.170,19936,30,DelinquencyStageAction,"10575c35-62d8-4e1a-b86b-b6d5e4641b71",overlock_removed,false,2015-05-05 18:37:06.130,,User,5139,,,,,23816150,,,,,,,,,
19940,DelinquencyStageTenantEvent,"""invoice_id""=>""5195"", ""applied_date""=>""2013-12-16"", ""line_item_id""=>""5318"", ""resolved_date""=>""2015-05-05""",false,,,true,,,,3569,,14,2014-02-01 00:42:20.628,2015-05-05 18:19:54.924,,24,DelinquencyStage,"9fa949f5-65da-483b-a71c-c453cac0a918",removed,false,2015-05-05 18:19:54.923,,,5139,,,,,23816469,,,,,,,,,
19941,PrintMailDelinquencyTenantEvent,"",false,,2014-02-04 16:55:02.560,true,,31,5977,3569,,14,2014-02-01 00:42:20.634,2024-05-20 16:47:40.170,19940,31,DelinquencyStageAction,"71c7c690-9117-4a2c-9f00-045521fe7f63",letter_sent,false,2015-05-05 18:19:54.866,,,5139,,,,,23816469,,,,,,,,,
19942,DelinquencyStageTenantEvent,"""invoice_id""=>""5195"", ""applied_date""=>""2014-01-10"", ""line_item_id""=>""5318"", ""resolved_date""=>""2015-05-05""",false,,,true,,,,3569,,14,2014-02-01 00:42:20.695,2015-05-05 18:19:55.052,,25,DelinquencyStage,"6d557a1c-bec6-4edb-ba35-91810b27e9ae",removed,false,2015-05-05 18:19:55.051,,,5139,,,,,23816772,,,,,,,,,
19943,AddFeeDelinquencyTenantEvent,"""fee_invoice_id""=>""5196""",false,,2014-02-01 00:42:20.694,true,,,,3569,,14,2014-02-01 00:42:20.702,2015-05-05 18:19:55.001,19942,32,DelinquencyStageAction,"427a57d5-f561-414c-8c28-a443f9ca8669",removed,false,2015-05-05 18:19:54.989,,,5139,,,,,23816772,,,,,,,,,
19944,DelinquencyStageTenantEvent,"""invoice_id""=>""5195"", ""applied_date""=>""2014-01-15"", ""line_item_id""=>""5318"", ""resolved_date""=>""2015-05-05""",false,,,true,,,,3569,,14,2014-02-01 00:42:20.759,2015-05-05 18:19:55.174,,26,DelinquencyStage,a960c589-43a8-47ec-9686-66c5d23d24aa,removed,false,2015-05-05 18:19:55.173,,,5139,,,,,23817096,,,,,,,,,
19945,PrintMailDelinquencyTenantEvent,"",false,,2014-02-04 16:55:00.167,true,,31,5977,3569,,14,2014-02-01 00:42:20.766,2024-05-20 16:47:40.170,19944,33,DelinquencyStageAction,"47904e97-2b78-4695-9011-02e8081ec8b5",letter_sent,false,2015-05-05 18:19:55.117,,,5139,,,,,23817096,,,,,,,,,
19946,MoveInUnitEvent,"""rate""=>""40.0"", ""move_in_date""=>""2013-11-01"", ""gate_access_code""=>""00566"", ""move_in_initiated_date""=>""2013-11-01""",false,,2014-02-01 00:42:21.118,true,,,5978,3570,,14,2013-11-01 10:00:00.000,2024-05-20 16:47:40.170,,,,ab0e4781-a66a-4e26-91a5-7c0bb6884d67,,false,,,,5140,,,,,,,,,,,,,,
19947,InvoiceSentTenantEvent,"""invoice_sent""=>""true""",false,,,true,,,,3570,,14,2014-02-01 00:42:21.419,2014-02-01 00:42:21.528,,5198,Invoice,"40f5c5ee-e7fa-495a-8375-27435e6c383e",,false,,,,,,,,,,,,,,,,,,
19948,InvoiceSentTenantEvent,"""invoice_sent""=>""true""",false,,,true,,,,3570,,14,2014-02-01 00:42:21.695,2014-02-01 00:42:21.762,,5199,Invoice,dc34a294-79af-47c2-b151-202fb7b43961,,false,,,,,,,,,,,,,,,,,,
19949,NoteEvent,"",false,,2014-02-06 21:43:08.384,false,,54,,3571,,14,2014-02-01 00:42:21.879,2014-04-08 03:13:26.853,,,,e97dbb53-e2d9-49f1-ae0b-5e71d79ab15c,,false,,,,,,,,,,,,,,,,,,
19950,MoveInUnitEvent,"""rate""=>""80.0"", ""move_in_date""=>""2013-08-30"", ""gate_access_code""=>""07674"", ""move_in_initiated_date""=>""2013-08-30""",false,,2014-02-01 00:42:21.906,true,,,5979,3571,,14,2013-08-30 10:00:00.000,2014-04-08 03:12:53.723,,,,"0f67d9ae-1fcb-40e2-8fc6-1bb19946faf9",,false,,,,5141,,,,,,,,,,,,,,
19951,InvoiceSentTenantEvent,"""invoice_sent""=>""true""",false,,,true,,,,3571,,14,2014-02-01 00:42:22.295,2014-02-01 00:42:22.308,,5200,Invoice,"659c1831-79c9-44d3-8913-755d29d5c762",,false,,,,,,,,,,,,,,,,,,
19952,InvoiceSentTenantEvent,"""invoice_sent""=>""true""",false,,,true,,,,3571,,14,2014-02-01 00:42:22.479,2014-02-01 00:42:22.491,,5201,Invoice,bf525953-4303-4b14-ac21-ed6bab3acc19,,false,,,,,,,,,,,,,,,,,,
19953,NoteEvent,"",false,,2014-02-06 21:44:03.130,false,,54,,3572,,14,2014-02-01 00:42:22.808,2014-04-08 03:13:26.876,,,,"8a219e74-b81c-4b3f-b47d-1b532aaba7e8",,false,,,,,,,,,,,,,,,,,,
19954,MoveInUnitEvent,"""rate""=>""55.0"", ""move_in_date""=>""2012-05-29"", ""gate_access_code""=>""03333"", ""move_in_initiated_date""=>""2012-05-29""",false,,2014-02-01 00:42:22.836,true,,,5981,3572,,14,2012-05-29 10:00:00.000,2024-03-07 18:57:06.995,,,,"4146b461-1daf-460e-a00c-71566d71e727",,false,,,,5142,,,,,,,,,,,,,,
19955,InvoiceSentTenantEvent,"""invoice_sent""=>""true""",false,,,true,,,,3572,,14,2014-02-01 00:42:23.227,2014-02-01 00:42:23.239,,5202,Invoice,"2a1fd9bd-26fe-4abb-883f-c0a4c972a978",,false,,,,,,,,,,,,,,,,,,
19956,InvoiceSentTenantEvent,"""invoice_sent""=>""true""",false,,,true,,,,3572,,14,2014-02-01 00:42:23.376,2014-02-01 00:42:23.388,,5203,Invoice,"6dbc056e-7ded-4793-9cfb-2e0fd60762d7",,false,,,,,,,,,,,,,,,,,,
19957,InvoiceSentTenantEvent,"""invoice_sent""=>""true""",false,,,true,,,,3572,,14,2014-02-01 00:42:23.526,2014-02-01 00:42:23.540,,5204,Invoice,f17ca0c0-36f5-437e-998d-2283402c97f9,,false,,,,,,,,,,,,,,,,,,
19958,InvoiceSentTenantEvent,"""invoice_sent""=>""true""",false,,,true,,,,3572,,14,2014-02-01 00:42:23.796,2014-02-01 00:42:23.809,,5205,Invoice,b25e163b-d7d3-4a94-9df9-44a49f9189bf,,false,,,,,,,,,,,,,,,,,,
19959,DelinquencyStageTenantEvent,"""invoice_id""=>""5203"", ""applied_date""=>""2013-06-11"", ""line_item_id""=>""5326"", ""resolved_date""=>""2014-07-09""",false,,,true,,,,3572,,14,2014-02-01 00:42:23.882,2014-07-10 00:45:02.143,,23,DelinquencyStage,"11734993-f203-4aa4-a2aa-48cfc0fb2dfa",removed,false,,,,5142,,,,,23842547,,,,,,,,,
19960,AddFeeDelinquencyTenantEvent,"""fee_invoice_id""=>""5204""",false,,2014-02-01 00:42:23.880,true,,,,3572,,14,2014-02-01 00:42:23.888,2014-07-10 00:45:02.105,19959,28,DelinquencyStageAction,"0dbbd7df-af99-4ac2-919d-c82f380f9cf0",removed,false,,,,5142,,,,,23842547,,,,,,,,,
19961,GateLockoutDelinquencyTenantEvent,"""last_action_date""=>""2014-07-09""",false,,2014-01-31 05:00:00.000,true,,,,3572,,14,2014-02-01 00:42:23.909,2014-07-10 00:45:02.065,19959,29,DelinquencyStageAction,"779dad23-e87c-4a82-ada8-7cf1168b914d",removed,false,,,,5142,,,,,23842547,,,,,,,,,
19962,OverlockDelinquencyTenantEvent,"""last_action_date""=>""2014-07-09""",false,,2014-02-01 00:42:24.917,true,,,5981,3572,,14,2014-02-01 00:42:23.949,2024-03-07 18:57:06.995,19959,30,DelinquencyStageAction,cb9ca737-cd5c-46c8-9f06-425d56154a99,overlock_removed,false,,,,5142,,,,,23842547,,,,,,,,,
19963,DelinquencyStageTenantEvent,"""invoice_id""=>""5203"", ""applied_date""=>""2013-06-16"", ""line_item_id""=>""5326""",false,,,false,,,,3572,,14,2014-02-01 00:42:24.002,2014-04-08 03:12:00.834,,24,DelinquencyStage,"89d57fa6-ba5d-4b07-b2f3-14bc7f9463c0",applied,false,,,,5142,,,,,23842869,,,,,,,,,
19964,PrintMailDelinquencyTenantEvent,"",false,,2014-02-04 16:55:38.702,true,,31,5981,3572,,14,2014-02-01 00:42:24.009,2024-03-07 18:57:06.995,19963,31,DelinquencyStageAction,"1a3a296c-0e02-4969-8f03-ac974cca5af9",letter_sent,false,,,,5142,,,,,23842869,,,,,,,,,
19965,DelinquencyStageTenantEvent,"""invoice_id""=>""5203"", ""applied_date""=>""2013-07-11"", ""line_item_id""=>""5326""",false,,,false,,,,3572,,14,2014-02-01 00:42:24.066,2014-04-08 03:12:00.864,,25,DelinquencyStage,"49705364-7aeb-48ca-93d9-909d2c20a29f",applied,false,,,,5142,,,,,23843231,,,,,,,,,
19966,AddFeeDelinquencyTenantEvent,"""fee_invoice_id""=>""5204""",false,,2014-02-01 00:42:24.064,true,,,,3572,,14,2014-02-01 00:42:24.072,2014-02-01 00:42:24.776,19965,32,DelinquencyStageAction,"49bf4af8-ee79-4561-9484-1cb88e875b5e",applied,false,,,,5142,,,,,23843231,,,,,,,,,
19967,DelinquencyStageTenantEvent,"""invoice_id""=>""5203"", ""applied_date""=>""2013-07-16"", ""line_item_id""=>""5326""",false,,,false,,,,3572,,14,2014-02-01 00:42:24.127,2014-04-08 03:12:00.893,,26,DelinquencyStage,"505682b0-edf5-4459-afee-ede2bc58a414",applied,false,,,,5142,,,,,23843625,,,,,,,,,
19968,PrintMailDelinquencyTenantEvent,"",false,,2014-02-04 16:55:35.894,true,,31,5981,3572,,14,2014-02-01 00:42:24.133,2024-03-07 18:57:06.995,19967,33,DelinquencyStageAction,"4485bb97-6c97-439a-b27c-56c6f3cee70e",letter_sent,false,,,,5142,,,,,23843625,,,,,,,,,
19969,DelinquencyStageTenantEvent,"""invoice_id""=>""5203"", ""applied_date""=>""2013-08-10"", ""line_item_id""=>""5326""",false,,,false,,,,3572,,14,2014-02-01 00:42:24.189,2014-04-08 03:12:00.921,,27,DelinquencyStage,"2eeb408b-e662-4653-aae7-225ef1ec4b4f",applied,false,,,,5142,,,,,23844011,,,,,,,,,
19970,AddFeeDelinquencyTenantEvent,"""fee_invoice_id""=>""5204""",false,,2014-02-01 00:42:24.187,true,,,,3572,,14,2014-02-01 00:42:24.195,2014-02-01 00:42:24.756,19969,34,DelinquencyStageAction,"694d1823-278e-4a1f-a3e5-cb27fc3e2b0f",applied,false,,,,5142,,,,,23844011,,,,,,,,,
19971,DelinquencyStageTenantEvent,"""invoice_id""=>""5203"", ""applied_date""=>""2013-08-15"", ""line_item_id""=>""5326""",false,,,false,,,,3572,,14,2014-02-01 00:42:24.337,2014-04-08 03:12:00.950,,28,DelinquencyStage,ce5a0b90-c8da-44b8-b029-c3c00c00d641,applied,false,,,,5142,,,,,23844309,,,,,,,,,
19972,PrintMailDelinquencyTenantEvent,"",false,,2014-02-04 16:55:33.246,true,,31,5981,3572,,14,2014-02-01 00:42:24.343,2024-03-07 18:57:06.995,19971,35,DelinquencyStageAction,"9248ef7a-56ac-479c-a435-9f6235038c93",letter_sent,false,,,,5142,,,,,23844309,,,,,,,,,
19973,DelinquencyStageTenantEvent,"""invoice_id""=>""5203"", ""applied_date""=>""2013-08-30"", ""line_item_id""=>""5326""",false,,,false,,,,3572,,14,2014-02-01 00:42:24.393,2014-04-08 03:12:00.978,,29,DelinquencyStage,f8842fac-287e-464c-82eb-8b35cd9fc780,applied,false,,,,5142,,,,,23844735,,,,,,,,,
19974,PrintMailDelinquencyTenantEvent,"",false,,2014-02-04 16:55:30.688,true,,31,5981,3572,,14,2014-02-01 00:42:24.399,2024-03-07 18:57:06.995,19973,36,DelinquencyStageAction,"96eb188e-07a3-4c43-ac2e-fecee3e3bea4",letter_sent,false,,,,5142,,,,,23844735,,,,,,,,,
19975,DelinquencyStageTenantEvent,"""invoice_id""=>""5203"", ""applied_date""=>""2013-09-14"", ""line_item_id""=>""5326""",false,,,false,,,,3572,,14,2014-02-01 00:42:24.450,2014-04-08 03:12:01.007,,30,DelinquencyStage,c125b04d-74b4-4491-bccb-f2de009c5a36,applied,false,,,,5142,,,,,23845056,,,,,,,,,
19976,PrintMailDelinquencyTenantEvent,"",false,,2014-02-04 16:55:28.040,true,,31,5981,3572,,14,2014-02-01 00:42:24.456,2024-03-07 18:57:06.995,19975,37,DelinquencyStageAction,"0ba591d2-00ff-4344-bbf5-7b58bc4bf9f4",letter_sent,false,,,,5142,,,,,23845056,,,,,,,,,
19977,DelinquencyStageTenantEvent,"""invoice_id""=>""5203"", ""applied_date""=>""2013-09-29"", ""line_item_id""=>""5326""",false,,,false,,,,3572,,14,2014-02-01 00:42:24.507,2014-04-08 03:12:01.035,,31,DelinquencyStage,"9629f0f5-1fd7-4052-84a0-2340078b3504",applied,false,,,,5142,,,,,23845893,,,,,,,,,
19978,CutLockDelinquencyTenantEvent,"",false,,2014-02-04 05:00:00.000,true,,31,5981,3572,,14,2014-02-01 00:42:24.513,2024-03-07 18:57:06.995,19977,38,DelinquencyStageAction,"8e8abb6d-a984-4acf-b185-8d430e81bd30",lock_cut,false,,,,5142,,,,,23845893,,,,,,,,,
19979,DelinquencyStageTenantEvent,"""invoice_id""=>""5203"", ""applied_date""=>""2013-10-14"", ""line_item_id""=>""5326""",false,,,false,,,,3572,,14,2014-02-01 00:42:24.564,2014-04-08 03:12:01.063,,32,DelinquencyStage,b27bc864-92be-437f-821f-cfa621e40375,applied,false,,,,5142,,,,,23846216,,,,,,,,,
19980,PrintMailDelinquencyTenantEvent,"",false,,2014-02-04 16:55:21.568,true,,31,5981,3572,,14,2014-02-01 00:42:24.570,2024-03-07 18:57:06.995,19979,39,DelinquencyStageAction,d1523ef8-3433-4862-8aa5-552b927e5052,letter_sent,false,,,,5142,,,,,23846216,,,,,,,,,
19981,DelinquencyStageTenantEvent,"""invoice_id""=>""5203"", ""applied_date""=>""2013-10-29"", ""line_item_id""=>""5326""",false,,,false,,,,3572,,14,2014-02-01 00:42:24.627,2014-04-08 03:12:01.091,,33,DelinquencyStage,"8140d7ea-d652-4f21-86e3-8308a8c05bd9",applied,false,,,,5142,,,,,23846509,,,,,,,,,
19982,AddFeeDelinquencyTenantEvent,"""fee_invoice_id""=>""5204""",false,,2014-02-01 00:42:24.625,true,,,,3572,,14,2014-02-01 00:42:24.633,2014-02-01 00:42:24.736,19981,40,DelinquencyStageAction,"86a401ba-222e-42f1-8a2d-731f796cfaa3",applied,false,,,,5142,,,,,23846509,,,,,,,,,
19983,DelinquencyStageTenantEvent,"""invoice_id""=>""5203"", ""applied_date""=>""2013-11-13"", ""line_item_id""=>""5326""",false,,,false,,,,3572,,14,2014-02-01 00:42:24.687,2014-04-08 03:12:01.119,,34,DelinquencyStage,e4aaae55-9619-4ae3-9633-aa2249a7400f,applied,false,,,,5142,,,,,23846912,,,,,,,,,
19984,AuctionDelinquencyTenantEvent,"",false,,2014-02-04 16:55:17.204,true,,31,5981,3572,,14,2014-02-01 00:42:24.693,2024-03-07 18:57:06.995,,41,DelinquencyStageAction,"8c4e6655-f736-4b09-a75b-2652d124b9be",unit_auctioned,false,,,,5142,,,,,23846912,,,,,,,,,
19985,NoteEvent,"",false,,2014-02-06 21:44:36.309,false,,54,,3573,,14,2014-02-01 00:42:25.090,2014-04-08 03:13:26.970,,,,"738a36b9-50da-4c79-8b8e-464823a35a03",,false,,,,,,,,,,,,,,,,,,
19986,NoteEvent,"",false,,,false,,,,3573,,14,2014-02-01 00:42:25.096,2014-04-08 03:13:26.989,,,,e06ded63-8c74-4dbb-888d-3fa178938cc6,,false,,,,,,,,,,,,,,,,,,
19987,MoveInUnitEvent,"""rate""=>""55.0"", ""move_in_date""=>""2013-05-17"", ""gate_access_code""=>""08832"", ""move_in_initiated_date""=>""2013-05-17""",false,,2014-02-01 00:42:25.125,true,,,5982,3573,,14,2013-05-17 10:00:00.000,2024-03-07 18:57:06.995,,,,dd1871ad-fb4f-43c4-9d82-e90014bd8014,,false,,,,5143,,,,,,,,,,,,,,
19988,InvoiceSentTenantEvent,"""invoice_sent""=>""true""",false,,,true,,,,3573,,14,2014-02-01 00:42:25.513,2014-02-01 00:42:25.536,,5206,Invoice,"323c96e4-f8c0-4fb1-87bf-7f641994659c",,false,,,,,,,,,,,,,,,,,,
19989,InvoiceSentTenantEvent,"""invoice_sent""=>""true""",false,,,true,,,,3573,,14,2014-02-01 00:42:25.700,2014-02-01 00:42:25.698,,5207,Invoice,a4201104-586c-4f07-8dd1-9796a079a031,,false,,,,,,,,,,,,,,,,,,
19990,InvoiceSentTenantEvent,"""invoice_sent""=>""true""",false,,,true,,,,3573,,14,2014-02-01 00:42:26.153,2014-02-01 00:42:26.188,,5208,Invoice,"35449aeb-7429-42f2-99a0-73e0aac2ebe3",,false,,,,,,,,,,,,,,,,,,
19991,MoveInUnitEvent,"""rate""=>""55.0"", ""move_in_date""=>""2005-05-09"", ""gate_access_code""=>""06373"", ""move_in_initiated_date""=>""2005-05-09""",false,,2014-02-01 00:42:26.330,true,,,5983,3574,,14,2005-05-09 10:00:00.000,2024-03-07 18:57:06.995,,,,"387c3c79-931b-49c5-bd74-54f0c5172c83",,false,,,,5144,,,,,,,,,,,,,,
19992,InvoiceSentTenantEvent,"""invoice_sent""=>""true""",false,,,true,,,,3574,,14,2014-02-01 00:42:26.705,2014-02-01 00:42:26.718,,5209,Invoice,"80fb783e-324c-4438-ad2e-c165663f075c",,false,,,,,,,,,,,,,,,,,,
19993,InvoiceSentTenantEvent,"""invoice_sent""=>""true""",false,,,true,,,,3574,,14,2014-02-01 00:42:26.887,2014-02-01 00:42:26.900,,5210,Invoice,"080b924e-891e-4b11-80fc-be35c55407e6",,false,,,,,,,,,,,,,,,,,,
19994,InvoiceSentTenantEvent,"""invoice_sent""=>""true""",false,,,true,,,,3574,,14,2014-02-01 00:42:27.274,2014-02-01 00:42:27.289,,5211,Invoice,"13d401f9-e7ab-45f3-9b6a-561d1f5d55b0",,false,,,,,,,,,,,,,,,,,,
19995,NoteEvent,"",false,,2014-02-06 21:45:44.622,false,,54,,3575,,14,2014-02-01 00:42:27.441,2014-04-08 03:13:27.013,,,,c55208e5-efb9-4e29-8c65-df66f5af44c7,,false,,,,,,,,,,,,,,,,,,
19996,MoveInUnitEvent,"""rate""=>""55.0"", ""move_in_date""=>""2011-05-09"", ""gate_access_code""=>""01113"", ""move_in_initiated_date""=>""2011-05-09""",false,,2014-02-01 00:42:27.469,true,,,5984,3575,,14,2011-05-09 10:00:00.000,2024-03-07 18:57:06.995,,,,"44b856ec-649d-4613-a133-f64ef53d174d",,false,,,,5145,,,,,,,,,,,,,,
19997,InvoiceSentTenantEvent,"""invoice_sent""=>""true""",false,,,true,,,,3575,,14,2014-02-01 00:42:27.839,2014-02-01 00:42:27.851,,5212,Invoice,"32fb3425-ce51-4f50-8e3f-b20588a20af7",,false,,,,,,,,,,,,,,,,,,
19998,InvoiceSentTenantEvent,"""invoice_sent""=>""true""",false,,,true,,,,3575,,14,2014-02-01 00:42:28.019,2014-02-01 00:42:28.031,,5213,Invoice,d71a0b12-4f9e-4a2b-9119-b88c1f95ef05,,false,,,,,,,,,,,,,,,,,,
19999,InvoiceSentTenantEvent,"""invoice_sent""=>""true""",false,,,true,,,,3575,,14,2014-02-01 00:42:28.398,2014-02-01 00:42:28.413,,5214,Invoice,dfd9e08f-cc06-4615-b3b7-7331a4ba5c0e,,false,,,,,,,,,,,,,,,,,,
20000,MoveInUnitEvent,"""rate""=>""55.0"", ""move_in_date""=>""2008-09-23"", ""gate_access_code""=>""08657"", ""move_in_initiated_date""=>""2008-09-23""",false,,2014-02-01 00:42:28.596,true,,,5985,3576,,14,2008-09-23 10:00:00.000,2024-03-07 18:57:06.995,,,,"689d1633-aa70-41a3-b8c5-71d52122bc60",,false,,,,5146,,,,,,,,,,,,,,
20001,InvoiceSentTenantEvent,"""invoice_sent""=>""true""",false,,,true,,,,3576,,14,2014-02-01 00:42:28.968,2014-02-01 00:42:28.980,,5215,Invoice,f4a44d9d-b703-4d08-b32c-013d325c95bc,,false,,,,,,,,,,,,,,,,,,
20002,InvoiceSentTenantEvent,"""invoice_sent""=>""true""",false,,,true,,,,3576,,14,2014-02-01 00:42:29.148,2014-02-01 00:42:29.159,,5216,Invoice,"24c73092-e049-47c8-b94d-8dec6ae690ed",,false,,,,,,,,,,,,,,,,,,
20003,NoteEvent,"",false,,2014-02-06 21:50:38.179,false,,54,,3577,,14,2014-02-01 00:42:29.411,2014-04-08 03:13:27.035,,,,"289de1e1-1ba3-41d6-b3e5-3e438c97c283",,false,,,,,,,,,,,,,,,,,,
20004,NoteEvent,"",false,,2014-02-06 21:50:42.019,false,,54,,3577,,14,2014-02-01 00:42:29.417,2014-04-08 03:13:27.056,,,,"907f7bbd-8f8c-4aea-9a0b-87d2cd0c766b",,false,,,,,,,,,,,,,,,,,,
20005,MoveInUnitEvent,"""rate""=>""55.0"", ""move_in_date""=>""2011-03-31"", ""gate_access_code""=>""00383"", ""move_in_initiated_date""=>""2011-03-31""",false,,2014-02-01 00:42:29.445,true,,,5986,3577,,14,2011-03-31 10:00:00.000,2024-03-07 18:57:06.995,,,,"6407011b-4d6a-4b77-baa1-65e3a9200285",,false,,,,5147,,,,,,,,,,,,,,
20006,InvoiceSentTenantEvent,"""invoice_sent""=>""true""",false,,,true,,,,3577,,14,2014-02-01 00:42:29.822,2014-02-01 00:42:29.834,,5217,Invoice,"75752e6c-dce8-4896-82df-f81424b924f5",,false,,,,,,,,,,,,,,,,,,
20007,InvoiceSentTenantEvent,"""invoice_sent""=>""true""",false,,,true,,,,3577,,14,2014-02-01 00:42:29.995,2014-02-01 00:42:30.007,,5218,Invoice,caff5383-8d19-4a92-8e72-bb8d584e0f9d,,false,,,,,,,,,,,,,,,,,,
20008,NoteEvent,"",false,,2014-02-06 21:51:26.354,false,,54,,3578,,14,2014-02-01 00:42:30.195,2014-04-08 03:13:27.079,,,,"1f23d243-d439-4dc8-837f-0f114770de60",,false,,,,,,,,,,,,,,,,,,
20009,MoveInUnitEvent,"""rate""=>""55.0"", ""move_in_date""=>""2013-05-10"", ""gate_access_code""=>""01933"", ""move_in_initiated_date""=>""2013-05-10""",false,,2014-02-01 00:42:30.223,true,,,5987,3578,,14,2013-05-10 10:00:00.000,2024-03-07 18:57:06.995,,,,a897bb22-24ac-46a8-a790-e3b84591965e,,false,,,,5148,,,,,,,,,,,,,,
20010,InvoiceSentTenantEvent,"""invoice_sent""=>""true""",false,,,true,,,,3578,,14,2014-02-01 00:42:30.629,2014-02-01 00:42:30.648,,5219,Invoice,"2ced1e7a-ab65-44f8-9820-855f31407108",,false,,,,,,,,,,,,,,,,,,
20011,InvoiceSentTenantEvent,"""invoice_sent""=>""true""",false,,,true,,,,3578,,14,2014-02-01 00:42:30.817,2014-02-01 00:42:30.816,,5220,Invoice,"10a1739a-4b43-49f8-8475-1557ef0bd92d",,false,,,,,,,,,,,,,,,,,,
20012,NoteEvent,"",false,,2014-02-06 21:52:39.082,false,,54,,3579,,14,2014-02-01 00:42:31.082,2014-04-08 03:13:27.100,,,,"98d2158a-6382-4684-bb12-1199b3d633d3",,false,,,,,,,,,,,,,,,,,,
20013,NoteEvent,"",false,,,false,,,,3579,,14,2014-02-01 00:42:31.088,2014-04-08 03:13:27.119,,,,"348a843f-29dc-4150-84dc-a955ea7be184",,false,,,,,,,,,,,,,,,,,,
20014,MoveInUnitEvent,"""rate""=>""55.0"", ""move_in_date""=>""2013-06-26"", ""gate_access_code""=>""03754"", ""move_in_initiated_date""=>""2013-06-26""",false,,2014-02-01 00:42:31.115,true,,,5988,3579,,14,2013-06-26 10:00:00.000,2024-03-07 18:57:06.995,,,,"1a8bf428-c7af-4128-b807-53a86389aa83",,false,,,,5149,,,,,,,,,,,,,,
20015,InvoiceSentTenantEvent,"""invoice_sent""=>""true""",false,,,true,,,,3579,,14,2014-02-01 00:42:31.496,2014-02-01 00:42:31.508,,5221,Invoice,a1f42b44-3a44-4201-a165-b5739584622f,,false,,,,,,,,,,,,,,,,,,
20016,InvoiceSentTenantEvent,"""invoice_sent""=>""true""",false,,,true,,,,3579,,14,2014-02-01 00:42:31.669,2014-02-01 00:42:31.682,,5222,Invoice,"361467ec-5f59-4ac5-b945-9db9acba7382",,false,,,,,,,,,,,,,,,,,,
20017,NoteEvent,"",false,,2014-02-06 21:53:12.169,false,,54,,3580,,14,2014-02-01 00:42:31.849,2014-04-08 03:13:27.141,,,,"5b77849a-85ec-41b5-b675-d15edeee7d11",,false,,,,,,,,,,,,,,,,,,
20018,NoteEvent,"",false,,,false,,,,3580,,14,2014-02-01 00:42:31.946,2014-04-08 03:13:27.161,,,,e97aae54-3abe-4b0a-83a7-6290c0217875,,false,,,,,,,,,,,,,,,,,,
20019,MoveInUnitEvent,"""rate""=>""55.0"", ""move_in_date""=>""2013-03-30"", ""gate_access_code""=>""08920"", ""move_in_initiated_date""=>""2013-03-30""",false,,2014-02-01 00:42:31.974,true,,,5989,3580,,14,2013-03-30 10:00:00.000,2024-03-07 18:57:06.995,,,,e7fac622-4cca-4c52-b11e-3ca54a4a1834,,false,,,,5150,,,,,,,,,,,,,,
20020,InvoiceSentTenantEvent,"""invoice_sent""=>""true""",false,,,true,,,,3580,,14,2014-02-01 00:42:32.284,2014-02-01 00:42:32.299,,5223,Invoice,"1a60c428-54cd-420a-a271-dde644dc373e",,false,,,,,,,,,,,,,,,,,,
20021,InvoiceSentTenantEvent,"""invoice_sent""=>""true""",false,,,true,,,,3580,,14,2014-02-01 00:42:32.473,2014-02-01 00:42:32.560,,5224,Invoice,"6d80bcfe-2f3e-4cbb-a8e9-f6a99b7375a4",,false,,,,,,,,,,,,,,,,,,
20022,NoteEvent,"",false,,,false,,,,3581,,14,2014-02-01 00:42:32.771,2014-04-08 03:13:27.180,,,,a11df98c-29ab-46a0-b2e8-116601ea9f9c,,false,,,,,,,,,,,,,,,,,,
20023,MoveInUnitEvent,"""rate""=>""55.0"", ""move_in_date""=>""2013-11-16"", ""gate_access_code""=>""00925"", ""move_in_initiated_date""=>""2013-11-16""",false,,2014-02-01 00:42:32.798,true,,,5990,3581,,14,2013-11-16 10:00:00.000,2024-03-07 18:57:06.995,,,,"5f293e2e-a60f-42c7-9ca8-4105ed82d322",,false,,,,5151,,,,,,,,,,,,,,
20024,InvoiceSentTenantEvent,"""invoice_sent""=>""true""",false,,,true,,,,3581,,14,2014-02-01 00:42:33.196,2014-02-01 00:42:33.211,,5225,Invoice,"88d55f87-7e5e-4077-b4b2-fa46c38729c0",,false,,,,,,,,,,,,,,,,,,
20025,InvoiceSentTenantEvent,"""invoice_sent""=>""true""",false,,,true,,,,3581,,14,2014-02-01 00:42:33.381,2014-02-01 00:42:33.399,,5226,Invoice,"189675c9-2c2b-4da1-907c-46f1b20509f5",,false,,,,,,,,,,,,,,,,,,
20026,NoteEvent,"",false,,2014-02-06 21:54:27.916,false,,54,,3582,,14,2014-02-01 00:42:33.645,2014-04-08 03:13:27.201,,,,"90c045dd-36fa-4da3-a970-35a19caa69ce",,false,,,,,,,,,,,,,,,,,,
20027,MoveInUnitEvent,"""rate""=>""55.0"", ""move_in_date""=>""2012-08-20"", ""gate_access_code""=>""02488"", ""move_in_initiated_date""=>""2012-08-20""",false,,2014-02-01 00:42:33.673,true,,,5991,3582,,14,2012-08-20 10:00:00.000,2024-03-07 18:57:06.995,,,,"911cc3f4-2b3c-410d-b351-8c8c59450bfa",,false,,,,5152,,,,,,,,,,,,,,
20028,InvoiceSentTenantEvent,"""invoice_sent""=>""true""",false,,,true,,,,3582,,14,2014-02-01 00:42:33.960,2014-02-01 00:42:33.971,,5227,Invoice,"9b8c14b7-570f-4713-b69b-9f1afbb44ab3",,false,,,,,,,,,,,,,,,,,,
20029,InvoiceSentTenantEvent,"""invoice_sent""=>""true""",false,,,true,,,,3582,,14,2014-02-01 00:42:34.223,2014-02-01 00:42:34.235,,5228,Invoice,"01c38699-1e16-481b-889a-ae4e6e0aac99",,false,,,,,,,,,,,,,,,,,,
20030,NoteEvent,"",false,,2014-02-06 21:55:54.323,false,,54,,3583,,14,2014-02-01 00:42:34.414,2014-04-08 03:13:27.223,,,,afe087c4-fee8-4d84-bcba-d72a4cf4a40a,,false,,,,,,,,,,,,,,,,,,
20031,MoveInUnitEvent,"""rate""=>""55.0"", ""move_in_date""=>""2013-10-26"", ""gate_access_code""=>""08039"", ""move_in_initiated_date""=>""2013-10-26""",false,,2014-02-01 00:42:34.447,true,,,5992,3583,,14,2013-10-26 10:00:00.000,2024-03-07 18:57:06.995,,,,"6b994b0c-7a10-495c-abcc-1581712d215f",,false,,,,5153,,,,,,,,,,,,,,
20032,InvoiceSentTenantEvent,"""invoice_sent""=>""true""",false,,,true,,,,3583,,14,2014-02-01 00:42:34.845,2014-02-01 00:42:34.878,,5229,Invoice,"421b78e6-3e9f-46e6-b69b-5c99c32bd931",,false,,,,,,,,,,,,,,,,,,
20033,InvoiceSentTenantEvent,"""invoice_sent""=>""true""",false,,,true,,,,3583,,14,2014-02-01 00:42:35.050,2014-02-01 00:42:35.050,,5230,Invoice,"75aa4ad7-43a4-4e63-9180-1a7a1ec6aaa8",,false,,,,,,,,,,,,,,,,,,
20034,NoteEvent,"",false,,2014-02-06 21:59:55.599,false,,54,,3584,,14,2014-02-01 00:42:35.345,2014-04-08 03:13:27.246,,,,"14cc4c00-b423-4060-b4c0-d17e20efe60e",,false,,,,,,,,,,,,,,,,,,
20035,NoteEvent,"",false,,2014-02-06 22:00:02.487,false,,54,,3584,,14,2014-02-01 00:42:35.351,2014-04-08 03:13:27.268,,,,"4515956a-1d15-4512-be19-c107b2d52e78",,false,,,,,,,,,,,,,,,,,,
20036,MoveInUnitEvent,"""rate""=>""55.0"", ""move_in_date""=>""2013-03-26"", ""gate_access_code""=>""01988"", ""move_in_initiated_date""=>""2013-03-26""",false,,2014-02-01 00:42:35.379,true,,,5993,3584,,14,2013-03-26 10:00:00.000,2024-03-07 18:57:06.995,,,,e27864ba-dd39-4f1d-bd9c-9411f6f86f21,,false,,,,5154,,,,,,,,,,,,,,
20037,InvoiceSentTenantEvent,"""invoice_sent""=>""true""",false,,,true,,,,3584,,14,2014-02-01 00:42:35.680,2014-02-01 00:42:35.710,,5231,Invoice,"5833f6e1-f7ed-463e-bbc3-2323b28cdc24",,false,,,,,,,,,,,,,,,,,,
20038,InvoiceSentTenantEvent,"""invoice_sent""=>""true""",false,,,true,,,,3584,,14,2014-02-01 00:42:35.956,2014-02-01 00:42:35.975,,5232,Invoice,"325ace68-ef49-4ced-8996-24a201732c51",,false,,,,,,,,,,,,,,,,,,
20039,InvoiceSentTenantEvent,"""invoice_sent""=>""true""",false,,,true,,,,3584,,14,2014-02-01 00:42:36.395,2014-02-01 00:42:36.394,,5233,Invoice,"43c8673f-961a-4cae-912d-663e6e9ee5e9",,false,,,,,,,,,,,,,,,,,,
20040,NoteEvent,"",false,,2014-02-06 22:00:37.008,false,,54,,3585,,14,2014-02-01 00:42:36.584,2014-04-08 03:13:27.290,,,,a0f92f80-cdc1-452f-bada-0fb514f5b659,,false,,,,,,,,,,,,,,,,,,
20041,NoteEvent,"",false,,,false,,,,3585,,14,2014-02-01 00:42:36.590,2014-04-08 03:13:27.309,,,,"8212a6f8-a263-4ed9-adfb-62fff5defd84",,false,,,,,,,,,,,,,,,,,,
20042,MoveInUnitEvent,"""rate""=>""55.0"", ""move_in_date""=>""2013-01-18"", ""gate_access_code""=>""09213"", ""move_in_initiated_date""=>""2013-01-18""",false,,2014-02-01 00:42:36.617,true,,,5994,3585,,14,2013-01-18 10:00:00.000,2024-03-07 18:57:06.995,,,,bbbdbac1-da21-4579-a1bb-3e7f509cfec8,,false,,,,5155,,,,,,,,,,,,,,
20043,InvoiceSentTenantEvent,"""invoice_sent""=>""true""",false,,,true,,,,3585,,14,2014-02-01 00:42:37.002,2014-02-01 00:42:37.017,,5234,Invoice,"946df898-f433-4d81-8c92-9abbcbcf5d61",,false,,,,,,,,,,,,,,,,,,
20044,InvoiceSentTenantEvent,"""invoice_sent""=>""true""",false,,,true,,,,3585,,14,2014-02-01 00:42:37.157,2014-02-01 00:42:37.170,,5235,Invoice,"4eacc237-d9eb-42c9-ad7b-ac955e4a93dc",,false,,,,,,,,,,,,,,,,,,
20045,InvoiceSentTenantEvent,"""invoice_sent""=>""true""",false,,,true,,,,3585,,14,2014-02-01 00:42:37.312,2014-02-01 00:42:37.328,,5236,Invoice,"4af3ee7b-c84e-4303-befb-6bca330bf353",,false,,,,,,,,,,,,,,,,,,
20046,InvoiceSentTenantEvent,"""invoice_sent""=>""true""",false,,,true,,,,3585,,14,2014-02-01 00:42:37.590,2014-02-01 00:42:37.603,,5237,Invoice,"2c453b6a-27d8-4300-aa96-ddc2a8c6d0fa",,false,,,,,,,,,,,,,,,,,,
20047,DelinquencyStageTenantEvent,"""invoice_id""=>""5235"", ""applied_date""=>""2013-07-11"", ""line_item_id""=>""5358"", ""resolved_date""=>""2014-07-09""",false,,,true,,,,3585,,14,2014-02-01 00:42:37.667,2014-07-10 00:45:02.807,,23,DelinquencyStage,f415578a-ca71-42cf-a0da-ad6b35a28d46,removed,false,,,,5155,,,,,23903915,,,,,,,,,
20048,AddFeeDelinquencyTenantEvent,"""fee_invoice_id""=>""5236""",false,,2014-02-01 00:42:37.665,true,,,,3585,,14,2014-02-01 00:42:37.673,2014-07-10 00:45:02.770,20047,28,DelinquencyStageAction,cffe67da-d287-4cf9-b216-a19e1ce326d6,removed,false,,,,5155,,,,,23903915,,,,,,,,,
20049,GateLockoutDelinquencyTenantEvent,"""last_action_date""=>""2014-07-09""",false,,2014-01-31 05:00:00.000,true,,,,3585,,14,2014-02-01 00:42:37.694,2014-07-10 00:45:02.730,20047,29,DelinquencyStageAction,f1a51e0c-7c61-4000-840a-ab73569a4c4e,removed,false,,,,5155,,,,,23903915,,,,,,,,,
20050,OverlockDelinquencyTenantEvent,"""last_action_date""=>""2014-07-09""",false,,2014-02-01 00:42:38.736,true,,,5994,3585,,14,2014-02-01 00:42:37.735,2024-03-07 18:57:06.995,20047,30,DelinquencyStageAction,"7007797d-029d-4eb5-9a82-0a9bf7d3c4d8",overlock_removed,false,,,,5155,,,,,23903915,,,,,,,,,
20051,DelinquencyStageTenantEvent,"""invoice_id""=>""5235"", ""applied_date""=>""2013-07-16"", ""line_item_id""=>""5358""",false,,,false,,,,3585,,14,2014-02-01 00:42:37.792,2014-04-08 03:12:01.203,,24,DelinquencyStage,"0958a258-99f2-4ca8-bcfc-5dbd09fe3b09",applied,false,,,,5155,,,,,23904258,,,,,,,,,
20052,PrintMailDelinquencyTenantEvent,"",false,,2014-02-04 16:56:34.001,true,,31,5994,3585,,14,2014-02-01 00:42:37.798,2024-03-07 18:57:06.995,20051,31,DelinquencyStageAction,"13fe0320-3818-4cdc-8ff0-799ecc3cb71e",letter_sent,false,,,,5155,,,,,23904258,,,,,,,,,
20053,DelinquencyStageTenantEvent,"""invoice_id""=>""5235"", ""applied_date""=>""2013-08-10"", ""line_item_id""=>""5358""",false,,,false,,,,3585,,14,2014-02-01 00:42:37.854,2014-04-08 03:12:01.232,,25,DelinquencyStage,"1c83cd85-f340-4ff5-9897-ca6ec3658563",applied,false,,,,5155,,,,,23904534,,,,,,,,,
20054,AddFeeDelinquencyTenantEvent,"""fee_invoice_id""=>""5236""",false,,2014-02-01 00:42:37.852,true,,,,3585,,14,2014-02-01 00:42:37.860,2014-02-01 00:42:38.590,20053,32,DelinquencyStageAction,a8c7415b-9856-4b2f-8b43-82c89cbc5458,applied,false,,,,5155,,,,,23904534,,,,,,,,,
20055,DelinquencyStageTenantEvent,"""invoice_id""=>""5235"", ""applied_date""=>""2013-08-15"", ""line_item_id""=>""5358""",false,,,false,,,,3585,,14,2014-02-01 00:42:37.914,2014-04-08 03:12:01.345,,26,DelinquencyStage,a53f755b-fa47-4f4f-8561-e10fd7be6918,applied,false,,,,5155,,,,,23904982,,,,,,,,,
20056,PrintMailDelinquencyTenantEvent,"",false,,2014-02-04 16:56:31.351,true,,31,5994,3585,,14,2014-02-01 00:42:37.920,2024-03-07 18:57:06.995,20055,33,DelinquencyStageAction,"22806ea1-3fde-4413-a1e5-12e3e1e49a70",letter_sent,false,,,,5155,,,,,23904982,,,,,,,,,
20057,DelinquencyStageTenantEvent,"""invoice_id""=>""5235"", ""applied_date""=>""2013-09-09"", ""line_item_id""=>""5358""",false,,,false,,,,3585,,14,2014-02-01 00:42:37.978,2014-04-08 03:12:01.376,,27,DelinquencyStage,c416e16a-5d32-436b-892b-dac1bee3438c,applied,false,,,,5155,,,,,23905365,,,,,,,,,
20058,AddFeeDelinquencyTenantEvent,"""fee_invoice_id""=>""5236""",false,,2014-02-01 00:42:37.977,true,,,,3585,,14,2014-02-01 00:42:37.985,2014-02-01 00:42:38.570,20057,34,DelinquencyStageAction,"0c853f49-cdec-488a-8dce-eb28c63de54a",applied,false,,,,5155,,,,,23905365,,,,,,,,,
20059,DelinquencyStageTenantEvent,"""invoice_id""=>""5235"", ""applied_date""=>""2013-09-14"", ""line_item_id""=>""5358""",false,,,false,,,,3585,,14,2014-02-01 00:42:38.141,2014-04-08 03:12:01.406,,28,DelinquencyStage,e5b6163b-d079-4ac2-929b-00e219ede87a,applied,false,,,,5155,,,,,23905674,,,,,,,,,
20060,PrintMailDelinquencyTenantEvent,"",false,,2014-02-04 16:56:28.736,true,,31,5994,3585,,14,2014-02-01 00:42:38.147,2024-03-07 18:57:06.995,20059,35,DelinquencyStageAction,"6fcf027e-f13c-4fd4-969d-2ccf3fcae9dc",letter_sent,false,,,,5155,,,,,23905674,,,,,,,,,
20061,DelinquencyStageTenantEvent,"""invoice_id""=>""5235"", ""applied_date""=>""2013-09-29"", ""line_item_id""=>""5358""",false,,,false,,,,3585,,14,2014-02-01 00:42:38.199,2014-04-08 03:12:01.435,,29,DelinquencyStage,"94bbe6c4-bb99-4b14-81ad-d5df0d31e36f",applied,false,,,,5155,,,,,23905999,,,,,,,,,
20062,PrintMailDelinquencyTenantEvent,"",false,,2014-02-04 16:56:24.901,true,,31,5994,3585,,14,2014-02-01 00:42:38.205,2024-03-07 18:57:06.995,20061,36,DelinquencyStageAction,"1d389afe-9be0-4825-94d8-30a9b30fe551",letter_sent,false,,,,5155,,,,,23905999,,,,,,,,,
20063,DelinquencyStageTenantEvent,"""invoice_id""=>""5235"", ""applied_date""=>""2013-10-14"", ""line_item_id""=>""5358""",false,,,false,,,,3585,,14,2014-02-01 00:42:38.257,2014-04-08 03:12:01.464,,30,DelinquencyStage,"32ac6be8-8232-42ae-89d6-b8b85f9df15c",applied,false,,,,5155,,,,,23906274,,,,,,,,,
20064,PrintMailDelinquencyTenantEvent,"",false,,2014-02-04 16:56:21.820,true,,31,5994,3585,,14,2014-02-01 00:42:38.263,2024-03-07 18:57:06.995,20063,37,DelinquencyStageAction,"17a559d0-1cd0-436f-b060-693ae9931610",letter_sent,false,,,,5155,,,,,23906274,,,,,,,,,
20065,DelinquencyStageTenantEvent,"""invoice_id""=>""5235"", ""applied_date""=>""2013-10-29"", ""line_item_id""=>""5358""",false,,,false,,,,3585,,14,2014-02-01 00:42:38.316,2014-04-08 03:12:01.492,,31,DelinquencyStage,eef5db0e-98b6-49b6-ad7b-2e9c53a9fa6e,applied,false,,,,5155,,,,,23906544,,,,,,,,,
20066,CutLockDelinquencyTenantEvent,"",false,,2014-02-04 05:00:00.000,true,,31,5994,3585,,14,2014-02-01 00:42:38.322,2024-03-07 18:57:06.995,20065,38,DelinquencyStageAction,"1a88e8bd-d1c6-48b0-ab37-fb4baa671d76",lock_cut,false,,,,5155,,,,,23906544,,,,,,,,,
20067,DelinquencyStageTenantEvent,"""invoice_id""=>""5235"", ""applied_date""=>""2013-11-13"", ""line_item_id""=>""5358""",false,,,false,,,,3585,,14,2014-02-01 00:42:38.373,2014-04-08 03:12:01.522,,32,DelinquencyStage,"37a70521-2ca4-4a64-a57d-0921159e6e0f",applied,false,,,,5155,,,,,23906854,,,,,,,,,
20068,PrintMailDelinquencyTenantEvent,"",false,,2014-02-04 16:56:15.602,true,,31,5994,3585,,14,2014-02-01 00:42:38.379,2024-03-07 18:57:06.995,20067,39,DelinquencyStageAction,"09f6450d-2c0b-4989-be02-998b86bc57a3",letter_sent,false,,,,5155,,,,,23906854,,,,,,,,,
20069,DelinquencyStageTenantEvent,"""invoice_id""=>""5235"", ""applied_date""=>""2013-11-28"", ""line_item_id""=>""5358""",false,,,false,,,,3585,,14,2014-02-01 00:42:38.436,2014-04-08 03:12:01.551,,33,DelinquencyStage,f056c082-514e-49b7-b52a-576176d9a81d,applied,false,,,,5155,,,,,23907164,,,,,,,,,
20070,AddFeeDelinquencyTenantEvent,"""fee_invoice_id""=>""5236""",false,,2014-02-01 00:42:38.434,true,,,,3585,,14,2014-02-01 00:42:38.442,2014-02-01 00:42:38.550,20069,40,DelinquencyStageAction,a18a4d19-bc1f-4584-a86e-34429147f06d,applied,false,,,,5155,,,,,23907164,,,,,,,,,
20071,DelinquencyStageTenantEvent,"""invoice_id""=>""5235"", ""applied_date""=>""2013-12-13"", ""line_item_id""=>""5358""",false,,,false,,,,3585,,14,2014-02-01 00:42:38.497,2014-04-08 03:12:01.580,,34,DelinquencyStage,ce24ae0f-3d86-4809-9ae0-0b61b142492c,applied,false,,,,5155,,,,,23907594,,,,,,,,,
20072,AuctionDelinquencyTenantEvent,"",false,,2014-02-04 16:56:12.927,true,,31,5994,3585,,14,2014-02-01 00:42:38.503,2024-03-07 18:57:06.995,,41,DelinquencyStageAction,"1efdbb42-2ade-401f-b7df-b168d6e8a01c",unit_auctioned,false,,,,5155,,,,,23907594,,,,,,,,,
20073,NoteEvent,"",false,,,false,,,,3586,,14,2014-02-01 00:42:38.891,2014-04-08 03:13:27.332,,,,b9f4dd5f-3568-4563-8219-739aaeee94b7,,false,,,,,,,,,,,,,,,,,,
20074,MoveInUnitEvent,"""rate""=>""80.0"", ""move_in_date""=>""2010-03-01"", ""gate_access_code""=>""01863"", ""move_in_initiated_date""=>""2010-03-01""",false,,2014-02-01 00:42:38.919,true,,,5995,3586,,14,2010-03-01 10:00:00.000,2014-04-08 03:12:54.086,,,,"784c163d-542c-4abc-abdf-5c449c5d35ca",,false,,,,5156,,,,,,,,,,,,,,
20075,InvoiceSentTenantEvent,"""invoice_sent""=>""true""",false,,,true,,,,3586,,14,2014-02-01 00:42:39.320,2014-02-01 00:42:39.332,,5238,Invoice,f91915d9-fee4-4e0b-9426-02153aa880d8,,false,,,,,,,,,,,,,,,,,,
20076,InvoiceSentTenantEvent,"""invoice_sent""=>""true""",false,,,true,,,,3586,,14,2014-02-01 00:42:39.469,2014-02-01 00:42:39.481,,5239,Invoice,"6a7be524-84aa-4f2c-a6b6-03f9aed3c03d",,false,,,,,,,,,,,,,,,,,,
20077,InvoiceSentTenantEvent,"""invoice_sent""=>""true""",false,,,true,,,,3586,,14,2014-02-01 00:42:39.622,2014-02-01 00:42:39.636,,5240,Invoice,"838cdbeb-02ed-4942-9121-05280a5f7803",,false,,,,,,,,,,,,,,,,,,
20078,InvoiceSentTenantEvent,"""invoice_sent""=>""true""",false,,,true,,,,3586,,14,2014-02-01 00:42:39.895,2014-02-01 00:42:39.907,,5241,Invoice,f6369fbb-6048-4493-8801-a742073c2f43,,false,,,,,,,,,,,,,,,,,,
20079,DelinquencyStageTenantEvent,"""invoice_id""=>""5239"", ""applied_date""=>""2013-12-11"", ""line_item_id""=>""5362"", ""resolved_date""=>""2014-03-14""",false,,,true,,,,3586,,14,2014-02-01 00:42:39.970,2014-04-08 03:12:01.632,,23,DelinquencyStage,"848ebd3d-aa16-443f-a272-d22fbd497166",removed,false,,,,5156,,,,,23911394,,,,,,,,,
20080,AddFeeDelinquencyTenantEvent,"""fee_invoice_id""=>""5240""",false,,2014-02-01 00:42:39.968,true,,,,3586,,14,2014-02-01 00:42:39.976,2014-03-14 19:32:26.507,20079,28,DelinquencyStageAction,f2ab7f0b-39b3-46dc-9036-17ca90e46ef6,removed,false,,,,5156,,,,,23911394,,,,,,,,,
20081,GateLockoutDelinquencyTenantEvent,"",false,,2014-03-14 04:00:00.000,true,,,,3586,,14,2014-02-01 00:42:39.997,2014-03-14 19:32:26.587,20079,29,DelinquencyStageAction,"4d91db88-6c2e-45fa-9c65-deb6b544b15d",removed,false,,,,5156,,,,,23911394,,,,,,,,,
20082,OverlockDelinquencyTenantEvent,"",false,,2014-03-14 19:33:52.342,true,,49,5995,3586,,14,2014-02-01 00:42:40.050,2014-03-14 19:33:52.343,20079,30,DelinquencyStageAction,"52b4c9fb-9dee-478a-bc44-bb58ebf18ead",overlock_removed,false,,,,5156,,,,,23911394,,,,,,,,,
20083,DelinquencyStageTenantEvent,"""invoice_id""=>""5239"", ""applied_date""=>""2013-12-16"", ""line_item_id""=>""5362"", ""resolved_date""=>""2014-03-14""",false,,,true,,,,3586,,14,2014-02-01 00:42:40.104,2014-04-08 03:12:01.663,,24,DelinquencyStage,"504fed37-dc88-40ff-8048-83c93faa1d07",removed,false,,,,5156,,,,,23911808,,,,,,,,,
20084,PrintMailDelinquencyTenantEvent,"",false,,2014-02-04 16:59:00.446,true,,31,5995,3586,,14,2014-02-01 00:42:40.110,2014-02-04 16:59:00.447,20083,31,DelinquencyStageAction,d3e3b475-a16b-4ab8-8e1e-76ff092ef23c,letter_sent,false,,,,5156,,,,,23911808,,,,,,,,,
20085,DelinquencyStageTenantEvent,"""invoice_id""=>""5239"", ""applied_date""=>""2014-01-10"", ""line_item_id""=>""5362"", ""resolved_date""=>""2014-03-14""",false,,,true,,,,3586,,14,2014-02-01 00:42:40.169,2014-04-08 03:12:01.693,,25,DelinquencyStage,"4577bce7-b2cc-42a6-91a2-be52961b0881",removed,false,,,,5156,,,,,23912044,,,,,,,,,
20086,AddFeeDelinquencyTenantEvent,"""fee_invoice_id""=>""5240""",false,,2014-02-01 00:42:40.167,true,,,,3586,,14,2014-02-01 00:42:40.175,2014-03-14 19:32:26.835,20085,32,DelinquencyStageAction,"20f4cf7e-f465-4254-a2a6-53d65db4356e",removed,false,,,,5156,,,,,23912044,,,,,,,,,
20087,DelinquencyStageTenantEvent,"""invoice_id""=>""5239"", ""applied_date""=>""2014-01-15"", ""line_item_id""=>""5362"", ""resolved_date""=>""2014-03-14""",false,,,true,,,,3586,,14,2014-02-01 00:42:40.230,2014-04-08 03:12:01.725,,26,DelinquencyStage,a2d3c048-1a80-4044-9bf6-f39327dda6d5,removed,false,,,,5156,,,,,23912391,,,,,,,,,
20088,PrintMailDelinquencyTenantEvent,"",false,,2014-02-04 16:58:57.193,true,,31,5995,3586,,14,2014-02-01 00:42:40.236,2014-02-04 16:58:57.194,20087,33,DelinquencyStageAction,"1335bf88-4f6f-481b-bc19-cea85605351c",letter_sent,false,,,,5156,,,,,23912391,,,,,,,,,
20089,MoveInUnitEvent,"""rate""=>""80.0"", ""move_in_date""=>""2014-01-16"", ""gate_access_code""=>""03160"", ""move_in_initiated_date""=>""2014-01-16""",false,,2014-02-01 00:42:40.621,true,,,5996,3587,,14,2014-01-16 10:00:00.000,2014-04-08 03:12:54.105,,,,"3539a96e-ccda-49a1-b55b-2429e2baf88e",,false,,,,5157,,,,,,,,,,,,,,
20090,InvoiceSentTenantEvent,"""invoice_sent""=>""true""",false,,,true,,,,3587,,14,2014-02-01 00:42:40.923,2014-02-01 00:42:40.946,,5242,Invoice,f50e9b72-76a2-4809-ac6b-1cb9b0624fc0,,false,,,,,,,,,,,,,,,,,,
20091,InvoiceSentTenantEvent,"""invoice_sent""=>""true""",false,,,true,,,,3587,,14,2014-02-01 00:42:41.204,2014-02-01 00:42:41.200,,5243,Invoice,"655dce3b-fcb7-4338-8477-8275eb9fec71",,false,,,,,,,,,,,,,,,,,,
20092,MoveInUnitEvent,"""rate""=>""55.0"", ""move_in_date""=>""2007-05-09"", ""gate_access_code""=>""08275"", ""move_in_initiated_date""=>""2007-05-09""",false,,2014-02-01 00:42:41.404,true,,,5997,3588,,14,2007-05-09 10:00:00.000,2024-03-07 18:57:06.995,,,,b665c97d-eddb-41a6-9570-48e01ce7e10c,,false,,,,5158,,,,,,,,,,,,,,
20093,InvoiceSentTenantEvent,"""invoice_sent""=>""true""",false,,,true,,,,3588,,14,2014-02-01 00:42:41.870,2014-02-01 00:42:41.885,,5244,Invoice,"9162d1e6-1648-4fd1-a397-eebb09ad16a1",,false,,,,,,,,,,,,,,,,,,
20094,InvoiceSentTenantEvent,"""invoice_sent""=>""true""",false,,,true,,,,3588,,14,2014-02-01 00:42:42.088,2014-02-01 00:42:42.099,,5245,Invoice,"44abd348-aea1-4ebf-8e16-aba5316f44a6",,false,,,,,,,,,,,,,,,,,,
20095,NoteEvent,"",false,,,false,,,,3589,,14,2014-02-01 00:42:42.362,2014-04-08 03:13:27.356,,,,"121cdfc4-6c13-497b-9964-515d097308da",,false,,,,,,,,,,,,,,,,,,
20096,MoveInUnitEvent,"""rate""=>""55.0"", ""move_in_date""=>""2013-12-03"", ""gate_access_code""=>""01523"", ""move_in_initiated_date""=>""2013-12-03""",false,,2014-02-01 00:42:42.389,true,,,5998,3589,,14,2013-12-03 10:00:00.000,2024-03-07 18:57:06.995,,,,fe227c48-d0ba-4137-a3bf-b4bb4b44b6eb,,false,,,,5159,,,,,,,,,,,,,,
20097,InvoiceSentTenantEvent,"""invoice_sent""=>""true""",false,,,true,,,,3589,,14,2014-02-01 00:42:42.787,2014-02-01 00:42:42.818,,5246,Invoice,eff52256-c8d7-4873-9a86-cd3d0d6e6ad7,,false,,,,,,,,,,,,,,,,,,
20098,InvoiceSentTenantEvent,"""invoice_sent""=>""true""",false,,,true,,,,3589,,14,2014-02-01 00:42:42.941,2014-02-01 00:42:42.936,,5247,Invoice,"7850388c-38f1-4636-8017-21db5ad3a239",,false,,,,,,,,,,,,,,,,,,
20099,InvoiceSentTenantEvent,"""invoice_sent""=>""true""",false,,,true,,,,3589,,14,2014-02-01 00:42:43.115,2014-02-01 00:42:43.134,,5248,Invoice,fbe5e865-33b4-4f83-b6d8-dedf364ea77a,,false,,,,,,,,,,,,,,,,,,
20100,InvoiceSentTenantEvent,"""invoice_sent""=>""true""",false,,,true,,,,3589,,14,2014-02-01 00:42:43.405,2014-02-01 00:42:43.506,,5249,Invoice,a93658d6-9a8c-4200-acc6-b28327c1589f,,false,,,,,,,,,,,,,,,,,,
20101,DelinquencyStageTenantEvent,"""invoice_id""=>""5247"", ""applied_date""=>""2014-02-11"", ""line_item_id""=>""5372"", ""resolved_date""=>""2014-07-24""",false,,,true,,,,3589,,14,2014-02-01 00:42:43.484,2014-07-24 15:19:06.130,,23,DelinquencyStage,"9a2394e3-3b63-478c-b734-8fd76639f365",removed,false,,,,5159,,,,,23919339,,,,,,,,,
20102,AddFeeDelinquencyTenantEvent,"""fee_invoice_id""=>""5248""",false,,2014-02-01 00:42:43.482,true,,,,3589,,14,2014-02-01 00:42:43.490,2014-07-24 15:19:06.092,20101,28,DelinquencyStageAction,"6b98b396-cf22-45e4-afa4-08941908a9e8",removed,false,,,,5159,,,,,23919339,,,,,,,,,
20103,GateLockoutDelinquencyTenantEvent,"""last_action_date""=>""2014-07-24""",false,,2014-01-31 05:00:00.000,true,,,,3589,,14,2014-02-01 00:42:43.511,2014-07-24 15:19:06.049,20101,29,DelinquencyStageAction,"984bab3c-8aac-4a75-bf21-7e87ef83b97d",removed,false,,,,5159,,,,,23919339,,,,,,,,,
20104,OverlockDelinquencyTenantEvent,"""last_action_date""=>""2014-07-24""",false,,2014-02-01 00:42:43.687,true,,,5998,3589,,14,2014-02-01 00:42:43.552,2024-03-07 18:57:06.995,20101,30,DelinquencyStageAction,b1394392-0256-4dd6-b6a7-27963737d4d8,overlock_removed,false,,,,5159,,,,,23919339,,,,,,,,,
20105,DelinquencyStageTenantEvent,"""invoice_id""=>""5247"", ""applied_date""=>""2014-02-16"", ""line_item_id""=>""5372""",false,,,false,,,,3589,,14,2014-02-01 00:42:43.607,2014-04-08 03:12:01.812,,24,DelinquencyStage,"39c4fe27-1de7-40c6-9dc9-8bb5c4ce52f9",applied,false,,,,5159,,,,,23919621,,,,,,,,,
20106,PrintMailDelinquencyTenantEvent,"",false,,2014-02-04 16:59:09.145,true,,31,5998,3589,,14,2014-02-01 00:42:43.613,2024-03-07 18:57:06.995,20105,31,DelinquencyStageAction,"3fa18078-3d4c-47d8-89e7-6aec18059f63",letter_sent,false,,,,5159,,,,,23919621,,,,,,,,,
20107,MoveInUnitEvent,"""rate""=>""55.0"", ""move_in_date""=>""2006-12-18"", ""gate_access_code""=>""00895"", ""move_in_initiated_date""=>""2006-12-18""",false,,2014-02-01 00:42:43.909,true,,,5999,3590,,14,2006-12-18 10:00:00.000,2024-03-07 18:57:06.995,,,,"043dba15-6c51-4da0-8e9e-5a69669d9874",,false,,,,5160,,,,,,,,,,,,,,
20108,InvoiceSentTenantEvent,"""invoice_sent""=>""true""",false,,,true,,,,3590,,14,2014-02-01 00:42:44.261,2014-02-01 00:42:44.275,,5250,Invoice,"2766cc9a-80cb-4de4-8fca-c5f106211dd1",,false,,,,,,,,,,,,,,,,,,
20109,InvoiceSentTenantEvent,"""invoice_sent""=>""true""",false,,,true,,,,3590,,14,2014-02-01 00:42:44.557,2014-02-01 00:42:44.568,,5251,Invoice,e5d655c7-b107-459b-a064-adb9b9a3803a,,false,,,,,,,,,,,,,,,,,,
20110,MoveInUnitEvent,"""rate""=>""55.0"", ""move_in_date""=>""2013-11-11"", ""gate_access_code""=>""05906"", ""move_in_initiated_date""=>""2013-11-11""",false,,2014-02-01 00:42:44.776,true,,,6000,3591,,14,2013-11-11 10:00:00.000,2024-03-07 18:57:06.995,,,,"990f80f7-7fe5-4090-8534-e774db24363b",,false,,,,5161,,,,,,,,,,,,,,
20111,InvoiceSentTenantEvent,"""invoice_sent""=>""true""",false,,,true,,,,3591,,14,2014-02-01 00:42:45.162,2014-02-01 00:42:45.175,,5252,Invoice,"64287d24-dee3-4473-a1ff-14669ab80690",,false,,,,,,,,,,,,,,,,,,
20112,InvoiceSentTenantEvent,"""invoice_sent""=>""true""",false,,,true,,,,3591,,14,2014-02-01 00:42:45.340,2014-02-01 00:42:45.352,,5253,Invoice,"75d5297b-6800-4201-8493-2c9e555f3d4b",,false,,,,,,,,,,,,,,,,,,
20113,NoteEvent,"",false,,,false,,,,3592,,14,2014-02-01 00:42:45.589,2014-04-08 03:13:27.377,,,,f637a88c-7961-47f2-a2fb-d0334c5690eb,,false,,,,,,,,,,,,,,,,,,
20114,MoveInUnitEvent,"""rate""=>""55.0"", ""move_in_date""=>""2013-11-14"", ""gate_access_code""=>""01964"", ""move_in_initiated_date""=>""2013-11-14""",false,,2014-02-01 00:42:45.616,true,,,6001,3592,,14,2013-11-14 10:00:00.000,2024-03-07 18:57:06.995,,,,"57f08017-ada3-48da-8ef4-11ea8e759a33",,false,,,,5162,,,,,,,,,,,,,,
20115,InvoiceSentTenantEvent,"""invoice_sent""=>""true""",false,,,true,,,,3592,,14,2014-02-01 00:42:45.902,2014-02-01 00:42:45.913,,5254,Invoice,d52d7785-cc3b-4a56-a572-4e050ee825fc,,false,,,,,,,,,,,,,,,,,,
20116,InvoiceSentTenantEvent,"""invoice_sent""=>""true""",false,,,true,,,,3592,,14,2014-02-01 00:42:46.049,2014-02-01 00:42:46.061,,5255,Invoice,"99513bae-9c44-421d-8ea2-518bee734cef",,false,,,,,,,,,,,,,,,,,,
20117,InvoiceSentTenantEvent,"""invoice_sent""=>""true""",false,,,true,,,,3592,,14,2014-02-01 00:42:46.297,2014-02-01 00:42:46.317,,5256,Invoice,"743a14cb-5ea8-459c-8722-c727251d9b98",,false,,,,,,,,,,,,,,,,,,
20118,InvoiceSentTenantEvent,"""invoice_sent""=>""true""",false,,,true,,,,3592,,14,2014-02-01 00:42:46.483,2014-02-01 00:42:46.497,,5257,Invoice,"6dac1668-1cec-493a-8374-3007e16cfee2",,false,,,,,,,,,,,,,,,,,,
20119,DelinquencyStageTenantEvent,"""invoice_id""=>""5255"", ""applied_date""=>""2013-12-11"", ""line_item_id""=>""5382"", ""resolved_date""=>""2014-07-09""",false,,,true,,,,3592,,14,2014-02-01 00:42:46.565,2014-07-10 00:45:03.280,,23,DelinquencyStage,cd1f625e-157a-4812-b7fb-2517bd64d524,removed,false,,,,5162,,,,,24016645,,,,,,,,,
20120,AddFeeDelinquencyTenantEvent,"""fee_invoice_id""=>""5256""",false,,2014-02-01 00:42:46.563,true,,,,3592,,14,2014-02-01 00:42:46.571,2014-07-10 00:45:03.245,20119,28,DelinquencyStageAction,"9418217b-81fe-4590-bf5b-554c5977475a",removed,false,,,,5162,,,,,24016645,,,,,,,,,
20121,GateLockoutDelinquencyTenantEvent,"""last_action_date""=>""2014-07-09""",false,,2014-01-31 05:00:00.000,true,,,,3592,,14,2014-02-01 00:42:46.592,2014-07-10 00:45:03.207,20119,29,DelinquencyStageAction,"0a7b1dc4-7cd3-4704-9144-00c987fd8ff6",removed,false,,,,5162,,,,,24016645,,,,,,,,,
20122,OverlockDelinquencyTenantEvent,"""last_action_date""=>""2014-07-09""",false,,2014-02-01 00:42:47.004,true,,,6001,3592,,14,2014-02-01 00:42:46.632,2024-03-07 18:57:06.995,20119,30,DelinquencyStageAction,"2cd270a1-71db-4289-9448-d7a7981ad5f8",overlock_removed,false,,,,5162,,,,,24016645,,,,,,,,,
20123,DelinquencyStageTenantEvent,"""invoice_id""=>""5255"", ""applied_date""=>""2013-12-16"", ""line_item_id""=>""5382""",false,,,false,,,,3592,,14,2014-02-01 00:42:46.685,2014-04-08 03:12:01.898,,24,DelinquencyStage,baddeab2-3fc3-4c03-b974-c8548401b3af,applied,false,,,,5162,,,,,24016944,,,,,,,,,
20124,PrintMailDelinquencyTenantEvent,"",false,,2014-02-04 16:59:22.108,true,,31,6001,3592,,14,2014-02-01 00:42:46.782,2024-03-07 18:57:06.995,20123,31,DelinquencyStageAction,"0576ddec-f5b6-47cf-8ed6-6050f36f136a",letter_sent,false,,,,5162,,,,,24016944,,,,,,,,,
20125,DelinquencyStageTenantEvent,"""invoice_id""=>""5255"", ""applied_date""=>""2014-01-10"", ""line_item_id""=>""5382""",false,,,false,,,,3592,,14,2014-02-01 00:42:46.841,2014-04-08 03:12:01.928,,25,DelinquencyStage,"2b32756e-09fc-469c-a1be-10bd8801aded",applied,false,,,,5162,,,,,24017223,,,,,,,,,
20126,AddFeeDelinquencyTenantEvent,"""fee_invoice_id""=>""5256""",false,,2014-02-01 00:42:46.839,true,,,,3592,,14,2014-02-01 00:42:46.847,2014-02-01 00:42:46.949,20125,32,DelinquencyStageAction,"69a302d5-7eef-4c61-a097-8cdd54399bfa",applied,false,,,,5162,,,,,24017223,,,,,,,,,
20127,DelinquencyStageTenantEvent,"""invoice_id""=>""5255"", ""applied_date""=>""2014-01-15"", ""line_item_id""=>""5382""",false,,,false,,,,3592,,14,2014-02-01 00:42:46.900,2014-04-08 03:12:01.959,,26,DelinquencyStage,"5cbff911-ba8e-44de-a240-6890ec7080d2",applied,false,,,,5162,,,,,24017516,,,,,,,,,
20128,PrintMailDelinquencyTenantEvent,"",false,,2014-02-04 16:59:20.159,true,,31,6001,3592,,14,2014-02-01 00:42:46.906,2024-03-07 18:57:06.995,20127,33,DelinquencyStageAction,"2179c281-8432-42e2-895e-f2e386bac6a0",letter_sent,false,,,,5162,,,,,24017516,,,,,,,,,
20129,NoteEvent,"",false,,2014-02-06 22:23:04.815,false,,31,,3593,,14,2014-02-01 00:42:47.178,2014-04-08 03:13:27.399,,,,"22645046-0c25-480f-b1da-f8a77868766f",,false,,,,,,,,,,,,,,,,,,
20130,NoteEvent,"",false,,,false,,,,3593,,14,2014-02-01 00:42:47.184,2014-04-08 03:13:27.418,,,,"79608e86-f6d5-4665-9c75-1de811f34ac2",,false,,,,,,,,,,,,,,,,,,
20131,MoveInUnitEvent,"""rate""=>""55.0"", ""move_in_date""=>""2013-10-04"", ""gate_access_code""=>""01974"", ""move_in_initiated_date""=>""2013-10-04""",false,,2014-02-01 00:42:47.307,true,,,6002,3593,,14,2013-10-04 10:00:00.000,2024-03-07 18:57:06.995,,,,b388a70e-8a8b-4ff8-8dde-b354fb26627e,,false,,,,5163,,,,,,,,,,,,,,
20132,InvoiceSentTenantEvent,"""invoice_sent""=>""true""",false,,,true,,,,3593,,14,2014-02-01 00:42:47.627,2014-02-01 00:42:47.640,,5258,Invoice,"289cad02-fab2-42c4-9fd1-8834327c087e",,false,,,,,,,,,,,,,,,,,,
20133,InvoiceSentTenantEvent,"""invoice_sent""=>""true""",false,,,true,,,,3593,,14,2014-02-01 00:42:47.817,2014-02-01 00:42:47.831,,5259,Invoice,"4dc510f8-1ddf-406a-87bf-34dc858bac6e",,false,,,,,,,,,,,,,,,,,,
20134,NoteEvent,"",false,,2014-02-06 22:22:17.232,false,,31,,3594,,14,2014-02-01 00:42:48.123,2014-04-08 03:13:27.440,,,,"3f984c9f-c1c3-4451-9b69-9f7d95b466d7",,false,,,,,,,,,,,,,,,,,,
20135,MoveInUnitEvent,"""rate""=>""55.0"", ""move_in_date""=>""2011-05-25"", ""gate_access_code""=>""08964"", ""move_in_initiated_date""=>""2011-05-25""",false,,2014-02-01 00:42:48.152,true,,,6003,3594,,14,2011-05-25 10:00:00.000,2024-03-07 18:57:06.995,,,,"8cbe6022-ee96-498b-9796-3f361ace2143",,false,,,,5164,,,,,,,,,,,,,,
20136,InvoiceSentTenantEvent,"""invoice_sent""=>""true""",false,,,true,,,,3594,,14,2014-02-01 00:42:48.552,2014-02-01 00:42:48.573,,5260,Invoice,"7174a203-a2be-4ec7-8083-b26c97d04348",,false,,,,,,,,,,,,,,,,,,
20137,InvoiceSentTenantEvent,"""invoice_sent""=>""true""",false,,,true,,,,3594,,14,2014-02-01 00:42:48.745,2014-02-01 00:42:48.776,,5261,Invoice,"55053ef9-76b3-4b7e-9beb-66c1e998479f",,false,,,,,,,,,,,,,,,,,,
20138,MoveInUnitEvent,"""rate""=>""55.0"", ""move_in_date""=>""2013-04-10"", ""gate_access_code""=>""08462"", ""move_in_initiated_date""=>""2013-04-10""",false,,2014-02-01 00:42:49.037,true,,,6004,3595,,14,2013-04-10 10:00:00.000,2024-03-07 18:57:06.995,,,,"6553716a-0dea-4a59-aa46-a2f2ef852be0",,false,,,,5165,,,,,,,,,,,,,,
20139,InvoiceSentTenantEvent,"""invoice_sent""=>""true""",false,,,true,,,,3595,,14,2014-02-01 00:42:49.347,2014-02-01 00:42:49.345,,5262,Invoice,"9990104e-99c0-4da6-b425-5fc8332c9910",,false,,,,,,,,,,,,,,,,,,
20140,InvoiceSentTenantEvent,"""invoice_sent""=>""true""",false,,,true,,,,3595,,14,2014-02-01 00:42:49.536,2014-02-01 00:42:49.555,,5263,Invoice,"4e53ef81-57fc-40df-bf64-3b1c937fa00c",,false,,,,,,,,,,,,,,,,,,
20141,MoveInUnitEvent,"""rate""=>""55.0"", ""move_in_date""=>""2013-12-04"", ""gate_access_code""=>""09311"", ""move_in_initiated_date""=>""2013-12-04""",false,,2014-02-01 00:42:49.833,true,,,6005,3596,,14,2013-12-04 10:00:00.000,2024-03-07 18:57:06.995,,,,"009b9707-b4f5-4814-8d39-08f7c2b4f967",,false,,,,5166,,,,,,,,,,,,,,
20142,InvoiceSentTenantEvent,"""invoice_sent""=>""true""",false,,,true,,,,3596,,14,2014-02-01 00:42:50.219,2014-02-01 00:42:50.233,,5264,Invoice,"4d41b6a3-e1f0-4ee3-a29e-334f6e06a224",,false,,,,,,,,,,,,,,,,,,
20143,InvoiceSentTenantEvent,"""invoice_sent""=>""true""",false,,,true,,,,3596,,14,2014-02-01 00:42:50.401,2014-02-01 00:42:50.412,,5265,Invoice,d7d07a8a-21ce-4932-9e41-6c37416dddea,,false,,,,,,,,,,,,,,,,,,
20144,MoveInUnitEvent,"""rate""=>""55.0"", ""move_in_date""=>""2013-12-20"", ""gate_access_code""=>""00824"", ""move_in_initiated_date""=>""2013-12-20""",false,,2014-02-01 00:42:50.616,true,,,6006,3597,,14,2013-12-20 10:00:00.000,2024-03-07 18:57:06.995,,,,"20f02d52-5ad4-419c-8421-9e396ad6e24d",,false,,,,5167,,,,,,,,,,,,,,
20145,InvoiceSentTenantEvent,"""invoice_sent""=>""true""",false,,,true,,,,3597,,14,2014-02-01 00:42:51.020,2014-02-01 00:42:51.054,,5266,Invoice,"2ec95427-4c21-4f93-ab3f-e87ba6bbb0a7",,false,,,,,,,,,,,,,,,,,,
20146,InvoiceSentTenantEvent,"""invoice_sent""=>""true""",false,,,true,,,,3597,,14,2014-02-01 00:42:51.182,2014-02-01 00:42:51.202,,5267,Invoice,"31e1947d-e164-4fe9-87f0-a85c82137ccf",,false,,,,,,,,,,,,,,,,,,
20147,InvoiceSentTenantEvent,"""invoice_sent""=>""true""",false,,,true,,,,3597,,14,2014-02-01 00:42:51.459,2014-02-01 00:42:51.456,,5268,Invoice,"0f69080d-ebf6-4b77-a34e-f7ce23b40117",,false,,,,,,,,,,,,,,,,,,
20148,InvoiceSentTenantEvent,"""invoice_sent""=>""true""",false,,,true,,,,3597,,14,2014-02-01 00:42:51.673,2014-02-01 00:42:51.705,,5269,Invoice,"3cfb2bf1-c8cd-44fa-8fdf-b546ed1a1595",,false,,,,,,,,,,,,,,,,,,
20149,DelinquencyStageTenantEvent,"""invoice_id""=>""5267"", ""applied_date""=>""2014-02-21"", ""line_item_id""=>""5394"", ""resolved_date""=>""2014-03-06""",false,,,true,,,,3597,,14,2014-02-01 00:42:51.758,2014-04-08 03:12:02.098,,23,DelinquencyStage,f59feb5d-87c0-476d-b123-256648c6b83a,removed,false,,,,5167,,,,,24031783,,,,,,,,,
20150,AddFeeDelinquencyTenantEvent,"""fee_invoice_id""=>""5268""",false,,2014-02-01 00:42:51.755,true,,,,3597,,14,2014-02-01 00:42:51.767,2014-03-06 17:03:13.086,20149,28,DelinquencyStageAction,"77397d91-e144-45c0-9804-570e2b5d6484",removed,false,,,,5167,,,,,24031783,,,,,,,,,
20151,GateLockoutDelinquencyTenantEvent,"",false,,2014-03-06 05:00:00.000,true,,,,3597,,14,2014-02-01 00:42:51.790,2014-03-06 17:03:13.179,20149,29,DelinquencyStageAction,d4d39e95-05e2-475f-a2e5-01315a464610,removed,false,,,,5167,,,,,24031783,,,,,,,,,
20152,OverlockDelinquencyTenantEvent,"",false,,2014-03-06 17:03:25.555,true,,8,6006,3597,,14,2014-02-01 00:42:51.831,2024-03-07 18:57:06.995,20149,30,DelinquencyStageAction,"2564907b-cc59-435f-b577-b2e3e3fb70a6",overlock_removed,false,,,,5167,,,,,24031783,,,,,,,,,
20153,DelinquencyStageTenantEvent,"""invoice_id""=>""5267"", ""applied_date""=>""2014-02-26"", ""line_item_id""=>""5394"", ""resolved_date""=>""2014-03-06""",false,,,true,,,,3597,,14,2014-02-01 00:42:51.894,2014-04-08 03:12:02.130,,24,DelinquencyStage,"5ee89635-4e99-448d-8336-c3ebae7f27c7",removed,false,,,,5167,,,,,24032118,,,,,,,,,
20154,PrintMailDelinquencyTenantEvent,"",false,,2014-02-04 16:59:28.775,true,,31,6006,3597,,14,2014-02-01 00:42:51.900,2024-03-07 18:57:06.995,20153,31,DelinquencyStageAction,cff321e5-b997-4add-b4a3-8b0b402ba927,letter_sent,false,,,,5167,,,,,24032118,,,,,,,,,
20155,MoveInUnitEvent,"""rate""=>""55.0"", ""move_in_date""=>""2014-01-16"", ""gate_access_code""=>""01122"", ""move_in_initiated_date""=>""2014-01-16""",false,,2014-02-01 00:42:52.271,true,,,6007,3598,,14,2014-01-16 10:00:00.000,2024-03-07 18:57:06.995,,,,dff075eb-c92f-4ad0-92c9-944799b8bb61,,false,,,,5168,,,,,,,,,,,,,,
20156,InvoiceSentTenantEvent,"""invoice_sent""=>""true""",false,,,true,,,,3598,,14,2014-02-01 00:42:52.652,2014-02-01 00:42:52.664,,5270,Invoice,"557f13f8-1794-4893-82f9-6fab3efdf3d7",,false,,,,,,,,,,,,,,,,,,
20157,InvoiceSentTenantEvent,"""invoice_sent""=>""true""",false,,,true,,,,3598,,14,2014-02-01 00:42:52.832,2014-02-01 00:42:52.844,,5271,Invoice,a6a817db-4bac-418d-a518-4d19206c5665,,false,,,,,,,,,,,,,,,,,,
20158,NoteEvent,"",false,,2014-02-06 22:22:39.958,false,,31,,3599,,14,2014-02-01 00:42:53.008,2014-04-08 03:13:27.463,,,,"5e20a3c6-125e-47f6-8fe2-fe9c6ec9ffe3",,false,,,,,,,,,,,,,,,,,,
20159,MoveInUnitEvent,"""rate""=>""80.0"", ""move_in_date""=>""2013-06-22"", ""gate_access_code""=>""04321"", ""move_in_initiated_date""=>""2013-06-22""",false,,2014-02-01 00:42:53.139,true,,,6008,3599,,14,2013-06-22 10:00:00.000,2014-04-08 03:12:54.462,,,,"5025e8ee-9f2d-425f-85c8-603ccd2e224c",,false,,,,5169,,,,,,,,,,,,,,
20160,InvoiceSentTenantEvent,"""invoice_sent""=>""true""",false,,,true,,,,3599,,14,2014-02-01 00:42:53.443,2014-02-01 00:42:53.438,,5272,Invoice,"89d0b25f-7ad1-4384-9f62-c69d151bb3ce",,false,,,,,,,,,,,,,,,,,,
20161,InvoiceSentTenantEvent,"""invoice_sent""=>""true""",false,,,true,,,,3599,,14,2014-02-01 00:42:53.628,2014-02-01 00:42:53.741,,5273,Invoice,"3dba90b6-40b5-4d2e-bea3-de4c3ded9b0f",,false,,,,,,,,,,,,,,,,,,
20162,NoteEvent,"",false,,2014-02-06 22:21:43.210,false,,31,,3600,,14,2014-02-01 00:42:53.875,2014-04-08 03:13:27.484,,,,"852b6e8f-4833-437c-aaaa-cef82a3906f1",,false,,,,,,,,,,,,,,,,,,
20163,MoveInUnitEvent,"""rate""=>""55.0"", ""move_in_date""=>""2012-06-04"", ""gate_access_code""=>""05177"", ""move_in_initiated_date""=>""2012-06-04""",false,,2014-02-01 00:42:53.902,true,,,6009,3600,,14,2012-06-04 10:00:00.000,2024-03-07 18:57:06.995,,,,e88e2525-31b7-42d7-bbaf-5937164db47a,,false,,,,5170,,,,,,,,,,,,,,
20164,InvoiceSentTenantEvent,"""invoice_sent""=>""true""",false,,,true,,,,3600,,14,2014-02-01 00:42:54.284,2014-02-01 00:42:54.296,,5274,Invoice,d4754b40-5f1b-45d6-a2e6-05fbeca33d1c,,false,,,,,,,,,,,,,,,,,,
20165,InvoiceSentTenantEvent,"""invoice_sent""=>""true""",false,,,true,,,,3600,,14,2014-02-01 00:42:54.429,2014-02-01 00:42:54.441,,5275,Invoice,"4e150bbb-7ce7-4630-8904-4594d2f396bc",,false,,,,,,,,,,,,,,,,,,
20166,InvoiceSentTenantEvent,"""invoice_sent""=>""true""",false,,,true,,,,3600,,14,2014-02-01 00:42:54.579,2014-02-01 00:42:54.595,,5276,Invoice,aabbbe35-12c4-4d22-8deb-9c88c4ba86ab,,false,,,,,,,,,,,,,,,,,,
20167,InvoiceSentTenantEvent,"""invoice_sent""=>""true""",false,,,true,,,,3600,,14,2014-02-01 00:42:54.756,2014-02-01 00:42:54.769,,5277,Invoice,"63ecb21a-27e7-4275-b13b-b923c9625476",,false,,,,,,,,,,,,,,,,,,
20168,DelinquencyStageTenantEvent,"""invoice_id""=>""5275"", ""applied_date""=>""2013-09-11"", ""line_item_id""=>""5402"", ""resolved_date""=>""2014-07-09""",false,,,true,,,,3600,,14,2014-02-01 00:42:54.931,2014-07-10 00:45:03.891,,23,DelinquencyStage,"95176dac-472a-441c-9457-3fe93935eb2a",removed,false,,,,5170,,,,,24059941,,,,,,,,,
20169,AddFeeDelinquencyTenantEvent,"""fee_invoice_id""=>""5276""",false,,2014-02-01 00:42:54.929,true,,,,3600,,14,2014-02-01 00:42:54.937,2014-07-10 00:45:03.856,20168,28,DelinquencyStageAction,b7ca834f-279f-4c9c-a1ae-aab46d57de84,removed,false,,,,5170,,,,,24059941,,,,,,,,,
20170,GateLockoutDelinquencyTenantEvent,"""last_action_date""=>""2014-07-09""",false,,2014-01-31 05:00:00.000,true,,,,3600,,14,2014-02-01 00:42:54.958,2014-07-10 00:45:03.821,20168,29,DelinquencyStageAction,"29b5bdfa-6b8b-42ed-a205-477e7c87a7ab",removed,false,,,,5170,,,,,24059941,,,,,,,,,
20171,OverlockDelinquencyTenantEvent,"""last_action_date""=>""2014-07-09""",false,,2014-02-01 00:42:55.848,true,,,6009,3600,,14,2014-02-01 00:42:54.998,2024-03-07 18:57:06.995,20168,30,DelinquencyStageAction,"18603f3e-2edb-4acc-a99d-cecf38f0927f",overlock_removed,false,,,,5170,,,,,24059941,,,,,,,,,
20172,DelinquencyStageTenantEvent,"""invoice_id""=>""5275"", ""applied_date""=>""2013-09-16"", ""line_item_id""=>""5402""",false,,,false,,,,3600,,14,2014-02-01 00:42:55.066,2014-04-08 03:12:02.214,,24,DelinquencyStage,"91cbf048-d60e-40d4-84ac-5778daba2269",applied,false,,,,5170,,,,,24060272,,,,,,,,,
20173,PrintMailDelinquencyTenantEvent,"",false,,2014-02-04 17:00:01.416,true,,31,6009,3600,,14,2014-02-01 00:42:55.073,2024-03-07 18:57:06.995,20172,31,DelinquencyStageAction,"4c53c313-5e75-44f2-9f81-a18b0fe1b909",letter_sent,false,,,,5170,,,,,24060272,,,,,,,,,
20174,DelinquencyStageTenantEvent,"""invoice_id""=>""5275"", ""applied_date""=>""2013-10-11"", ""line_item_id""=>""5402""",false,,,false,,,,3600,,14,2014-02-01 00:42:55.132,2014-04-08 03:12:02.243,,25,DelinquencyStage,ac61fbce-b2b7-4e7a-b86b-349e72da49c0,applied,false,,,,5170,,,,,24060503,,,,,,,,,
20175,AddFeeDelinquencyTenantEvent,"""fee_invoice_id""=>""5276""",false,,2014-02-01 00:42:55.130,true,,,,3600,,14,2014-02-01 00:42:55.138,2014-02-01 00:42:55.796,20174,32,DelinquencyStageAction,bde3ff61-8a05-4337-b989-804bc041cf46,applied,false,,,,5170,,,,,24060503,,,,,,,,,
20176,DelinquencyStageTenantEvent,"""invoice_id""=>""5275"", ""applied_date""=>""2013-10-16"", ""line_item_id""=>""5402""",false,,,false,,,,3600,,14,2014-02-01 00:42:55.192,2014-04-08 03:12:02.273,,26,DelinquencyStage,df9cffc8-a792-4110-a865-e2b72ab23175,applied,false,,,,5170,,,,,24060774,,,,,,,,,
20177,PrintMailDelinquencyTenantEvent,"",false,,2014-02-04 16:59:59.060,true,,31,6009,3600,,14,2014-02-01 00:42:55.198,2024-03-07 18:57:06.995,20176,33,DelinquencyStageAction,c80a218a-1020-4511-bd1e-9b763e4d93bb,letter_sent,false,,,,5170,,,,,24060774,,,,,,,,,
20178,DelinquencyStageTenantEvent,"""invoice_id""=>""5275"", ""applied_date""=>""2013-11-10"", ""line_item_id""=>""5402""",false,,,false,,,,3600,,14,2014-02-01 00:42:55.255,2014-04-08 03:12:02.303,,27,DelinquencyStage,"18234bd4-5843-4019-9f81-5f2648f58f4e",applied,false,,,,5170,,,,,24061048,,,,,,,,,
20179,AddFeeDelinquencyTenantEvent,"""fee_invoice_id""=>""5276""",false,,2014-02-01 00:42:55.253,true,,,,3600,,14,2014-02-01 00:42:55.261,2014-02-01 00:42:55.776,20178,34,DelinquencyStageAction,"8d57498d-3bd7-424c-9676-e1095c8c07f8",applied,false,,,,5170,,,,,24061048,,,,,,,,,
20180,DelinquencyStageTenantEvent,"""invoice_id""=>""5275"", ""applied_date""=>""2013-11-15"", ""line_item_id""=>""5402""",false,,,false,,,,3600,,14,2014-02-01 00:42:55.314,2014-04-08 03:12:02.333,,28,DelinquencyStage,"591b26a4-ce06-4d53-b5a1-fddcc0e5afef",applied,false,,,,5170,,,,,24061263,,,,,,,,,
20181,PrintMailDelinquencyTenantEvent,"",false,,2014-02-04 16:59:55.557,true,,31,6009,3600,,14,2014-02-01 00:42:55.320,2024-03-07 18:57:06.995,20180,35,DelinquencyStageAction,"3ffb16bc-5cd4-4557-ae1b-55de09056eb9",letter_sent,false,,,,5170,,,,,24061263,,,,,,,,,
20182,DelinquencyStageTenantEvent,"""invoice_id""=>""5275"", ""applied_date""=>""2013-11-30"", ""line_item_id""=>""5402""",false,,,false,,,,3600,,14,2014-02-01 00:42:55.371,2014-04-08 03:12:02.363,,29,DelinquencyStage,d94fb16d-34a1-4077-8dd4-a87a4be451e8,applied,false,,,,5170,,,,,24061541,,,,,,,,,
20183,PrintMailDelinquencyTenantEvent,"",false,,2014-02-04 16:59:51.305,true,,31,6009,3600,,14,2014-02-01 00:42:55.378,2024-03-07 18:57:06.995,20182,36,DelinquencyStageAction,"67126833-7e8e-4a89-ad85-90cf62b93d73",letter_sent,false,,,,5170,,,,,24061541,,,,,,,,,
20184,DelinquencyStageTenantEvent,"""invoice_id""=>""5275"", ""applied_date""=>""2013-12-15"", ""line_item_id""=>""5402""",false,,,false,,,,3600,,14,2014-02-01 00:42:55.527,2014-04-08 03:12:02.391,,30,DelinquencyStage,"8e44ab5c-94e6-47a0-bc23-82bb88a9e0fd",applied,false,,,,5170,,,,,24061796,,,,,,,,,
20185,PrintMailDelinquencyTenantEvent,"",false,,2014-02-04 16:59:47.923,true,,31,6009,3600,,14,2014-02-01 00:42:55.533,2024-03-07 18:57:06.995,20184,37,DelinquencyStageAction,f2f10fe8-8b95-4b71-b432-5ed10f7b3ba2,letter_sent,false,,,,5170,,,,,24061796,,,,,,,,,
20186,DelinquencyStageTenantEvent,"""invoice_id""=>""5275"", ""applied_date""=>""2013-12-30"", ""line_item_id""=>""5402""",false,,,false,,,,3600,,14,2014-02-01 00:42:55.583,2014-04-08 03:12:02.420,,31,DelinquencyStage,"31e2552e-973a-4831-b9c0-d6cbf99ff500",applied,false,,,,5170,,,,,24062053,,,,,,,,,
20187,CutLockDelinquencyTenantEvent,"",false,,2014-02-04 05:00:00.000,true,,31,6009,3600,,14,2014-02-01 00:42:55.589,2024-03-07 18:57:06.995,20186,38,DelinquencyStageAction,ba54700e-6856-49be-aaa5-58236f94153c,lock_cut,false,,,,5170,,,,,24062053,,,,,,,,,
20188,DelinquencyStageTenantEvent,"""invoice_id""=>""5275"", ""applied_date""=>""2014-01-14"", ""line_item_id""=>""5402""",false,,,false,,,,3600,,14,2014-02-01 00:42:55.641,2014-04-08 03:12:02.450,,32,DelinquencyStage,"201620fe-1e8c-4847-a859-74407702e83f",applied,false,,,,5170,,,,,24062255,,,,,,,,,
20189,PrintMailDelinquencyTenantEvent,"",false,,2014-02-04 16:59:41.049,true,,31,6009,3600,,14,2014-02-01 00:42:55.647,2024-03-07 18:57:06.995,20188,39,DelinquencyStageAction,f2a87441-48d9-4551-8d29-3af549d96686,letter_sent,false,,,,5170,,,,,24062255,,,,,,,,,
20190,DelinquencyStageTenantEvent,"""invoice_id""=>""5275"", ""applied_date""=>""2014-01-29"", ""line_item_id""=>""5402""",false,,,false,,,,3600,,14,2014-02-01 00:42:55.702,2014-04-08 03:12:02.479,,33,DelinquencyStage,adfa45b2-bcad-473f-86eb-aad80dfd5722,applied,false,,,,5170,,,,,24062513,,,,,,,,,
20191,AddFeeDelinquencyTenantEvent,"""fee_invoice_id""=>""5276""",false,,2014-02-01 00:42:55.700,true,,,,3600,,14,2014-02-01 00:42:55.708,2014-02-01 00:42:55.756,20190,40,DelinquencyStageAction,"10e176a1-5963-413c-a10f-87daa96a10b1",applied,false,,,,5170,,,,,24062513,,,,,,,,,
20192,MoveInUnitEvent,"""rate""=>""80.0"", ""move_in_date""=>""2005-08-09"", ""gate_access_code""=>""07746"", ""move_in_initiated_date""=>""2005-08-09""",false,,2014-02-01 00:42:56.093,true,,,6010,3601,,14,2005-08-09 10:00:00.000,2014-04-08 03:12:54.516,,,,"97f568d3-ce8e-4fd0-9ede-ce1225a55c0f",,false,,,,5171,,,,,,,,,,,,,,
20193,InvoiceSentTenantEvent,"""invoice_sent""=>""true""",false,,,true,,,,3601,,14,2014-02-01 00:42:56.374,2014-02-01 00:42:56.386,,5278,Invoice,"23c850fd-f1ba-454f-a8ed-aa7e8083f049",,false,,,,,,,,,,,,,,,,,,
20194,InvoiceSentTenantEvent,"""invoice_sent""=>""true""",false,,,true,,,,3601,,14,2014-02-01 00:42:56.645,2014-02-01 00:42:56.657,,5279,Invoice,"0c3876f7-a5d5-4ac6-833e-00e4a00b8a22",,false,,,,,,,,,,,,,,,,,,
20195,NoteEvent,"",false,,2014-02-06 22:21:23.834,false,,31,,3602,,14,2014-02-01 00:42:56.813,2014-04-08 03:13:27.508,,,,e83a23ab-8134-4672-8bc3-5dc372964236,,false,,,,,,,,,,,,,,,,,,
20196,MoveInUnitEvent,"""rate""=>""55.0"", ""move_in_date""=>""2013-02-22"", ""gate_access_code""=>""01799"", ""move_in_initiated_date""=>""2013-02-22""",false,,2014-02-01 00:42:56.841,true,,,6011,3602,,14,2013-02-22 10:00:00.000,2024-03-07 18:57:06.995,,,,"4097f619-97ce-4591-b0a5-16af625ca7b5",,false,,,,5172,,,,,,,,,,,,,,
20197,InvoiceSentTenantEvent,"""invoice_sent""=>""true""",false,,,true,,,,3602,,14,2014-02-01 00:42:57.308,2014-02-01 00:42:57.324,,5280,Invoice,"6c71e2c2-ccc5-41d3-931d-17a797726311",,false,,,,,,,,,,,,,,,,,,
20198,InvoiceSentTenantEvent,"""invoice_sent""=>""true""",false,,,true,,,,3602,,14,2014-02-01 00:42:57.513,2014-02-01 00:42:57.525,,5281,Invoice,d8876260-44c3-406f-9100-d343a571bd82,,false,,,,,,,,,,,,,,,,,,
20199,InvoiceSentTenantEvent,"""invoice_sent""=>""true""",false,,,true,,,,3602,,14,2014-02-01 00:42:57.954,2014-02-01 00:42:57.968,,5282,Invoice,"0003e5a5-f518-45cb-9cee-3a0b13672ca5",,false,,,,,,,,,,,,,,,,,,
20200,NoteEvent,"",false,,2014-02-06 22:21:04.527,false,,31,,3603,,14,2014-02-01 00:42:58.111,2014-04-08 03:13:27.529,,,,"301f1b1e-008a-4119-a1f3-3efbefe23e5d",,false,,,,,,,,,,,,,,,,,,
20201,MoveInUnitEvent,"""rate""=>""55.0"", ""move_in_date""=>""2013-10-21"", ""gate_access_code""=>""05212"", ""move_in_initiated_date""=>""2013-10-21""",false,,2014-02-01 00:42:58.142,true,,,6012,3603,,14,2013-10-21 10:00:00.000,2024-03-07 18:57:06.995,,,,"092528b8-7ddf-49d2-bd20-9617b0748793",,false,,,,5173,,,,,,,,,,,,,,
20202,InvoiceSentTenantEvent,"""invoice_sent""=>""true""",false,,,true,,,,3603,,14,2014-02-01 00:42:58.521,2014-02-01 00:42:58.533,,5283,Invoice,"65226b69-f5fe-40da-b262-0912018f06b0",,false,,,,,,,,,,,,,,,,,,
20203,InvoiceSentTenantEvent,"""invoice_sent""=>""true""",false,,,true,,,,3603,,14,2014-02-01 00:42:58.693,2014-02-01 00:42:58.704,,5284,Invoice,"70fa2100-691e-42da-a01f-4866f7f8dd51",,false,,,,,,,,,,,,,,,,,,
20204,NoteEvent,"",false,,2014-02-06 22:20:41.597,false,,31,,3604,,14,2014-02-01 00:42:58.938,2014-04-08 03:13:27.549,,,,"3b48bd17-67ca-4a57-bcfa-62738c297ea8",,false,,,,,,,,,,,,,,,,,,
20205,MoveInUnitEvent,"""rate""=>""80.0"", ""move_in_date""=>""2012-08-31"", ""gate_access_code""=>""06868"", ""move_in_initiated_date""=>""2012-08-31""",false,,2014-02-01 00:42:58.965,true,,,6013,3604,,14,2012-08-31 10:00:00.000,2014-04-08 03:12:54.606,,,,ffcf8e63-f564-491d-bd8f-fa246a93117e,,false,,,,5174,,,,,,,,,,,,,,
20206,InvoiceSentTenantEvent,"""invoice_sent""=>""true""",false,,,true,,,,3604,,14,2014-02-01 00:42:59.256,2014-02-01 00:42:59.269,,5285,Invoice,"195c2850-5189-4ce0-9f1b-ab735481a66b",,false,,,,,,,,,,,,,,,,,,
20207,InvoiceSentTenantEvent,"""invoice_sent""=>""true""",false,,,true,,,,3604,,14,2014-02-01 00:42:59.526,2014-02-01 00:42:59.537,,5286,Invoice,"667ba025-8ff5-4096-815b-15452afbd3aa",,false,,,,,,,,,,,,,,,,,,
20208,NoteEvent,"",false,,2014-02-06 22:20:21.101,false,,31,,3605,,14,2014-02-01 00:42:59.699,2014-04-08 03:13:27.571,,,,"9ee046ab-472b-451e-8711-6c085b6a200f",,false,,,,,,,,,,,,,,,,,,
20209,MoveInUnitEvent,"""rate""=>""80.0"", ""move_in_date""=>""2011-12-03"", ""gate_access_code""=>""01005"", ""move_in_initiated_date""=>""2011-12-03""",false,,2014-02-01 00:42:59.727,true,,,6014,3605,,14,2011-12-03 10:00:00.000,2014-04-08 03:12:54.624,,,,"8ec78776-246f-4e80-b378-c6c492284852",,false,,,,5175,,,,,,,,,,,,,,
20210,InvoiceSentTenantEvent,"""invoice_sent""=>""true""",false,,,true,,,,3605,,14,2014-02-01 00:43:00.132,2014-02-01 00:43:00.153,,5287,Invoice,"27b93a9f-d759-4960-b90b-d77bd2a1339e",,false,,,,,,,,,,,,,,,,,,
20211,InvoiceSentTenantEvent,"""invoice_sent""=>""true""",false,,,true,,,,3605,,14,2014-02-01 00:43:00.318,2014-02-01 00:43:00.352,,5288,Invoice,"2402a2f7-e57a-4034-9611-bcd3607fb024",,false,,,,,,,,,,,,,,,,,,
20212,MoveInUnitEvent,"""rate""=>""55.0"", ""move_in_date""=>""2013-12-03"", ""gate_access_code""=>""09663"", ""move_in_initiated_date""=>""2013-12-03""",false,,2014-02-01 00:43:00.644,true,,,6015,3606,,14,2013-12-03 10:00:00.000,2024-03-07 18:57:06.995,,,,"748f4660-55bf-4296-bb06-1f2f9e6cf7ca",,false,,,,5176,,,,,,,,,,,,,,
20213,InvoiceSentTenantEvent,"""invoice_sent""=>""true""",false,,,true,,,,3606,,14,2014-02-01 00:43:00.951,2014-02-01 00:43:00.951,,5289,Invoice,"69a49373-79ed-432c-8b02-2817bee94784",,false,,,,,,,,,,,,,,,,,,
20214,InvoiceSentTenantEvent,"""invoice_sent""=>""true""",false,,,true,,,,3606,,14,2014-02-01 00:43:01.251,2014-02-01 00:43:01.271,,5290,Invoice,"17d3b765-1e50-4b67-b943-b697a9d673be",,false,,,,,,,,,,,,,,,,,,
20215,NoteEvent,"",false,,,false,,,,3607,,14,2014-02-01 00:43:01.467,2014-04-08 03:13:27.591,,,,"3b775086-5cc7-4c1c-88f1-6eb80a631efc",,false,,,,,,,,,,,,,,,,,,
20216,MoveInUnitEvent,"""rate""=>""55.0"", ""move_in_date""=>""2013-12-16"", ""gate_access_code""=>""08985"", ""move_in_initiated_date""=>""2013-12-16""",false,,2014-02-01 00:43:01.498,true,,,6016,3607,,14,2013-12-16 10:00:00.000,2024-03-07 18:57:06.995,,,,"9630e6b8-95fe-42ed-9275-35ce8d07a09f",,false,,,,5177,,,,,,,,,,,,,,
20217,InvoiceSentTenantEvent,"""invoice_sent""=>""true""",false,,,true,,,,3607,,14,2014-02-01 00:43:01.911,2014-02-01 00:43:01.943,,5291,Invoice,"5e7bf609-8cc8-4dcb-bf40-2f25d0af36b1",,false,,,,,,,,,,,,,,,,,,
20218,InvoiceSentTenantEvent,"""invoice_sent""=>""true""",false,,,true,,,,3607,,14,2014-02-01 00:43:02.108,2014-02-01 00:43:02.127,,5292,Invoice,"8465b866-17bd-4ea7-a1a4-62111122ad4d",,false,,,,,,,,,,,,,,,,,,
20219,InvoiceSentTenantEvent,"""invoice_sent""=>""true""",false,,,true,,,,3607,,14,2014-02-01 00:43:02.508,2014-02-01 00:43:02.541,,5293,Invoice,"77164b74-f270-4a84-8d57-217f74268f5c",,false,,,,,,,,,,,,,,,,,,
20220,MoveInUnitEvent,"""rate""=>""55.0"", ""move_in_date""=>""2006-03-23"", ""gate_access_code""=>""04443"", ""move_in_initiated_date""=>""2006-03-23""",false,,2014-02-01 00:43:02.709,true,,,6017,3608,,14,2006-03-23 10:00:00.000,2024-03-07 18:57:06.995,,,,ef90ffb5-8a76-42e6-8746-92cd4c1b7288,,false,,,,5178,,,,,,,,,,,,,,
20221,InvoiceSentTenantEvent,"""invoice_sent""=>""true""",false,,,true,,,,3608,,14,2014-02-01 00:43:03.088,2014-02-01 00:43:03.101,,5294,Invoice,"33d6951b-5916-416f-a996-613030ed6aa9",,false,,,,,,,,,,,,,,,,,,
20222,InvoiceSentTenantEvent,"""invoice_sent""=>""true""",false,,,true,,,,3608,,14,2014-02-01 00:43:03.279,2014-02-01 00:43:03.292,,5295,Invoice,"289e5f31-c00d-4df6-850f-8b2d47a9f3f2",,false,,,,,,,,,,,,,,,,,,
20223,NoteEvent,"",false,,2014-02-06 22:20:01.378,false,,31,,3609,,14,2014-02-01 00:43:03.535,2014-04-08 03:13:27.613,,,,"628a9c43-d42f-481d-be20-77dfd3727321",,false,,,,,,,,,,,,,,,,,,
20224,MoveInUnitEvent,"""rate""=>""55.0"", ""move_in_date""=>""2009-12-19"", ""gate_access_code""=>""01982"", ""move_in_initiated_date""=>""2009-12-19""",false,,2014-02-01 00:43:03.564,true,,,6018,3609,,14,2009-12-19 10:00:00.000,2024-03-07 18:57:06.995,,,,"5b3538dd-2976-41b8-b39a-15c193f9dcd2",,false,,,,5179,,,,,,,,,,,,,,
20225,InvoiceSentTenantEvent,"""invoice_sent""=>""true""",false,,,true,,,,3609,,14,2014-02-01 00:43:03.870,2014-02-01 00:43:03.865,,5296,Invoice,a5c25097-1dc7-4b22-b2c2-c72e4faefd70,,false,,,,,,,,,,,,,,,,,,
20226,InvoiceSentTenantEvent,"""invoice_sent""=>""true""",false,,,true,,,,3609,,14,2014-02-01 00:43:04.164,2014-02-01 00:43:04.159,,5297,Invoice,"681d53bc-c5c8-47d7-9191-ba73ef09851f",,false,,,,,,,,,,,,,,,,,,
20227,NoteEvent,"",false,,2014-02-06 22:19:38.954,false,,31,,3610,,14,2014-02-01 00:43:04.358,2014-04-08 03:13:27.635,,,,c450f972-690e-430a-b497-2442e8bf2607,,false,,,,,,,,,,,,,,,,,,
20228,MoveInUnitEvent,"""rate""=>""55.0"", ""move_in_date""=>""2011-10-12"", ""gate_access_code""=>""06969"", ""move_in_initiated_date""=>""2011-10-12""",false,,2014-02-01 00:43:04.386,true,,,6019,3610,,14,2011-10-12 10:00:00.000,2024-03-07 18:57:06.995,,,,"1fcc86ab-d5fa-4e20-b125-ab81e7d3d52d",,false,,,,5180,,,,,,,,,,,,,,
20229,InvoiceSentTenantEvent,"""invoice_sent""=>""true""",false,,,true,,,,3610,,14,2014-02-01 00:43:04.771,2014-02-01 00:43:04.784,,5298,Invoice,"07477acc-d90c-4efe-b55c-5ade3b864226",,false,,,,,,,,,,,,,,,,,,
20230,InvoiceSentTenantEvent,"""invoice_sent""=>""true""",false,,,true,,,,3610,,14,2014-02-01 00:43:04.915,2014-02-01 00:43:04.928,,5299,Invoice,"5029b329-8b44-4c67-9a0a-2b325d832938",,false,,,,,,,,,,,,,,,,,,
20231,InvoiceSentTenantEvent,"""invoice_sent""=>""true""",false,,,true,,,,3610,,14,2014-02-01 00:43:05.165,2014-02-01 00:43:05.181,,5300,Invoice,"8f68bb93-b83f-47e4-8f1b-2e344c556c6f",,false,,,,,,,,,,,,,,,,,,
20232,InvoiceSentTenantEvent,"""invoice_sent""=>""true""",false,,,true,,,,3610,,14,2014-02-01 00:43:05.347,2014-02-01 00:43:05.359,,5301,Invoice,"78c17dee-b3fb-47b9-963c-9b694aeafdcb",,false,,,,,,,,,,,,,,,,,,
20233,DelinquencyStageTenantEvent,"""invoice_id""=>""5299"", ""applied_date""=>""2014-01-31"", ""line_item_id""=>""5428"", ""resolved_date""=>""2014-02-06""",false,,,true,,,,3610,,14,2014-02-01 00:43:05.422,2014-04-08 03:12:02.533,,23,DelinquencyStage,"0de5d828-15ef-4b71-96d7-9f1a72bc52c6",removed,false,,,,5180,,,,,24174007,,,,,,,,,
20234,AddFeeDelinquencyTenantEvent,"""fee_invoice_id""=>""5300""",false,,2014-02-01 00:43:05.420,true,,,,3610,,14,2014-02-01 00:43:05.429,2014-02-06 15:56:14.682,20233,28,DelinquencyStageAction,"1087bcd6-e86b-4710-b870-9c8658bedff2",removed,false,,,,5180,,,,,24174007,,,,,,,,,
20235,GateLockoutDelinquencyTenantEvent,"",false,,2014-02-06 05:00:00.000,true,,,,3610,,14,2014-02-01 00:43:05.450,2014-02-06 15:56:14.760,20233,29,DelinquencyStageAction,"220af055-6ba6-461c-9f91-020bfc192b38",removed,false,,,,5180,,,,,24174007,,,,,,,,,
20236,OverlockDelinquencyTenantEvent,"",false,,2014-02-06 21:32:35.708,true,,54,6019,3610,,14,2014-02-01 00:43:05.491,2024-03-07 18:57:06.995,20233,30,DelinquencyStageAction,"363a15d7-71af-40fe-916e-3c228f65b30b",overlock_removed,false,,,,5180,,,,,24174007,,,,,,,,,
20237,DelinquencyStageTenantEvent,"""invoice_id""=>""5299"", ""applied_date""=>""2014-01-31"", ""line_item_id""=>""5428"", ""resolved_date""=>""2014-02-06""",false,,,true,,,,3610,,14,2014-02-01 00:43:05.544,2014-04-08 03:12:02.563,,24,DelinquencyStage,"632e904e-c93f-4702-b389-02c02d4feae8",removed,false,,,,5180,,,,,24174249,,,,,,,,,
20238,PrintMailDelinquencyTenantEvent,"",false,,2014-02-04 17:00:21.589,true,,31,6019,3610,,14,2014-02-01 00:43:05.550,2024-03-07 18:57:06.995,20237,31,DelinquencyStageAction,"9345ec10-e0c9-4c05-ac1b-b4b627d4a198",letter_sent,false,,,,5180,,,,,24174249,,,,,,,,,
20239,NoteEvent,"",false,,,false,,,,3611,,14,2014-02-01 00:43:05.872,2014-04-08 03:13:27.729,,,,b803cd03-81fc-4649-b7b7-e7ddbca72112,,false,,,,,,,,,,,,,,,,,,
20240,MoveInUnitEvent,"""rate""=>""55.0"", ""move_in_date""=>""2014-01-08"", ""gate_access_code""=>""02176"", ""move_in_initiated_date""=>""2014-01-08""",false,,2014-02-01 00:43:05.899,true,,,6020,3611,,14,2014-01-08 10:00:00.000,2024-03-07 18:57:06.995,,,,"60eb294a-2a19-4b87-ae08-d36d5683a478",,false,,,,5181,,,,,,,,,,,,,,
20241,InvoiceSentTenantEvent,"""invoice_sent""=>""true""",false,,,true,,,,3611,,14,2014-02-01 00:43:06.185,2014-02-01 00:43:06.292,,5302,Invoice,"75507b57-493c-4643-a0bb-4a289cc55827",,false,,,,,,,,,,,,,,,,,,
20242,InvoiceSentTenantEvent,"""invoice_sent""=>""true""",false,,,true,,,,3611,,14,2014-02-01 00:43:06.458,2014-02-01 00:43:06.471,,5303,Invoice,f6926392-47f0-404f-a786-eefd6b17c034,,false,,,,,,,,,,,,,,,,,,
20243,MoveInUnitEvent,"""rate""=>""55.0"", ""move_in_date""=>""2014-01-11"", ""gate_access_code""=>""09431"", ""move_in_initiated_date""=>""2014-01-11""",false,,2014-02-01 00:43:06.661,true,,,6021,3612,,14,2014-01-11 10:00:00.000,2024-03-07 18:57:06.995,,,,"7bf77d70-21e4-4304-8d0e-aff68b356ed8",,false,,,,5182,,,,,,,,,,,,,,
20244,InvoiceSentTenantEvent,"""invoice_sent""=>""true""",false,,,true,,,,3612,,14,2014-02-01 00:43:07.077,2014-02-01 00:43:07.089,,5304,Invoice,e579bd24-deb2-4c16-8d14-01fe307901cb,,false,,,,,,,,,,,,,,,,,,
20245,InvoiceSentTenantEvent,"""invoice_sent""=>""true""",false,,,true,,,,3612,,14,2014-02-01 00:43:07.261,2014-02-01 00:43:07.273,,5305,Invoice,f7ca49c6-0065-4883-ac6c-6cbd228f0a04,,false,,,,,,,,,,,,,,,,,,
20246,InvoiceSentTenantEvent,"""invoice_sent""=>""true""",false,,,true,,,,3612,,14,2014-02-01 00:43:07.696,2014-02-01 00:43:07.709,,5306,Invoice,a8a48e3c-9259-420b-93a6-cd16e1f44970,,false,,,,,,,,,,,,,,,,,,
20247,NoteEvent,"",false,,,false,,,,3613,,14,2014-02-01 00:43:07.876,2014-04-08 03:13:27.750,,,,b0615c71-316e-4d76-aef7-4565d36f95d7,,false,,,,,,,,,,,,,,,,,,
20248,MoveInUnitEvent,"""rate""=>""55.0"", ""move_in_date""=>""2013-08-07"", ""gate_access_code""=>""00120"", ""move_in_initiated_date""=>""2013-08-07""",false,,2014-02-01 00:43:08.001,true,,,6022,3613,,14,2013-08-07 10:00:00.000,2024-03-07 18:57:06.995,,,,ac19b0f4-d8af-4577-a3ad-d3c2e582ee56,,false,,,,5183,,,,,,,,,,,,,,
20249,InvoiceSentTenantEvent,"""invoice_sent""=>""true""",false,,,true,,,,3613,,14,2014-02-01 00:43:08.306,2014-02-01 00:43:08.319,,5307,Invoice,"3d78ea04-b045-4091-80d8-a7b171e5efba",,false,,,,,,,,,,,,,,,,,,
20250,InvoiceSentTenantEvent,"""invoice_sent""=>""true""",false,,,true,,,,3613,,14,2014-02-01 00:43:08.454,2014-02-01 00:43:08.465,,5308,Invoice,"85de082a-76fc-4139-9910-ba5619ff4c45",,false,,,,,,,,,,,,,,,,,,
20251,InvoiceSentTenantEvent,"""invoice_sent""=>""true""",false,,,true,,,,3613,,14,2014-02-01 00:43:08.709,2014-02-01 00:43:08.723,,5309,Invoice,"7dc3578f-cef6-493d-9ff5-57c5e3dc794d",,false,,,,,,,,,,,,,,,,,,
20252,InvoiceSentTenantEvent,"""invoice_sent""=>""true""",false,,,true,,,,3613,,14,2014-02-01 00:43:08.894,2014-02-01 00:43:08.906,,5310,Invoice,"65948b3c-c14f-4d9d-9c43-677b3d52700d",,false,,,,,,,,,,,,,,,,,,
20253,DelinquencyStageTenantEvent,"""invoice_id""=>""5308"", ""applied_date""=>""2014-02-19"", ""line_item_id""=>""5437"", ""resolved_date""=>""2014-04-09""",false,,,true,,,,3613,,14,2014-02-01 00:43:08.972,2014-04-09 15:47:30.972,,23,DelinquencyStage,"15549ecb-ae99-48fd-a80b-7391e5255ad4",removed,false,,,,5183,,,,,24188673,,,,,,,,,
20254,AddFeeDelinquencyTenantEvent,"""fee_invoice_id""=>""5309""",false,,2014-02-01 00:43:08.970,true,,,,3613,,14,2014-02-01 00:43:08.979,2014-03-01 16:58:47.563,20253,28,DelinquencyStageAction,"495196d2-1684-42b2-b586-60d4048e6152",removed,false,,,,5183,,,,,24188673,,,,,,,,,
20255,GateLockoutDelinquencyTenantEvent,"",false,,2014-03-01 05:00:00.000,true,,,,3613,,14,2014-02-01 00:43:08.999,2014-03-01 16:58:47.632,20253,29,DelinquencyStageAction,c9fd531d-68ff-464f-b865-7d02c84811bc,removed,false,,,,5183,,,,,24188673,,,,,,,,,
20256,OverlockDelinquencyTenantEvent,"""last_action_date""=>""2014-04-09""",false,,2014-04-09 15:47:30.959,true,,40,6022,3613,,14,2014-02-01 00:43:09.039,2024-03-07 18:57:06.995,20253,30,DelinquencyStageAction,"3b8183bf-8439-40fa-9d9f-73c1c49d0199",overlock_removed,false,,,,5183,,,,,24188673,,,,,,,,,
20257,DelinquencyStageTenantEvent,"""invoice_id""=>""5308"", ""applied_date""=>""2014-02-24"", ""line_item_id""=>""5437"", ""resolved_date""=>""2014-03-01""",false,,,true,,,,3613,,14,2014-02-01 00:43:09.096,2014-04-08 03:12:02.647,,24,DelinquencyStage,"409cc6f9-bebb-4cb5-bedd-d5acb75b5d54",removed,false,,,,5183,,,,,24189137,,,,,,,,,
20258,PrintMailDelinquencyTenantEvent,"",false,,2014-02-04 17:00:28.910,true,,31,6022,3613,,14,2014-02-01 00:43:09.102,2024-03-07 18:57:06.995,20257,31,DelinquencyStageAction,"4a713ae7-ff68-4a93-a448-4fed4ca4258b",letter_sent,false,,,,5183,,,,,24189137,,,,,,,,,
20259,DelinquencyStageTenantEvent,"""invoice_id""=>""5308"", ""applied_date""=>""2014-03-21"", ""line_item_id""=>""5437"", ""resolved_date""=>""2014-03-01""",false,,,true,,,,3613,,14,2014-02-01 00:43:09.258,2014-04-08 03:12:02.678,,25,DelinquencyStage,"309b1c8d-91dc-4d23-984a-7b6ece5ad41a",removed,false,,,,5183,,,,,24189350,,,,,,,,,
20260,AddFeeDelinquencyTenantEvent,"""fee_invoice_id""=>""5309""",false,,2014-02-01 00:43:09.256,true,,,,3613,,14,2014-02-01 00:43:09.264,2014-03-01 16:58:47.858,20259,32,DelinquencyStageAction,e10c60a7-4f29-4667-8968-f48927ed7462,removed,false,,,,5183,,,,,24189350,,,,,,,,,
20261,DelinquencyStageTenantEvent,"""invoice_id""=>""5308"", ""applied_date""=>""2014-03-26"", ""line_item_id""=>""5437"", ""resolved_date""=>""2014-03-01""",false,,,true,,,,3613,,14,2014-02-01 00:43:09.320,2014-04-08 03:12:02.791,,26,DelinquencyStage,"54d8007c-35fa-43f4-95df-484951b7015e",removed,false,,,,5183,,,,,24189629,,,,,,,,,
20262,PrintMailDelinquencyTenantEvent,"",false,,2014-02-04 17:00:33.926,true,,31,6022,3613,,14,2014-02-01 00:43:09.326,2024-03-07 18:57:06.995,20261,33,DelinquencyStageAction,"06058644-bb2e-486b-a669-752a6951b6b4",letter_sent,false,,,,5183,,,,,24189629,,,,,,,,,
20263,NoteEvent,"",false,,2014-02-06 22:19:16.773,false,,31,,3614,,14,2014-02-01 00:43:09.585,2014-04-08 03:13:27.773,,,,fba59a59-3edb-4fd9-b679-8b6200dbfe88,,false,,,,,,,,,,,,,,,,,,
20264,MoveInUnitEvent,"""rate""=>""55.0"", ""move_in_date""=>""2013-09-21"", ""gate_access_code""=>""08208"", ""move_in_initiated_date""=>""2013-09-21""",false,,2014-02-01 00:43:09.614,true,,,6023,3614,,14,2013-09-21 10:00:00.000,2024-03-07 18:57:06.995,,,,be30cc1a-0c3a-4a49-9b63-c5210fccfc75,,false,,,,5184,,,,,,,,,,,,,,
20265,InvoiceSentTenantEvent,"""invoice_sent""=>""true""",false,,,true,,,,3614,,14,2014-02-01 00:43:10.020,2014-02-01 00:43:10.032,,5311,Invoice,fb054b38-10f9-4aba-bbbc-26133a831a15,,false,,,,,,,,,,,,,,,,,,
20266,InvoiceSentTenantEvent,"""invoice_sent""=>""true""",false,,,true,,,,3614,,14,2014-02-01 00:43:10.177,2014-02-01 00:43:10.190,,5312,Invoice,deab04aa-4c6e-4065-a472-3d89cc44c152,,false,,,,,,,,,,,,,,,,,,
20267,InvoiceSentTenantEvent,"""invoice_sent""=>""true""",false,,,true,,,,3614,,14,2014-02-01 00:43:10.439,2014-02-01 00:43:10.455,,5313,Invoice,"4342f255-0dd9-42c6-ae40-efd418d715ee",,false,,,,,,,,,,,,,,,,,,
20268,InvoiceSentTenantEvent,"""invoice_sent""=>""true""",false,,,true,,,,3614,,14,2014-02-01 00:43:10.630,2014-02-01 00:43:10.642,,5314,Invoice,"5419dfc4-bdff-481f-b970-7b7e732ac7e2",,false,,,,,,,,,,,,,,,,,,
20269,DelinquencyStageTenantEvent,"""invoice_id""=>""5312"", ""applied_date""=>""2013-11-11"", ""line_item_id""=>""5441"", ""resolved_date""=>""2014-03-03""",false,,,true,,,,3614,,14,2014-02-01 00:43:10.708,2014-04-08 03:12:02.845,,23,DelinquencyStage,e690ceea-1d3b-4788-9686-096bf21fbbcb,removed,false,,,,5184,,,,,24192414,,,,,,,,,
20270,AddFeeDelinquencyTenantEvent,"""fee_invoice_id""=>""5313""",false,,2014-02-01 00:43:10.706,true,,,,3614,,14,2014-02-01 00:43:10.714,2014-03-03 16:00:05.659,20269,28,DelinquencyStageAction,db61afc7-c3ba-4f64-902e-40cbc39145bf,removed,false,,,,5184,,,,,24192414,,,,,,,,,
20271,GateLockoutDelinquencyTenantEvent,"",false,,2014-03-03 05:00:00.000,true,,,,3614,,14,2014-02-01 00:43:10.735,2014-03-03 16:00:05.888,20269,29,DelinquencyStageAction,bb35223e-c0ef-4925-a9cb-1adb753ff383,removed,false,,,,5184,,,,,24192414,,,,,,,,,
20272,OverlockDelinquencyTenantEvent,"",false,,2014-03-03 21:38:56.725,true,,49,6023,3614,,14,2014-02-01 00:43:10.776,2024-03-07 18:57:06.995,20269,30,DelinquencyStageAction,"7933326e-ba88-4f8c-b9b5-255092eec5c7",overlock_removed,false,,,,5184,,,,,24192414,,,,,,,,,
20273,DelinquencyStageTenantEvent,"""invoice_id""=>""5312"", ""applied_date""=>""2013-11-16"", ""line_item_id""=>""5441"", ""resolved_date""=>""2014-03-03""",false,,,true,,,,3614,,14,2014-02-01 00:43:10.830,2014-04-08 03:12:02.876,,24,DelinquencyStage,e3c606e1-6566-47fe-8dd5-abd905ab7c18,removed,false,,,,5184,,,,,24192711,,,,,,,,,
20274,PrintMailDelinquencyTenantEvent,"",false,,2014-02-04 17:00:54.305,true,,31,6023,3614,,14,2014-02-01 00:43:10.836,2024-03-07 18:57:06.995,20273,31,DelinquencyStageAction,faaebfd0-51b4-4d7a-8af0-52ca1c61c427,letter_sent,false,,,,5184,,,,,24192711,,,,,,,,,
20275,DelinquencyStageTenantEvent,"""invoice_id""=>""5312"", ""applied_date""=>""2013-12-11"", ""line_item_id""=>""5441"", ""resolved_date""=>""2014-03-03""",false,,,true,,,,3614,,14,2014-02-01 00:43:10.892,2014-04-08 03:12:02.908,,25,DelinquencyStage,"0a01c21c-7c00-42b6-85f1-6cb36282bba3",removed,false,,,,5184,,,,,24193093,,,,,,,,,
20276,AddFeeDelinquencyTenantEvent,"""fee_invoice_id""=>""5313""",false,,2014-02-01 00:43:10.890,true,,,,3614,,14,2014-02-01 00:43:10.898,2014-03-03 16:00:06.064,20275,32,DelinquencyStageAction,aa9e3aa2-2e2e-4fb1-9a53-4dd6e1f592c2,removed,false,,,,5184,,,,,24193093,,,,,,,,,
20277,DelinquencyStageTenantEvent,"""invoice_id""=>""5312"", ""applied_date""=>""2013-12-16"", ""line_item_id""=>""5441"", ""resolved_date""=>""2014-03-03""",false,,,true,,,,3614,,14,2014-02-01 00:43:11.052,2014-04-08 03:12:02.939,,26,DelinquencyStage,"00f094cb-45aa-476f-b409-ae498546fe65",removed,false,,,,5184,,,,,24193442,,,,,,,,,
20278,PrintMailDelinquencyTenantEvent,"",false,,2014-02-04 17:00:52.320,true,,31,6023,3614,,14,2014-02-01 00:43:11.058,2024-03-07 18:57:06.995,20277,33,DelinquencyStageAction,"82e62b06-4855-4cd8-ab04-3be3f5bffd95",letter_sent,false,,,,5184,,,,,24193442,,,,,,,,,
20279,DelinquencyStageTenantEvent,"""invoice_id""=>""5312"", ""applied_date""=>""2014-01-10"", ""line_item_id""=>""5441"", ""resolved_date""=>""2014-03-03""",false,,,true,,,,3614,,14,2014-02-01 00:43:11.116,2014-04-08 03:12:02.970,,27,DelinquencyStage,f3b8a022-c45a-4b3f-94a7-87f8f5ef4b74,removed,false,,,,5184,,,,,24193725,,,,,,,,,
20280,AddFeeDelinquencyTenantEvent,"""fee_invoice_id""=>""5313""",false,,2014-02-01 00:43:11.114,true,,,,3614,,14,2014-02-01 00:43:11.122,2014-03-03 16:00:06.397,20279,34,DelinquencyStageAction,"25d7cab0-37dd-4185-9b70-8bfe9c70c93f",removed,false,,,,5184,,,,,24193725,,,,,,,,,
20281,DelinquencyStageTenantEvent,"""invoice_id""=>""5312"", ""applied_date""=>""2014-01-15"", ""line_item_id""=>""5441"", ""resolved_date""=>""2014-03-03""",false,,,true,,,,3614,,14,2014-02-01 00:43:11.176,2014-04-08 03:12:03.001,,28,DelinquencyStage,"21491480-afe2-4276-9b23-108f34c0970e",removed,false,,,,5184,,,,,24194093,,,,,,,,,
20282,PrintMailDelinquencyTenantEvent,"",false,,2014-02-04 17:00:49.697,true,,31,6023,3614,,14,2014-02-01 00:43:11.183,2024-03-07 18:57:06.995,20281,35,DelinquencyStageAction,ea9dad3d-fbc6-4b2f-aca9-9e9064651bd9,letter_sent,false,,,,5184,,,,,24194093,,,,,,,,,
20283,DelinquencyStageTenantEvent,"""invoice_id""=>""5312"", ""applied_date""=>""2014-01-30"", ""line_item_id""=>""5441"", ""resolved_date""=>""2014-03-03""",false,,,true,,,,3614,,14,2014-02-01 00:43:11.235,2014-04-08 03:12:03.032,,29,DelinquencyStage,dbf5e08e-a2f3-4256-83ea-2b4f6b0d6c73,removed,false,,,,5184,,,,,24194316,,,,,,,,,
20284,PrintMailDelinquencyTenantEvent,"",false,,2014-02-04 17:00:47.360,true,,31,6023,3614,,14,2014-02-01 00:43:11.241,2024-03-07 18:57:06.995,20283,36,DelinquencyStageAction,f617f515-a611-46d9-b004-aa46a5629a26,letter_sent,false,,,,5184,,,,,24194316,,,,,,,,,
20285,NoteEvent,"",false,,2014-02-06 22:18:55.674,false,,31,,3615,,14,2014-02-01 00:43:11.637,2014-04-08 03:13:27.797,,,,"54fa1895-1f1c-4a0d-ba2b-5584e4906f4c",,false,,,,,,,,,,,,,,,,,,
20286,MoveInUnitEvent,"""rate""=>""55.0"", ""move_in_date""=>""2013-07-01"", ""gate_access_code""=>""04174"", ""move_in_initiated_date""=>""2013-07-01""",false,,2014-02-01 00:43:11.665,true,,,6024,3615,,14,2013-07-01 10:00:00.000,2024-03-07 18:57:06.995,,,,"7cce97c4-3eee-4cdb-a696-e759d201882f",,false,,,,5185,,,,,,,,,,,,,,
20287,InvoiceSentTenantEvent,"""invoice_sent""=>""true""",false,,,true,,,,3615,,14,2014-02-01 00:43:11.984,2014-02-01 00:43:11.988,,5315,Invoice,"371a05be-8d31-40e7-879a-6c21469cbc9d",,false,,,,,,,,,,,,,,,,,,
20288,InvoiceSentTenantEvent,"""invoice_sent""=>""true""",false,,,true,,,,3615,,14,2014-02-01 00:43:12.258,2014-02-01 00:43:12.264,,5316,Invoice,ef0ff9e8-b360-4c3e-b0ba-dd913dab6976,,false,,,,,,,,,,,,,,,,,,
20289,InvoiceSentTenantEvent,"""invoice_sent""=>""true""",false,,,true,,,,3615,,14,2014-02-01 00:43:12.423,2014-02-01 00:43:12.445,,5317,Invoice,"8ad6e7d7-28a1-4e11-86cb-abbb63355bba",,false,,,,,,,,,,,,,,,,,,
20290,InvoiceSentTenantEvent,"""invoice_sent""=>""true""",false,,,true,,,,3615,,14,2014-02-01 00:43:12.614,2014-02-01 00:43:12.628,,5318,Invoice,e9392b7b-5aa7-4d52-9776-dd7e73597d62,,false,,,,,,,,,,,,,,,,,,
20291,DelinquencyStageTenantEvent,"""invoice_id""=>""5316"", ""applied_date""=>""2014-01-31"", ""line_item_id""=>""5445"", ""resolved_date""=>""2014-02-14""",false,,,true,,,,3615,,14,2014-02-01 00:43:12.694,2014-04-08 03:12:03.087,,23,DelinquencyStage,"2322adac-866b-40a7-8d1e-5c9ed5495df8",removed,false,,,,5185,,,,,24196148,,,,,,,,,
20292,AddFeeDelinquencyTenantEvent,"""fee_invoice_id""=>""5317""",false,,2014-02-01 00:43:12.692,true,,,,3615,,14,2014-02-01 00:43:12.701,2014-02-14 19:25:23.063,20291,28,DelinquencyStageAction,"4a180b66-98a9-4206-9f15-c95205f78747",removed,false,,,,5185,,,,,24196148,,,,,,,,,
20293,GateLockoutDelinquencyTenantEvent,"",false,,2014-02-14 05:00:00.000,true,,,,3615,,14,2014-02-01 00:43:12.722,2014-02-14 19:25:23.248,20291,29,DelinquencyStageAction,"953cc023-09d8-4bd2-950f-6f7fe5c3bf05",removed,false,,,,5185,,,,,24196148,,,,,,,,,
20294,OverlockDelinquencyTenantEvent,"",false,,2014-02-14 20:06:03.488,true,,40,6024,3615,,14,2014-02-01 00:43:12.861,2024-03-07 18:57:06.995,20291,30,DelinquencyStageAction,"1a14ed62-da42-4b79-933a-3a04f6fa4973",overlock_removed,false,,,,5185,,,,,24196148,,,,,,,,,
20295,DelinquencyStageTenantEvent,"""invoice_id""=>""5316"", ""applied_date""=>""2014-01-31"", ""line_item_id""=>""5445"", ""resolved_date""=>""2014-02-14""",false,,,true,,,,3615,,14,2014-02-01 00:43:12.915,2014-04-08 03:12:03.119,,24,DelinquencyStage,"2ed858b8-2128-4b66-af09-80314cb2529b",removed,false,,,,5185,,,,,24196401,,,,,,,,,
20296,PrintMailDelinquencyTenantEvent,"",false,,2014-02-04 17:01:01.348,true,,31,6024,3615,,14,2014-02-01 00:43:12.921,2024-03-07 18:57:06.995,20295,31,DelinquencyStageAction,"1aa6d8f1-9da0-4c3e-ae5f-4bf657b9d6ca",letter_sent,false,,,,5185,,,,,24196401,,,,,,,,,
20297,MoveInUnitEvent,"""rate""=>""55.0"", ""move_in_date""=>""2013-06-22"", ""gate_access_code""=>""04321"", ""move_in_initiated_date""=>""2013-06-22""",false,,2014-02-01 00:43:13.171,true,,,6025,3599,,14,2013-06-22 10:00:00.000,2024-03-07 18:57:06.995,,,,"1057bb2a-a462-4df8-a8a3-4bf43db040be",,false,,,,5186,,,,,,,,,,,,,,
20298,InvoiceSentTenantEvent,"""invoice_sent""=>""true""",false,,,true,,,,3599,,14,2014-02-01 00:43:13.575,2014-02-01 00:43:13.571,,5319,Invoice,"8fff1adf-cfb7-4d4a-96ad-a554861edb11",,false,,,,,,,,,,,,,,,,,,
20299,InvoiceSentTenantEvent,"""invoice_sent""=>""true""",false,,,true,,,,3599,,14,2014-02-01 00:43:13.762,2014-02-01 00:43:13.780,,5320,Invoice,"1fb3b56e-8058-48c1-acb4-15fef120d483",,false,,,,,,,,,,,,,,,,,,
20300,NoteEvent,"",false,,2014-02-06 22:18:26.779,false,,31,,3616,,14,2014-02-01 00:43:14.059,2014-04-08 03:13:27.821,,,,"397b7455-c877-40f3-9db7-f3cec1ff1d69",,false,,,,,,,,,,,,,,,,,,
20301,NoteEvent,"",false,,,false,,,,3616,,14,2014-02-01 00:43:14.065,2014-04-08 03:13:27.843,,,,"6918e2ba-2b6e-4b6c-a1ff-465e7593cda7",,false,,,,,,,,,,,,,,,,,,
20302,MoveInUnitEvent,"""rate""=>""55.0"", ""move_in_date""=>""2013-02-08"", ""gate_access_code""=>""07720"", ""move_in_initiated_date""=>""2013-02-08""",false,,2014-02-01 00:43:14.092,true,,,6026,3616,,14,2013-02-08 10:00:00.000,2024-03-07 18:57:06.995,,,,b0b8150d-a5a9-4c17-86de-340b4ae5a543,,false,,,,5187,,,,,,,,,,,,,,
20303,InvoiceSentTenantEvent,"""invoice_sent""=>""true""",false,,,true,,,,3616,,14,2014-02-01 00:43:14.395,2014-02-01 00:43:14.389,,5321,Invoice,"4d2d5085-db8a-4a9a-8691-0c17196f7efe",,false,,,,,,,,,,,,,,,,,,
20304,InvoiceSentTenantEvent,"""invoice_sent""=>""true""",false,,,true,,,,3616,,14,2014-02-01 00:43:14.649,2014-02-01 00:43:14.666,,5322,Invoice,"5356dcde-83b8-4434-9272-c123da8bdb33",,false,,,,,,,,,,,,,,,,,,
20305,InvoiceSentTenantEvent,"""invoice_sent""=>""true""",false,,,true,,,,3616,,14,2014-02-01 00:43:14.808,2014-02-01 00:43:14.841,,5323,Invoice,b1bd0d02-ad3e-484c-9c95-77a4a5eac9ca,,false,,,,,,,,,,,,,,,,,,
20306,InvoiceSentTenantEvent,"""invoice_sent""=>""true""",false,,,true,,,,3616,,14,2014-02-01 00:43:15.000,2014-02-01 00:43:14.999,,5324,Invoice,c342c8b9-ce30-40de-9f4f-08022a61b8c1,,false,,,,,,,,,,,,,,,,,,
20307,DelinquencyStageTenantEvent,"""invoice_id""=>""5322"", ""applied_date""=>""2014-01-31"", ""line_item_id""=>""5451"", ""resolved_date""=>""2014-02-21""",false,,,true,,,,3616,,14,2014-02-01 00:43:15.180,2014-04-08 03:12:03.179,,23,DelinquencyStage,abe2fb61-95d2-46cf-808a-525b2481846d,removed,false,,,,5187,,,,,24203153,,,,,,,,,
20308,AddFeeDelinquencyTenantEvent,"""fee_invoice_id""=>""5323""",false,,2014-02-01 00:43:15.178,true,,,,3616,,14,2014-02-01 00:43:15.187,2014-02-21 18:26:10.011,20307,28,DelinquencyStageAction,"0677a303-75d8-4c8e-8669-c5833e29b9c5",removed,false,,,,5187,,,,,24203153,,,,,,,,,
20309,GateLockoutDelinquencyTenantEvent,"",false,,2014-02-21 05:00:00.000,true,,,,3616,,14,2014-02-01 00:43:15.208,2014-02-21 18:26:10.551,20307,29,DelinquencyStageAction,f776ac0d-1636-4e1a-a6d1-a01ccc2c57a5,removed,false,,,,5187,,,,,24203153,,,,,,,,,
20310,OverlockDelinquencyTenantEvent,"",false,,2014-02-21 18:26:39.751,true,,40,6026,3616,,14,2014-02-01 00:43:15.254,2024-03-07 18:57:06.995,20307,30,DelinquencyStageAction,"100474d9-8ee7-4ab0-9515-4321ad4577fd",overlock_removed,false,,,,5187,,,,,24203153,,,,,,,,,
20311,DelinquencyStageTenantEvent,"""invoice_id""=>""5322"", ""applied_date""=>""2014-01-31"", ""line_item_id""=>""5451"", ""resolved_date""=>""2014-02-21""",false,,,true,,,,3616,,14,2014-02-01 00:43:15.309,2014-04-08 03:12:03.209,,24,DelinquencyStage,"3e8c4d2b-e316-4568-aa0a-28438d283dbb",removed,false,,,,5187,,,,,24203389,,,,,,,,,
20312,PrintMailDelinquencyTenantEvent,"",false,,2014-02-04 17:01:26.432,true,,31,6026,3616,,14,2014-02-01 00:43:15.316,2024-03-07 18:57:06.995,20311,31,DelinquencyStageAction,"54055faa-39f5-468a-b3ff-3cb05ea4b313",letter_sent,false,,,,5187,,,,,24203389,,,,,,,,,
20313,DelinquencyStageTenantEvent,"""invoice_id""=>""5322"", ""applied_date""=>""2014-01-31"", ""line_item_id""=>""5451"", ""resolved_date""=>""2014-02-21""",false,,,true,,,,3616,,14,2014-02-01 00:43:15.375,2014-04-08 03:12:03.238,,25,DelinquencyStage,c080ed02-4cd6-4e6c-9638-326527487d73,removed,false,,,,5187,,,,,24203638,,,,,,,,,
20314,AddFeeDelinquencyTenantEvent,"""fee_invoice_id""=>""5323""",false,,2014-02-01 00:43:15.373,true,,,,3616,,14,2014-02-01 00:43:15.381,2014-02-21 18:26:09.635,20313,32,DelinquencyStageAction,edfc08d0-192f-4812-88ea-2e1be721c767,removed,false,,,,5187,,,,,24203638,,,,,,,,,
20315,DelinquencyStageTenantEvent,"""invoice_id""=>""5322"", ""applied_date""=>""2014-01-31"", ""line_item_id""=>""5451"", ""resolved_date""=>""2014-02-21""",false,,,true,,,,3616,,14,2014-02-01 00:43:15.437,2014-04-08 03:12:03.268,,26,DelinquencyStage,"9678c709-8190-4710-9743-0c552cc7d15d",removed,false,,,,5187,,,,,24203987,,,,,,,,,
20316,PrintMailDelinquencyTenantEvent,"",false,,2014-02-04 17:01:24.299,true,,31,6026,3616,,14,2014-02-01 00:43:15.443,2024-03-07 18:57:06.995,20315,33,DelinquencyStageAction,fe23c265-6fa9-47d5-86a1-9e485004a12a,letter_sent,false,,,,5187,,,,,24203987,,,,,,,,,
20317,DelinquencyStageTenantEvent,"""invoice_id""=>""5322"", ""applied_date""=>""2014-01-31"", ""line_item_id""=>""5451"", ""resolved_date""=>""2014-02-21""",false,,,true,,,,3616,,14,2014-02-01 00:43:15.501,2014-04-08 03:12:03.296,,27,DelinquencyStage,"6fe88212-81f3-45e3-a139-51658f5f9c38",removed,false,,,,5187,,,,,24204680,,,,,,,,,
20318,AddFeeDelinquencyTenantEvent,"""fee_invoice_id""=>""5323""",false,,2014-02-01 00:43:15.499,true,,,,3616,,14,2014-02-01 00:43:15.507,2014-02-21 18:26:08.872,20317,34,DelinquencyStageAction,"1431282d-a651-4d30-95e3-ea4da6ac95f4",removed,false,,,,5187,,,,,24204680,,,,,,,,,
20319,DelinquencyStageTenantEvent,"""invoice_id""=>""5322"", ""applied_date""=>""2014-01-31"", ""line_item_id""=>""5451"", ""resolved_date""=>""2014-02-21""",false,,,true,,,,3616,,14,2014-02-01 00:43:15.563,2014-04-08 03:12:03.325,,28,DelinquencyStage,"61e245ae-7d40-42a2-96bc-7e3178ba54e5",removed,false,,,,5187,,,,,24205035,,,,,,,,,
20320,PrintMailDelinquencyTenantEvent,"",false,,2014-02-04 17:01:21.573,true,,31,6026,3616,,14,2014-02-01 00:43:15.569,2024-03-07 18:57:06.995,20319,35,DelinquencyStageAction,"57950445-d6e1-4610-b2e7-2d01952061b4",letter_sent,false,,,,5187,,,,,24205035,,,,,,,,,
20321,DelinquencyStageTenantEvent,"""invoice_id""=>""5322"", ""applied_date""=>""2014-01-31"", ""line_item_id""=>""5451"", ""resolved_date""=>""2014-02-21""",false,,,true,,,,3616,,14,2014-02-01 00:43:15.623,2014-04-08 03:12:03.354,,29,DelinquencyStage,"076da25f-1c10-4bd5-94c9-37786555bd01",removed,false,,,,5187,,,,,24205339,,,,,,,,,
20322,PrintMailDelinquencyTenantEvent,"",false,,2014-02-04 17:01:18.955,true,,31,6026,3616,,14,2014-02-01 00:43:15.630,2024-03-07 18:57:06.995,20321,36,DelinquencyStageAction,"592a1cea-170e-4013-9676-f2892799766e",letter_sent,false,,,,5187,,,,,24205339,,,,,,,,,
20323,NoteEvent,"",false,,2014-02-06 22:18:02.858,false,,31,,3617,,14,2014-02-01 00:43:16.018,2014-04-08 03:13:27.869,,,,"672e1510-f984-4675-ad1e-0696abadd610",,false,,,,,,,,,,,,,,,,,,
20324,MoveInUnitEvent,"""rate""=>""55.0"", ""move_in_date""=>""2013-02-18"", ""gate_access_code""=>""05640"", ""move_in_initiated_date""=>""2013-02-18""",false,,2014-02-01 00:43:16.046,true,,,6027,3617,,14,2013-02-18 10:00:00.000,2024-03-07 18:57:06.995,,,,"8b26f9ed-a68b-48bc-9a0d-f836fa85329a",,false,,,,5188,,,,,,,,,,,,,,
20325,InvoiceSentTenantEvent,"""invoice_sent""=>""true""",false,,,true,,,,3617,,14,2014-02-01 00:43:16.447,2014-02-01 00:43:16.445,,5325,Invoice,"054efc30-6798-403f-b407-a2b626afb0c9",,false,,,,,,,,,,,,,,,,,,
20326,InvoiceSentTenantEvent,"""invoice_sent""=>""true""",false,,,true,,,,3617,,14,2014-02-01 00:43:16.603,2014-02-01 00:43:16.622,,5326,Invoice,"950e0dc5-0973-4222-ac2a-1b7204dba587",,false,,,,,,,,,,,,,,,,,,
20327,InvoiceSentTenantEvent,"""invoice_sent""=>""true""",false,,,true,,,,3617,,14,2014-02-01 00:43:16.764,2014-02-01 00:43:16.879,,5327,Invoice,"8680bb2d-4910-4711-9c89-3d554257bb69",,false,,,,,,,,,,,,,,,,,,
20328,InvoiceSentTenantEvent,"""invoice_sent""=>""true""",false,,,true,,,,3617,,14,2014-02-01 00:43:17.068,2014-02-01 00:43:17.133,,5328,Invoice,"0b61c918-8cab-4c9c-a536-139d8543f3bd",,false,,,,,,,,,,,,,,,,,,
20329,DelinquencyStageTenantEvent,"""invoice_id""=>""5326"", ""applied_date""=>""2013-07-11"", ""line_item_id""=>""5455"", ""resolved_date""=>""2014-07-09""",false,,,true,,,,3617,,14,2014-02-01 00:43:17.152,2014-07-10 00:45:04.754,,23,DelinquencyStage,"4446d6cf-ca4e-4bd0-aa06-f4e392f36c83",removed,false,,,,5188,,,,,24212588,,,,,,,,,
20330,AddFeeDelinquencyTenantEvent,"""fee_invoice_id""=>""5327""",false,,2014-02-01 00:43:17.150,true,,,,3617,,14,2014-02-01 00:43:17.159,2014-07-10 00:45:04.661,20329,28,DelinquencyStageAction,"614acebe-7696-40e6-88e1-23a8f288bcdb",removed,false,,,,5188,,,,,24212588,,,,,,,,,
20331,GateLockoutDelinquencyTenantEvent,"""last_action_date""=>""2014-07-09""",false,,2014-01-31 05:00:00.000,true,,,,3617,,14,2014-02-01 00:43:17.180,2014-07-10 00:45:04.725,20329,29,DelinquencyStageAction,"7066630f-99e2-4c5f-84cd-be417fe83250",removed,false,,,,5188,,,,,24212588,,,,,,,,,
20332,OverlockDelinquencyTenantEvent,"""last_action_date""=>""2014-07-09""",false,,2014-02-01 00:43:18.246,true,,,6027,3617,,14,2014-02-01 00:43:17.221,2024-03-07 18:57:06.995,20329,30,DelinquencyStageAction,d066d511-1d24-45f9-81dd-8dac057860da,overlock_removed,false,,,,5188,,,,,24212588,,,,,,,,,
20333,DelinquencyStageTenantEvent,"""invoice_id""=>""5326"", ""applied_date""=>""2013-07-16"", ""line_item_id""=>""5455""",false,,,false,,,,3617,,14,2014-02-01 00:43:17.278,2014-04-08 03:12:03.523,,24,DelinquencyStage,ce244673-1044-4469-84e0-a1876e70ece4,applied,false,,,,5188,,,,,24212780,,,,,,,,,
20334,PrintMailDelinquencyTenantEvent,"",false,,2014-02-04 17:02:01.986,true,,31,6027,3617,,14,2014-02-01 00:43:17.284,2024-03-07 18:57:06.995,20333,31,DelinquencyStageAction,"4c950426-90ce-43b2-aafb-93ea22580b67",letter_sent,false,,,,5188,,,,,24212780,,,,,,,,,
20335,DelinquencyStageTenantEvent,"""invoice_id""=>""5326"", ""applied_date""=>""2013-08-10"", ""line_item_id""=>""5455""",false,,,false,,,,3617,,14,2014-02-01 00:43:17.342,2014-04-08 03:12:03.554,,25,DelinquencyStage,"28d3e90d-968f-4c34-a8ea-7e69b560c711",applied,false,,,,5188,,,,,24212981,,,,,,,,,
20336,AddFeeDelinquencyTenantEvent,"""fee_invoice_id""=>""5327""",false,,2014-02-01 00:43:17.341,true,,,,3617,,14,2014-02-01 00:43:17.349,2014-02-01 00:43:18.189,20335,32,DelinquencyStageAction,c21590e0-1485-473c-b89f-1bdcb4164d31,applied,false,,,,5188,,,,,24212981,,,,,,,,,
20337,DelinquencyStageTenantEvent,"""invoice_id""=>""5326"", ""applied_date""=>""2013-08-15"", ""line_item_id""=>""5455""",false,,,false,,,,3617,,14,2014-02-01 00:43:17.502,2014-04-08 03:12:03.583,,26,DelinquencyStage,abed48ad-13f1-48ec-b35d-44603bb7640d,applied,false,,,,5188,,,,,24213270,,,,,,,,,
20338,PrintMailDelinquencyTenantEvent,"",false,,2014-02-04 17:02:00.018,true,,31,6027,3617,,14,2014-02-01 00:43:17.511,2024-03-07 18:57:06.995,20337,33,DelinquencyStageAction,"642e9e2f-c2f9-46e1-8694-5bbea5109ad1",letter_sent,false,,,,5188,,,,,24213270,,,,,,,,,
20339,DelinquencyStageTenantEvent,"""invoice_id""=>""5326"", ""applied_date""=>""2013-09-09"", ""line_item_id""=>""5455""",false,,,false,,,,3617,,14,2014-02-01 00:43:17.570,2014-04-08 03:12:03.612,,27,DelinquencyStage,"64e07bcf-f90a-4802-bb7f-3f6adf15d373",applied,false,,,,5188,,,,,24213510,,,,,,,,,
20340,AddFeeDelinquencyTenantEvent,"""fee_invoice_id""=>""5327""",false,,2014-02-01 00:43:17.568,true,,,,3617,,14,2014-02-01 00:43:17.576,2014-02-01 00:43:18.158,20339,34,DelinquencyStageAction,"69f566ef-e072-432e-9d21-f8eae85676d8",applied,false,,,,5188,,,,,24213510,,,,,,,,,
20341,DelinquencyStageTenantEvent,"""invoice_id""=>""5326"", ""applied_date""=>""2013-09-14"", ""line_item_id""=>""5455""",false,,,false,,,,3617,,14,2014-02-01 00:43:17.630,2014-04-08 03:12:03.640,,28,DelinquencyStage,"985fffe9-47bc-466c-a500-cab4325e90fb",applied,false,,,,5188,,,,,24213731,,,,,,,,,
20342,PrintMailDelinquencyTenantEvent,"",false,,2014-02-04 17:01:57.480,true,,31,6027,3617,,14,2014-02-01 00:43:17.636,2024-03-07 18:57:06.995,20341,35,DelinquencyStageAction,b9e9d346-fb6b-4699-aaf7-1c2655252723,letter_sent,false,,,,5188,,,,,24213731,,,,,,,,,
20343,DelinquencyStageTenantEvent,"""invoice_id""=>""5326"", ""applied_date""=>""2013-09-29"", ""line_item_id""=>""5455""",false,,,false,,,,3617,,14,2014-02-01 00:43:17.688,2014-04-08 03:12:03.670,,29,DelinquencyStage,"348fc1ac-f673-4488-88ff-fc39cda6fa74",applied,false,,,,5188,,,,,24214005,,,,,,,,,
20344,PrintMailDelinquencyTenantEvent,"",false,,2014-02-04 17:01:55.289,true,,31,6027,3617,,14,2014-02-01 00:43:17.694,2024-03-07 18:57:06.995,20343,36,DelinquencyStageAction,d408011d-2d37-453e-853d-dca6982df392,letter_sent,false,,,,5188,,,,,24214005,,,,,,,,,
20345,DelinquencyStageTenantEvent,"""invoice_id""=>""5326"", ""applied_date""=>""2013-10-14"", ""line_item_id""=>""5455""",false,,,false,,,,3617,,14,2014-02-01 00:43:17.746,2014-04-08 03:12:03.698,,30,DelinquencyStage,a29edadb-175d-4cc5-bd20-c614daa9356a,applied,false,,,,5188,,,,,24214273,,,,,,,,,
20346,PrintMailDelinquencyTenantEvent,"",false,,2014-02-04 17:01:52.857,true,,31,6027,3617,,14,2014-02-01 00:43:17.752,2024-03-07 18:57:06.995,20345,37,DelinquencyStageAction,f532935f-cea2-454b-99f9-59d95cef180e,letter_sent,false,,,,5188,,,,,24214273,,,,,,,,,
20347,DelinquencyStageTenantEvent,"""invoice_id""=>""5326"", ""applied_date""=>""2013-10-29"", ""line_item_id""=>""5455""",false,,,false,,,,3617,,14,2014-02-01 00:43:17.804,2014-04-08 03:12:03.726,,31,DelinquencyStage,"24da8fb1-0b7f-48d1-8859-2a3e7bfa45ca",applied,false,,,,5188,,,,,24214574,,,,,,,,,
20348,CutLockDelinquencyTenantEvent,"",false,,2014-02-04 05:00:00.000,true,,31,6027,3617,,14,2014-02-01 00:43:17.810,2024-03-07 18:57:06.995,20347,38,DelinquencyStageAction,bb011dac-3a82-44bb-9535-42a3c1f41385,lock_cut,false,,,,5188,,,,,24214574,,,,,,,,,
20349,DelinquencyStageTenantEvent,"""invoice_id""=>""5326"", ""applied_date""=>""2013-11-13"", ""line_item_id""=>""5455""",false,,,false,,,,3617,,14,2014-02-01 00:43:17.865,2014-04-08 03:12:03.755,,32,DelinquencyStage,"19b6001e-fb4b-4831-b131-5a7ef021f5cc",applied,false,,,,5188,,,,,24214924,,,,,,,,,
20350,PrintMailDelinquencyTenantEvent,"",false,,2014-02-04 17:01:47.303,true,,31,6027,3617,,14,2014-02-01 00:43:17.871,2024-03-07 18:57:06.995,20349,39,DelinquencyStageAction,"5155988d-1b37-4e1b-8066-97c468c5f915",letter_sent,false,,,,5188,,,,,24214924,,,,,,,,,
20351,DelinquencyStageTenantEvent,"""invoice_id""=>""5326"", ""applied_date""=>""2013-11-28"", ""line_item_id""=>""5455""",false,,,false,,,,3617,,14,2014-02-01 00:43:17.928,2014-04-08 03:12:03.783,,33,DelinquencyStage,da546f7a-b32c-46af-af8e-d33181dbc3b2,applied,false,,,,5188,,,,,24215175,,,,,,,,,
20352,AddFeeDelinquencyTenantEvent,"""fee_invoice_id""=>""5327""",false,,2014-02-01 00:43:17.926,true,,,,3617,,14,2014-02-01 00:43:17.934,2014-02-01 00:43:18.138,20351,40,DelinquencyStageAction,caab868c-e7e5-43d4-a959-c75bb7ddcf86,applied,false,,,,5188,,,,,24215175,,,,,,,,,
20353,DelinquencyStageTenantEvent,"""invoice_id""=>""5326"", ""applied_date""=>""2013-12-13"", ""line_item_id""=>""5455""",false,,,false,,,,3617,,14,2014-02-01 00:43:17.988,2014-04-08 03:12:03.810,,34,DelinquencyStage,"18ffb30f-6b7b-4726-a8e8-9ee9de22ad06",applied,false,,,,5188,,,,,24215413,,,,,,,,,
20354,AuctionDelinquencyTenantEvent,"",false,,2014-02-04 17:01:41.443,true,,31,6027,3617,,14,2014-02-01 00:43:18.093,2024-03-07 18:57:06.995,,41,DelinquencyStageAction,dd559323-9386-4d1d-8e5a-fc3fdc53ba19,unit_auctioned,false,,,,5188,,,,,24215413,,,,,,,,,
20355,NoteEvent,"",false,,2014-02-06 22:17:40.228,false,,31,,3618,,14,2014-02-01 00:43:18.423,2014-04-08 03:13:27.893,,,,"312e59c0-baa8-4cae-bef5-14d2e39ba6ff",,false,,,,,,,,,,,,,,,,,,
20356,MoveInUnitEvent,"""rate""=>""55.0"", ""move_in_date""=>""2013-10-23"", ""gate_access_code""=>""02810"", ""move_in_initiated_date""=>""2013-10-23""",false,,2014-02-01 00:43:18.549,true,,,6029,3618,,14,2013-10-23 10:00:00.000,2024-03-07 18:57:06.995,,,,"774f01d2-9465-4513-9947-b165d87d471b",,false,,,,5189,,,,,,,,,,,,,,
20357,InvoiceSentTenantEvent,"""invoice_sent""=>""true""",false,,,true,,,,3618,,14,2014-02-01 00:43:18.910,2014-02-01 00:43:18.924,,5329,Invoice,"1cef3340-1e60-45bf-a84b-c9e8a3d056f0",,false,,,,,,,,,,,,,,,,,,
20358,InvoiceSentTenantEvent,"""invoice_sent""=>""true""",false,,,true,,,,3618,,14,2014-02-01 00:43:19.209,2014-02-01 00:43:19.221,,5330,Invoice,"08e4619c-0749-4318-abb1-dfa0dd90406a",,false,,,,,,,,,,,,,,,,,,
20359,NoteEvent,"",false,,2014-02-06 22:17:15.181,false,,31,,3619,,14,2014-02-01 00:43:19.385,2014-04-08 03:13:27.916,,,,dc66e4de-ff72-4951-93b8-ba2c73a9d4a6,,false,,,,,,,,,,,,,,,,,,
20360,MoveInUnitEvent,"""rate""=>""55.0"", ""move_in_date""=>""2012-06-25"", ""gate_access_code""=>""09233"", ""move_in_initiated_date""=>""2012-06-25""",false,,2014-02-01 00:43:19.415,true,,,6030,3619,,14,2012-06-25 10:00:00.000,2024-03-07 18:57:06.995,,,,"3da6fab0-91d0-4e80-8a9e-f78b8d715a25",,false,,,,5190,,,,,,,,,,,,,,
20361,InvoiceSentTenantEvent,"""invoice_sent""=>""true""",false,,,true,,,,3619,,14,2014-02-01 00:43:19.803,2014-02-01 00:43:19.815,,5331,Invoice,"96574a3c-7c74-4c01-827e-8621cb069720",,false,,,,,,,,,,,,,,,,,,
20362,InvoiceSentTenantEvent,"""invoice_sent""=>""true""",false,,,true,,,,3619,,14,2014-02-01 00:43:19.977,2014-02-01 00:43:19.990,,5332,Invoice,adeabd44-f453-4c15-9e63-27bb5c218238,,false,,,,,,,,,,,,,,,,,,
20363,NoteEvent,"",false,,,false,,,,3620,,14,2014-02-01 00:43:20.120,2014-04-08 03:13:27.936,,,,bf7ff11a-672d-47c3-84c1-a1a0e13b8f9c,,false,,,,,,,,,,,,,,,,,,
20364,MoveInUnitEvent,"""rate""=>""55.0"", ""move_in_date""=>""2008-03-11"", ""gate_access_code""=>""03086"", ""move_in_initiated_date""=>""2008-03-11""",false,,2014-02-01 00:43:20.148,true,,,6031,3620,,14,2008-03-11 10:00:00.000,2024-03-07 18:57:06.995,,,,"81e8da28-b7b4-40f6-87de-5d726679fdc6",,false,,,,5191,,,,,,,,,,,,,,
20365,InvoiceSentTenantEvent,"""invoice_sent""=>""true""",false,,,true,,,,3620,,14,2014-02-01 00:43:20.560,2014-02-01 00:43:20.573,,5333,Invoice,"3f86bdfe-351b-4655-9abf-7aa01cd5074e",,false,,,,,,,,,,,,,,,,,,
20366,InvoiceSentTenantEvent,"""invoice_sent""=>""true""",false,,,true,,,,3620,,14,2014-02-01 00:43:20.742,2014-02-01 00:43:20.754,,5334,Invoice,"9917a27d-8c9f-4c75-b817-25a5507196c2",,false,,,,,,,,,,,,,,,,,,
20367,MoveInUnitEvent,"""rate""=>""55.0"", ""move_in_date""=>""2014-01-27"", ""gate_access_code""=>""03279"", ""move_in_initiated_date""=>""2014-01-27""",false,,2014-02-01 00:43:21.060,true,,,6032,3621,,14,2014-01-27 10:00:00.000,2024-03-07 18:57:06.995,,,,e3d83095-b6f2-4674-b8c6-d7c84eb8f838,,false,,,,5192,,,,,,,,,,,,,,
20368,InvoiceSentTenantEvent,"""invoice_sent""=>""true""",false,,,true,,,,3621,,14,2014-02-01 00:43:21.353,2014-02-01 00:43:21.365,,5335,Invoice,"5c067ed2-77e5-4f57-86ec-8db42b5ded6d",,false,,,,,,,,,,,,,,,,,,
20369,InvoiceSentTenantEvent,"""invoice_sent""=>""true""",false,,,true,,,,3621,,14,2014-02-01 00:43:21.631,2014-02-01 00:43:21.644,,5336,Invoice,"14474e32-6add-4524-9271-69898e013866",,false,,,,,,,,,,,,,,,,,,
20370,NoteEvent,"",false,,2014-02-06 22:16:39.264,false,,31,,3622,,14,2014-02-01 00:43:21.835,2014-04-08 03:13:27.959,,,,edb3dafb-55ca-459b-a6b1-b9e029bb915f,,false,,,,,,,,,,,,,,,,,,
20371,NoteEvent,"",false,,,false,,,,3622,,14,2014-02-01 00:43:21.842,2014-04-08 03:13:27.978,,,,ac498f43-20aa-4342-ab5d-1af1f449dcae,,false,,,,,,,,,,,,,,,,,,
20372,MoveInUnitEvent,"""rate""=>""55.0"", ""move_in_date""=>""2012-01-27"", ""gate_access_code""=>""01979"", ""move_in_initiated_date""=>""2012-01-27""",false,,2014-02-01 00:43:21.872,true,,,6033,3622,,14,2012-01-27 10:00:00.000,2024-03-07 18:57:06.995,,,,"2e273883-b77a-403c-b2e3-c3ef6881da5b",,false,,,,5193,,,,,,,,,,,,,,
20373,InvoiceSentTenantEvent,"""invoice_sent""=>""true""",false,,,true,,,,3622,,14,2014-02-01 00:43:22.294,2014-02-01 00:43:22.301,,5337,Invoice,"89a76624-c72d-4652-a852-207288dcb80d",,false,,,,,,,,,,,,,,,,,,
20374,InvoiceSentTenantEvent,"""invoice_sent""=>""true""",false,,,true,,,,3622,,14,2014-02-01 00:43:22.489,2014-02-01 00:43:22.511,,5338,Invoice,dd2d3e29-dedb-483f-b10c-726523b2358a,,false,,,,,,,,,,,,,,,,,,
20375,MoveInUnitEvent,"""rate""=>""55.0"", ""move_in_date""=>""2011-08-15"", ""gate_access_code""=>""01265"", ""move_in_initiated_date""=>""2011-08-15""",false,,2014-02-01 00:43:22.779,true,,,6034,3623,,14,2011-08-15 10:00:00.000,2024-03-07 18:57:06.995,,,,c11e5f3c-38ed-4e9a-a5b6-37eda4e5a14f,,false,,,,5194,,,,,,,,,,,,,,
20376,InvoiceSentTenantEvent,"""invoice_sent""=>""true""",false,,,true,,,,3623,,14,2014-02-01 00:43:23.078,2014-02-01 00:43:23.116,,5339,Invoice,e462dc0c-b835-4186-b5dd-5b1c16afea6a,,false,,,,,,,,,,,,,,,,,,
20377,InvoiceSentTenantEvent,"""invoice_sent""=>""true""",false,,,true,,,,3623,,14,2014-02-01 00:43:23.376,2014-02-01 00:43:23.373,,5340,Invoice,"2882c45f-7071-4996-aa4b-44d7c26e5e8e",,false,,,,,,,,,,,,,,,,,,
20378,NoteEvent,"",false,,2014-02-06 22:16:17.976,false,,31,,3624,,14,2014-02-01 00:43:23.665,2014-04-08 03:13:28.000,,,,"02a42ac9-c967-44a9-8546-f04ddb699c6b",,false,,,,,,,,,,,,,,,,,,
20379,NoteEvent,"",false,,2014-02-06 22:16:14.722,false,,31,,3624,,14,2014-02-01 00:43:23.672,2014-04-08 03:13:28.021,,,,a422a61e-e7c2-4f17-a827-d16839fcdd64,,false,,,,,,,,,,,,,,,,,,
20380,MoveInUnitEvent,"""rate""=>""80.0"", ""move_in_date""=>""2007-07-13"", ""gate_access_code""=>""01980"", ""move_in_initiated_date""=>""2007-07-13""",false,,2014-02-01 00:43:23.699,true,,,6035,3624,,14,2007-07-13 10:00:00.000,2014-04-08 03:12:55.166,,,,"695ed874-2a25-4725-9cfd-6418ab7d4ec8",,false,,,,5195,,,,,,,,,,,,,,
20381,InvoiceSentTenantEvent,"""invoice_sent""=>""true""",false,,,true,,,,3624,,14,2014-02-01 00:43:24.071,2014-02-01 00:43:24.086,,5341,Invoice,"331b0daa-781c-446a-98de-73f26d3088a5",,false,,,,,,,,,,,,,,,,,,
20382,InvoiceSentTenantEvent,"""invoice_sent""=>""true""",false,,,true,,,,3624,,14,2014-02-01 00:43:24.382,2014-02-01 00:43:24.395,,5342,Invoice,"8c336c50-2713-425b-b108-d0357482d6ea",,false,,,,,,,,,,,,,,,,,,
20383,NoteEvent,"",false,,,false,,,,3625,,14,2014-02-01 00:43:24.585,2014-04-08 03:13:28.041,,,,"690c3468-fc66-4df4-aafb-476fc4199434",,false,,,,,,,,,,,,,,,,,,
20384,MoveInUnitEvent,"""rate""=>""80.0"", ""move_in_date""=>""2013-12-14"", ""gate_access_code""=>""06014"", ""move_in_initiated_date""=>""2013-12-14""",false,,2014-02-01 00:43:24.614,true,,,6036,3625,,14,2013-12-14 10:00:00.000,2014-04-08 03:12:55.201,,,,"02d98b00-be04-487a-ba39-3c2d4a23a8d4",,false,,,,5196,,,,,,,,,,,,,,
20385,InvoiceSentTenantEvent,"""invoice_sent""=>""true""",false,,,true,,,,3625,,14,2014-02-01 00:43:25.017,2014-02-01 00:43:25.035,,5343,Invoice,eae1dd80-2316-4af9-9dad-8f92b7d0ee5d,,false,,,,,,,,,,,,,,,,,,
20386,InvoiceSentTenantEvent,"""invoice_sent""=>""true""",false,,,true,,,,3625,,14,2014-02-01 00:43:25.202,2014-02-01 00:43:25.197,,5344,Invoice,aace5f24-e710-4291-bf89-f1ffe75f36a7,,false,,,,,,,,,,,,,,,,,,
20387,InvoiceSentTenantEvent,"""invoice_sent""=>""true""",false,,,true,,,,3625,,14,2014-02-01 00:43:25.653,2014-02-01 00:43:25.668,,5345,Invoice,"17d07364-1364-4e53-8f21-08d1559929af",,false,,,,,,,,,,,,,,,,,,
20388,MoveInUnitEvent,"""rate""=>""55.0"", ""move_in_date""=>""2011-11-06"", ""gate_access_code""=>""09536"", ""move_in_initiated_date""=>""2011-11-06""",false,,2014-02-01 00:43:25.997,true,,,6038,3626,,14,2011-11-06 10:00:00.000,2024-03-07 18:57:06.995,,,,"2140c348-fb53-4918-9447-c551831f04c6",,false,,,,5197,,,,,,,,,,,,,,
20389,InvoiceSentTenantEvent,"""invoice_sent""=>""true""",false,,,true,,,,3626,,14,2014-02-01 00:43:26.297,2014-02-01 00:43:26.315,,5346,Invoice,b58b9621-0309-44d5-b75f-52b5924e76b7,,false,,,,,,,,,,,,,,,,,,
20390,InvoiceSentTenantEvent,"""invoice_sent""=>""true""",false,,,true,,,,3626,,14,2014-02-01 00:43:26.585,2014-02-01 00:43:26.580,,5347,Invoice,"308ad151-a17c-428d-ac0a-7c82f77df29b",,false,,,,,,,,,,,,,,,,,,
20391,NoteEvent,"",false,,2014-02-06 22:16:11.897,false,,31,,3627,,14,2014-02-01 00:43:26.804,2014-04-08 03:13:28.062,,,,"36c3a1bb-9f39-4b45-b507-c3d351b9e601",,false,,,,,,,,,,,,,,,,,,
20392,MoveInUnitEvent,"""rate""=>""80.0"", ""move_in_date""=>""2005-08-18"", ""gate_access_code""=>""00972"", ""move_in_initiated_date""=>""2005-08-18""",false,,2014-02-01 00:43:26.932,true,,,6040,3627,,14,2005-08-18 10:00:00.000,2014-04-08 03:12:55.257,,,,"60753ae4-bdc0-498a-8f54-ca16ccad8f56",,false,,,,5198,,,,,,,,,,,,,,
20393,InvoiceSentTenantEvent,"""invoice_sent""=>""true""",false,,,true,,,,3627,,14,2014-02-01 00:43:27.240,2014-02-01 00:43:27.251,,5348,Invoice,"47aea86d-e173-4057-a096-9a0013a788d7",,false,,,,,,,,,,,,,,,,,,
20394,InvoiceSentTenantEvent,"""invoice_sent""=>""true""",false,,,true,,,,3627,,14,2014-02-01 00:43:27.384,2014-02-01 00:43:27.396,,5349,Invoice,f7db8a43-a043-4366-8905-f718d80743ff,,false,,,,,,,,,,,,,,,,,,
20395,InvoiceSentTenantEvent,"""invoice_sent""=>""true""",false,,,true,,,,3627,,14,2014-02-01 00:43:27.639,2014-02-01 00:43:27.653,,5350,Invoice,"54d79caa-6ebc-4997-ad04-4dc34317f577",,false,,,,,,,,,,,,,,,,,,
20396,InvoiceSentTenantEvent,"""invoice_sent""=>""true""",false,,,true,,,,3627,,14,2014-02-01 00:43:27.814,2014-02-01 00:43:27.826,,5351,Invoice,"8b6a8e87-78bf-44b7-858b-9f1058bc97c2",,false,,,,,,,,,,,,,,,,,,
20397,DelinquencyStageTenantEvent,"""invoice_id""=>""5349"", ""applied_date""=>""2013-11-11"", ""line_item_id""=>""5480"", ""resolved_date""=>""2014-04-29""",false,,,true,,,,3627,,14,2014-02-01 00:43:27.891,2014-04-29 17:31:10.342,,23,DelinquencyStage,"07c34fa4-4e9e-4e4c-9d67-1f9aff3a4ee2",removed,false,,,,5198,,,,,24272563,,,,,,,,,
20398,AddFeeDelinquencyTenantEvent,"""fee_invoice_id""=>""5350""",false,,2014-02-01 00:43:27.889,true,,,,3627,,14,2014-02-01 00:43:27.899,2014-04-29 17:29:39.639,20397,28,DelinquencyStageAction,"1225f66f-d46d-437f-bf93-4833b7e60c76",removed,false,,,,5198,,,,,24272563,,,,,,,,,
20399,GateLockoutDelinquencyTenantEvent,"""last_action_date""=>""2014-04-29""",false,,2014-01-31 05:00:00.000,true,,,,3627,,14,2014-02-01 00:43:27.921,2014-04-29 17:29:39.598,20397,29,DelinquencyStageAction,"76be577c-c44e-41fa-8c31-66ab0643df68",removed,false,,,,5198,,,,,24272563,,,,,,,,,
20400,OverlockDelinquencyTenantEvent,"""last_action_date""=>""2014-04-29""",false,,2014-04-29 17:31:10.330,true,,40,6040,3627,,14,2014-02-01 00:43:27.961,2014-04-29 17:31:10.333,20397,30,DelinquencyStageAction,"307e4dad-fb58-4eca-9aaf-65a10575f9c5",overlock_removed,false,,,,5198,,,,,24272563,,,,,,,,,
20401,DelinquencyStageTenantEvent,"""invoice_id""=>""5349"", ""applied_date""=>""2013-11-16"", ""line_item_id""=>""5480"", ""resolved_date""=>""2014-04-29""",false,,,true,,,,3627,,14,2014-02-01 00:43:28.019,2014-04-29 17:29:39.365,,24,DelinquencyStage,"4075fd0f-5707-4954-b420-8e8ba7b06d6f",removed,false,,,,5198,,,,,24273014,,,,,,,,,
20402,PrintMailDelinquencyTenantEvent,"",false,,2014-02-04 17:02:47.717,true,,31,6040,3627,,14,2014-02-01 00:43:28.025,2014-04-29 17:29:39.331,20401,31,DelinquencyStageAction,"5fa70ca6-79b4-4e8f-9435-f6f681b0a137",letter_sent,false,,,,5198,,,,,24273014,,,,,,,,,
20403,DelinquencyStageTenantEvent,"""invoice_id""=>""5349"", ""applied_date""=>""2013-12-11"", ""line_item_id""=>""5480"", ""resolved_date""=>""2014-04-29""",false,,,true,,,,3627,,14,2014-02-01 00:43:28.083,2014-04-29 17:29:39.269,,25,DelinquencyStage,c9d9af3d-fff6-4abf-b6e8-8523c8169000,removed,false,,,,5198,,,,,24273249,,,,,,,,,
20404,AddFeeDelinquencyTenantEvent,"""fee_invoice_id""=>""5350""",false,,2014-02-01 00:43:28.081,true,,,,3627,,14,2014-02-01 00:43:28.190,2014-04-29 17:29:39.232,20403,32,DelinquencyStageAction,b05d8ecb-fcc8-4973-9ca8-f7b0ea65eeae,removed,false,,,,5198,,,,,24273249,,,,,,,,,
20405,DelinquencyStageTenantEvent,"""invoice_id""=>""5349"", ""applied_date""=>""2013-12-16"", ""line_item_id""=>""5480"", ""resolved_date""=>""2014-04-29""",false,,,true,,,,3627,,14,2014-02-01 00:43:28.258,2014-04-29 17:29:39.157,,26,DelinquencyStage,"954162ab-4c30-4dda-9a19-302f5df41524",removed,false,,,,5198,,,,,24273474,,,,,,,,,
20406,PrintMailDelinquencyTenantEvent,"",false,,2014-02-04 17:02:45.605,true,,31,6040,3627,,14,2014-02-01 00:43:28.264,2014-04-29 17:29:39.120,20405,33,DelinquencyStageAction,e85da366-e516-42f3-a15e-119fd198d0d8,letter_sent,false,,,,5198,,,,,24273474,,,,,,,,,
20407,DelinquencyStageTenantEvent,"""invoice_id""=>""5349"", ""applied_date""=>""2014-01-10"", ""line_item_id""=>""5480"", ""resolved_date""=>""2014-04-29""",false,,,true,,,,3627,,14,2014-02-01 00:43:28.322,2014-04-29 17:29:38.916,,27,DelinquencyStage,b26e7c8c-0072-4c36-a175-10c2a972ffb9,removed,false,,,,5198,,,,,24273780,,,,,,,,,
20408,AddFeeDelinquencyTenantEvent,"""fee_invoice_id""=>""5350""",false,,2014-02-01 00:43:28.320,true,,,,3627,,14,2014-02-01 00:43:28.328,2014-04-29 17:29:38.879,20407,34,DelinquencyStageAction,"87279762-d820-4797-9e73-7c77a1054174",removed,false,,,,5198,,,,,24273780,,,,,,,,,
20409,DelinquencyStageTenantEvent,"""invoice_id""=>""5349"", ""applied_date""=>""2014-01-15"", ""line_item_id""=>""5480"", ""resolved_date""=>""2014-04-29""",false,,,true,,,,3627,,14,2014-02-01 00:43:28.382,2014-04-29 17:29:38.806,,28,DelinquencyStage,f4a94dab-f4ca-4692-8970-61f913987cef,removed,false,,,,5198,,,,,24274081,,,,,,,,,
20410,PrintMailDelinquencyTenantEvent,"",false,,2014-02-04 17:02:42.959,true,,31,6040,3627,,14,2014-02-01 00:43:28.388,2014-04-29 17:29:38.772,20409,35,DelinquencyStageAction,d910e4fa-8972-48c2-956b-9bdd55089128,letter_sent,false,,,,5198,,,,,24274081,,,,,,,,,
20411,DelinquencyStageTenantEvent,"""invoice_id""=>""5349"", ""applied_date""=>""2014-01-30"", ""line_item_id""=>""5480"", ""resolved_date""=>""2014-04-29""",false,,,true,,,,3627,,14,2014-02-01 00:43:28.440,2014-04-29 17:29:38.709,,29,DelinquencyStage,ea567e58-be71-4550-8d90-b42b8391736c,removed,false,,,,5198,,,,,24274411,,,,,,,,,
20412,PrintMailDelinquencyTenantEvent,"",false,,2014-02-04 17:02:40.144,true,,31,6040,3627,,14,2014-02-01 00:43:28.446,2014-04-29 17:29:38.671,20411,36,DelinquencyStageAction,"158c3af6-c542-43a3-879a-7e6b7dbc5bf9",letter_sent,false,,,,5198,,,,,24274411,,,,,,,,,
20413,MoveInUnitEvent,"""rate""=>""80.0"", ""move_in_date""=>""2011-10-31"", ""gate_access_code""=>""02479"", ""move_in_initiated_date""=>""2011-10-31""",false,,2014-02-01 00:43:28.852,true,,,6041,3628,,14,2011-10-31 10:00:00.000,2014-04-08 03:12:55.292,,,,"2b9cfea9-4dfc-47df-b8e9-fee3d8b5c11d",,false,,,,5199,,,,,,,,,,,,,,
20414,InvoiceSentTenantEvent,"""invoice_sent""=>""true""",false,,,true,,,,3628,,14,2014-02-01 00:43:29.152,2014-02-01 00:43:29.170,,5352,Invoice,d8245bcf-1de0-4773-9a68-23e5a373cb94,,false,,,,,,,,,,,,,,,,,,
20415,InvoiceSentTenantEvent,"""invoice_sent""=>""true""",false,,,true,,,,3628,,14,2014-02-01 00:43:29.438,2014-02-01 00:43:29.435,,5353,Invoice,e614de67-a199-4121-b1e8-c68f54cbebf3,,false,,,,,,,,,,,,,,,,,,
20416,MoveInUnitEvent,"""rate""=>""55.0"", ""move_in_date""=>""2007-08-11"", ""gate_access_code""=>""01493"", ""move_in_initiated_date""=>""2007-08-11""",false,,2014-02-01 00:43:29.592,true,,,6042,3629,,14,2007-08-11 10:00:00.000,2024-03-07 18:57:06.995,,,,"59ecdc6e-3ae0-42ae-87c0-a843290921aa",,false,,,,5200,,,,,,,,,,,,,,
20417,InvoiceSentTenantEvent,"""invoice_sent""=>""true""",false,,,true,,,,3629,,14,2014-02-01 00:43:30.049,2014-02-01 00:43:30.072,,5354,Invoice,"447ca8ac-c7ba-4b13-aec4-626fd2d7e790",,false,,,,,,,,,,,,,,,,,,
20418,InvoiceSentTenantEvent,"""invoice_sent""=>""true""",false,,,true,,,,3629,,14,2014-02-01 00:43:30.265,2014-02-01 00:43:30.277,,5355,Invoice,"52aa1881-756f-4118-a151-a30eddb6bd0b",,false,,,,,,,,,,,,,,,,,,
20419,MoveInUnitEvent,"""rate""=>""55.0"", ""move_in_date""=>""2006-04-05"", ""gate_access_code""=>""08049"", ""move_in_initiated_date""=>""2006-04-05""",false,,2014-02-01 00:43:30.582,true,,,6044,3630,,14,2006-04-05 10:00:00.000,2024-03-07 18:57:06.995,,,,"4c5fe6f8-7763-4644-ae80-465b0bebed34",,false,,,,5201,,,,,,,,,,,,,,
20420,InvoiceSentTenantEvent,"""invoice_sent""=>""true""",false,,,true,,,,3630,,14,2014-02-01 00:43:31.047,2014-02-01 00:43:31.062,,5356,Invoice,"0701d014-cef9-4e72-b535-b42fbb821fb9",,false,,,,,,,,,,,,,,,,,,
20421,InvoiceSentTenantEvent,"""invoice_sent""=>""true""",false,,,true,,,,3630,,14,2014-02-01 00:43:31.251,2014-02-01 00:43:31.263,,5357,Invoice,"393b1e97-816b-4cf6-9162-fc58e42bd6d3",,false,,,,,,,,,,,,,,,,,,
20422,MoveInUnitEvent,"""rate""=>""55.0"", ""move_in_date""=>""2013-08-07"", ""gate_access_code""=>""00914"", ""move_in_initiated_date""=>""2013-08-07""",false,,2014-02-01 00:43:31.647,true,,,6048,3558,,14,2013-08-07 10:00:00.000,2024-03-07 18:57:06.995,,,,e51f32c7-21f4-42e3-b3c6-72f4cdc99dd3,,false,,,,5202,,,,,,,,,,,,,,
20423,InvoiceSentTenantEvent,"""invoice_sent""=>""true""",false,,,true,,,,3558,,14,2014-02-01 00:43:32.050,2014-02-01 00:43:32.064,,5358,Invoice,e6f415b1-744d-454c-a259-bd76dd33055c,,false,,,,,,,,,,,,,,,,,,
20424,InvoiceSentTenantEvent,"""invoice_sent""=>""true""",false,,,true,,,,3558,,14,2014-02-01 00:43:32.243,2014-02-01 00:43:32.239,,5359,Invoice,b74a4846-e8eb-4ae8-87dd-2d8259f49773,,false,,,,,,,,,,,,,,,,,,
20425,NoteEvent,"",false,,2014-02-06 22:13:34.995,false,,31,,3631,,14,2014-02-01 00:43:32.528,2014-04-08 03:13:28.086,,,,"35858cbf-7592-42de-92f1-ab2f77f18404",,false,,,,,,,,,,,,,,,,,,
20426,MoveInUnitEvent,"""rate""=>""55.0"", ""move_in_date""=>""2012-05-12"", ""gate_access_code""=>""01293"", ""move_in_initiated_date""=>""2012-05-12""",false,,2014-02-01 00:43:32.558,true,,,6049,3631,,14,2012-05-12 10:00:00.000,2024-03-07 18:57:06.995,,,,ca072cd8-ad28-4b92-bd80-022e129c6a5c,,false,,,,5203,,,,,,,,,,,,,,
20427,InvoiceSentTenantEvent,"""invoice_sent""=>""true""",false,,,true,,,,3631,,14,2014-02-01 00:43:32.864,2014-02-01 00:43:32.899,,5360,Invoice,f81cb0d2-6dbb-4683-9e35-c8dda435a69a,,false,,,,,,,,,,,,,,,,,,
20428,InvoiceSentTenantEvent,"""invoice_sent""=>""true""",false,,,true,,,,3631,,14,2014-02-01 00:43:33.154,2014-02-01 00:43:33.177,,5361,Invoice,"3e678e58-14b5-484f-8378-4ea24db2f853",,false,,,,,,,,,,,,,,,,,,
20429,NoteEvent,"",false,,2014-02-06 22:13:10.182,false,,31,,3632,,14,2014-02-01 00:43:33.314,2014-04-08 03:13:28.108,,,,d0a8e7aa-dbd1-477e-8bb9-5bde9af32678,,false,,,,,,,,,,,,,,,,,,
20430,MoveInUnitEvent,"""rate""=>""55.0"", ""move_in_date""=>""2013-08-12"", ""gate_access_code""=>""02886"", ""move_in_initiated_date""=>""2013-08-12""",false,,2014-02-01 00:43:33.341,true,,,6050,3632,,14,2013-08-12 10:00:00.000,2024-03-07 18:57:06.995,,,,e0bbbb4d-e891-4001-b2c4-5ae8d40b56e4,,false,,,,5204,,,,,,,,,,,,,,
20431,InvoiceSentTenantEvent,"""invoice_sent""=>""true""",false,,,true,,,,3632,,14,2014-02-01 00:43:33.738,2014-02-01 00:43:33.737,,5362,Invoice,"32e12883-6c96-4cf2-89e8-518894110807",,false,,,,,,,,,,,,,,,,,,
20432,InvoiceSentTenantEvent,"""invoice_sent""=>""true""",false,,,true,,,,3632,,14,2014-02-01 00:43:33.924,2014-02-01 00:43:33.957,,5363,Invoice,debe95d7-1fae-4c1b-9892-04a7e082f5d4,,false,,,,,,,,,,,,,,,,,,
20433,NoteEvent,"",false,,2014-02-06 22:12:43.408,false,,31,,3633,,14,2014-02-01 00:43:34.218,2014-04-08 03:13:28.138,,,,"13009882-7370-4d94-b982-07c3d3d862eb",,false,,,,,,,,,,,,,,,,,,
20434,MoveInUnitEvent,"""rate""=>""55.0"", ""move_in_date""=>""2011-10-06"", ""gate_access_code""=>""04740"", ""move_in_initiated_date""=>""2011-10-06""",false,,2014-02-01 00:43:34.246,true,,,6051,3633,,14,2011-10-06 10:00:00.000,2024-03-07 18:57:06.995,,,,"040c58ea-19a6-4254-8b38-3010f8876e62",,false,,,,5205,,,,,,,,,,,,,,
20435,InvoiceSentTenantEvent,"""invoice_sent""=>""true""",false,,,true,,,,3633,,14,2014-02-01 00:43:34.548,2014-02-01 00:43:34.572,,5364,Invoice,c86e2cae-90ea-4f5b-8759-1dbcd0298ac7,,false,,,,,,,,,,,,,,,,,,
20436,InvoiceSentTenantEvent,"""invoice_sent""=>""true""",false,,,true,,,,3633,,14,2014-02-01 00:43:34.839,2014-02-01 00:43:34.839,,5365,Invoice,"3698542c-e0a6-49e6-9094-db1522fc95c5",,false,,,,,,,,,,,,,,,,,,
20437,InvoiceSentTenantEvent,"""invoice_sent""=>""true""",false,,,true,,,,3633,,14,2014-02-01 00:43:35.163,2014-02-01 00:43:35.183,,5366,Invoice,"7459ecaa-1c9d-44d9-9c52-f7dbc135b7e1",,false,,,,,,,,,,,,,,,,,,
20438,MoveInUnitEvent,"""rate""=>""55.0"", ""move_in_date""=>""2012-04-10"", ""gate_access_code""=>""04740"", ""move_in_initiated_date""=>""2012-04-10""",false,,2014-02-01 00:43:35.439,true,,,6052,3633,,14,2012-04-10 10:00:00.000,2024-03-07 18:57:06.995,,,,"7811bc2e-7e2b-4a3b-9664-f248ba9a835b",,false,,,,5206,,,,,,,,,,,,,,
20439,InvoiceSentTenantEvent,"""invoice_sent""=>""true""",false,,,true,,,,3633,,14,2014-02-01 00:43:35.727,2014-02-01 00:43:35.740,,5367,Invoice,a494f61e-e643-4ade-a5d4-d63bdeca692b,,false,,,,,,,,,,,,,,,,,,
20440,InvoiceSentTenantEvent,"""invoice_sent""=>""true""",false,,,true,,,,3633,,14,2014-02-01 00:43:36.017,2014-02-01 00:43:36.047,,5368,Invoice,"9c136c74-d883-4745-bd3b-005ed734a90b",,false,,,,,,,,,,,,,,,,,,
20441,NoteEvent,"",false,,2014-02-06 22:12:13.299,false,,31,,3634,,14,2014-02-01 00:43:36.456,2014-04-08 03:13:28.160,,,,"818e0270-cfda-40f7-bcce-355a0b5a1eeb",,false,,,,,,,,,,,,,,,,,,
20442,MoveInUnitEvent,"""rate""=>""55.0"", ""move_in_date""=>""2012-01-13"", ""gate_access_code""=>""00610"", ""move_in_initiated_date""=>""2012-01-13""",false,,2014-02-01 00:43:36.484,true,,,6057,3634,,14,2012-01-13 10:00:00.000,2024-03-07 18:57:06.995,,,,c9906d18-b4a5-4122-9b95-d764a6a68bfb,,false,,,,5207,,,,,,,,,,,,,,
20443,InvoiceSentTenantEvent,"""invoice_sent""=>""true""",false,,,true,,,,3634,,14,2014-02-01 00:43:36.877,2014-02-01 00:43:36.890,,5369,Invoice,d58085b7-2888-406b-aecf-12aee31a764f,,false,,,,,,,,,,,,,,,,,,
20444,InvoiceSentTenantEvent,"""invoice_sent""=>""true""",false,,,true,,,,3634,,14,2014-02-01 00:43:37.060,2014-02-01 00:43:37.072,,5370,Invoice,"760a3b3c-1a6c-4935-9575-26b5d5cbafdd",,false,,,,,,,,,,,,,,,,,,
20445,NoteEvent,"",false,,2014-02-06 22:11:52.018,false,,31,,3635,,14,2014-02-01 00:43:37.317,2014-04-08 03:13:28.181,,,,"8da35677-c734-43d3-9631-8911a54bca13",,false,,,,,,,,,,,,,,,,,,
20446,MoveInUnitEvent,"""rate""=>""55.0"", ""move_in_date""=>""2012-10-05"", ""gate_access_code""=>""01219"", ""move_in_initiated_date""=>""2012-10-05""",false,,2014-02-01 00:43:37.345,true,,,6058,3635,,14,2012-10-05 10:00:00.000,2024-03-07 18:57:06.995,,,,"1b04612e-f500-44c2-9843-b15c857621ba",,false,,,,5208,,,,,,,,,,,,,,
20447,InvoiceSentTenantEvent,"""invoice_sent""=>""true""",false,,,true,,,,3635,,14,2014-02-01 00:43:37.634,2014-02-01 00:43:37.646,,5371,Invoice,"7b710dd9-603a-4894-8ff0-34fcd050feb4",,false,,,,,,,,,,,,,,,,,,
20448,InvoiceSentTenantEvent,"""invoice_sent""=>""true""",false,,,true,,,,3635,,14,2014-02-01 00:43:37.778,2014-02-01 00:43:37.789,,5372,Invoice,"2eb4ea5e-86fe-4fce-bdc7-1fa707be909e",,false,,,,,,,,,,,,,,,,,,
20449,InvoiceSentTenantEvent,"""invoice_sent""=>""true""",false,,,true,,,,3635,,14,2014-02-01 00:43:38.034,2014-02-01 00:43:38.049,,5373,Invoice,"019fdcf7-fc49-4911-84a4-041741cae300",,false,,,,,,,,,,,,,,,,,,
20450,InvoiceSentTenantEvent,"""invoice_sent""=>""true""",false,,,true,,,,3635,,14,2014-02-01 00:43:38.213,2014-02-01 00:43:38.224,,5374,Invoice,"6e7e378a-e6f6-4890-8a08-5cf65240e9d2",,false,,,,,,,,,,,,,,,,,,
20451,DelinquencyStageTenantEvent,"""invoice_id""=>""5372"", ""applied_date""=>""2013-11-11"", ""line_item_id""=>""5507"", ""resolved_date""=>""2014-05-02""",false,,,true,,,,3635,,14,2014-02-01 00:43:38.296,2014-05-02 14:06:19.742,,23,DelinquencyStage,d108dae2-bb01-45b1-895a-66a94652ccf0,removed,false,,,,5208,,,,,24340352,,,,,,,,,
20452,AddFeeDelinquencyTenantEvent,"""fee_invoice_id""=>""5373""",false,,2014-02-01 00:43:38.294,true,,,,3635,,14,2014-02-01 00:43:38.303,2014-05-02 14:05:12.132,20451,28,DelinquencyStageAction,"9220e512-ab4e-4a40-9e97-6b55913e1b31",removed,false,,,,5208,,,,,24340352,,,,,,,,,
20453,GateLockoutDelinquencyTenantEvent,"""last_action_date""=>""2014-05-02""",false,,2014-01-31 05:00:00.000,true,,,,3635,,14,2014-02-01 00:43:38.331,2014-05-02 14:05:11.915,20451,29,DelinquencyStageAction,e29d7508-139c-494d-a39f-4a31a7da0e62,removed,false,,,,5208,,,,,24340352,,,,,,,,,
20454,OverlockDelinquencyTenantEvent,"""last_action_date""=>""2014-05-02""",false,,2014-05-02 14:06:19.731,true,,40,6058,3635,,14,2014-02-01 00:43:38.377,2024-03-07 18:57:06.995,20451,30,DelinquencyStageAction,d4b4ec26-f589-43ee-bd55-bfee880bb0ef,overlock_removed,false,,,,5208,,,,,24340352,,,,,,,,,
20455,DelinquencyStageTenantEvent,"""invoice_id""=>""5372"", ""applied_date""=>""2013-11-16"", ""line_item_id""=>""5507"", ""resolved_date""=>""2014-05-02""",false,,,true,,,,3635,,14,2014-02-01 00:43:38.429,2014-05-02 14:05:11.807,,24,DelinquencyStage,fed94e07-a4ee-4720-8119-1ebcceee6906,removed,false,,,,5208,,,,,24340663,,,,,,,,,
20456,PrintMailDelinquencyTenantEvent,"",false,,2014-02-04 17:03:24.071,true,,31,6058,3635,,14,2014-02-01 00:43:38.435,2024-03-07 18:57:06.995,20455,31,DelinquencyStageAction,"181968c6-61f6-4b1e-b2a9-73b24127705c",letter_sent,false,,,,5208,,,,,24340663,,,,,,,,,
20457,DelinquencyStageTenantEvent,"""invoice_id""=>""5372"", ""applied_date""=>""2013-12-11"", ""line_item_id""=>""5507"", ""resolved_date""=>""2014-05-02""",false,,,true,,,,3635,,14,2014-02-01 00:43:38.596,2014-05-02 14:05:11.703,,25,DelinquencyStage,"356b257b-165c-48e9-9f7d-da64f8e6ebbf",removed,false,,,,5208,,,,,24340908,,,,,,,,,
20458,AddFeeDelinquencyTenantEvent,"""fee_invoice_id""=>""5373""",false,,2014-02-01 00:43:38.594,true,,,,3635,,14,2014-02-01 00:43:38.606,2014-05-02 14:05:11.664,20457,32,DelinquencyStageAction,"90f8365d-a442-41b4-83c4-df0ab935363f",removed,false,,,,5208,,,,,24340908,,,,,,,,,
20459,DelinquencyStageTenantEvent,"""invoice_id""=>""5372"", ""applied_date""=>""2013-12-16"", ""line_item_id""=>""5507"", ""resolved_date""=>""2014-05-02""",false,,,true,,,,3635,,14,2014-02-01 00:43:38.668,2014-05-02 14:05:11.443,,26,DelinquencyStage,"7acbaabf-063e-4bce-8a39-e131084d0845",removed,false,,,,5208,,,,,24341157,,,,,,,,,
20460,PrintMailDelinquencyTenantEvent,"",false,,2014-02-04 17:03:20.856,true,,31,6058,3635,,14,2014-02-01 00:43:38.674,2024-03-07 18:57:06.995,20459,33,DelinquencyStageAction,"18a10774-2b02-4c66-bb39-9aa8c8b85b1f",letter_sent,false,,,,5208,,,,,24341157,,,,,,,,,
20461,DelinquencyStageTenantEvent,"""invoice_id""=>""5372"", ""applied_date""=>""2014-01-10"", ""line_item_id""=>""5507"", ""resolved_date""=>""2014-05-02""",false,,,true,,,,3635,,14,2014-02-01 00:43:38.731,2014-05-02 14:05:11.342,,27,DelinquencyStage,"0d4ca092-85f5-4838-9ae1-d2e71c604da3",removed,false,,,,5208,,,,,24341552,,,,,,,,,
20462,AddFeeDelinquencyTenantEvent,"""fee_invoice_id""=>""5373""",false,,2014-02-01 00:43:38.729,true,,,,3635,,14,2014-02-01 00:43:38.737,2014-05-02 14:05:11.305,20461,34,DelinquencyStageAction,fbc3d1cc-3cc4-431a-9f3b-7241740b05e9,removed,false,,,,5208,,,,,24341552,,,,,,,,,
20463,DelinquencyStageTenantEvent,"""invoice_id""=>""5372"", ""applied_date""=>""2014-01-15"", ""line_item_id""=>""5507"", ""resolved_date""=>""2014-05-02""",false,,,true,,,,3635,,14,2014-02-01 00:43:38.790,2014-05-02 14:05:11.228,,28,DelinquencyStage,e5e3e772-8fd9-4a94-afd1-d79a666222b7,removed,false,,,,5208,,,,,24341815,,,,,,,,,
20464,PrintMailDelinquencyTenantEvent,"",false,,2014-02-04 17:03:18.550,true,,31,6058,3635,,14,2014-02-01 00:43:38.796,2024-03-07 18:57:06.995,20463,35,DelinquencyStageAction,"0cb73494-8ffa-4ffa-8d4b-3ca25aded036",letter_sent,false,,,,5208,,,,,24341815,,,,,,,,,
20465,DelinquencyStageTenantEvent,"""invoice_id""=>""5372"", ""applied_date""=>""2014-01-30"", ""line_item_id""=>""5507"", ""resolved_date""=>""2014-05-02""",false,,,true,,,,3635,,14,2014-02-01 00:43:38.848,2014-05-02 14:05:11.126,,29,DelinquencyStage,"2f53c2ff-4123-4db5-9a9d-b7273a96fa6c",removed,false,,,,5208,,,,,24342070,,,,,,,,,
20466,PrintMailDelinquencyTenantEvent,"",false,,2014-02-04 17:03:16.343,true,,31,6058,3635,,14,2014-02-01 00:43:38.854,2024-03-07 18:57:06.995,20465,36,DelinquencyStageAction,"00c3db9e-445d-457e-a780-4be11080cf7b",letter_sent,false,,,,5208,,,,,24342070,,,,,,,,,
20467,NoteEvent,"",false,,2014-02-06 22:11:32.436,false,,31,,3636,,14,2014-02-01 00:43:39.268,2014-04-08 03:13:28.204,,,,"836b419c-d6e3-4375-84b2-dd7d463eb057",,false,,,,,,,,,,,,,,,,,,
20468,MoveInUnitEvent,"""rate""=>""80.0"", ""move_in_date""=>""2012-12-27"", ""gate_access_code""=>""09021"", ""move_in_initiated_date""=>""2012-12-27""",false,,2014-02-01 00:43:39.313,true,,,6059,3636,,14,2012-12-27 10:00:00.000,2014-08-16 12:03:13.550,,,,f2396326-61c2-4fad-91f0-6e15ff4440bd,,false,,,,5209,,,,,,,,,,,,,,
20469,InvoiceSentTenantEvent,"""invoice_sent""=>""true""",false,,,true,,,,3636,,14,2014-02-01 00:43:39.688,2014-02-01 00:43:39.701,,5375,Invoice,"85b4093b-d6fe-4418-b2ae-192d358e20b2",,false,,,,,,,,,,,,,,,,,,
20470,InvoiceSentTenantEvent,"""invoice_sent""=>""true""",false,,,true,,,,3636,,14,2014-02-01 00:43:39.945,2014-02-01 00:43:39.958,,5376,Invoice,"44a579b4-737b-4cfa-97c8-dea21888c314",,false,,,,,,,,,,,,,,,,,,
20471,InvoiceSentTenantEvent,"""invoice_sent""=>""true""",false,,,true,,,,3636,,14,2014-02-01 00:43:40.094,2014-02-01 00:43:40.109,,5377,Invoice,"8f151ff6-f989-45a4-94f3-16157b5cd5d8",,false,,,,,,,,,,,,,,,,,,
20472,InvoiceSentTenantEvent,"""invoice_sent""=>""true""",false,,,true,,,,3636,,14,2014-02-01 00:43:40.271,2014-02-01 00:43:40.282,,5378,Invoice,"92e81e7b-58d2-4013-a9b6-2222bd0e1e51",,false,,,,,,,,,,,,,,,,,,
20473,DelinquencyStageTenantEvent,"""invoice_id""=>""5376"", ""applied_date""=>""2013-07-11"", ""line_item_id""=>""5511"", ""resolved_date""=>""2014-07-09""",false,,,true,,,,3636,,14,2014-02-01 00:43:40.345,2014-07-10 00:45:05.179,,23,DelinquencyStage,"258cb43f-b034-4eca-b09e-c00c00ef3e1d",removed,false,,,,5209,,,,,24344317,,,,,,,,,
20474,AddFeeDelinquencyTenantEvent,"""fee_invoice_id""=>""5377""",false,,2014-02-01 00:43:40.343,true,,,,3636,,14,2014-02-01 00:43:40.453,2014-07-10 00:45:05.145,20473,28,DelinquencyStageAction,d7b4d4a5-1bbe-4322-a21e-5ab6196858ae,removed,false,,,,5209,,,,,24344317,,,,,,,,,
20475,GateLockoutDelinquencyTenantEvent,"""last_action_date""=>""2014-07-09""",false,,2014-01-31 05:00:00.000,true,,,,3636,,14,2014-02-01 00:43:40.484,2014-07-10 00:45:05.108,20473,29,DelinquencyStageAction,"8392598f-8bf5-463e-a8a3-fad2b5053c0e",removed,false,,,,5209,,,,,24344317,,,,,,,,,
20476,OverlockDelinquencyTenantEvent,"""last_action_date""=>""2014-07-09""",false,,2014-02-01 00:43:41.676,true,,,6059,3636,,14,2014-02-01 00:43:40.537,2014-08-16 12:03:13.550,20473,30,DelinquencyStageAction,"32fe0ef7-e0b0-4778-a81b-1ad47e4ff3de",overlock_removed,false,,,,5209,,,,,24344317,,,,,,,,,
20477,DelinquencyStageTenantEvent,"""invoice_id""=>""5376"", ""applied_date""=>""2013-07-16"", ""line_item_id""=>""5511""",false,,,false,,,,3636,,14,2014-02-01 00:43:40.613,2014-04-08 03:12:04.432,,24,DelinquencyStage,"9f11448f-e6f6-46a9-9608-9e344eba4087",applied,false,,,,5209,,,,,24344648,,,,,,,,,
20478,PrintMailDelinquencyTenantEvent,"",false,,2014-02-04 17:04:05.794,true,,31,6059,3636,,14,2014-02-01 00:43:40.620,2014-02-04 17:04:05.795,20477,31,DelinquencyStageAction,"1f225679-33d7-40be-9203-e98fd1a13aff",letter_sent,false,,,,5209,,,,,24344648,,,,,,,,,
20479,DelinquencyStageTenantEvent,"""invoice_id""=>""5376"", ""applied_date""=>""2013-08-10"", ""line_item_id""=>""5511""",false,,,false,,,,3636,,14,2014-02-01 00:43:40.696,2014-04-08 03:12:04.461,,25,DelinquencyStage,a72319ee-8129-43f5-968d-7d818c96ddad,applied,false,,,,5209,,,,,24344919,,,,,,,,,
20480,AddFeeDelinquencyTenantEvent,"""fee_invoice_id""=>""5377""",false,,2014-02-01 00:43:40.694,true,,,,3636,,14,2014-02-01 00:43:40.702,2014-02-01 00:43:41.604,20479,32,DelinquencyStageAction,"08f6bbed-bb78-48d4-bad8-9f12464647ac",applied,false,,,,5209,,,,,24344919,,,,,,,,,
20481,DelinquencyStageTenantEvent,"""invoice_id""=>""5376"", ""applied_date""=>""2013-08-15"", ""line_item_id""=>""5511""",false,,,false,,,,3636,,14,2014-02-01 00:43:40.771,2014-04-08 03:12:04.490,,26,DelinquencyStage,ee2890c8-e72c-4223-ae38-1c85cd14f8d0,applied,false,,,,5209,,,,,24345161,,,,,,,,,
20482,PrintMailDelinquencyTenantEvent,"",false,,2014-02-04 17:04:04.004,true,,31,6059,3636,,14,2014-02-01 00:43:40.777,2014-02-04 17:04:04.005,20481,33,DelinquencyStageAction,"552401ba-abfe-41b3-ae5f-2ed9cae87110",letter_sent,false,,,,5209,,,,,24345161,,,,,,,,,
20483,DelinquencyStageTenantEvent,"""invoice_id""=>""5376"", ""applied_date""=>""2013-09-09"", ""line_item_id""=>""5511""",false,,,false,,,,3636,,14,2014-02-01 00:43:40.852,2014-04-08 03:12:04.517,,27,DelinquencyStage,"940b30bc-6f50-4ce2-872c-7e7f9cf25e1a",applied,false,,,,5209,,,,,24345440,,,,,,,,,
20484,AddFeeDelinquencyTenantEvent,"""fee_invoice_id""=>""5377""",false,,2014-02-01 00:43:40.850,true,,,,3636,,14,2014-02-01 00:43:40.858,2014-02-01 00:43:41.577,20483,34,DelinquencyStageAction,a5adbbb6-395e-4daf-9e76-9ba30adf8f66,applied,false,,,,5209,,,,,24345440,,,,,,,,,
20485,DelinquencyStageTenantEvent,"""invoice_id""=>""5376"", ""applied_date""=>""2013-09-14"", ""line_item_id""=>""5511""",false,,,false,,,,3636,,14,2014-02-01 00:43:40.935,2014-04-08 03:12:04.545,,28,DelinquencyStage,fe185e0f-a088-4d04-b4c7-fbc36c1981e5,applied,false,,,,5209,,,,,24345676,,,,,,,,,
20486,PrintMailDelinquencyTenantEvent,"",false,,2014-02-04 17:04:00.232,true,,31,6059,3636,,14,2014-02-01 00:43:40.941,2014-02-04 17:04:00.233,20485,35,DelinquencyStageAction,"53d01661-d864-44fa-8a9f-f59a4dc9cdf1",letter_sent,false,,,,5209,,,,,24345676,,,,,,,,,
20487,DelinquencyStageTenantEvent,"""invoice_id""=>""5376"", ""applied_date""=>""2013-09-29"", ""line_item_id""=>""5511""",false,,,false,,,,3636,,14,2014-02-01 00:43:41.017,2014-04-08 03:12:04.573,,29,DelinquencyStage,"2c80ccc5-c443-48c0-b774-07db2e3d3a78",applied,false,,,,5209,,,,,24346109,,,,,,,,,
20488,PrintMailDelinquencyTenantEvent,"",false,,2014-02-04 17:03:57.149,true,,31,6059,3636,,14,2014-02-01 00:43:41.023,2014-02-04 17:03:57.150,20487,36,DelinquencyStageAction,f029a13c-8000-498a-bf79-c5e4b8f6ba7a,letter_sent,false,,,,5209,,,,,24346109,,,,,,,,,
20489,DelinquencyStageTenantEvent,"""invoice_id""=>""5376"", ""applied_date""=>""2013-10-14"", ""line_item_id""=>""5511""",false,,,false,,,,3636,,14,2014-02-01 00:43:41.074,2014-04-08 03:12:04.600,,30,DelinquencyStage,cac170c0-495e-43d2-87e5-3203ca9b67e5,applied,false,,,,5209,,,,,24346416,,,,,,,,,
20490,PrintMailDelinquencyTenantEvent,"",false,,2014-02-04 17:03:53.180,true,,31,6059,3636,,14,2014-02-01 00:43:41.080,2014-02-04 17:03:53.181,20489,37,DelinquencyStageAction,"5095db4f-b4a8-4bb9-85b0-71ce1ff6b478",letter_sent,false,,,,5209,,,,,24346416,,,,,,,,,
20491,DelinquencyStageTenantEvent,"""invoice_id""=>""5376"", ""applied_date""=>""2013-10-29"", ""line_item_id""=>""5511""",false,,,false,,,,3636,,14,2014-02-01 00:43:41.251,2014-04-08 03:12:04.627,,31,DelinquencyStage,"8c62971b-ddaf-4e32-bf22-cde9e51a73c8",applied,false,,,,5209,,,,,24346756,,,,,,,,,
20492,CutLockDelinquencyTenantEvent,"",false,,2014-02-04 05:00:00.000,true,,31,6059,3636,,14,2014-02-01 00:43:41.263,2014-08-16 12:03:13.550,20491,38,DelinquencyStageAction,"7db219ce-7d48-4ee9-858e-e0e4a451e8c7",lock_cut,false,,,,5209,,,,,24346756,,,,,,,,,
20493,DelinquencyStageTenantEvent,"""invoice_id""=>""5376"", ""applied_date""=>""2013-11-13"", ""line_item_id""=>""5511""",false,,,false,,,,3636,,14,2014-02-01 00:43:41.328,2014-04-08 03:12:04.655,,32,DelinquencyStage,"940acfc6-a280-49e6-be90-90e524c86e08",applied,false,,,,5209,,,,,24346988,,,,,,,,,
20494,PrintMailDelinquencyTenantEvent,"",false,,2014-02-04 17:03:46.470,true,,31,6059,3636,,14,2014-02-01 00:43:41.334,2014-02-04 17:03:46.471,20493,39,DelinquencyStageAction,"19400ede-fe98-4675-8a25-da139c466bda",letter_sent,false,,,,5209,,,,,24346988,,,,,,,,,
20495,DelinquencyStageTenantEvent,"""invoice_id""=>""5376"", ""applied_date""=>""2013-11-28"", ""line_item_id""=>""5511""",false,,,false,,,,3636,,14,2014-02-01 00:43:41.409,2014-04-08 03:12:04.682,,33,DelinquencyStage,d90ba0e7-d3dd-444e-a8d5-b24a44899198,applied,false,,,,5209,,,,,24347259,,,,,,,,,
20496,AddFeeDelinquencyTenantEvent,"""fee_invoice_id""=>""5377""",false,,2014-02-01 00:43:41.407,true,,,,3636,,14,2014-02-01 00:43:41.415,2014-02-01 00:43:41.551,20495,40,DelinquencyStageAction,d657d92c-6ee0-4577-a9e9-3a02b827625f,applied,false,,,,5209,,,,,24347259,,,,,,,,,
20497,DelinquencyStageTenantEvent,"""invoice_id""=>""5376"", ""applied_date""=>""2013-12-13"", ""line_item_id""=>""5511""",false,,,false,,,,3636,,14,2014-02-01 00:43:41.488,2014-04-08 03:12:04.710,,34,DelinquencyStage,d1c656a0-7308-4aad-82cf-264fdac6b6ab,applied,false,,,,5209,,,,,24347586,,,,,,,,,
20498,AuctionDelinquencyTenantEvent,"",false,,2014-02-04 17:03:43.212,true,,31,6059,3636,,14,2014-02-01 00:43:41.494,2014-08-16 12:03:13.550,,41,DelinquencyStageAction,b64da1fd-c0c6-42fd-a8e6-af38e6d425af,unit_auctioned,false,,,,5209,,,,,24347586,,,,,,,,,
20499,NoteEvent,"",false,,2014-02-06 22:11:01.603,false,,31,,3637,,14,2014-02-01 00:43:41.975,2014-04-08 03:13:28.228,,,,"2f9dd22e-ceca-4ed3-99f0-9a69a89c188e",,false,,,,,,,,,,,,,,,,,,
20500,NoteEvent,"",false,,2014-02-06 22:10:58.820,false,,31,,3637,,14,2014-02-01 00:43:41.981,2014-04-08 03:13:28.250,,,,e17a31d2-7485-4d46-ac23-706acf0f800f,,false,,,,,,,,,,,,,,,,,,
20501,MoveInUnitEvent,"""rate""=>""80.0"", ""move_in_date""=>""2011-01-07"", ""gate_access_code""=>""03843"", ""move_in_initiated_date""=>""2011-01-07""",false,,2014-02-01 00:43:42.021,true,,,6060,3637,,14,2011-01-07 10:00:00.000,2014-04-08 03:12:55.570,,,,"40ee086a-423e-4bd2-9815-6cbacadecdfa",,false,,,,5210,,,,,,,,,,,,,,
20502,InvoiceSentTenantEvent,"""invoice_sent""=>""true""",false,,,true,,,,3637,,14,2014-02-01 00:43:42.423,2014-02-01 00:43:42.437,,5379,Invoice,"8ea108e1-5941-4330-931b-fc1b8120cb6f",,false,,,,,,,,,,,,,,,,,,
20503,InvoiceSentTenantEvent,"""invoice_sent""=>""true""",false,,,true,,,,3637,,14,2014-02-01 00:43:42.600,2014-02-01 00:43:42.612,,5380,Invoice,a6796363-14e6-4049-9d10-20e90b3b236d,,false,,,,,,,,,,,,,,,,,,
20504,InvoiceSentTenantEvent,"""invoice_sent""=>""true""",false,,,true,,,,3637,,14,2014-02-01 00:43:42.886,2014-02-01 00:43:42.899,,5381,Invoice,"2dbd1953-d083-430a-9942-f2c43073fc8d",,false,,,,,,,,,,,,,,,,,,
20505,MoveInUnitEvent,"""rate""=>""80.0"", ""move_in_date""=>""2012-02-01"", ""gate_access_code""=>""02949"", ""move_in_initiated_date""=>""2012-02-01""",false,,2014-02-01 00:43:43.193,true,,,6061,3638,,14,2012-02-01 10:00:00.000,2014-04-08 03:12:55.611,,,,ab17eab4-4189-40c6-9b0b-b2ec3ce1901e,,false,,,,5211,,,,,,,,,,,,,,
20506,InvoiceSentTenantEvent,"""invoice_sent""=>""true""",false,,,true,,,,3638,,14,2014-02-01 00:43:43.601,2014-02-01 00:43:43.633,,5382,Invoice,ad0a08b9-ba92-43a5-9c1b-f5c5da5d33ce,,false,,,,,,,,,,,,,,,,,,
20507,InvoiceSentTenantEvent,"""invoice_sent""=>""true""",false,,,true,,,,3638,,14,2014-02-01 00:43:43.789,2014-02-01 00:43:43.876,,5383,Invoice,c4b1d15c-76a6-4684-beed-0f6ba5d3bc7c,,false,,,,,,,,,,,,,,,,,,
20508,MoveInUnitEvent,"""rate""=>""55.0"", ""move_in_date""=>""2013-08-12"", ""gate_access_code""=>""00486"", ""move_in_initiated_date""=>""2013-08-12""",false,,2014-02-01 00:43:43.971,true,,,6062,3639,,14,2013-08-12 10:00:00.000,2024-03-07 18:57:06.995,,,,c7e58c77-089a-4ada-85e0-2bd33aae6cb7,,false,,,,5212,,,,,,,,,,,,,,
20509,InvoiceSentTenantEvent,"""invoice_sent""=>""true""",false,,,true,,,,3639,,14,2014-02-01 00:43:44.364,2014-02-01 00:43:44.377,,5384,Invoice,"5adf1b98-8e4a-4a5e-8d2f-7e2c6747ac75",,false,,,,,,,,,,,,,,,,,,
20510,InvoiceSentTenantEvent,"""invoice_sent""=>""true""",false,,,true,,,,3639,,14,2014-02-01 00:43:44.541,2014-02-01 00:43:44.554,,5385,Invoice,"5f16e6f1-2181-4e4e-97a1-6d42150fd68a",,false,,,,,,,,,,,,,,,,,,
20511,MoveInUnitEvent,"""rate""=>""55.0"", ""move_in_date""=>""2005-09-26"", ""gate_access_code""=>""03657"", ""move_in_initiated_date""=>""2005-09-26""",false,,2014-02-01 00:43:44.800,true,,,6063,3640,,14,2005-09-26 10:00:00.000,2024-03-07 18:57:06.995,,,,"92e45da4-aa09-416e-928a-da3cf11e566a",,false,,,,5213,,,,,,,,,,,,,,
20512,InvoiceSentTenantEvent,"""invoice_sent""=>""true""",false,,,true,,,,3640,,14,2014-02-01 00:43:45.099,2014-02-01 00:43:45.111,,5386,Invoice,"45156bab-ccb3-4f8b-b741-b090d0cfd896",,false,,,,,,,,,,,,,,,,,,
20513,InvoiceSentTenantEvent,"""invoice_sent""=>""true""",false,,,true,,,,3640,,14,2014-02-01 00:43:45.380,2014-02-01 00:43:45.392,,5387,Invoice,"03f523c9-bd2a-469c-9ea8-9aad6885fd91",,false,,,,,,,,,,,,,,,,,,
20514,InvoiceSentTenantEvent,"""invoice_sent""=>""true""",false,,,true,,,,3640,,14,2014-02-01 00:43:45.670,2014-02-01 00:43:45.682,,5388,Invoice,ee31ca7a-0c59-4160-be9c-f1a7f17714e8,,false,,,,,,,,,,,,,,,,,,
20515,NoteEvent,"",false,,2014-02-06 22:09:56.924,false,,31,,3641,,14,2014-02-01 00:43:45.970,2014-04-08 03:13:28.272,,,,"6ef5fec1-e92c-4a0a-9a76-9b5793c68ff1",,false,,,,,,,,,,,,,,,,,,
20516,MoveInUnitEvent,"""rate""=>""80.0"", ""move_in_date""=>""2012-02-10"", ""gate_access_code""=>""01169"", ""move_in_initiated_date""=>""2012-02-10""",false,,2014-02-01 00:43:45.998,true,,,6064,3641,,14,2012-02-10 10:00:00.000,2014-04-08 03:12:55.691,,,,f538b9d1-cde9-49c2-928b-ac347545d420,,false,,,,5214,,,,,,,,,,,,,,
20517,InvoiceSentTenantEvent,"""invoice_sent""=>""true""",false,,,true,,,,3641,,14,2014-02-01 00:43:46.334,2014-02-01 00:43:46.355,,5389,Invoice,"4affbc10-51c6-4516-ac2f-4cd085e00fe4",,false,,,,,,,,,,,,,,,,,,
20518,InvoiceSentTenantEvent,"""invoice_sent""=>""true""",false,,,true,,,,3641,,14,2014-02-01 00:43:46.598,2014-02-01 00:43:46.595,,5390,Invoice,"357901dd-9481-46a8-9bed-5825ce46e8d5",,false,,,,,,,,,,,,,,,,,,
20519,InvoiceSentTenantEvent,"""invoice_sent""=>""true""",false,,,true,,,,3641,,14,2014-02-01 00:43:46.756,2014-02-01 00:43:46.789,,5391,Invoice,c31748a4-5492-4510-8bf1-8678edad9077,,false,,,,,,,,,,,,,,,,,,
20520,InvoiceSentTenantEvent,"""invoice_sent""=>""true""",false,,,true,,,,3641,,14,2014-02-01 00:43:46.944,2014-02-01 00:43:46.961,,5392,Invoice,f943a044-b19c-4227-ad51-d128c8ed73c0,,false,,,,,,,,,,,,,,,,,,
20521,DelinquencyStageTenantEvent,"""invoice_id""=>""5390"", ""applied_date""=>""2013-12-11"", ""line_item_id""=>""5525"", ""resolved_date""=>""2014-04-23""",false,,,true,,,,3641,,14,2014-02-01 00:43:47.139,2014-04-23 19:41:13.901,,23,DelinquencyStage,"821426aa-fb80-48bd-9d6c-a6d14d38c896",removed,false,,,,5214,,,,,24383280,,,,,,,,,
20522,AddFeeDelinquencyTenantEvent,"""fee_invoice_id""=>""5391""",false,,2014-02-01 00:43:47.137,true,,,,3641,,14,2014-02-01 00:43:47.145,2014-04-23 19:25:48.880,20521,28,DelinquencyStageAction,fb97f22b-6a81-4d00-b773-d997901b36af,removed,false,,,,5214,,,,,24383280,,,,,,,,,
20523,GateLockoutDelinquencyTenantEvent,"""last_action_date""=>""2014-04-23""",false,,2014-01-31 05:00:00.000,true,,,,3641,,14,2014-02-01 00:43:47.173,2014-04-23 19:25:48.836,20521,29,DelinquencyStageAction,"1a27d368-4f4a-41a0-b7c5-f1767c52e14d",removed,false,,,,5214,,,,,24383280,,,,,,,,,
20524,OverlockDelinquencyTenantEvent,"""last_action_date""=>""2014-04-23""",false,,2014-04-23 19:41:13.883,true,,40,6064,3641,,14,2014-02-01 00:43:47.214,2014-04-23 19:41:13.887,20521,30,DelinquencyStageAction,f29743e6-005c-4ed9-b4e2-95561eb32f9a,overlock_removed,false,,,,5214,,,,,24383280,,,,,,,,,
20525,DelinquencyStageTenantEvent,"""invoice_id""=>""5390"", ""applied_date""=>""2013-12-16"", ""line_item_id""=>""5525"", ""resolved_date""=>""2014-04-23""",false,,,true,,,,3641,,14,2014-02-01 00:43:47.267,2014-04-23 19:25:48.696,,24,DelinquencyStage,f44b1ef8-0dbf-4a30-9401-b519c856e6f6,removed,false,,,,5214,,,,,24383550,,,,,,,,,
20526,PrintMailDelinquencyTenantEvent,"",false,,2014-02-04 17:04:30.543,true,,31,6064,3641,,14,2014-02-01 00:43:47.273,2014-04-23 19:25:48.658,20525,31,DelinquencyStageAction,f1a88a07-6e2a-4e14-8552-33e10bdd29c7,letter_sent,false,,,,5214,,,,,24383550,,,,,,,,,
20527,DelinquencyStageTenantEvent,"""invoice_id""=>""5390"", ""applied_date""=>""2014-01-10"", ""line_item_id""=>""5525"", ""resolved_date""=>""2014-04-23""",false,,,true,,,,3641,,14,2014-02-01 00:43:47.330,2014-04-23 19:25:48.440,,25,DelinquencyStage,cd078ec4-4da3-4ffe-9388-1b9a8bb587e6,removed,false,,,,5214,,,,,24383812,,,,,,,,,
20528,AddFeeDelinquencyTenantEvent,"""fee_invoice_id""=>""5391""",false,,2014-02-01 00:43:47.328,true,,,,3641,,14,2014-02-01 00:43:47.336,2014-04-23 19:25:48.399,20527,32,DelinquencyStageAction,"03ddaef3-a419-4f5c-8766-969460302d13",removed,false,,,,5214,,,,,24383812,,,,,,,,,
20529,DelinquencyStageTenantEvent,"""invoice_id""=>""5390"", ""applied_date""=>""2014-01-15"", ""line_item_id""=>""5525"", ""resolved_date""=>""2014-04-23""",false,,,true,,,,3641,,14,2014-02-01 00:43:47.392,2014-04-23 19:25:48.312,,26,DelinquencyStage,abb54ce7-ec30-4de7-b2ff-f9cd388f6e87,removed,false,,,,5214,,,,,24384078,,,,,,,,,
20530,PrintMailDelinquencyTenantEvent,"",false,,2014-02-04 17:04:28.626,true,,31,6064,3641,,14,2014-02-01 00:43:47.398,2014-04-23 19:25:48.272,20529,33,DelinquencyStageAction,c3027224-6576-4e91-84c1-6cbb1130a8cf,letter_sent,false,,,,5214,,,,,24384078,,,,,,,,,
20531,NoteEvent,"",false,,,false,,,,3642,,14,2014-02-01 00:43:47.735,2014-04-08 03:13:28.292,,,,"73353f6b-6078-4e0f-adc0-ae3231b01e88",,false,,,,,,,,,,,,,,,,,,
20532,NoteEvent,"",false,,2014-02-06 22:09:31.257,false,,31,,3642,,14,2014-02-01 00:43:47.743,2014-04-08 03:13:28.314,,,,"429ddc42-84b4-45c5-8f1b-c8a26024c6da",,false,,,,,,,,,,,,,,,,,,
20533,MoveInUnitEvent,"""rate""=>""80.0"", ""move_in_date""=>""1980-01-01"", ""gate_access_code""=>""01365"", ""move_in_initiated_date""=>""1980-01-01""",false,,2014-02-01 00:43:47.772,true,,,6065,3642,,14,1980-01-01 10:00:00.000,2014-04-08 03:12:55.792,,,,"771a0c26-3bba-4e3c-9922-6d6063bfacf9",,false,,,,5215,,,,,,,,,,,,,,
20534,InvoiceSentTenantEvent,"""invoice_sent""=>""true""",false,,,true,,,,3642,,14,2014-02-01 00:43:48.064,2014-02-01 00:43:48.077,,5393,Invoice,"8026b638-253e-410b-ae8f-a3e7991cfd38",,false,,,,,,,,,,,,,,,,,,
20535,InvoiceSentTenantEvent,"""invoice_sent""=>""true""",false,,,true,,,,3642,,14,2014-02-01 00:43:48.324,2014-02-01 00:43:48.336,,5394,Invoice,"34f94cd1-b127-4f7c-be60-e22fd81db8b6",,false,,,,,,,,,,,,,,,,,,
20536,InvoiceSentTenantEvent,"""invoice_sent""=>""true""",false,,,true,,,,3642,,14,2014-02-01 00:43:48.478,2014-02-01 00:43:48.492,,5395,Invoice,"84303615-be43-4f53-8b19-bf4357f8c5fa",,false,,,,,,,,,,,,,,,,,,
20537,InvoiceSentTenantEvent,"""invoice_sent""=>""true""",false,,,true,,,,3642,,14,2014-02-01 00:43:48.655,2014-02-01 00:43:48.667,,5396,Invoice,ef3987dc-0e2c-46e6-aafd-7107549186a9,,false,,,,,,,,,,,,,,,,,,
20538,DelinquencyStageTenantEvent,"""invoice_id""=>""5394"", ""applied_date""=>""2014-01-11"", ""line_item_id""=>""5529"", ""resolved_date""=>""2014-07-09""",false,,,true,,,,3642,,14,2014-02-01 00:43:48.730,2014-07-10 00:45:05.425,,23,DelinquencyStage,e366ad3b-d365-4319-9fe6-d993076def5d,removed,false,,,,5215,,,,,24394848,,,,,,,,,
20539,AddFeeDelinquencyTenantEvent,"""fee_invoice_id""=>""5395""",false,,2014-02-01 00:43:48.728,true,,,,3642,,14,2014-02-01 00:43:48.736,2014-07-10 00:45:05.392,20538,28,DelinquencyStageAction,c27d9dc9-c191-47d2-8618-a5cd1dc09d87,removed,false,,,,5215,,,,,24394848,,,,,,,,,
20540,GateLockoutDelinquencyTenantEvent,"""last_action_date""=>""2014-07-09""",false,,2014-01-31 05:00:00.000,true,,,,3642,,14,2014-02-01 00:43:48.863,2014-07-10 00:45:05.353,20538,29,DelinquencyStageAction,a5a48d62-ca7e-42b8-be32-b9b4fa4a8f0f,removed,false,,,,5215,,,,,24394848,,,,,,,,,
20541,OverlockDelinquencyTenantEvent,"""last_action_date""=>""2014-07-09""",false,,2014-02-01 00:43:49.035,true,,,6065,3642,,14,2014-02-01 00:43:48.903,2014-07-10 00:45:05.270,20538,30,DelinquencyStageAction,b0688b12-b5ed-4a0f-833a-20a58c5ad9db,overlock_removed,false,,,,5215,,,,,24394848,,,,,,,,,
20542,DelinquencyStageTenantEvent,"""invoice_id""=>""5394"", ""applied_date""=>""2014-01-16"", ""line_item_id""=>""5529""",false,,,false,,,,3642,,14,2014-02-01 00:43:48.955,2014-04-08 03:12:05.016,,24,DelinquencyStage,"3cb98c82-fdad-4234-9361-820d2694bc10",applied,false,,,,5215,,,,,24395079,,,,,,,,,
20543,PrintMailDelinquencyTenantEvent,"",false,,2014-02-04 17:04:43.056,true,,31,6065,3642,,14,2014-02-01 00:43:48.961,2014-02-04 17:04:43.057,20542,31,DelinquencyStageAction,"01234a2a-e1b0-47d3-8d07-96c1bc260b3e",letter_sent,false,,,,5215,,,,,24395079,,,,,,,,,
20544,NoteEvent,"",false,,,false,,,,3643,,14,2014-02-01 00:43:49.198,2014-04-08 03:13:28.334,,,,"9c414db6-9416-444e-b99c-fba43191e433",,false,,,,,,,,,,,,,,,,,,
20545,NoteEvent,"",false,,2014-02-06 22:08:14.382,false,,31,,3643,,14,2014-02-01 00:43:49.204,2014-04-08 03:13:28.355,,,,e141b63d-149c-49fe-b304-08817100faaa,,false,,,,,,,,,,,,,,,,,,
20546,MoveInUnitEvent,"""rate""=>""55.0"", ""move_in_date""=>""2011-11-23"", ""gate_access_code""=>""01995"", ""move_in_initiated_date""=>""2011-11-23""",false,,2014-02-01 00:43:49.233,true,,,6066,3643,,14,2011-11-23 10:00:00.000,2024-03-07 18:57:06.995,,,,"9d1fc47b-74f4-44e9-919e-a18dfd7ca59b",,false,,,,5216,,,,,,,,,,,,,,
20547,InvoiceSentTenantEvent,"""invoice_sent""=>""true""",false,,,true,,,,3643,,14,2014-02-01 00:43:49.639,2014-02-01 00:43:49.657,,5397,Invoice,"58df4167-5f34-4de5-b39f-f40056bd3a80",,false,,,,,,,,,,,,,,,,,,
20548,InvoiceSentTenantEvent,"""invoice_sent""=>""true""",false,,,true,,,,3643,,14,2014-02-01 00:43:49.795,2014-02-01 00:43:49.792,,5398,Invoice,c7ee573d-72ba-40e7-bd43-f882a25dd937,,false,,,,,,,,,,,,,,,,,,
20549,InvoiceSentTenantEvent,"""invoice_sent""=>""true""",false,,,true,,,,3643,,14,2014-02-01 00:43:50.070,2014-02-01 00:43:50.090,,5399,Invoice,e1640a2a-6227-4d44-905b-7ecabd1fc956,,false,,,,,,,,,,,,,,,,,,
20550,InvoiceSentTenantEvent,"""invoice_sent""=>""true""",false,,,true,,,,3643,,14,2014-02-01 00:43:50.274,2014-02-01 00:43:50.271,,5400,Invoice,"03f9532d-215d-456f-ba6e-fd70703d80b9",,false,,,,,,,,,,,,,,,,,,
20551,DelinquencyStageTenantEvent,"""invoice_id""=>""5398"", ""applied_date""=>""2014-01-31"", ""line_item_id""=>""5533"", ""resolved_date""=>""2014-02-04""",false,,,true,,,,3643,,14,2014-02-01 00:43:50.355,2014-04-08 03:12:05.069,,23,DelinquencyStage,"0c50c8f0-4bdd-4237-a2cc-9a0c3b3dda91",removed,false,,,,5216,,,,,24400170,,,,,,,,,
20552,AddFeeDelinquencyTenantEvent,"""fee_invoice_id""=>""5399""",false,,2014-02-01 00:43:50.353,true,,,,3643,,14,2014-02-01 00:43:50.361,2014-02-04 16:20:47.090,20551,28,DelinquencyStageAction,c3c72cf1-f898-4662-bda5-dde4cb982cc0,removed,false,,,,5216,,,,,24400170,,,,,,,,,
20553,GateLockoutDelinquencyTenantEvent,"",false,,2014-02-04 05:00:00.000,true,,,,3643,,14,2014-02-01 00:43:50.382,2014-02-04 16:20:47.169,20551,29,DelinquencyStageAction,"709bc26a-3c8c-418b-af05-ef6b057102ec",removed,false,,,,5216,,,,,24400170,,,,,,,,,
20554,OverlockDelinquencyTenantEvent,"",false,,2014-02-04 17:12:55.627,true,,31,6066,3643,,14,2014-02-01 00:43:50.422,2024-03-07 18:57:06.995,20551,30,DelinquencyStageAction,e6331e7f-9398-46e0-8d4c-67b38aa8d01d,overlock_removed,false,,,,5216,,,,,24400170,,,,,,,,,
20555,DelinquencyStageTenantEvent,"""invoice_id""=>""5398"", ""applied_date""=>""2014-01-31"", ""line_item_id""=>""5533"", ""resolved_date""=>""2014-02-25""",false,,,true,,,,3643,,14,2014-02-01 00:43:50.477,2014-04-08 03:12:05.098,,24,DelinquencyStage,"2777f996-b59a-4e19-b137-6e3c04b76046",removed,false,,,,5216,,,,,24400974,,,,,,,,,
20556,PrintMailDelinquencyTenantEvent,"""event_cancelled""=>""true""",false,,2014-02-04 16:20:46.865,true,,,6066,3643,,14,2014-02-01 00:43:50.483,2024-03-07 18:57:06.995,20555,31,DelinquencyStageAction,b87e9c63-b306-42ec-8b21-dcca1324a346,cancelled,false,,,,5216,,,,,24400974,,,,,,,,,
20557,MoveInUnitEvent,"""rate""=>""80.0"", ""move_in_date""=>""2006-06-16"", ""gate_access_code""=>""08636"", ""move_in_initiated_date""=>""2006-06-16""",false,,2014-02-01 00:43:50.807,true,,,6067,3644,,14,2006-06-16 10:00:00.000,2014-04-08 03:12:55.835,,,,"40b6a102-cd66-49c7-bf82-ea132202800c",,false,,,,5217,,,,,,,,,,,,,,
20558,InvoiceSentTenantEvent,"""invoice_sent""=>""true""",false,,,true,,,,3644,,14,2014-02-01 00:43:51.299,2014-02-01 00:43:51.316,,5401,Invoice,"08f8bedb-e569-463b-b97a-b5e1001b23ea",,false,,,,,,,,,,,,,,,,,,
20559,InvoiceSentTenantEvent,"""invoice_sent""=>""true""",false,,,true,,,,3644,,14,2014-02-01 00:43:51.520,2014-02-01 00:43:51.531,,5402,Invoice,cecdee85-6fd2-47a3-9492-f1e68c8be132,,false,,,,,,,,,,,,,,,,,,
20560,MoveInUnitEvent,"""rate""=>""55.0"", ""move_in_date""=>""2004-12-27"", ""gate_access_code""=>""03330"", ""move_in_initiated_date""=>""2004-12-27""",false,,2014-02-01 00:43:51.977,true,,,6072,3645,,14,2004-12-27 10:00:00.000,2024-03-07 18:57:06.995,,,,b72d57c2-3f5c-4f81-8e16-da5cb0fa8846,,false,,,,5218,,,,,,,,,,,,,,
20561,InvoiceSentTenantEvent,"""invoice_sent""=>""true""",false,,,true,,,,3645,,14,2014-02-01 00:43:52.389,2014-02-01 00:43:52.401,,5403,Invoice,"0946f78a-1859-46c3-8863-9b0d394eee85",,false,,,,,,,,,,,,,,,,,,
20562,InvoiceSentTenantEvent,"""invoice_sent""=>""true""",false,,,true,,,,3645,,14,2014-02-01 00:43:52.538,2014-02-01 00:43:52.550,,5404,Invoice,"547c1489-7e65-4913-ad02-81d7152d4d62",,false,,,,,,,,,,,,,,,,,,
20563,InvoiceSentTenantEvent,"""invoice_sent""=>""true""",false,,,true,,,,3645,,14,2014-02-01 00:43:52.825,2014-02-01 00:43:52.837,,5405,Invoice,"142fb3a0-aafb-407e-b311-656c6e762716",,false,,,,,,,,,,,,,,,,,,
20564,DelinquencyStageTenantEvent,"""invoice_id""=>""5404"", ""applied_date""=>""2014-01-31"", ""line_item_id""=>""5541"", ""resolved_date""=>""2014-01-31""",false,,,true,,,,3645,,14,2014-02-01 00:43:52.901,2014-04-08 03:12:05.151,,23,DelinquencyStage,cfec6ebc-826e-4b4d-bc19-4c6db1868615,removed,false,,,,5218,,,,,24430381,,,,,,,,,
20565,AddFeeDelinquencyTenantEvent,"",false,,2014-02-01 00:43:52.899,true,,,,3645,,14,2014-02-01 00:43:52.907,2014-02-01 00:43:53.192,20564,28,DelinquencyStageAction,"00bc969e-3433-47c8-942e-a4d4d6fa72c5",removed,false,,,,5218,,,,,24430381,,,,,,,,,
20566,GateLockoutDelinquencyTenantEvent,"",false,,2014-01-31 10:00:00.000,true,,,,3645,,14,2014-02-01 00:43:52.928,2014-02-01 00:43:53.166,20564,29,DelinquencyStageAction,"4c9498a0-3bde-496a-b22f-83f2f8aea43e",removed,false,,,,5218,,,,,24430381,,,,,,,,,
20567,OverlockDelinquencyTenantEvent,"""event_cancelled""=>""true""",false,,2014-02-01 00:43:53.096,true,,,6072,3645,,14,2014-02-01 00:43:52.968,2024-03-07 18:57:06.995,20564,30,DelinquencyStageAction,"403b6e28-7bd4-4cce-9272-a58b01f8396d",overlock_cancelled,false,,,,5218,,,,,24430381,,,,,,,,,
20568,DelinquencyStageTenantEvent,"""invoice_id""=>""5404"", ""applied_date""=>""2014-02-16"", ""line_item_id""=>""5541"", ""resolved_date""=>""2014-03-06""",false,,,true,,,,3645,,14,2014-02-01 00:43:53.022,2014-04-08 03:12:05.179,,24,DelinquencyStage,e1a1326b-0c1b-4414-bfbb-9b2a9c1a2794,removed,false,,,,5218,,,,,24430731,,,,,,,,,
20569,PrintMailDelinquencyTenantEvent,"",false,,2014-02-04 17:04:48.897,true,,31,6072,3645,,14,2014-02-01 00:43:53.028,2024-03-07 18:57:06.995,20568,31,DelinquencyStageAction,"9978c3d6-dd87-47cb-8486-1d198d425a1f",letter_sent,false,,,,5218,,,,,24430731,,,,,,,,,
20570,NoteEvent,"",false,,2014-02-06 22:08:08.304,false,,31,,3646,,14,2014-02-01 00:43:53.525,2014-04-08 03:13:28.378,,,,"3c45d4fe-de5b-4e75-87db-8acc7567bd0f",,false,,,,,,,,,,,,,,,,,,
20571,NoteEvent,"",false,,,false,,,,3646,,14,2014-02-01 00:43:53.533,2014-04-08 03:13:28.398,,,,"06b9fd43-5bdd-4bbd-af73-9021b73559f4",,false,,,,,,,,,,,,,,,,,,
20572,MoveInUnitEvent,"""rate""=>""80.0"", ""move_in_date""=>""2013-10-01"", ""gate_access_code""=>""01975"", ""move_in_initiated_date""=>""2013-10-01""",false,,2014-02-01 00:43:53.560,true,,,6073,3646,,14,2013-10-01 10:00:00.000,2014-04-08 03:12:55.877,,,,dab242e9-e6f0-496b-ba9a-62296e7ebb56,,false,,,,5219,,,,,,,,,,,,,,
20573,InvoiceSentTenantEvent,"""invoice_sent""=>""true""",false,,,true,,,,3646,,14,2014-02-01 00:43:53.966,2014-02-01 00:43:53.980,,5406,Invoice,e5f632b4-881f-43d9-814c-8736a527ba31,,false,,,,,,,,,,,,,,,,,,
20574,InvoiceSentTenantEvent,"""invoice_sent""=>""true""",false,,,true,,,,3646,,14,2014-02-01 00:43:54.125,2014-02-01 00:43:54.123,,5407,Invoice,b65f9f88-11fb-4d90-9395-8c9f33cc0e75,,false,,,,,,,,,,,,,,,,,,
20575,InvoiceSentTenantEvent,"""invoice_sent""=>""true""",false,,,true,,,,3646,,14,2014-02-01 00:43:54.283,2014-02-01 00:43:54.386,,5408,Invoice,"62a67495-b9e3-432b-9863-0c261c1cb879",,false,,,,,,,,,,,,,,,,,,
20576,InvoiceSentTenantEvent,"""invoice_sent""=>""true""",false,,,true,,,,3646,,14,2014-02-01 00:43:54.583,2014-02-01 00:43:54.602,,5409,Invoice,"3dcff929-637e-4a86-81a3-0bcb47b3829f",,false,,,,,,,,,,,,,,,,,,
20577,DelinquencyStageTenantEvent,"""invoice_id""=>""5407"", ""applied_date""=>""2014-01-31"", ""line_item_id""=>""5544"", ""resolved_date""=>""2014-02-18""",false,,,true,,,,3646,,14,2014-02-01 00:43:54.661,2014-04-08 03:12:05.230,,23,DelinquencyStage,"8f45fd4a-685d-4c6a-8996-007ab22d5f1c",removed,false,,,,5219,,,,,24456989,,,,,,,,,
20578,AddFeeDelinquencyTenantEvent,"""fee_invoice_id""=>""5408""",false,,2014-02-01 00:43:54.659,true,,,,3646,,14,2014-02-01 00:43:54.667,2014-02-18 15:18:07.182,20577,28,DelinquencyStageAction,"32e032d9-85cf-4e83-8400-b02f6350225c",removed,false,,,,5219,,,,,24456989,,,,,,,,,
20579,GateLockoutDelinquencyTenantEvent,"",false,,2014-02-18 05:00:00.000,true,,,,3646,,14,2014-02-01 00:43:54.688,2014-02-18 15:18:07.285,20577,29,DelinquencyStageAction,"7877f5c0-71bb-4ec6-83bf-7d778a4cd751",removed,false,,,,5219,,,,,24456989,,,,,,,,,
20580,OverlockDelinquencyTenantEvent,"",false,,2014-02-18 15:24:33.121,true,,40,6073,3646,,14,2014-02-01 00:43:54.728,2014-02-18 15:24:33.122,20577,30,DelinquencyStageAction,"7fcf097b-2ed2-44c8-acd6-9e8a44997cf9",overlock_removed,false,,,,5219,,,,,24456989,,,,,,,,,
20581,DelinquencyStageTenantEvent,"""invoice_id""=>""5407"", ""applied_date""=>""2014-01-31"", ""line_item_id""=>""5544"", ""resolved_date""=>""2014-02-18""",false,,,true,,,,3646,,14,2014-02-01 00:43:54.782,2014-04-08 03:12:05.259,,24,DelinquencyStage,"8f2a59b5-8556-471d-9463-e9c30dba53f0",removed,false,,,,5219,,,,,24457209,,,,,,,,,
20582,PrintMailDelinquencyTenantEvent,"",false,,2014-02-04 17:04:55.146,true,,31,6073,3646,,14,2014-02-01 00:43:54.788,2014-02-04 17:04:55.147,20581,31,DelinquencyStageAction,ef500264-3128-42d3-b8fd-542e61e156db,letter_sent,false,,,,5219,,,,,24457209,,,,,,,,,
20583,MoveInUnitEvent,"""rate""=>""55.0"", ""move_in_date""=>""2008-12-27"", ""gate_access_code""=>""04791"", ""move_in_initiated_date""=>""2008-12-27""",false,,2014-02-01 00:43:55.436,true,,,6078,3647,,14,2008-12-27 10:00:00.000,2024-03-07 18:57:06.995,,,,"53aea2ff-5d27-4ef4-9896-82526ff0b2a3",,false,,,,5220,,,,,,,,,,,,,,
20584,InvoiceSentTenantEvent,"""invoice_sent""=>""true""",false,,,true,,,,3647,,14,2014-02-01 00:43:55.740,2014-02-01 00:43:55.741,,5410,Invoice,"1de5e25e-38a8-43ed-921f-f7857d8330ec",,false,,,,,,,,,,,,,,,,,,
20585,InvoiceSentTenantEvent,"""invoice_sent""=>""true""",false,,,true,,,,3647,,14,2014-02-01 00:43:56.045,2014-02-01 00:43:56.041,,5411,Invoice,b6ee8fc7-4f30-411c-95d5-ed6b3074fa41,,false,,,,,,,,,,,,,,,,,,
20586,NoteEvent,"",false,,,false,,,,3648,,14,2014-02-01 00:43:56.245,2014-04-08 03:13:28.419,,,,"3a26e98f-f10c-4133-a59b-a4827f312b72",,false,,,,,,,,,,,,,,,,,,
20587,MoveInUnitEvent,"""rate""=>""55.0"", ""move_in_date""=>""2013-07-13"", ""gate_access_code""=>""04078"", ""move_in_initiated_date""=>""2013-07-13""",false,,2014-02-01 00:43:56.272,true,,,6079,3648,,14,2013-07-13 10:00:00.000,2024-03-07 18:57:06.995,,,,"628cd7bb-6305-465b-8020-6d868a4241f7",,false,,,,5221,,,,,,,,,,,,,,
20588,InvoiceSentTenantEvent,"""invoice_sent""=>""true""",false,,,true,,,,3648,,14,2014-02-01 00:43:56.754,2014-02-01 00:43:56.770,,5412,Invoice,"03d0bd91-f970-4d2a-a97b-3b2090e989b6",,false,,,,,,,,,,,,,,,,,,
20589,InvoiceSentTenantEvent,"""invoice_sent""=>""true""",false,,,true,,,,3648,,14,2014-02-01 00:43:56.970,2014-02-01 00:43:56.982,,5413,Invoice,"6a161a8f-f5d1-456a-9870-8172b4b46aae",,false,,,,,,,,,,,,,,,,,,
20590,NoteEvent,"",false,,2014-02-06 22:06:58.511,false,,31,,3649,,14,2014-02-01 00:43:57.263,2014-04-08 03:13:28.515,,,,"5f26de41-0f3a-4569-8236-6983e1a06820",,false,,,,,,,,,,,,,,,,,,
20591,MoveInUnitEvent,"""rate""=>""55.0"", ""move_in_date""=>""2012-02-06"", ""gate_access_code""=>""00759"", ""move_in_initiated_date""=>""2012-02-06""",false,,2014-02-01 00:43:57.292,true,,,6080,3649,,14,2012-02-06 10:00:00.000,2024-03-07 18:57:06.995,,,,"46930706-d065-460c-a965-3e0537bed4fe",,false,,,,5222,,,,,,,,,,,,,,
20592,InvoiceSentTenantEvent,"""invoice_sent""=>""true""",false,,,true,,,,3649,,14,2014-02-01 00:43:57.588,2014-02-01 00:43:57.601,,5414,Invoice,"5b858057-99a2-4aeb-946e-f9cd3753c38a",,false,,,,,,,,,,,,,,,,,,
20593,InvoiceSentTenantEvent,"""invoice_sent""=>""true""",false,,,true,,,,3649,,14,2014-02-01 00:43:57.877,2014-02-01 00:43:57.889,,5415,Invoice,"509b7e96-2b07-4f19-99fd-74928b857ed3",,false,,,,,,,,,,,,,,,,,,
20594,NoteEvent,"",false,,,false,,,,3648,,14,2014-02-01 00:43:58.045,2014-04-08 03:13:28.537,,,,"901c9573-bf29-4aad-accb-fc9b60b2f5c2",,false,,,,,,,,,,,,,,,,,,
20595,MoveInUnitEvent,"""rate""=>""80.0"", ""move_in_date""=>""2007-10-26"", ""gate_access_code""=>""04078"", ""move_in_initiated_date""=>""2007-10-26""",false,,2014-02-01 00:43:58.085,true,,,6081,3648,,14,2007-10-26 10:00:00.000,2014-04-08 03:12:55.998,,,,"5e805168-7276-4057-a615-81b42536fd81",,false,,,,5223,,,,,,,,,,,,,,
20596,InvoiceSentTenantEvent,"""invoice_sent""=>""true""",false,,,true,,,,3648,,14,2014-02-01 00:43:58.489,2014-02-01 00:43:58.501,,5416,Invoice,c2eeecc4-af38-4b3b-b548-c97e71410723,,false,,,,,,,,,,,,,,,,,,
20597,InvoiceSentTenantEvent,"""invoice_sent""=>""true""",false,,,true,,,,3648,,14,2014-02-01 00:43:58.667,2014-02-01 00:43:58.679,,5417,Invoice,"1abe566d-fcfe-43d9-af7d-6e15e9124979",,false,,,,,,,,,,,,,,,,,,
20598,NoteEvent,"",false,,2014-02-06 22:06:54.392,false,,31,,3650,,14,2014-02-01 00:43:58.965,2014-04-08 03:13:28.561,,,,"2d39637a-9d8d-453e-a653-accf4e4971ac",,false,,,,,,,,,,,,,,,,,,
20599,MoveInUnitEvent,"""rate""=>""80.0"", ""move_in_date""=>""2010-06-23"", ""gate_access_code""=>""00117"", ""move_in_initiated_date""=>""2010-06-23""",false,,2014-02-01 00:43:58.994,true,,,6082,3650,,14,2010-06-23 10:00:00.000,2014-08-11 16:35:04.730,,,,"4e7b3f75-2220-4efa-ae8f-6f0b690f0547",,false,,,,5224,,,,,,,,,,,,,,
20600,InvoiceSentTenantEvent,"""invoice_sent""=>""true""",false,,,true,,,,3650,,14,2014-02-01 00:43:59.293,2014-02-01 00:43:59.312,,5418,Invoice,c98273f6-b395-454a-ae03-e94e42709d1e,,false,,,,,,,,,,,,,,,,,,
20601,InvoiceSentTenantEvent,"""invoice_sent""=>""true""",false,,,true,,,,3650,,14,2014-02-01 00:43:59.590,2014-02-01 00:43:59.587,,5419,Invoice,"4a703cc1-fd94-4992-88b0-4d15ee8236d5",,false,,,,,,,,,,,,,,,,,,
20602,NoteEvent,"",false,,2014-02-06 22:06:48.224,false,,31,,3651,,14,2014-02-01 00:43:59.744,2014-04-08 03:13:28.584,,,,"2c77cd5a-e93d-44f9-b19f-e6477a9ff0ea",,false,,,,,,,,,,,,,,,,,,
20603,MoveInUnitEvent,"""rate""=>""55.0"", ""move_in_date""=>""2012-08-08"", ""gate_access_code""=>""05020"", ""move_in_initiated_date""=>""2012-08-08""",false,,2014-02-01 00:43:59.770,true,,,6083,3651,,14,2012-08-08 10:00:00.000,2024-03-07 18:57:06.995,,,,"92f52d0a-106c-4d6c-a75a-84776148674a",,false,,,,5225,,,,,,,,,,,,,,
20604,InvoiceSentTenantEvent,"""invoice_sent""=>""true""",false,,,true,,,,3651,,14,2014-02-01 00:44:00.192,2014-02-01 00:44:00.214,,5420,Invoice,"5aacac45-3e83-424e-8b7b-7d2032b7cef3",,false,,,,,,,,,,,,,,,,,,
20605,InvoiceSentTenantEvent,"""invoice_sent""=>""true""",false,,,true,,,,3651,,14,2014-02-01 00:44:00.391,2014-02-01 00:44:00.404,,5421,Invoice,"439fe3fc-ece6-4216-b975-de83097bc110",,false,,,,,,,,,,,,,,,,,,
20606,NoteEvent,"",false,,2014-02-06 22:06:41.059,false,,31,,3652,,14,2014-02-01 00:44:00.751,2014-04-08 03:13:28.607,,,,"719ad4b7-f896-4a0e-a2dc-9970321e9cf9",,false,,,,,,,,,,,,,,,,,,
20607,NoteEvent,"",false,,,false,,,,3652,,14,2014-02-01 00:44:00.757,2014-04-08 03:13:28.627,,,,"9a690df7-0865-4134-a266-c65b5df30a75",,false,,,,,,,,,,,,,,,,,,
20608,MoveInUnitEvent,"""rate""=>""55.0"", ""move_in_date""=>""2012-08-01"", ""gate_access_code""=>""02423"", ""move_in_initiated_date""=>""2012-08-01""",false,,2014-02-01 00:44:00.789,true,,,6085,3652,,14,2012-08-01 10:00:00.000,2024-03-07 18:57:06.995,,,,c3f5e8fb-1a30-43fa-9de9-4d7af5ab2788,,false,,,,5226,,,,,,,,,,,,,,
20609,InvoiceSentTenantEvent,"""invoice_sent""=>""true""",false,,,true,,,,3652,,14,2014-02-01 00:44:01.207,2014-02-01 00:44:01.239,,5422,Invoice,"60c82e15-626f-4445-b3f8-110e9787f614",,false,,,,,,,,,,,,,,,,,,
20610,InvoiceSentTenantEvent,"""invoice_sent""=>""true""",false,,,true,,,,3652,,14,2014-02-01 00:44:01.370,2014-02-01 00:44:01.393,,5423,Invoice,ddb997bb-f5ec-40a0-8cc1-537a924e312a,,false,,,,,,,,,,,,,,,,,,
20611,InvoiceSentTenantEvent,"""invoice_sent""=>""true""",false,,,true,,,,3652,,14,2014-02-01 00:44:01.545,2014-02-01 00:44:01.544,,5424,Invoice,f2c0c6d2-511a-4cfc-8a80-fb285c5315aa,,false,,,,,,,,,,,,,,,,,,
20612,InvoiceSentTenantEvent,"""invoice_sent""=>""true""",false,,,true,,,,3652,,14,2014-02-01 00:44:01.855,2014-02-01 00:44:01.890,,5425,Invoice,"25dbf5f9-3b71-416a-8c5d-32bcd249fb8a",,false,,,,,,,,,,,,,,,,,,
20613,DelinquencyStageTenantEvent,"""invoice_id""=>""5423"", ""applied_date""=>""2013-11-11"", ""line_item_id""=>""5562"", ""resolved_date""=>""2014-04-09""",false,,,true,,,,3652,,14,2014-02-01 00:44:01.942,2014-04-09 18:47:33.458,,23,DelinquencyStage,"066c475f-a837-465d-9e15-bf984e899039",removed,false,,,,5226,,,,,24476595,,,,,,,,,
20614,AddFeeDelinquencyTenantEvent,"""fee_invoice_id""=>""5424""",false,,2014-02-01 00:44:01.940,true,,,,3652,,14,2014-02-01 00:44:01.950,2014-04-08 17:15:20.348,20613,28,DelinquencyStageAction,"32bfd8d5-d602-4216-98ed-a80eef51ff1d",removed,false,,,,5226,,,,,24476595,,,,,,,,,
20615,GateLockoutDelinquencyTenantEvent,"""last_action_date""=>""2014-04-08""",false,,2014-01-31 05:00:00.000,true,,,,3652,,14,2014-02-01 00:44:01.974,2014-04-08 17:15:20.306,20613,29,DelinquencyStageAction,f442bdf3-6726-4603-8947-2c4edcde3056,removed,false,,,,5226,,,,,24476595,,,,,,,,,
20616,OverlockDelinquencyTenantEvent,"""last_action_date""=>""2014-04-09""",false,,2014-04-09 18:47:33.446,true,,49,6085,3652,,14,2014-02-01 00:44:02.022,2024-03-07 18:57:06.995,20613,30,DelinquencyStageAction,"902b842a-62e9-4845-8ebb-8c6878e43d03",overlock_removed,false,,,,5226,,,,,24476595,,,,,,,,,
20617,DelinquencyStageTenantEvent,"""invoice_id""=>""5423"", ""applied_date""=>""2013-11-16"", ""line_item_id""=>""5562"", ""resolved_date""=>""2014-04-08""",false,,,true,,,,3652,,14,2014-02-01 00:44:02.086,2014-04-08 17:15:20.063,,24,DelinquencyStage,"5eb6ef3b-e193-44b8-847e-7518eec69eaa",removed,false,,,,5226,,,,,24480611,,,,,,,,,
20618,PrintMailDelinquencyTenantEvent,"",false,,2014-02-04 17:05:15.325,true,,31,6085,3652,,14,2014-02-01 00:44:02.092,2024-03-07 18:57:06.995,20617,31,DelinquencyStageAction,"981bc9db-82cf-4af7-a10b-1bb8d8693da3",letter_sent,false,,,,5226,,,,,24480611,,,,,,,,,
20619,DelinquencyStageTenantEvent,"""invoice_id""=>""5423"", ""applied_date""=>""2013-12-11"", ""line_item_id""=>""5562"", ""resolved_date""=>""2014-04-08""",false,,,true,,,,3652,,14,2014-02-01 00:44:02.154,2014-04-08 17:15:19.957,,25,DelinquencyStage,cb80d3b3-00f3-4e91-88dd-897e280a5ef2,removed,false,,,,5226,,,,,24481492,,,,,,,,,
20620,AddFeeDelinquencyTenantEvent,"""fee_invoice_id""=>""5424""",false,,2014-02-01 00:44:02.152,true,,,,3652,,14,2014-02-01 00:44:02.161,2014-04-08 17:15:19.920,20619,32,DelinquencyStageAction,"7b682661-8c63-4f68-bf37-c8718d7a4895",removed,false,,,,5226,,,,,24481492,,,,,,,,,
20621,DelinquencyStageTenantEvent,"""invoice_id""=>""5423"", ""applied_date""=>""2013-12-16"", ""line_item_id""=>""5562"", ""resolved_date""=>""2014-04-08""",false,,,true,,,,3652,,14,2014-02-01 00:44:02.216,2014-04-08 17:15:19.843,,26,DelinquencyStage,"7a75919e-b968-47ca-b8d4-e153ff4547d8",removed,false,,,,5226,,,,,24482282,,,,,,,,,
20622,PrintMailDelinquencyTenantEvent,"",false,,2014-02-04 17:05:12.881,true,,31,6085,3652,,14,2014-02-01 00:44:02.223,2024-03-07 18:57:06.995,20621,33,DelinquencyStageAction,"3c7092f4-bfff-45db-a489-261560aa4352",letter_sent,false,,,,5226,,,,,24482282,,,,,,,,,
20623,DelinquencyStageTenantEvent,"""invoice_id""=>""5423"", ""applied_date""=>""2014-01-10"", ""line_item_id""=>""5562"", ""resolved_date""=>""2014-04-08""",false,,,true,,,,3652,,14,2014-02-01 00:44:02.286,2014-04-08 17:15:19.618,,27,DelinquencyStage,"58a62195-47b1-4a21-9fc1-a8947f84dcff",removed,false,,,,5226,,,,,24482566,,,,,,,,,
20624,AddFeeDelinquencyTenantEvent,"""fee_invoice_id""=>""5424""",false,,2014-02-01 00:44:02.284,true,,,,3652,,14,2014-02-01 00:44:02.292,2014-04-08 17:15:19.582,20623,34,DelinquencyStageAction,c2a3a5a0-8698-4b10-ac83-02605d64c7fe,removed,false,,,,5226,,,,,24482566,,,,,,,,,
20625,DelinquencyStageTenantEvent,"""invoice_id""=>""5423"", ""applied_date""=>""2014-01-15"", ""line_item_id""=>""5562"", ""resolved_date""=>""2014-04-08""",false,,,true,,,,3652,,14,2014-02-01 00:44:02.457,2014-04-08 17:15:19.507,,28,DelinquencyStage,"92d394bd-2983-44c6-afeb-cb7ac7c3c91e",removed,false,,,,5226,,,,,24482751,,,,,,,,,
