"effective_on","description","amount","account_balance_id","tenant_id","ledger_id","facility_id","created_at","updated_at","uuid","reversal","account_balance_item_id","internal_account_code","daily_transaction","transaction_type","hidden","reference_number","display_code","id"
2014-02-01 04:59:00.000,Imported Security Deposit,-15.00,6563,3557,5127,14,2014-02-01 00:42:04.899,2014-02-01 00:42:04.899,"7f65cb7d-786f-4d98-88ee-c8f6ec0a076d",false,,"2030",false,,false,,,56
2014-02-01 04:59:00.000,Imported Security Deposit,-15.00,6587,3565,5135,14,2014-02-01 00:42:15.068,2014-02-01 00:42:15.068,"2d1abd49-0c83-403a-9d8f-4c9e9575d044",false,,"2030",false,,false,,,59
2014-02-01 04:59:00.000,Imported Security Deposit,-15.00,6592,3567,5137,14,2014-02-01 00:42:18.210,2014-02-01 00:42:18.210,"308b15da-1ac7-44bf-90f3-7e73a083de90",false,,"2030",false,,false,,,60
2014-02-01 04:59:00.000,Imported Security Deposit,-15.00,6646,3588,5158,14,2014-02-01 00:42:41.927,2014-02-01 00:42:41.927,"2c08d43e-59ff-42f9-acd8-d8d10d9e1a1c",false,,"2030",false,,false,,,69
2014-02-01 04:59:00.000,Imported Security Deposit,-15.00,6652,3590,5160,14,2014-02-01 00:42:44.312,2014-02-01 00:42:44.312,e7afbc73-cca0-45fb-91c0-0f86725630b0,false,,"2030",false,,false,,,70
2014-02-01 04:59:00.000,Imported Security Deposit,-15.00,6682,3602,5172,14,2014-02-01 00:42:57.361,2014-02-01 00:42:57.361,da5f6391-d410-40b6-92f5-a7d5e4b000c0,false,,"2030",false,,false,,,71
2014-02-01 04:59:00.000,Imported Security Deposit,-15.00,6743,3624,5195,14,2014-02-01 00:43:24.127,2014-02-01 00:43:24.127,"3290c473-a2c0-4dca-aae1-4ae08204d825",false,,"2030",false,,false,,,78
2014-02-01 04:59:00.000,Imported Security Deposit,-15.00,6756,3629,5200,14,2014-02-01 00:43:30.113,2014-02-01 00:43:30.113,f56b8feb-a4a3-49e2-8930-40f77fa7d23d,false,,"2030",false,,false,,,81
2014-02-01 04:59:00.000,Imported Security Deposit,-15.00,6758,3630,5201,14,2014-02-01 00:43:31.101,2014-02-01 00:43:31.101,c7f3383f-5561-4be2-a75a-cf15f65e46ad,false,,"2030",false,,false,,,82
2014-02-01 04:59:00.000,Imported Security Deposit,-15.00,6803,3644,5217,14,2014-02-01 00:43:51.356,2014-02-01 00:43:51.356,"3bc49a21-2e04-4a40-8024-35a387a17132",false,,"2030",false,,false,,,89
2014-02-01 04:59:00.000,Imported Security Deposit,-15.00,6814,3648,5221,14,2014-02-01 00:43:56.813,2014-02-01 00:43:56.813,"7ca5d32e-be9a-4075-b9aa-20ed5951f538",false,,"2030",false,,false,,,90
2014-02-01 04:59:00.000,Imported Security Deposit,-15.00,6860,3665,5243,14,2014-02-01 00:44:16.882,2014-02-01 00:44:16.882,"2f1d2342-79fd-42b1-a486-d52bc4642490",false,,"2030",false,,false,,,91
2014-02-01 04:59:00.000,Imported Security Deposit,-15.00,6866,3668,5246,14,2014-02-01 00:44:19.495,2014-02-01 00:44:19.495,adbdd413-e4a8-4baf-88c2-c9848f596093,false,,"2030",false,,false,,,92
2014-02-01 04:59:00.000,Imported Security Deposit,-15.00,6869,3669,5247,14,2014-02-01 00:44:20.476,2014-02-01 00:44:20.476,"5df9b10b-1587-4faf-b198-7d5edb9b488c",false,,"2030",false,,false,,,93
2014-02-01 04:59:00.000,Imported Security Deposit,-15.00,6886,3675,5253,14,2014-02-01 00:44:29.021,2014-02-01 00:44:29.021,"8f596dd0-2029-4796-af68-5ec7b2d0caf6",false,,"2030",false,,false,,,94
2014-01-31 22:00:00.000,Imported Security Deposit,-15.00,6909,3682,5262,13,2014-02-01 00:50:41.633,2014-02-01 00:50:41.633,e86c2207-5522-4f61-b1be-d5a488cc1222,false,,"2030",false,,false,,,97
2014-01-31 22:00:00.000,Imported Security Deposit,-30.00,6919,3686,5266,13,2014-02-01 00:50:45.643,2014-02-01 00:50:45.643,b117c39a-519d-4536-b407-870a60e433e8,false,,"2030",false,,false,,,102
2014-01-31 22:00:00.000,Imported Security Deposit,-15.00,6992,3714,5296,13,2014-02-01 00:51:16.256,2014-02-01 00:51:16.256,"4c4a7428-f77a-45bc-a4ac-c83f3701011d",false,,"2030",false,,false,,,115
2014-01-31 22:00:00.000,Imported Security Deposit,-15.00,7003,3718,5300,13,2014-02-01 00:51:20.637,2014-02-01 00:51:20.637,"787f3534-8b2d-40c3-ab88-959672a2f029",false,,"2030",false,,false,,,120
2014-01-31 22:00:00.000,Imported Security Deposit,-15.00,7017,3722,5304,13,2014-02-01 00:51:26.945,2014-02-01 00:51:26.945,a94d58e4-093f-4d2e-9551-e9d5e13ab215,false,,"2030",false,,false,,,121
2014-01-31 22:00:00.000,Imported Security Deposit,-15.00,7048,3734,5317,13,2014-02-01 00:51:40.019,2014-02-01 00:51:40.019,"2346172f-b965-4de1-886c-03c432dcb80c",false,,"2030",false,,false,,,126
2014-01-31 22:00:00.000,Imported Security Deposit,-15.00,7123,3757,5343,13,2014-02-01 00:52:12.766,2014-02-01 00:52:12.766,"6d57abec-6289-45be-86f7-18c62846881a",false,,"2030",false,,false,,,137
2014-01-31 22:00:00.000,Imported Security Deposit,-15.00,7131,3760,5346,13,2014-02-01 00:52:16.230,2014-02-01 00:52:16.230,"4cda7ad1-0725-4e84-bc47-d639329f5434",false,,"2030",false,,false,,,138
2014-01-31 22:00:00.000,Imported Security Deposit,-15.00,7139,3763,5349,13,2014-02-01 00:52:20.256,2014-02-01 00:52:20.256,"901a567a-498e-40fb-af34-964590a4ca7f",false,,"2030",false,,false,,,139
2014-01-31 22:00:00.000,Imported Security Deposit,-15.00,7141,3764,5350,13,2014-02-01 00:52:21.108,2014-02-01 00:52:21.108,b17577cb-4268-4f33-8e6d-a4cf4fd9a1f3,false,,"2030",false,,false,,,140
2014-01-31 22:00:00.000,Imported Security Deposit,-15.00,7219,3794,5384,13,2014-02-01 00:52:53.498,2014-02-01 00:52:53.498,"2ed4b5e7-e36a-4875-a373-45fff9069123",false,,"2030",false,,false,,,157
2014-01-31 22:00:00.000,Imported Security Deposit,-30.00,7249,3805,5397,13,2014-02-01 00:53:06.641,2014-02-01 00:53:06.641,"2bee172f-ef84-4120-8d29-ab5cc42f3f42",false,,"2030",false,,false,,,162
2014-01-31 22:00:00.000,Imported Security Deposit,-15.00,7262,3810,5403,13,2014-02-01 00:53:12.468,2014-02-01 00:53:12.468,"13d84e88-b5f5-4047-a054-6c77bdc89e43",false,,"2030",false,,false,,,165
2014-01-31 22:00:00.000,Imported Security Deposit,-15.00,7307,3826,5421,13,2014-02-01 00:53:33.041,2014-02-01 00:53:33.041,"02778aec-4034-4316-92df-fe20c46591f8",false,,"2030",false,,false,,,168
2014-01-31 22:00:00.000,Imported Security Deposit,-15.00,7314,3828,5424,13,2014-02-01 00:53:35.807,2014-02-01 00:53:35.807,"8d6958b7-fdd5-4117-a9e1-ab9756011702",false,,"2030",false,,false,,,169
2014-01-31 22:00:00.000,Imported Security Deposit,-15.00,7319,3770,5426,13,2014-02-01 00:53:38.036,2014-02-01 00:53:38.036,"32b28561-6411-40cc-a4ba-018644728b97",false,,"2030",false,,false,,,172
2014-02-13 21:58:21.075,Credit Card - Visa,15.00,40516,3761,,13,2014-02-13 21:58:21.076,2014-02-13 21:58:21.076,"8de0d19c-c69d-4f23-898e-0e9401e239aa",false,30679,"1020",false,,false,,,58275
2014-02-13 21:58:21.089,Late Fee Revenue,-15.00,40514,3761,,13,2014-02-13 21:58:21.091,2014-02-13 21:58:21.091,"2b146eb6-1e1f-453b-ac99-6dcae5e4d074",false,30679,"4052",false,,false,,,58276
2014-03-13 15:22:06.251,Credit Card - Visa,25.00,87631,3609,,14,2014-03-13 15:22:06.253,2014-03-13 15:22:06.253,"5dc6f518-41db-48e5-b2ee-abed2fca4230",false,47181,"1020",false,,false,,,90864
2014-03-13 15:22:06.266,General Fee Revenue,-25.00,87630,3609,,14,2014-03-13 15:22:06.267,2014-03-13 15:22:06.267,"09a4f97a-d1f1-4de3-8996-d892390b7a87",false,47181,"4050",false,,false,,,90865
2014-03-19 18:46:34.520,Cash,25.00,98113,3773,,13,2014-03-19 18:46:34.521,2014-03-19 18:46:34.521,f8abff62-3985-449f-a903-3f22b1d91fee,false,47520,"1000",false,,false,,,91533
2014-03-19 18:46:34.533,General Fee Revenue,-25.00,98112,3773,,13,2014-03-19 18:46:34.535,2014-03-19 18:46:34.535,e0a19850-3e50-405c-b7a7-afc40d6ae198,false,47520,"4050",false,,false,,,91534
2014-02-03 17:03:30.957,Cash,160.00,108209,3680,5260,13,2014-04-08 03:04:51.465,2014-04-08 03:04:51.465,f9ce58bd-44d6-4a7a-84a5-2c9043421d4a,false,48438,"1000",false,,false,,,93361
2014-02-03 17:03:30.957,Unit #001,-160.00,108206,3680,5260,13,2014-04-08 03:04:51.480,2014-04-08 03:04:51.480,f2637bad-0fba-4547-b456-756be1f76e4e,false,48438,"4000",false,,false,,,93362
2014-03-18 20:00:30.170,Cash,30.00,108217,3680,5260,13,2014-04-08 03:04:51.838,2014-04-08 03:04:51.838,e89993a3-35bc-48da-82bf-8b63515a7a06,false,48441,"1000",false,,false,,,93363
2014-03-18 20:00:30.170,Unit #001,-30.00,108206,3680,5260,13,2014-04-08 03:04:51.849,2014-04-08 03:04:51.849,"2d6a0b4a-b10b-4efd-b16f-96f0bb451a06",false,48441,"4000",false,,false,,,93364
2014-03-18 20:00:30.170,Cash,65.00,108217,3680,5260,13,2014-04-08 03:04:51.915,2014-04-08 03:04:51.915,"788761b7-ca10-4778-a6d3-a8a1a8d751a7",false,48442,"1000",false,,false,,,93365
2014-03-18 20:00:30.170,Unit #001,-65.00,108208,3680,5260,13,2014-04-08 03:04:51.926,2014-04-08 03:04:51.926,"250ba3fe-c4a7-4831-aae3-7b42a59ab361",false,48442,"4000",false,,false,,,93366
2014-03-26 20:59:25.107,Cash,65.00,108218,3680,5260,13,2014-04-08 03:04:52.021,2014-04-08 03:04:52.021,f09d58c5-0e82-4f41-b155-d0f4cbb4f75a,false,48443,"1000",false,,false,,,93367
2014-03-26 20:59:25.107,Unit #001,-65.00,108214,3680,5260,13,2014-04-08 03:04:52.032,2014-04-08 03:04:52.032,"89a56ced-e24a-434b-a3ff-31ef66f0b0bd",false,48443,"4000",false,,false,,,93368
2014-03-26 20:59:25.107,Cash,15.00,108218,3680,5260,13,2014-04-08 03:04:52.094,2014-04-08 03:04:52.094,"347497ee-4cfb-4b91-966e-75c4a184ab7f",false,48444,"1000",false,,false,,,93369
2014-03-26 20:59:25.107,LF,-15.00,108215,3680,5260,13,2014-04-08 03:04:52.105,2014-04-08 03:04:52.105,c6b02ab9-3fbe-413f-96d4-77621f4597a2,false,48444,"4052",false,,false,,,93370
2014-03-26 20:59:25.107,Cash,15.00,108218,3680,5260,13,2014-04-08 03:04:52.166,2014-04-08 03:04:52.166,e41358c2-c93e-47c9-a493-19b76cd4e118,false,48445,"1000",false,,false,,,93371
2014-03-26 20:59:25.107,LF,-15.00,108216,3680,5260,13,2014-04-08 03:04:52.177,2014-04-08 03:04:52.177,f7db04b4-ce4a-4be7-946a-60787c8a4979,false,48445,"4052",false,,false,,,93372
2014-04-08 03:04:52.788,Cash,45.00,108217,3680,5260,13,2014-04-08 03:04:52.796,2014-04-08 03:04:52.796,"50588a8e-324a-49f1-8437-1195f965a385",false,48446,"1000",false,,false,,,93373
2014-04-08 03:04:52.788,IMPORT-LATE1,-45.00,108207,3680,5260,13,2014-04-08 03:04:52.806,2014-04-08 03:04:52.806,c4aa8b48-e468-4d40-b919-0a7a5d531718,false,48446,"4052",false,,false,,,93374
2014-02-25 19:51:46.035,Cash,65.00,108240,3683,5263,13,2014-04-08 03:04:55.039,2014-04-08 03:04:55.039,cd454d26-1773-4b20-83c0-48c480e4507d,false,48453,"1000",false,,false,,,93387
2014-02-25 19:51:46.035,Unit #005,-65.00,108239,3683,5263,13,2014-04-08 03:04:55.050,2014-04-08 03:04:55.050,ea84a5c5-380f-45b3-8ca1-9cf9c007ed7f,false,48453,"4000",false,,false,,,93388
2014-02-25 19:51:23.643,Cash,40.00,108246,3683,5323,13,2014-04-08 03:04:55.673,2014-04-08 03:04:55.673,c54e94ac-067f-488d-8e6a-599f5573a642,false,48455,"1000",false,,false,,,93391
2014-02-25 19:51:23.643,Unit #066,-40.00,108245,3683,5323,13,2014-04-08 03:04:55.684,2014-04-08 03:04:55.684,"15d9bbe5-7093-4855-967c-fd3738bf795f",false,48455,"4000",false,,false,,,93392
2014-02-14 16:16:46.574,Cash,34.82,108250,3683,13144,13,2014-04-08 03:04:56.170,2014-04-08 03:04:56.170,f83285bf-c0fe-4fec-8804-8c3eead5c105,false,48456,"1000",false,,false,,,93393
2014-02-14 16:16:46.574,Unit #002,-34.82,108248,3683,13144,13,2014-04-08 03:04:56.181,2014-04-08 03:04:56.181,ad38cedb-facc-4dfc-acad-59bf82ca1f4a,false,48456,"4000",false,,false,,,93394
2014-02-14 16:16:46.574,Cash,15.00,108250,3683,13144,13,2014-04-08 03:04:56.237,2014-04-08 03:04:56.237,ac44aa24-ee4e-45d0-9bdc-f4f1b49aac21,false,48457,"1000",false,,false,,,93395
2014-02-14 16:16:46.574,ADMIN-FEE,-15.00,108249,3683,13144,13,2014-04-08 03:04:56.247,2014-04-08 03:04:56.247,"630f0aad-e889-430e-9cd4-d42c04a1dedb",false,48457,"4051",false,,false,,,93396
2014-02-25 19:52:09.690,Cash,65.00,108252,3683,13144,13,2014-04-08 03:04:56.357,2014-04-08 03:04:56.357,"2f5b9318-ec3b-47bb-9530-d8fcc85ff613",false,48458,"1000",false,,false,,,93397
2014-02-25 19:52:09.690,Unit #002,-65.00,108251,3683,13144,13,2014-04-08 03:04:56.368,2014-04-08 03:04:56.368,"67dfbbd2-5ec0-41df-ad7d-b4e324ee669c",false,48458,"4000",false,,false,,,93398
2014-02-08 16:45:46.615,Visa XXXX0194,65.00,108256,3684,5264,13,2014-04-08 03:04:56.980,2014-04-08 03:04:56.980,ab78e63b-1c8a-4097-9cb6-b33a9d52a6bd,false,48459,"1020",false,,false,,,93399
2014-02-08 16:45:46.615,Unit #006,-65.00,108255,3684,5264,13,2014-04-08 03:04:56.990,2014-04-08 03:04:56.990,dd4116d6-48ad-4571-9ad6-e31478ec84e8,false,48459,"4000",false,,false,,,93400
2014-03-11 19:49:18.232,Visa XXXX0194,65.00,108259,3684,5264,13,2014-04-08 03:04:57.160,2014-04-08 03:04:57.160,"7443e7e9-0ccb-44f6-b124-92ba088f629b",false,48460,"1020",false,,false,,,93401
2014-03-11 19:49:18.232,Unit #006,-65.00,108257,3684,5264,13,2014-04-08 03:04:57.171,2014-04-08 03:04:57.171,"34d2ae89-e400-4a74-8c6f-08fb31169ab0",false,48460,"4000",false,,false,,,93402
2014-03-11 19:49:18.232,Visa XXXX0194,15.00,108259,3684,5264,13,2014-04-08 03:04:57.231,2014-04-08 03:04:57.231,"04c1ccf4-31f9-4109-bf18-d84daefe547d",false,48461,"1020",false,,false,,,93403
2014-03-11 19:49:18.232,LF,-15.00,108258,3684,5264,13,2014-04-08 03:04:57.242,2014-04-08 03:04:57.242,"269a9095-d5e0-43a5-8c1b-0bad655d6ce6",false,48461,"4052",false,,false,,,93404
2014-04-07 18:42:25.017,Visa XXXX0194,65.00,108261,3684,5264,13,2014-04-08 03:04:57.343,2014-04-08 03:04:57.343,cf8004a1-5a77-409b-89dd-8634e7def5e0,false,48462,"1020",false,,false,,,93405
2014-04-07 18:42:25.017,Unit #006,-65.00,108260,3684,5264,13,2014-04-08 03:04:57.354,2014-04-08 03:04:57.354,"4d1df0f6-20c8-4373-bfd5-518f704be310",false,48462,"4000",false,,false,,,93406
2014-02-03 15:49:53.693,Check #2353,65.00,108264,3685,5265,13,2014-04-08 03:04:58.097,2014-04-08 03:04:58.097,"168228e6-50d7-4c2b-98c6-d4c10d3669d9",false,48463,"1001",false,,false,,,93407
2014-02-03 15:49:53.693,Unit #007,-65.00,108263,3685,5265,13,2014-04-08 03:04:58.108,2014-04-08 03:04:58.108,"52f9562f-8433-4d9c-9f9e-13547cdce8f8",false,48463,"4000",false,,false,,,93408
2014-03-03 21:58:44.513,Check #2361,65.00,108270,3685,5265,13,2014-04-08 03:04:58.465,2014-04-08 03:04:58.465,"377426b8-1490-4934-9d5f-e67884f47ca1",false,48466,"1001",false,,false,,,93409
2014-03-03 21:58:44.513,Unit #007,-65.00,108269,3685,5265,13,2014-04-08 03:04:58.476,2014-04-08 03:04:58.476,aaebddc1-6b4f-4565-9cd2-397d07b5c70e,false,48466,"4000",false,,false,,,93410
2014-04-03 14:47:54.847,Check #2370,65.00,108273,3685,5265,13,2014-04-08 03:04:58.577,2014-04-08 03:04:58.577,a3d83521-d82e-4c07-9eb5-9bc3f86a5ab4,false,48467,"1001",false,,false,,,93411
2014-04-03 14:47:54.847,Unit #007,-65.00,108271,3685,5265,13,2014-04-08 03:04:58.587,2014-04-08 03:04:58.587,f4dbfdd5-bfa3-4a11-b5c7-63680858c44c,false,48467,"4000",false,,false,,,93412
2014-03-03 22:07:03.169,Check #98893954,60.00,108284,3686,5266,13,2014-04-08 03:04:59.839,2014-04-08 03:04:59.839,f583198d-c544-44b8-9c97-4c1c2a62a939,false,48471,"1001",false,,false,,,93415
2014-03-03 22:07:03.169,Unit #008,-60.00,108283,3686,5266,13,2014-04-08 03:04:59.850,2014-04-08 03:04:59.850,"0d734f84-4bef-4aca-946b-c21ba776ef18",false,48471,"4000",false,,false,,,93416
2014-03-28 17:13:06.393,Visa XXXX3038,5.00,108287,3686,5266,13,2014-04-08 03:04:59.937,2014-04-08 03:04:59.937,"6d646fbf-5924-4ed1-874e-8601c2e6c319",false,48472,"1020",false,,false,,,93417
2014-03-28 17:13:06.393,Unit #008,-5.00,108283,3686,5266,13,2014-04-08 03:04:59.948,2014-04-08 03:04:59.948,"1f09a59e-92b6-4c1a-ab3f-336db98905ba",false,48472,"4000",false,,false,,,93418
2014-03-28 17:13:06.393,Visa XXXX3038,15.00,108287,3686,5266,13,2014-04-08 03:05:00.025,2014-04-08 03:05:00.025,b24af770-8ded-4e58-8941-30d8502029c5,false,48473,"1020",false,,false,,,93419
2014-03-28 17:13:06.393,LF,-15.00,108285,3686,5266,13,2014-04-08 03:05:00.037,2014-04-08 03:05:00.037,"95073bed-f954-4ce4-be4e-8d395db00846",false,48473,"4052",false,,false,,,93420
2014-03-28 17:13:06.393,Visa XXXX3038,30.00,108287,3686,5266,13,2014-04-08 03:05:00.177,2014-04-08 03:05:00.177,"6500bc82-b903-4d1c-8c83-72233dedb402",false,48474,"1020",false,,false,,,93421
2014-03-28 17:13:06.393,Unit #008,-30.00,108286,3686,5266,13,2014-04-08 03:05:00.188,2014-04-08 03:05:00.188,cb636fb5-dedd-413c-aed1-c4e842a582ef,false,48474,"4000",false,,false,,,93422
2014-03-03 22:07:03.160,Check #98893954,30.00,108301,3686,5386,13,2014-04-08 03:05:01.854,2014-04-08 03:05:01.854,fe2ea473-7353-43de-a3a1-aba5de6cf1c8,false,48481,"1001",false,,false,,,93427
2014-03-03 22:07:03.160,Unit #146,-30.00,108290,3686,5386,13,2014-04-08 03:05:01.951,2014-04-08 03:05:01.951,"78542e87-c124-4529-9ca2-5f365e6c8872",false,48481,"4000",false,,false,,,93428
2014-03-03 22:07:03.160,Check #98893954,50.00,108301,3686,5386,13,2014-04-08 03:05:02.028,2014-04-08 03:05:02.028,"1bf708f9-1e53-425d-ae80-5fc12c82c285",false,48482,"1001",false,,false,,,93429
2014-03-03 22:07:03.160,Unit #146,-50.00,108299,3686,5386,13,2014-04-08 03:05:02.040,2014-04-08 03:05:02.040,"3c68df76-8502-4977-b04c-273d6b743ef9",false,48482,"4000",false,,false,,,93430
2014-03-28 17:11:36.102,Visa XXXX3038,35.00,108304,3686,5386,13,2014-04-08 03:05:02.135,2014-04-08 03:05:02.135,"335d33c9-e745-42eb-b072-9fc14eba8adb",false,48483,"1020",false,,false,,,93431
2014-03-28 17:11:36.102,Unit #146,-35.00,108299,3686,5386,13,2014-04-08 03:05:02.145,2014-04-08 03:05:02.145,"482488b0-8c9b-4e30-a6e6-c74d9dc0054a",false,48483,"4000",false,,false,,,93432
2014-03-28 17:11:36.102,Visa XXXX3038,15.00,108304,3686,5386,13,2014-04-08 03:05:02.210,2014-04-08 03:05:02.210,"09607310-a160-44cb-a7e2-d9f0c4b0d14a",false,48484,"1020",false,,false,,,93433
2014-03-28 17:11:36.102,LF,-15.00,108302,3686,5386,13,2014-04-08 03:05:02.223,2014-04-08 03:05:02.223,ad3bb5b0-1e59-4d7a-9003-1a92c1488833,false,48484,"4052",false,,false,,,93434
2014-03-28 17:11:36.102,Visa XXXX3038,50.00,108304,3686,5386,13,2014-04-08 03:05:02.292,2014-04-08 03:05:02.292,"8051d01a-bf7a-4b44-b159-b07e8a0d4f27",false,48485,"1020",false,,false,,,93435
2014-03-28 17:11:36.102,Unit #146,-50.00,108303,3686,5386,13,2014-04-08 03:05:02.304,2014-04-08 03:05:02.304,"3f5cc5e3-a917-4a60-9542-59ff030da73f",false,48485,"4000",false,,false,,,93436
2014-02-27 16:51:15.584,Check #1233,50.00,108313,3687,5267,13,2014-04-08 03:05:03.626,2014-04-08 03:05:03.626,a1787780-43a4-4436-9f3f-65b8f67c7f18,false,48489,"1001",false,,false,,,93441
2014-02-27 16:51:15.584,Unit #009,-50.00,108307,3687,5267,13,2014-04-08 03:05:03.636,2014-04-08 03:05:03.636,c44dfbd6-549e-4075-9668-f6b408334df7,false,48489,"4000",false,,false,,,93442
2014-02-27 16:51:15.584,Check #1233,15.00,108313,3687,5267,13,2014-04-08 03:05:03.697,2014-04-08 03:05:03.697,"69468c40-5cdf-4649-a0f5-6d86372b1d1b",false,48490,"1001",false,,false,,,93443
2014-02-27 16:51:15.584,LF,-15.00,108311,3687,5267,13,2014-04-08 03:05:03.708,2014-04-08 03:05:03.708,"66b2c616-ff84-4aac-9edc-ec5219cd72e7",false,48490,"4052",false,,false,,,93444
2014-03-22 14:51:32.132,Cash,65.00,108315,3687,5267,13,2014-04-08 03:05:03.889,2014-04-08 03:05:03.889,a2d3fed7-97ec-42b0-8498-2770bf87e490,false,48491,"1000",false,,false,,,93445
2014-03-22 14:51:32.132,Unit #009,-65.00,108312,3687,5267,13,2014-04-08 03:05:03.900,2014-04-08 03:05:03.900,"94d2861d-190f-4ed3-be58-2bbf80833089",false,48491,"4000",false,,false,,,93446
2014-03-22 14:51:32.132,Cash,15.00,108315,3687,5267,13,2014-04-08 03:05:03.962,2014-04-08 03:05:03.962,"6a73640a-0204-4fb5-a118-25d0128f6fb3",false,48492,"1000",false,,false,,,93447
2014-03-22 14:51:32.132,LF,-15.00,108314,3687,5267,13,2014-04-08 03:05:03.973,2014-04-08 03:05:03.973,"8ce00447-ecfa-4c01-bd8a-d7e58a5c1710",false,48492,"4052",false,,false,,,93448
2014-02-07 17:00:07.163,Cash,65.00,108319,3688,5268,13,2014-04-08 03:05:04.616,2014-04-08 03:05:04.616,"7b29569a-56ab-49ef-91ef-a5be6130d059",false,48493,"1000",false,,false,,,93449
2014-02-07 17:00:07.163,Unit #010,-65.00,108318,3688,5268,13,2014-04-08 03:05:04.626,2014-04-08 03:05:04.626,cbcd9668-cebc-46df-b41b-f71e708bd241,false,48493,"4000",false,,false,,,93450
2014-03-10 14:40:50.075,Cash,65.00,108321,3688,5268,13,2014-04-08 03:05:04.727,2014-04-08 03:05:04.727,ed47dc3f-9639-429f-a4d4-32a703267b82,false,48494,"1000",false,,false,,,93451
2014-03-10 14:40:50.075,Unit #010,-65.00,108320,3688,5268,13,2014-04-08 03:05:04.738,2014-04-08 03:05:04.738,"08441b0b-8798-4be1-a298-523d63cd70ed",false,48494,"4000",false,,false,,,93452
2014-03-04 21:56:50.468,Cash,65.00,108327,3689,5269,13,2014-04-08 03:05:05.400,2014-04-08 03:05:05.400,"5f0b9c26-28f8-4fdd-bfa7-84adac4bfbf1",false,48496,"1000",false,,false,,,93455
2014-03-04 21:56:50.468,Unit #011,-65.00,108326,3689,5269,13,2014-04-08 03:05:05.411,2014-04-08 03:05:05.411,a440d254-5456-4490-8199-49dcd72b1080,false,48496,"4000",false,,false,,,93456
2014-04-02 15:50:27.435,Visa XXXX8599,65.00,108329,3689,5269,13,2014-04-08 03:05:05.513,2014-04-08 03:05:05.513,c7cee3d1-0ee4-47e8-a244-c8c7f498c2e4,false,48497,"1020",false,,false,,,93457
2014-04-02 15:50:27.435,Unit #011,-65.00,108328,3689,5269,13,2014-04-08 03:05:05.524,2014-04-08 03:05:05.524,"100de321-9398-46d7-872d-9ed329470d96",false,48497,"4000",false,,false,,,93458
2014-02-11 15:36:40.066,Cash,65.00,108334,3690,5270,13,2014-04-08 03:05:06.488,2014-04-08 03:05:06.488,a09c5252-779d-430f-b1a9-3fcc0ea54899,false,48499,"1000",false,,false,,,93459
2014-02-11 15:36:40.066,Unit #012,-65.00,108331,3690,5270,13,2014-04-08 03:05:06.499,2014-04-08 03:05:06.499,"582075b3-bdfb-4573-a069-c6620a529d02",false,48499,"4000",false,,false,,,93460
2014-03-01 22:03:15.293,Mastercard XXXX7331,65.00,108340,3690,5270,13,2014-04-08 03:05:06.869,2014-04-08 03:05:06.869,"99d3283a-ddae-416f-bb7e-6885ad171a29",false,48502,"1021",false,,false,,,93461
2014-03-01 22:03:15.293,Unit #012,-65.00,108339,3690,5270,13,2014-04-08 03:05:06.880,2014-04-08 03:05:06.880,"177e3527-8aaf-40f5-8663-3b720a995728",false,48502,"4000",false,,false,,,93462
2014-04-02 21:04:52.512,Mastercard XXXX7331,65.00,108343,3690,5270,13,2014-04-08 03:05:06.982,2014-04-08 03:05:06.982,"5149880e-0bc0-4a4b-9b87-8b1f492fc216",false,48503,"1021",false,,false,,,93463
2014-04-02 21:04:52.512,Unit #012,-65.00,108341,3690,5270,13,2014-04-08 03:05:06.993,2014-04-08 03:05:06.993,"586849ae-0782-4201-9203-172780d0726c",false,48503,"4000",false,,false,,,93464
2014-02-12 23:02:21.888,Visa XXXX1111,65.00,108349,3691,5271,13,2014-04-08 03:05:07.916,2014-04-08 03:05:07.916,"75409f78-38fb-417c-96df-08c2c8b032ea",false,48505,"1020",false,,false,,,93465
2014-02-12 23:02:21.888,Unit #013,-65.00,108345,3691,5271,13,2014-04-08 03:05:07.927,2014-04-08 03:05:07.927,"153ec1bf-1c70-497b-b544-2fe48336bc7e",false,48505,"4000",false,,false,,,93466
2014-02-12 23:02:21.888,Visa XXXX1111,15.00,108349,3691,5271,13,2014-04-08 03:05:07.989,2014-04-08 03:05:07.989,"6c2076dc-a3e6-4113-a963-2b51aa239ece",false,48506,"1020",false,,false,,,93467
2014-02-12 23:02:21.888,LF,-15.00,108348,3691,5271,13,2014-04-08 03:05:08.001,2014-04-08 03:05:08.001,"9e73f66a-f575-4b09-beba-a5dffe9064ca",false,48506,"4052",false,,false,,,93468
2014-03-07 19:26:59.025,Cash,65.00,108351,3691,5271,13,2014-04-08 03:05:08.106,2014-04-08 03:05:08.106,ea9c89f1-4cca-45f6-8f9a-f817f7e22b17,false,48507,"1000",false,,false,,,93469
2014-03-07 19:26:59.025,Unit #013,-65.00,108350,3691,5271,13,2014-04-08 03:05:08.117,2014-04-08 03:05:08.117,bc805e7c-8a41-4f62-8377-2973acf6f82e,false,48507,"4000",false,,false,,,93470
2014-04-04 18:50:17.487,Visa XXXX6653,65.00,108353,3691,5271,13,2014-04-08 03:05:08.220,2014-04-08 03:05:08.220,de513d6e-e422-4fb4-842d-c535ba45ffa0,false,48508,"1020",false,,false,,,93471
2014-04-04 18:50:17.487,Unit #013,-65.00,108352,3691,5271,13,2014-04-08 03:05:08.231,2014-04-08 03:05:08.231,"233811d8-4067-4ff7-b672-5d8b0ead981d",false,48508,"4000",false,,false,,,93472
2014-02-12 23:02:40.193,Visa XXXX1111,55.00,108359,3691,5307,13,2014-04-08 03:05:09.133,2014-04-08 03:05:09.133,"1b3926f6-ea15-4014-bac0-67686a93e33b",false,48510,"1020",false,,false,,,93473
2014-02-12 23:02:40.193,Unit #050,-55.00,108355,3691,5307,13,2014-04-08 03:05:09.145,2014-04-08 03:05:09.145,e0f7f308-7214-4c02-9f7f-d6e4aff41587,false,48510,"4000",false,,false,,,93474
2014-02-12 23:02:40.193,Visa XXXX1111,15.00,108359,3691,5307,13,2014-04-08 03:05:09.207,2014-04-08 03:05:09.207,"9b6150fc-dbcc-4218-ad69-658eb3403c9a",false,48511,"1020",false,,false,,,93475
2014-02-12 23:02:40.193,LF,-15.00,108358,3691,5307,13,2014-04-08 03:05:09.218,2014-04-08 03:05:09.218,"7a59f970-7dc7-4a2e-aadc-d29ce8dc5506",false,48511,"4052",false,,false,,,93476
2014-03-07 19:26:59.039,Cash,55.00,108361,3691,5307,13,2014-04-08 03:05:09.324,2014-04-08 03:05:09.324,"94171805-1156-4319-bc15-f48484105fe0",false,48512,"1000",false,,false,,,93477
2014-03-07 19:26:59.039,Unit #050,-55.00,108360,3691,5307,13,2014-04-08 03:05:09.335,2014-04-08 03:05:09.335,a965404a-dad6-4f84-9aa2-c1d78bd90fcf,false,48512,"4000",false,,false,,,93478
2014-04-04 18:50:17.498,Visa XXXX6653,55.00,108363,3691,5307,13,2014-04-08 03:05:09.441,2014-04-08 03:05:09.441,b55b8010-cc46-46f8-850a-9fc0987c61ab,false,48513,"1020",false,,false,,,93479
2014-04-04 18:50:17.498,Unit #050,-55.00,108362,3691,5307,13,2014-04-08 03:05:09.452,2014-04-08 03:05:09.452,"4ebbf516-b3da-4314-bdfa-c5f2d4eaaa3d",false,48513,"4000",false,,false,,,93480
2014-02-28 21:20:48.356,Check #798,170.00,108375,3692,5272,13,2014-04-08 03:05:10.531,2014-04-08 03:05:10.531,e41baeda-e15b-404e-a63f-35cfdd3a188a,false,48515,"1001",false,,false,,,93481
2014-02-28 21:20:48.356,Unit #014,-170.00,108365,3692,5272,13,2014-04-08 03:05:10.542,2014-04-08 03:05:10.542,"7f52fed0-3505-4003-a1da-d53b0275a81f",false,48515,"4000",false,,false,,,93482
2014-02-28 21:20:48.356,Check #798,45.00,108375,3692,5272,13,2014-04-08 03:05:10.607,2014-04-08 03:05:10.607,"69653acd-a1d7-4bd2-b6ca-89999d73af5a",false,48516,"1001",false,,false,,,93483
2014-02-28 21:20:48.356,IMPORT-LATE1,-45.00,108366,3692,5272,13,2014-04-08 03:05:10.619,2014-04-08 03:05:10.619,fec4271f-53f7-4936-b9a2-d2899bec766c,false,48516,"4052",false,,false,,,93484
2014-02-28 21:20:48.356,Check #798,65.00,108375,3692,5272,13,2014-04-08 03:05:10.688,2014-04-08 03:05:10.688,a3ba16d0-fdab-4c36-bbb9-2695c9d7d605,false,48517,"1001",false,,false,,,93485
2014-02-28 21:20:48.356,Unit #014,-65.00,108367,3692,5272,13,2014-04-08 03:05:10.699,2014-04-08 03:05:10.699,"0c4bbd2a-15f9-45cf-999a-9ad25b2426a6",false,48517,"4000",false,,false,,,93486
2014-02-10 21:45:51.666,Check #1546,54.00,108383,3693,5273,13,2014-04-08 03:05:11.685,2014-04-08 03:05:11.685,"693cab68-73d9-4bb8-b966-ee4df959ae4a",false,48520,"1001",false,,false,,,93487
2014-02-10 21:45:51.666,Unit #015,-54.00,108380,3693,5273,13,2014-04-08 03:05:11.696,2014-04-08 03:05:11.696,"7a8b2457-a66d-40c9-b094-8ba7d5f28fe4",false,48520,"4000",false,,false,,,93488
2014-03-03 21:51:01.822,Check #1549,54.00,108385,3693,5273,13,2014-04-08 03:05:11.884,2014-04-08 03:05:11.884,c239b351-85cb-4090-90de-b6ef5beaf927,false,48522,"1001",false,,false,,,93489
2014-03-03 21:51:01.822,Unit #015,-54.00,108384,3693,5273,13,2014-04-08 03:05:11.895,2014-04-08 03:05:11.895,"7ff92ec2-212d-4390-832e-e2f0b4549d39",false,48522,"4000",false,,false,,,93490
2014-02-03 20:26:31.258,Mastercard XXXX7030,65.00,108389,3694,5274,13,2014-04-08 03:05:12.695,2014-04-08 03:05:12.695,d66e0001-fd55-42ee-bcb2-f76739b91ecc,false,48523,"1021",false,,false,,,93491
2014-02-03 20:26:31.258,Unit #016,-65.00,108388,3694,5274,13,2014-04-08 03:05:12.706,2014-04-08 03:05:12.706,"56111864-467e-4434-937b-4e8546336994",false,48523,"4000",false,,false,,,93492
2014-03-04 14:58:28.185,Mastercard XXXX7030,65.00,108395,3694,5274,13,2014-04-08 03:05:13.011,2014-04-08 03:05:13.011,"2c923df2-f408-4a06-9cc1-72f2e0e64cdc",false,48526,"1021",false,,false,,,93493
2014-03-04 14:58:28.185,Unit #016,-65.00,108394,3694,5274,13,2014-04-08 03:05:13.022,2014-04-08 03:05:13.022,"2b6150c8-4605-44ae-82dc-0c0e508f821e",false,48526,"4000",false,,false,,,93494
2014-04-03 19:21:16.381,Mastercard XXXX7030,65.00,108398,3694,5274,13,2014-04-08 03:05:13.126,2014-04-08 03:05:13.126,f1b9b8a2-3efa-4163-902b-c68f9e3b581e,false,48527,"1021",false,,false,,,93495
2014-04-03 19:21:16.381,Unit #016,-65.00,108396,3694,5274,13,2014-04-08 03:05:13.137,2014-04-08 03:05:13.137,"6916bcaa-bdda-4605-b94e-4938d4f3b753",false,48527,"4000",false,,false,,,93496
2014-02-07 22:04:13.226,Cash,65.00,108401,3695,5275,13,2014-04-08 03:05:13.771,2014-04-08 03:05:13.771,"3a977393-7c59-4306-a6b0-c9278989387d",false,48528,"1000",false,,false,,,93497
2014-02-07 22:04:13.226,Unit #017,-65.00,108400,3695,5275,13,2014-04-08 03:05:13.853,2014-04-08 03:05:13.853,f6b7f012-f869-4cf4-bec1-0687938a46da,false,48528,"4000",false,,false,,,93498
2014-03-07 21:36:23.967,Cash,65.00,108403,3695,5275,13,2014-04-08 03:05:13.966,2014-04-08 03:05:13.966,"4c527d88-34d5-4911-9bd4-7c9d86672474",false,48529,"1000",false,,false,,,93499
2014-03-07 21:36:23.967,Unit #017,-65.00,108402,3695,5275,13,2014-04-08 03:05:13.977,2014-04-08 03:05:13.977,"463ccfdc-4eb2-482e-ba83-e2a6afc79750",false,48529,"4000",false,,false,,,93500
2014-04-04 19:56:05.621,Cash,65.00,108405,3695,5275,13,2014-04-08 03:05:14.083,2014-04-08 03:05:14.083,"5176bd9c-82a5-42c6-a92c-26401d40369b",false,48530,"1000",false,,false,,,93501
2014-04-04 19:56:05.621,Unit #017,-65.00,108404,3695,5275,13,2014-04-08 03:05:14.094,2014-04-08 03:05:14.094,d3f28f66-20ab-4ab7-b520-5fefd50abd40,false,48530,"4000",false,,false,,,93502
2014-02-10 15:58:41.531,Visa XXXX5457,65.00,108408,3696,5276,13,2014-04-08 03:05:14.636,2014-04-08 03:05:14.636,"53fa1329-4667-4d03-a647-9ccc29f64b3d",false,48531,"1020",false,,false,,,93503
2014-02-10 15:58:41.531,Unit #018,-65.00,108407,3696,5276,13,2014-04-08 03:05:14.646,2014-04-08 03:05:14.646,"4fc0c03b-e8b0-4eb1-8ee0-bab47d7c740f",false,48531,"4000",false,,false,,,93504
2014-03-05 17:32:31.548,Visa XXXX5457,65.00,108410,3696,5276,13,2014-04-08 03:05:14.748,2014-04-08 03:05:14.748,"3f2bc80c-0f7c-4847-8b4c-fcbce021394a",false,48532,"1020",false,,false,,,93505
2014-03-05 17:32:31.548,Unit #018,-65.00,108409,3696,5276,13,2014-04-08 03:05:14.759,2014-04-08 03:05:14.759,"64b7b738-65af-4f0e-9065-23e3faf50048",false,48532,"4000",false,,false,,,93506
2014-02-04 20:51:04.285,Visa XXXX4985,60.00,108414,3697,5277,13,2014-04-08 03:05:15.428,2014-04-08 03:05:15.428,e551e6a5-8036-47b6-b584-0053df3484c2,false,48533,"1020",false,,false,,,93507
2014-02-04 20:51:04.285,Unit #019,-60.00,108413,3697,5277,13,2014-04-08 03:05:15.439,2014-04-08 03:05:15.439,ce938792-cae5-4b0c-82fc-557228ddefa0,false,48533,"4000",false,,false,,,93508
2014-03-01 22:03:11.380,Visa XXXX4985,60.00,108420,3697,5277,13,2014-04-08 03:05:15.800,2014-04-08 03:05:15.800,da5b9df0-2721-4a5e-b8e6-13665dd8fc63,false,48536,"1020",false,,false,,,93509
2014-03-01 22:03:11.380,Unit #019,-60.00,108419,3697,5277,13,2014-04-08 03:05:15.811,2014-04-08 03:05:15.811,d2082926-91f9-4544-8a00-cd2f6ae4dc5c,false,48536,"4000",false,,false,,,93510
2014-04-02 21:04:25.543,Visa XXXX4985,60.00,108423,3697,5277,13,2014-04-08 03:05:15.913,2014-04-08 03:05:15.913,"5c19951a-661a-4abc-9b44-de6db80ac9de",false,48537,"1020",false,,false,,,93511
2014-04-02 21:04:25.543,Unit #019,-60.00,108421,3697,5277,13,2014-04-08 03:05:15.924,2014-04-08 03:05:15.924,d97fd39f-da0c-4f6e-9fb3-8e5283a2f711,false,48537,"4000",false,,false,,,93512
2014-02-03 18:39:23.544,Visa XXXX4242,65.00,108426,3698,5278,13,2014-04-08 03:05:16.658,2014-04-08 03:05:16.658,c3af8768-c47f-4ffa-8ef3-6db3ed337666,false,48538,"1020",false,,false,,,93513
2014-02-03 18:39:23.544,Unit #020,-65.00,108425,3698,5278,13,2014-04-08 03:05:16.668,2014-04-08 03:05:16.668,c2be68c1-d4b4-4702-9fde-f8ca09135339,false,48538,"4000",false,,false,,,93514
2014-02-27 18:26:00.636,Mastercard XXXX7509,65.00,108432,3698,5278,13,2014-04-08 03:05:16.855,2014-04-08 03:05:16.855,"9fa0cd4a-891c-40dd-8ecc-8d5967cadcfa",false,48539,"1021",false,,false,,,93515
2014-02-27 18:26:00.636,Unit #020,-65.00,108431,3698,5278,13,2014-04-08 03:05:16.866,2014-04-08 03:05:16.866,da51e9ab-8890-4546-a8ba-c7834a1edc3b,false,48539,"4000",false,,false,,,93516
2014-04-07 20:17:15.304,Cash,65.00,108435,3698,5278,13,2014-04-08 03:05:17.165,2014-04-08 03:05:17.165,"8c615fa7-e61c-423a-bd7d-db7e25c94bfb",false,48542,"1000",false,,false,,,93517
2014-04-07 20:17:15.304,Unit #020,-65.00,108433,3698,5278,13,2014-04-08 03:05:17.176,2014-04-08 03:05:17.176,c719ed48-9e76-4298-a0eb-941cb7918721,false,48542,"4000",false,,false,,,93518
2014-02-03 18:40:14.431,Visa XXXX4242,58.50,108438,3698,5285,13,2014-04-08 03:05:17.907,2014-04-08 03:05:17.907,"7a0147f2-cea4-454b-9b40-8c9389d9aad1",false,48543,"1020",false,,false,,,93519
2014-02-03 18:40:14.431,Unit #027,-58.50,108437,3698,5285,13,2014-04-08 03:05:17.993,2014-04-08 03:05:17.993,"9c6e7fd0-19d3-4fae-83ca-12c8735154d0",false,48543,"4000",false,,false,,,93520
2014-02-27 18:26:00.655,Mastercard XXXX7509,58.50,108444,3698,5285,13,2014-04-08 03:05:18.098,2014-04-08 03:05:18.098,"71f3435d-262b-4a39-a9ae-f327b063f0ff",false,48544,"1021",false,,false,,,93521
2014-02-27 18:26:00.655,Unit #027,-58.50,108443,3698,5285,13,2014-04-08 03:05:18.109,2014-04-08 03:05:18.109,fc216904-c426-481b-aacd-78a54a59cce0,false,48544,"4000",false,,false,,,93522
2014-04-07 20:17:15.322,Cash,58.50,108447,3698,5285,13,2014-04-08 03:05:18.401,2014-04-08 03:05:18.401,"82b7f60e-389d-4562-8a8e-496f86d29e46",false,48547,"1000",false,,false,,,93523
2014-04-07 20:17:15.322,Unit #027,-58.50,108445,3698,5285,13,2014-04-08 03:05:18.412,2014-04-08 03:05:18.412,"419f3fc7-db15-4880-a654-67930ea526a2",false,48547,"4000",false,,false,,,93524
2014-02-03 18:40:02.554,Visa XXXX4242,36.00,108450,3698,5352,13,2014-04-08 03:05:19.222,2014-04-08 03:05:19.222,fe80bd2f-839c-473b-a44d-9bd97b5daa0e,false,48548,"1020",false,,false,,,93525
2014-02-03 18:40:02.554,Unit #098,-36.00,108449,3698,5352,13,2014-04-08 03:05:19.233,2014-04-08 03:05:19.233,"555caa96-2261-4dee-91aa-813992f1878f",false,48548,"4000",false,,false,,,93526
2014-02-27 18:26:00.646,Mastercard XXXX7509,36.00,108456,3698,5352,13,2014-04-08 03:05:19.338,2014-04-08 03:05:19.338,f44996ef-855c-4f7a-b10d-baf2bfdf14c4,false,48549,"1021",false,,false,,,93527
2014-02-27 18:26:00.646,Unit #098,-36.00,108455,3698,5352,13,2014-04-08 03:05:19.349,2014-04-08 03:05:19.349,ab08f2ef-86f3-4548-9b98-fc79fb188768,false,48549,"4000",false,,false,,,93528
2014-04-07 20:17:15.313,Cash,36.00,108459,3698,5352,13,2014-04-08 03:05:19.642,2014-04-08 03:05:19.642,f66cf13f-1f9f-4209-8de9-1dc302bd30b2,false,48552,"1000",false,,false,,,93529
2014-04-07 20:17:15.313,Unit #098,-36.00,108457,3698,5352,13,2014-04-08 03:05:19.653,2014-04-08 03:05:19.653,"715e0352-9f60-4ada-9d18-6e8c45c6ac39",false,48552,"4000",false,,false,,,93530
2014-02-07 15:51:41.043,Visa XXXX5897,65.00,108462,3699,5279,13,2014-04-08 03:05:20.473,2014-04-08 03:05:20.473,"13864efd-e441-425c-b7b3-f6f68ae8c7fe",false,48553,"1020",false,,false,,,93531
2014-02-07 15:51:41.043,Unit #021,-65.00,108461,3699,5279,13,2014-04-08 03:05:20.485,2014-04-08 03:05:20.485,"671bf56b-fff1-4142-b78e-83a1cef63c8f",false,48553,"4000",false,,false,,,93532
2014-03-05 19:46:20.292,Visa XXXX5202,65.00,108468,3699,5279,13,2014-04-08 03:05:20.780,2014-04-08 03:05:20.780,"70a8513a-64c3-4acf-a3f2-4fddcb8e3e44",false,48556,"1020",false,,false,,,93533
2014-03-05 19:46:20.292,Unit #021,-65.00,108467,3699,5279,13,2014-04-08 03:05:20.791,2014-04-08 03:05:20.791,"192b3eeb-66fb-47ea-8f20-9d6f19ea8bad",false,48556,"4000",false,,false,,,93534
2014-02-11 18:14:24.199,Visa XXXX0030,65.00,108475,3700,5280,13,2014-04-08 03:05:21.543,2014-04-08 03:05:21.543,f516f198-94da-419d-a6e1-ea581892df3d,false,48558,"1020",false,,false,,,93535
2014-02-11 18:14:24.199,Unit #022,-65.00,108472,3700,5280,13,2014-04-08 03:05:21.554,2014-04-08 03:05:21.554,"6eb1ac29-3156-4175-960c-1f7a23349aaf",false,48558,"4000",false,,false,,,93536
2014-02-28 17:00:01.012,Visa XXXX0030,65.00,108477,3700,5280,13,2014-04-08 03:05:21.655,2014-04-08 03:05:21.655,"77b56298-a6a9-4590-90a2-8f8b8b2e6c27",false,48559,"1020",false,,false,,,93537
2014-02-28 17:00:01.012,Unit #022,-65.00,108476,3700,5280,13,2014-04-08 03:05:21.666,2014-04-08 03:05:21.666,"540f647f-b8c5-4154-8609-6526e4476aba",false,48559,"4000",false,,false,,,93538
2014-02-07 17:28:59.106,Visa XXXX0030,85.00,108480,3700,5391,13,2014-04-08 03:05:22.244,2014-04-08 03:05:22.244,"8a12900e-2f9b-4995-b45f-146638a40f54",false,48560,"1020",false,,false,,,93539
2014-02-07 17:28:59.106,Unit #151,-85.00,108479,3700,5391,13,2014-04-08 03:05:22.255,2014-04-08 03:05:22.255,"94800f6e-6417-46b9-9b3c-69721ee62a0b",false,48560,"4000",false,,false,,,93540
2014-02-28 16:59:26.685,Visa XXXX0030,85.00,108482,3700,5391,13,2014-04-08 03:05:22.355,2014-04-08 03:05:22.355,c7899511-fa09-4dfc-9fb1-9983994d75e4,false,48561,"1020",false,,false,,,93541
2014-02-28 16:59:26.685,Unit #151,-85.00,108481,3700,5391,13,2014-04-08 03:05:22.366,2014-04-08 03:05:22.366,"5ff8992e-1b6a-4022-9b79-698a7ec9f62b",false,48561,"4000",false,,false,,,93542
2014-03-03 16:37:16.392,Visa XXXX0030,20.00,108488,3700,19779,13,2014-04-08 03:05:22.964,2014-04-08 03:05:22.964,"9946ce9e-afa4-4d4f-9c75-e88b6902b6e0",false,48563,"1020",false,,false,,,93543
2014-03-03 16:37:16.392,Unit #150,-20.00,108486,3700,19779,13,2014-04-08 03:05:22.975,2014-04-08 03:05:22.975,"1cd873ac-633a-40c1-b4a4-c02d43e0affa",false,48563,"4000",false,,false,,,93544
2014-03-03 16:37:16.392,Visa XXXX0030,15.00,108488,3700,19779,13,2014-04-08 03:05:23.031,2014-04-08 03:05:23.031,b0dc6c80-7c1d-45b0-8fd2-6386bd069c29,false,48564,"1020",false,,false,,,93545
2014-03-03 16:37:16.392,ADMIN-FEE,-15.00,108487,3700,19779,13,2014-04-08 03:05:23.042,2014-04-08 03:05:23.042,"537b2e89-2e65-4c6a-8bd5-8e02b0ce68de",false,48564,"4051",false,,false,,,93546
2014-04-01 14:42:26.123,Visa XXXX0030,85.00,108490,3700,19779,13,2014-04-08 03:05:23.152,2014-04-08 03:05:23.152,"0a301d76-4e26-4e06-b88c-04900ff697b9",false,48565,"1020",false,,false,,,93547
2014-04-01 14:42:26.123,Unit #150,-85.00,108489,3700,19779,13,2014-04-08 03:05:23.163,2014-04-08 03:05:23.163,"32df522c-5340-454e-b627-52e815480876",false,48565,"4000",false,,false,,,93548
2014-02-10 21:35:39.087,Visa XXXX9732,59.00,108495,3701,5281,13,2014-04-08 03:05:23.762,2014-04-08 03:05:23.762,"2e548152-ab30-4882-a7b4-c830be224053",false,48566,"1020",false,,false,,,93549
2014-02-10 21:35:39.087,Unit #023,-59.00,108492,3701,5281,13,2014-04-08 03:05:23.773,2014-04-08 03:05:23.773,"85fb1923-caf1-42d8-ac2b-665a2a48bdb7",false,48566,"4000",false,,false,,,93550
2014-03-04 19:56:42.084,Cash,59.00,108497,3701,5281,13,2014-04-08 03:05:24.043,2014-04-08 03:05:24.043,cdcfc35d-549b-41ab-96ea-a14f23d36b8d,false,48568,"1000",false,,false,,,93551
2014-03-04 19:56:42.084,Unit #023,-59.00,108496,3701,5281,13,2014-04-08 03:05:24.054,2014-04-08 03:05:24.054,"68329c03-4f00-466b-8c04-53d391085137",false,48568,"4000",false,,false,,,93552
2014-04-03 17:55:41.372,Cash,59.00,108499,3701,5281,13,2014-04-08 03:05:24.157,2014-04-08 03:05:24.157,"16112f24-a6a4-42de-9478-6213268f8786",false,48569,"1000",false,,false,,,93553
2014-04-03 17:55:41.372,Unit #023,-59.00,108498,3701,5281,13,2014-04-08 03:05:24.168,2014-04-08 03:05:24.168,f3f14044-3fd9-434e-8462-214659b1f8d1,false,48569,"4000",false,,false,,,93554
2014-02-17 16:59:11.763,Mastercard XXXX3699,65.00,108504,3702,5282,13,2014-04-08 03:05:25.082,2014-04-08 03:05:25.082,"1636a4be-3cea-445b-b431-27dd92ab6089",false,48571,"1021",false,,false,,,93555
2014-02-17 16:59:11.763,Unit #024,-65.00,108501,3702,5282,13,2014-04-08 03:05:25.093,2014-04-08 03:05:25.093,"2a96370f-b116-4241-bf4d-075bbab96a8a",false,48571,"4000",false,,false,,,93556
2014-03-10 16:22:28.626,Mastercard XXXX3699,65.00,108506,3702,5282,13,2014-04-08 03:05:25.272,2014-04-08 03:05:25.272,e9d2d58a-8f6a-419f-b740-f73a85c3cecc,false,48572,"1021",false,,false,,,93557
2014-03-10 16:22:28.626,Unit #024,-65.00,108505,3702,5282,13,2014-04-08 03:05:25.283,2014-04-08 03:05:25.283,e6c5d3ff-c43f-499b-a83e-c70a47c4d5f2,false,48572,"4000",false,,false,,,93558
2014-02-04 19:50:43.841,Mastercard XXXX6355,54.00,108510,3703,5283,13,2014-04-08 03:05:25.911,2014-04-08 03:05:25.911,acbbedb2-84f4-4ce3-a251-46fbc661f8da,false,48573,"1021",false,,false,,,93559
2014-02-04 19:50:43.841,Unit #025,-54.00,108509,3703,5283,13,2014-04-08 03:05:25.922,2014-04-08 03:05:25.922,fe77188e-647c-4ddd-ad08-156f7df334ef,false,48573,"4000",false,,false,,,93560
2014-03-01 22:02:04.967,Mastercard XXXX6355,54.00,108512,3703,5283,13,2014-04-08 03:05:26.024,2014-04-08 03:05:26.024,"7b53066b-4e90-48b4-9950-74f3910d6549",false,48574,"1021",false,,false,,,93561
2014-03-01 22:02:04.967,Unit #025,-54.00,108511,3703,5283,13,2014-04-08 03:05:26.035,2014-04-08 03:05:26.035,"32bb0186-1728-4c29-bd7d-d685cfb8dc21",false,48574,"4000",false,,false,,,93562
2014-04-02 21:04:58.829,Mastercard XXXX6355,54.00,108514,3703,5283,13,2014-04-08 03:05:26.136,2014-04-08 03:05:26.136,d9fca3c9-3a1d-46e8-a782-c856031132f7,false,48575,"1021",false,,false,,,93563
2014-04-02 21:04:58.829,Unit #025,-54.00,108513,3703,5283,13,2014-04-08 03:05:26.147,2014-04-08 03:05:26.147,ef2e834a-6d20-4c80-89d2-316e59682e87,false,48575,"4000",false,,false,,,93564
2014-02-03 21:36:47.454,Visa XXXX1227,65.00,108517,3704,5284,13,2014-04-08 03:05:26.689,2014-04-08 03:05:26.689,"0b3dfe38-98ac-4d12-bdec-1f700c3f3edf",false,48576,"1020",false,,false,,,93565
2014-02-03 21:36:47.454,Unit #026,-65.00,108516,3704,5284,13,2014-04-08 03:05:26.700,2014-04-08 03:05:26.700,d19abdd6-e4aa-4488-851f-3e40bf49d7df,false,48576,"4000",false,,false,,,93566
2014-03-06 17:17:33.330,Check #1350,65.00,108519,3704,5284,13,2014-04-08 03:05:26.801,2014-04-08 03:05:26.801,"4db2e3cd-72d9-4bcf-814b-df67569f47a8",false,48577,"1001",false,,false,,,93567
2014-03-06 17:17:33.330,Unit #026,-65.00,108518,3704,5284,13,2014-04-08 03:05:26.811,2014-04-08 03:05:26.811,de203711-8da6-414d-b097-1d36bbc34ff7,false,48577,"4000",false,,false,,,93568
2014-02-14 19:40:06.520,Check #1272,15.00,108527,3705,5286,13,2014-04-08 03:05:27.812,2014-04-08 03:05:27.812,cdc307ad-a931-43d9-83eb-2d8343ae3999,false,48579,"1001",false,,false,,,93569
2014-02-14 19:40:06.520,IMPORT-LATE1,-15.00,108522,3705,5286,13,2014-04-08 03:05:27.823,2014-04-08 03:05:27.823,"26964930-36b6-4aa4-89d6-7f52c37bd9c8",false,48579,"4052",false,,false,,,93570
2014-02-14 19:40:06.520,Check #1272,55.00,108527,3705,5286,13,2014-04-08 03:05:27.886,2014-04-08 03:05:27.886,"06ee8fb0-98d6-4c48-affa-b3225750b92f",false,48580,"1001",false,,false,,,93571
2014-02-14 19:40:06.520,Unit #028,-55.00,108523,3705,5286,13,2014-04-08 03:05:27.897,2014-04-08 03:05:27.897,"99b517ee-084a-4e50-84a5-0d4bcc361981",false,48580,"4000",false,,false,,,93572
2014-02-14 19:40:06.520,Check #1272,15.00,108527,3705,5286,13,2014-04-08 03:05:27.957,2014-04-08 03:05:27.957,"166c7866-b5ad-466b-b4b0-1341b77864c0",false,48581,"1001",false,,false,,,93573
2014-02-14 19:40:06.520,LF,-15.00,108526,3705,5286,13,2014-04-08 03:05:27.968,2014-04-08 03:05:27.968,"15a06b72-fce2-445b-9823-76ce0b37dee4",false,48581,"4052",false,,false,,,93574
2014-03-13 18:41:31.751,Check #850535,55.00,108535,3705,5286,13,2014-04-08 03:05:28.409,2014-04-08 03:05:28.409,e9f23ce2-c6df-4bbf-bf96-57438f096fbf,false,48585,"1001",false,,false,,,93575
2014-03-13 18:41:31.751,Unit #028,-55.00,108532,3705,5286,13,2014-04-08 03:05:28.420,2014-04-08 03:05:28.420,"159caf23-8041-4666-9e97-31cd8c866495",false,48585,"4000",false,,false,,,93576
2014-02-10 23:08:28.776,Check #Unknown,25.00,108555,3707,5288,13,2014-04-08 03:05:30.539,2014-04-08 03:05:30.539,dbf74a0a-da89-4a25-9f91-16dd8b0e337a,false,48589,"1001",false,,false,,,93579
2014-02-10 23:08:28.776,Unit #030,-25.00,108554,3707,5288,13,2014-04-08 03:05:30.549,2014-04-08 03:05:30.549,"1dcaff96-67d9-4688-875c-d1e9f72e836d",false,48589,"4000",false,,false,,,93580
2014-03-01 14:31:03.010,Check #1322,55.00,108565,3707,5288,13,2014-04-08 03:05:30.740,2014-04-08 03:05:30.740,"25071358-7440-4ce5-9572-a9b0dcfde19f",false,48591,"1001",false,,false,,,93581
2014-03-01 14:31:03.010,Unit #030,-55.00,108562,3707,5288,13,2014-04-08 03:05:30.751,2014-04-08 03:05:30.751,"73162e53-2acc-4cbf-9967-2bc04f4583c9",false,48591,"4000",false,,false,,,93582
2014-03-01 14:31:03.010,Check #1322,10.00,108565,3707,5288,13,2014-04-08 03:05:30.818,2014-04-08 03:05:30.818,"08cf545a-0829-4ff7-868e-c8d998d37748",false,48592,"1001",false,,false,,,93583
2014-03-01 14:31:03.010,Unit #030,-10.00,108564,3707,5288,13,2014-04-08 03:05:30.829,2014-04-08 03:05:30.829,dd5c0d88-fea7-43b5-bcb3-58ff4fcc4c2c,false,48592,"4000",false,,false,,,93584
2014-04-07 14:16:48.721,Check #1065,45.00,108567,3707,5288,13,2014-04-08 03:05:31.180,2014-04-08 03:05:31.180,dc1b1277-1288-4943-ac3d-45715b5f3ff8,false,48595,"1001",false,,false,,,93585
2014-04-07 14:16:48.721,Unit #030,-45.00,108564,3707,5288,13,2014-04-08 03:05:31.190,2014-04-08 03:05:31.190,dff0c4dd-29c4-43a2-8b7e-cee6efd3999d,false,48595,"4000",false,,false,,,93586
2014-04-07 14:16:48.721,Check #1065,20.00,108567,3707,5288,13,2014-04-08 03:05:31.253,2014-04-08 03:05:31.253,"85a7d256-6b39-42f7-8d6f-b6bf434d1373",false,48596,"1001",false,,false,,,93587
2014-04-07 14:16:48.721,Unit #030,-20.00,108566,3707,5288,13,2014-04-08 03:05:31.264,2014-04-08 03:05:31.264,f488646a-7547-42ac-8057-40eb707c10c5,false,48596,"4000",false,,false,,,93588
2014-02-10 20:14:53.106,Check #1313,65.00,108572,3708,5289,13,2014-04-08 03:05:32.253,2014-04-08 03:05:32.253,"75965427-9a57-49ec-8cd4-84696ec741c9",false,48598,"1001",false,,false,,,93591
2014-02-10 20:14:53.106,Unit #031,-65.00,108569,3708,5289,13,2014-04-08 03:05:32.264,2014-04-08 03:05:32.264,"58222901-df36-446b-aec6-8cbf87a963b8",false,48598,"4000",false,,false,,,93592
2014-02-04 18:08:43.500,Mastercard XXXX6425,100.00,108577,3709,5290,13,2014-04-08 03:05:33.213,2014-04-08 03:05:33.213,bd5e0181-1085-4778-8f36-4d370a495d9e,false,48600,"1021",false,,false,,,93593
2014-02-04 18:08:43.500,Unit #032,-100.00,108574,3709,5290,13,2014-04-08 03:05:33.224,2014-04-08 03:05:33.224,d97c5d16-b1a7-4d9e-9862-cfcf8a92ae9e,false,48600,"4000",false,,false,,,93594
2014-03-05 19:12:24.208,Mastercard XXXX6425,92.50,108584,3709,5290,13,2014-04-08 03:05:33.500,2014-04-08 03:05:33.500,"7a7145ca-c31e-4bc1-86ec-1951b4455ac8",false,48603,"1021",false,,false,,,93595
2014-03-05 19:12:24.208,Unit #032,-92.50,108574,3709,5290,13,2014-04-08 03:05:33.510,2014-04-08 03:05:33.510,"5c9f2d1d-482d-4492-805f-64a2cff22cf4",false,48603,"4000",false,,false,,,93596
2014-03-05 19:12:24.208,Mastercard XXXX6425,65.00,108584,3709,5290,13,2014-04-08 03:05:33.572,2014-04-08 03:05:33.572,"472cf872-40d0-415c-97fe-106e48584ac6",false,48604,"1021",false,,false,,,93597
2014-03-05 19:12:24.208,Unit #032,-65.00,108576,3709,5290,13,2014-04-08 03:05:33.583,2014-04-08 03:05:33.583,"56829d23-4312-438a-b107-42d01feefc7e",false,48604,"4000",false,,false,,,93598
2014-03-08 16:16:14.002,Cash,65.00,108585,3709,5290,13,2014-04-08 03:05:33.769,2014-04-08 03:05:33.769,e040a0a0-3a5a-488e-9273-fe9ff49b97e6,false,48605,"1000",false,,false,,,93599
2014-03-08 16:16:14.002,Unit #032,-65.00,108582,3709,5290,13,2014-04-08 03:05:33.780,2014-04-08 03:05:33.780,"09644e20-4222-4b34-bb76-b3113e0ea242",false,48605,"4000",false,,false,,,93600
2014-03-08 16:16:14.002,Cash,15.00,108585,3709,5290,13,2014-04-08 03:05:33.838,2014-04-08 03:05:33.838,"5d6586fc-b7f3-4ac3-808e-fe8d2d3a69ec",false,48606,"1000",false,,false,,,93601
2014-03-08 16:16:14.002,LF,-15.00,108583,3709,5290,13,2014-04-08 03:05:33.849,2014-04-08 03:05:33.849,"6131044c-e721-46b9-880d-33d1cdacadd0",false,48606,"4052",false,,false,,,93602
2014-04-08 03:05:34.281,Mastercard XXXX6425,42.50,108584,3709,5290,13,2014-04-08 03:05:34.284,2014-04-08 03:05:34.284,f820beca-6520-456c-8707-c4e1737d9485,false,48607,"1021",false,,false,,,93603
2014-04-08 03:05:34.281,IMPORT-LATE1,-42.50,108575,3709,5290,13,2014-04-08 03:05:34.294,2014-04-08 03:05:34.294,c246dbd3-5a9f-4c9c-bb9f-4a1e4dd06023,false,48607,"4052",false,,false,,,93604
2014-04-08 03:05:34.353,Cash,2.50,108585,3709,5290,13,2014-04-08 03:05:34.356,2014-04-08 03:05:34.356,"7670d065-91e0-427f-8011-48080b29e0dc",false,48608,"1000",false,,false,,,93605
2014-04-08 03:05:34.353,IMPORT-LATE1,-2.50,108575,3709,5290,13,2014-04-08 03:05:34.364,2014-04-08 03:05:34.364,e0170bdb-c90d-4e53-8570-ce7763bd82cb,false,48608,"4052",false,,false,,,93606
2014-02-10 15:10:18.926,Mastercard XXXX6329,65.00,108590,3710,5292,13,2014-04-08 03:05:34.723,2014-04-08 03:05:34.723,"03c96782-a24f-4f09-9d2e-6cad0ca546c7",false,48609,"1021",false,,false,,,93607
2014-02-10 15:10:18.926,Unit #034,-65.00,108589,3710,5292,13,2014-04-08 03:05:34.810,2014-04-08 03:05:34.810,bd378bf6-1336-4843-a9fa-0ef0a3155363,false,48609,"4000",false,,false,,,93608
2014-03-11 17:56:50.300,Mastercard XXXX4016,65.00,108593,3710,5292,13,2014-04-08 03:05:34.916,2014-04-08 03:05:34.916,"340847bf-d213-48c1-b9a1-ff6accc5447f",false,48610,"1021",false,,false,,,93609
2014-03-11 17:56:50.300,Unit #034,-65.00,108591,3710,5292,13,2014-04-08 03:05:34.927,2014-04-08 03:05:34.927,c3c81da9-9ee7-4e3a-98bc-4ce112a13041,false,48610,"4000",false,,false,,,93610
2014-03-11 17:56:50.300,Mastercard XXXX4016,15.00,108593,3710,5292,13,2014-04-08 03:05:34.987,2014-04-08 03:05:34.987,fb2abd67-e501-4fde-91fe-504e9e95d086,false,48611,"1021",false,,false,,,93611
2014-03-11 17:56:50.300,LF,-15.00,108592,3710,5292,13,2014-04-08 03:05:34.998,2014-04-08 03:05:34.998,"28cc1b3e-e0c9-435e-a7e9-77e06d0a7b9e",false,48611,"4052",false,,false,,,93612
2014-02-10 20:32:25.962,Mastercard XXXX3489,65.00,108599,3711,5293,13,2014-04-08 03:05:35.605,2014-04-08 03:05:35.605,c9431b0c-07d9-4488-8a49-6b9ab57e49ce,false,48612,"1021",false,,false,,,93613
2014-02-10 20:32:25.962,Unit #035,-65.00,108596,3711,5293,13,2014-04-08 03:05:35.616,2014-04-08 03:05:35.616,"350f2d17-4f82-4d1f-9587-b99d8462c9ce",false,48612,"4000",false,,false,,,93614
2014-03-01 22:02:35.312,Mastercard XXXX3489,65.00,108601,3711,5293,13,2014-04-08 03:05:35.805,2014-04-08 03:05:35.805,"889586a8-cb11-48a6-a22c-7db43559a209",false,48614,"1021",false,,false,,,93615
2014-03-01 22:02:35.312,Unit #035,-65.00,108600,3711,5293,13,2014-04-08 03:05:35.816,2014-04-08 03:05:35.816,ee1d3dc7-2c6a-4c3a-a057-272570a19bfd,false,48614,"4000",false,,false,,,93616
2014-03-05 19:00:20.129,Mastercard XXXX8049,65.00,108613,3712,5294,13,2014-04-08 03:05:36.967,2014-04-08 03:05:36.967,"193d077a-46ae-4f51-8de6-1b36fe1c09f3",false,48618,"1021",false,,false,,,93617
2014-03-05 19:00:20.129,Unit #036,-65.00,108604,3712,5294,13,2014-04-08 03:05:36.977,2014-04-08 03:05:36.977,"0c23a78a-9641-4f2b-8779-47f2780cb086",false,48618,"4000",false,,false,,,93618
2014-03-05 19:00:20.129,Mastercard XXXX8049,15.00,108613,3712,5294,13,2014-04-08 03:05:37.112,2014-04-08 03:05:37.112,"87a6bc1f-8988-400b-b056-c16904ea1578",false,48619,"1021",false,,false,,,93619
2014-03-05 19:00:20.129,LF,-15.00,108607,3712,5294,13,2014-04-08 03:05:37.123,2014-04-08 03:05:37.123,e858b61e-b46a-41dc-ba1e-c9ef6fdbe262,false,48619,"4052",false,,false,,,93620
2014-03-05 19:00:20.129,Mastercard XXXX8049,65.00,108613,3712,5294,13,2014-04-08 03:05:37.185,2014-04-08 03:05:37.185,c18333dd-f1ac-4631-a639-6490571e1a4b,false,48620,"1021",false,,false,,,93621
2014-03-05 19:00:20.129,Unit #036,-65.00,108612,3712,5294,13,2014-04-08 03:05:37.196,2014-04-08 03:05:37.196,"323f3b62-dd1e-4d44-b3bf-13e0287c1cb5",false,48620,"4000",false,,false,,,93622
2014-03-04 21:50:16.223,Visa XXXX7103,65.00,108626,3713,5295,13,2014-04-08 03:05:38.451,2014-04-08 03:05:38.451,e188e6cc-303f-41f0-8c6f-bfecf881c03c,false,48625,"1020",false,,false,,,93625
2014-03-04 21:50:16.223,Unit #037,-65.00,108625,3713,5295,13,2014-04-08 03:05:38.462,2014-04-08 03:05:38.462,"675ea1ee-a822-4cdc-acdd-8fdc5b688d50",false,48625,"4000",false,,false,,,93626
2014-04-02 21:04:46.023,Visa XXXX7103,65.00,108629,3713,5295,13,2014-04-08 03:05:38.564,2014-04-08 03:05:38.564,c05f234d-8ca7-4861-acb3-02df1ea98753,false,48626,"1020",false,,false,,,93627
2014-04-02 21:04:46.023,Unit #037,-65.00,108627,3713,5295,13,2014-04-08 03:05:38.575,2014-04-08 03:05:38.575,ec7a4a09-0684-4cfa-93c1-d439a92bc5f6,false,48626,"4000",false,,false,,,93628
2014-03-10 14:33:14.502,Cash,80.00,108640,3714,5296,13,2014-04-08 03:05:39.747,2014-04-08 03:05:39.747,"2fbd6405-65ae-484c-8c4c-84c262df70b1",false,48630,"1000",false,,false,,,93631
2014-03-10 14:33:14.502,Unit #038,-80.00,108639,3714,5296,13,2014-04-08 03:05:39.758,2014-04-08 03:05:39.758,"61c68907-dbb5-4e12-8fbb-7001bc4cf065",false,48630,"4000",false,,false,,,93632
2014-02-03 21:26:04.310,Visa XXXX2320,50.00,108645,3715,5297,13,2014-04-08 03:05:40.555,2014-04-08 03:05:40.555,"7e7d6c48-ddab-48dd-b64c-7773137f3421",false,48631,"1020",false,,false,,,93633
2014-02-03 21:26:04.310,Unit #039,-50.00,108644,3715,5297,13,2014-04-08 03:05:40.566,2014-04-08 03:05:40.566,ea2923bb-67f2-4411-8632-9b8cafa35537,false,48631,"4000",false,,false,,,93634
2014-03-01 22:02:20.967,Visa XXXX2320,50.00,108651,3715,5297,13,2014-04-08 03:05:40.862,2014-04-08 03:05:40.862,"36e28c6e-39b7-40b4-86f1-2d21a35abdd6",false,48634,"1020",false,,false,,,93635
2014-03-01 22:02:20.967,Unit #039,-50.00,108650,3715,5297,13,2014-04-08 03:05:40.873,2014-04-08 03:05:40.873,c715b084-c416-478d-9a5e-572d3b3f5886,false,48634,"4000",false,,false,,,93636
2014-04-02 21:04:54.105,Visa XXXX2320,50.00,108654,3715,5297,13,2014-04-08 03:05:40.976,2014-04-08 03:05:40.976,"67b74be8-d1dd-46a8-9e97-86e6a554335c",false,48635,"1020",false,,false,,,93637
2014-04-02 21:04:54.105,Unit #039,-50.00,108652,3715,5297,13,2014-04-08 03:05:40.986,2014-04-08 03:05:40.986,e4e3d6ab-7546-4d13-a869-4b13dc87c08a,false,48635,"4000",false,,false,,,93638
2014-03-03 22:08:10.864,Check #1861,65.00,108663,3716,5298,13,2014-04-08 03:05:42.103,2014-04-08 03:05:42.103,"310e82a8-8a5a-489e-971e-d17b15935ecc",false,48639,"1001",false,,false,,,93641
2014-03-03 22:08:10.864,Unit #040,-65.00,108662,3716,5298,13,2014-04-08 03:05:42.114,2014-04-08 03:05:42.114,fd4188d8-e1c3-43d4-98c3-1238c0bc83d8,false,48639,"4000",false,,false,,,93642
2014-03-27 14:37:06.851,Check #1867,65.00,108665,3716,5298,13,2014-04-08 03:05:42.290,2014-04-08 03:05:42.290,"0d5b28f8-03e3-44c7-854f-b5a4a62e2ce4",false,48640,"1001",false,,false,,,93643
2014-03-27 14:37:06.851,Unit #040,-65.00,108664,3716,5298,13,2014-04-08 03:05:42.301,2014-04-08 03:05:42.301,ffa93eed-1a3e-4b62-9b1c-47f8e9e8aa2d,false,48640,"4000",false,,false,,,93644
2014-02-03 21:27:58.103,Mastercard XXXX2213,60.00,108668,3717,5299,13,2014-04-08 03:05:42.914,2014-04-08 03:05:42.914,d6e6ab7a-6282-4e65-be4f-171790836905,false,48641,"1021",false,,false,,,93645
2014-02-03 21:27:58.103,Unit #041,-60.00,108667,3717,5299,13,2014-04-08 03:05:42.925,2014-04-08 03:05:42.925,e62e49c9-335d-4093-b2c5-08bb46d9c31b,false,48641,"4000",false,,false,,,93646
2014-03-05 17:19:40.190,Mastercard XXXX0696,60.00,108670,3717,5299,13,2014-04-08 03:05:43.028,2014-04-08 03:05:43.028,"4b8ca5d9-620d-420c-94cb-4c36c5c6de91",false,48642,"1021",false,,false,,,93647
2014-03-05 17:19:40.190,Unit #041,-60.00,108669,3717,5299,13,2014-04-08 03:05:43.039,2014-04-08 03:05:43.039,"7b465489-3cd0-408c-8e39-13c89b1ece8f",false,48642,"4000",false,,false,,,93648
2014-04-02 21:04:32.023,Mastercard XXXX0696,60.00,108672,3717,5299,13,2014-04-08 03:05:43.146,2014-04-08 03:05:43.146,"81ca3d2c-d094-4f82-ad0e-8cb624aa7984",false,48643,"1021",false,,false,,,93649
2014-04-02 21:04:32.023,Unit #041,-60.00,108671,3717,5299,13,2014-04-08 03:05:43.158,2014-04-08 03:05:43.158,b8085f3b-8b3e-47fb-bf56-8a54af257dc3,false,48643,"4000",false,,false,,,93650
2014-02-18 20:19:18.133,Check #1319,160.00,108679,3718,5300,13,2014-04-08 03:05:44.223,2014-04-08 03:05:44.223,"0b2b622a-276f-4f00-b348-41ba2313e7c4",false,48644,"1001",false,,false,,,93651
2014-02-18 20:19:18.133,Unit #042,-160.00,108674,3718,5300,13,2014-04-08 03:05:44.237,2014-04-08 03:05:44.237,"7d18a423-0d65-4ae5-a530-7ea2e3efc015",false,48644,"4000",false,,false,,,93652
2014-03-14 14:49:15.142,Check #1321,35.00,108687,3718,5300,13,2014-04-08 03:05:44.528,2014-04-08 03:05:44.528,e98b01c1-0fcd-4ae3-8b78-44103ac08f98,false,48647,"1001",false,,false,,,93653
2014-03-14 14:49:15.142,Unit #042,-35.00,108674,3718,5300,13,2014-04-08 03:05:44.538,2014-04-08 03:05:44.538,"49506e90-0d50-457b-b36e-b0048d9dbe63",false,48647,"4000",false,,false,,,93654
2014-03-14 14:49:15.142,Check #1321,45.00,108687,3718,5300,13,2014-04-08 03:05:44.725,2014-04-08 03:05:44.725,"4afbca05-3027-440d-939f-b343ca4327e9",false,48648,"1001",false,,false,,,93655
2014-03-14 14:49:15.142,IMPORT-LATE1,-45.00,108677,3718,5300,13,2014-04-08 03:05:44.737,2014-04-08 03:05:44.737,"7a8f076f-e8c5-4581-aa89-665f3c819158",false,48648,"4052",false,,false,,,93656
2014-03-14 14:49:15.142,Check #1321,65.00,108687,3718,5300,13,2014-04-08 03:05:44.801,2014-04-08 03:05:44.801,"8f584711-c602-4e6f-b971-498b17ca9176",false,48649,"1001",false,,false,,,93657
2014-03-14 14:49:15.142,Unit #042,-65.00,108678,3718,5300,13,2014-04-08 03:05:44.813,2014-04-08 03:05:44.813,f5b572ff-be22-47aa-b35f-100c1ec486a5,false,48649,"4000",false,,false,,,93658
2014-03-14 14:49:15.142,Check #1321,15.00,108687,3718,5300,13,2014-04-08 03:05:44.877,2014-04-08 03:05:44.877,"398ce0bf-014c-444e-a492-d89cba624f09",false,48650,"1001",false,,false,,,93659
2014-03-14 14:49:15.142,LF,-15.00,108685,3718,5300,13,2014-04-08 03:05:44.889,2014-04-08 03:05:44.889,"916a3e4a-34a2-4906-8302-bb40e09e064a",false,48650,"4052",false,,false,,,93660
2014-02-03 20:24:41.486,Mastercard XXXX6902,55.00,108700,3720,5302,13,2014-04-08 03:05:46.196,2014-04-08 03:05:46.196,"5a822aeb-eaa3-4a35-9105-e38b364c454d",false,48651,"1021",false,,false,,,93661
2014-02-03 20:24:41.486,Unit #044,-55.00,108699,3720,5302,13,2014-04-08 03:05:46.207,2014-04-08 03:05:46.207,"31e0a5ed-bd54-4cf7-a672-a85118a1be14",false,48651,"4000",false,,false,,,93662
2014-03-01 14:43:50.753,Mastercard XXXX6902,55.00,108702,3720,5302,13,2014-04-08 03:05:46.310,2014-04-08 03:05:46.310,"1cce257a-af8e-4cc7-afa1-a4154cd6c47f",false,48652,"1021",false,,false,,,93663
2014-03-01 14:43:50.753,Unit #044,-55.00,108701,3720,5302,13,2014-04-08 03:05:46.321,2014-04-08 03:05:46.321,ac216b33-cf4d-4e4a-be33-62383eaa78d7,false,48652,"4000",false,,false,,,93664
2014-03-29 13:52:31.645,Mastercard XXXX6902,55.00,108704,3720,5302,13,2014-04-08 03:05:46.499,2014-04-08 03:05:46.499,"6dd42992-8fab-4de5-8609-f1e0256b1f7d",false,48653,"1021",false,,false,,,93665
2014-03-29 13:52:31.645,Unit #044,-55.00,108703,3720,5302,13,2014-04-08 03:05:46.511,2014-04-08 03:05:46.511,"0d7552c1-b1ad-4220-87ff-7d86a187d816",false,48653,"4000",false,,false,,,93666
2014-04-01 16:34:00.252,Cash,55.00,108730,3722,5304,13,2014-04-08 03:05:48.351,2014-04-08 03:05:48.351,"7e393d88-5e76-423d-8500-e40654f07a30",false,48657,"1000",false,,false,,,93667
2014-04-01 16:34:00.252,Unit #046,-55.00,108714,3722,5304,13,2014-04-08 03:05:48.363,2014-04-08 03:05:48.363,"3dfaaab5-98dc-46be-9055-d1f913e6d64c",false,48657,"4000",false,,false,,,93668
2014-04-01 16:34:00.252,Cash,15.00,108730,3722,5304,13,2014-04-08 03:05:48.474,2014-04-08 03:05:48.474,"8764b20d-fe8d-4243-b1a9-de28350c0363",false,48658,"1000",false,,false,,,93669
2014-04-01 16:34:00.252,IMPORT-LATE1,-15.00,108717,3722,5304,13,2014-04-08 03:05:48.486,2014-04-08 03:05:48.486,"492f4f83-db16-4ed5-806b-ec38ce3bea4e",false,48658,"4052",false,,false,,,93670
2014-04-01 16:34:00.252,Cash,55.00,108730,3722,5304,13,2014-04-08 03:05:48.550,2014-04-08 03:05:48.550,"222963f4-a394-4c0c-8676-f4152f2e37b3",false,48659,"1000",false,,false,,,93671
2014-04-01 16:34:00.252,Unit #046,-55.00,108718,3722,5304,13,2014-04-08 03:05:48.562,2014-04-08 03:05:48.562,d1a00492-c0b0-4002-9390-ecc06d433b5b,false,48659,"4000",false,,false,,,93672
2014-04-01 16:34:00.252,Cash,15.00,108730,3722,5304,13,2014-04-08 03:05:48.622,2014-04-08 03:05:48.622,f2c3dc57-5a31-45cf-b0c3-433c99317f23,false,48660,"1000",false,,false,,,93673
2014-04-01 16:34:00.252,LF,-15.00,108721,3722,5304,13,2014-04-08 03:05:48.634,2014-04-08 03:05:48.634,"2bc1ecbb-f14a-4928-8258-d6fb41a716cd",false,48660,"4052",false,,false,,,93674
2014-04-01 16:34:00.252,Cash,55.00,108730,3722,5304,13,2014-04-08 03:05:48.698,2014-04-08 03:05:48.698,"1575bd17-9e94-4a93-8b31-eb20c12fee96",false,48661,"1000",false,,false,,,93675
2014-04-01 16:34:00.252,Unit #046,-55.00,108726,3722,5304,13,2014-04-08 03:05:48.709,2014-04-08 03:05:48.709,"891d9663-25c7-40bc-a735-7699a4671298",false,48661,"4000",false,,false,,,93676
2014-04-01 16:34:00.252,Cash,15.00,108730,3722,5304,13,2014-04-08 03:05:48.846,2014-04-08 03:05:48.846,b8f05f27-3315-4da6-b561-3699b48be771,false,48662,"1000",false,,false,,,93677
2014-04-01 16:34:00.252,LF,-15.00,108727,3722,5304,13,2014-04-08 03:05:48.858,2014-04-08 03:05:48.858,b92acad0-1842-485e-8398-2d7a14d94ab0,false,48662,"4052",false,,false,,,93678
2014-04-01 16:34:00.252,Cash,55.00,108730,3722,5304,13,2014-04-08 03:05:48.922,2014-04-08 03:05:48.922,"6c21be4f-b6bf-4892-ac40-b9b1e7c546d1",false,48663,"1000",false,,false,,,93679
2014-04-01 16:34:00.252,Unit #046,-55.00,108728,3722,5304,13,2014-04-08 03:05:48.933,2014-04-08 03:05:48.933,"5a7e5ad3-b148-48f9-a860-d1a2b92df22c",false,48663,"4000",false,,false,,,93680
2014-04-01 16:34:00.241,Cash,65.00,108746,3722,5351,13,2014-04-08 03:05:50.300,2014-04-08 03:05:50.300,bf3dd7a2-0c47-4d37-a6c8-72c63b317cbd,false,48667,"1000",false,,false,,,93681
2014-04-01 16:34:00.241,Unit #097,-65.00,108732,3722,5351,13,2014-04-08 03:05:50.312,2014-04-08 03:05:50.312,"979f92fa-9c28-41f2-b21c-204a78003ae0",false,48667,"4000",false,,false,,,93682
2014-04-01 16:34:00.241,Cash,15.00,108746,3722,5351,13,2014-04-08 03:05:50.374,2014-04-08 03:05:50.374,"9e0ac840-9e20-4859-ab96-a7a7f65562cb",false,48668,"1000",false,,false,,,93683
2014-04-01 16:34:00.241,IMPORT-LATE1,-15.00,108733,3722,5351,13,2014-04-08 03:05:50.390,2014-04-08 03:05:50.390,f582642e-e0e4-4d06-bc20-3ca67a1847fe,false,48668,"4052",false,,false,,,93684
2014-04-01 16:34:00.241,Cash,65.00,108746,3722,5351,13,2014-04-08 03:05:50.538,2014-04-08 03:05:50.538,"52e92a5e-6ed0-45c5-bf4f-33738852c600",false,48669,"1000",false,,false,,,93685
2014-04-01 16:34:00.241,Unit #097,-65.00,108734,3722,5351,13,2014-04-08 03:05:50.551,2014-04-08 03:05:50.551,"998ff534-c2ef-4f89-971d-1ca73bcde61d",false,48669,"4000",false,,false,,,93686
2014-04-01 16:34:00.241,Cash,15.00,108746,3722,5351,13,2014-04-08 03:05:50.618,2014-04-08 03:05:50.618,"3aae031e-e6fa-4ac8-93e2-4ed669eb6bcd",false,48670,"1000",false,,false,,,93687
2014-04-01 16:34:00.241,LF,-15.00,108737,3722,5351,13,2014-04-08 03:05:50.630,2014-04-08 03:05:50.630,"1d5e8136-289a-46ba-be1b-d9e7b1f073e9",false,48670,"4052",false,,false,,,93688
2014-04-01 16:34:00.241,Cash,65.00,108746,3722,5351,13,2014-04-08 03:05:50.698,2014-04-08 03:05:50.698,"9a32342d-acd3-414d-960c-d7fd5f85a490",false,48671,"1000",false,,false,,,93689
2014-04-01 16:34:00.241,Unit #097,-65.00,108742,3722,5351,13,2014-04-08 03:05:50.710,2014-04-08 03:05:50.710,dd7427e4-a208-4379-9311-aa9ec31668c2,false,48671,"4000",false,,false,,,93690
2014-04-01 16:34:00.241,Cash,15.00,108746,3722,5351,13,2014-04-08 03:05:50.774,2014-04-08 03:05:50.774,e8c654f4-ceed-41e6-92d2-182c54bb064f,false,48672,"1000",false,,false,,,93691
2014-04-01 16:34:00.241,LF,-15.00,108743,3722,5351,13,2014-04-08 03:05:50.785,2014-04-08 03:05:50.785,b9590b29-904c-4cb6-8b9e-aa3c3b1aaeda,false,48672,"4052",false,,false,,,93692
2014-04-01 16:34:00.241,Cash,65.00,108746,3722,5351,13,2014-04-08 03:05:50.850,2014-04-08 03:05:50.850,"18a9351e-f6f3-4f51-bad1-0a15670a33ee",false,48673,"1000",false,,false,,,93693
2014-04-01 16:34:00.241,Unit #097,-65.00,108744,3722,5351,13,2014-04-08 03:05:50.862,2014-04-08 03:05:50.862,"44361b06-cc68-4041-b055-a759b9b57744",false,48673,"4000",false,,false,,,93694
2014-02-17 15:47:24.352,Check #0000995667,55.00,108751,3723,5305,13,2014-04-08 03:05:51.819,2014-04-08 03:05:51.819,"1a0b67ae-a5fc-44a7-aa7e-2df0caef66b3",false,48675,"1001",false,,false,,,93697
2014-02-17 15:47:24.352,Unit #048,-55.00,108750,3723,5305,13,2014-04-08 03:05:51.831,2014-04-08 03:05:51.831,"44464a53-e9f7-47b8-b61c-9e913cede7fa",false,48675,"4000",false,,false,,,93698
2014-03-17 16:21:43.774,Check #0000995675,55.00,108753,3723,5305,13,2014-04-08 03:05:51.935,2014-04-08 03:05:51.935,"5bf6bcc5-0cef-4281-ba1d-8789eced2893",false,48676,"1001",false,,false,,,93699
2014-03-17 16:21:43.774,Unit #048,-55.00,108752,3723,5305,13,2014-04-08 03:05:51.946,2014-04-08 03:05:51.946,c9edaf49-4b2e-44dd-b8d1-2142a18ca0a9,false,48676,"4000",false,,false,,,93700
2014-02-10 20:34:18.856,Visa XXXX0836,55.00,108758,3724,5306,13,2014-04-08 03:05:52.713,2014-04-08 03:05:52.713,"69eb40e2-db21-4333-8d93-6cb934c770d6",false,48677,"1020",false,,false,,,93701
2014-02-10 20:34:18.856,Unit #049,-55.00,108755,3724,5306,13,2014-04-08 03:05:52.725,2014-04-08 03:05:52.725,"84814bbd-1d6f-428e-b0c2-afc592f6c393",false,48677,"4000",false,,false,,,93702
2014-03-10 14:49:44.154,Visa XXXX0836,55.00,108764,3724,5306,13,2014-04-08 03:05:53.192,2014-04-08 03:05:53.192,"8b942afe-57f2-40c2-8c51-3071bc01b844",false,48681,"1020",false,,false,,,93703
2014-03-10 14:49:44.154,Unit #049,-55.00,108763,3724,5306,13,2014-04-08 03:05:53.203,2014-04-08 03:05:53.203,"0b373fde-0c3f-450e-8274-aee15e6660dd",false,48681,"4000",false,,false,,,93704
2014-04-05 15:31:52.181,Visa XXXX0836,55.00,108767,3724,5306,13,2014-04-08 03:05:53.312,2014-04-08 03:05:53.312,"8d5f1f05-f7b3-49d1-a8a2-4540eee4181c",false,48682,"1020",false,,false,,,93705
2014-04-05 15:31:52.181,Unit #049,-55.00,108765,3724,5306,13,2014-04-08 03:05:53.323,2014-04-08 03:05:53.323,"7136f055-7c2d-441b-b371-242acc584570",false,48682,"4000",false,,false,,,93706
2014-03-26 20:26:44.844,Check #4447,55.00,108782,3725,5308,13,2014-04-08 03:05:54.873,2014-04-08 03:05:54.873,a63974b5-c9e9-4beb-9ba4-00ff02855483,false,48688,"1001",false,,false,,,93709
2014-03-26 20:26:44.844,Unit #051,-55.00,108775,3725,5308,13,2014-04-08 03:05:54.884,2014-04-08 03:05:54.884,bae8c60f-a99b-4529-a109-7c91eebcd8b0,false,48688,"4000",false,,false,,,93710
2014-03-26 20:26:44.844,Check #4447,55.00,108782,3725,5308,13,2014-04-08 03:05:54.948,2014-04-08 03:05:54.948,"4af423f1-1e95-463d-a03c-6a1e7c6184a7",false,48689,"1001",false,,false,,,93711
2014-03-26 20:26:44.844,Unit #051,-55.00,108777,3725,5308,13,2014-04-08 03:05:54.960,2014-04-08 03:05:54.960,e7567158-c16f-4e40-9b2e-64ae6ab41116,false,48689,"4000",false,,false,,,93712
2014-03-26 20:26:44.844,Check #4447,55.00,108782,3725,5308,13,2014-04-08 03:05:55.025,2014-04-08 03:05:55.025,"8a8f83b0-aa41-47a5-a6cd-3011b6f868f5",false,48690,"1001",false,,false,,,93713
2014-03-26 20:26:44.844,Unit #051,-55.00,108778,3725,5308,13,2014-04-08 03:05:55.114,2014-04-08 03:05:55.114,"4f48a7cd-0502-41ec-9741-3a52c723c86f",false,48690,"4000",false,,false,,,93714
2014-02-20 16:03:58.757,Check #185,55.00,108788,3726,5309,13,2014-04-08 03:05:56.121,2014-04-08 03:05:56.121,"7ae8c053-cf67-40d4-ae06-9ab3e3a7bb9f",false,48692,"1001",false,,false,,,93715
2014-02-20 16:03:58.757,Unit #052,-55.00,108784,3726,5309,13,2014-04-08 03:05:56.133,2014-04-08 03:05:56.133,"2ca8c79d-48c7-4730-8ff1-8f705aeefb08",false,48692,"4000",false,,false,,,93716
2014-02-20 16:04:20.180,Cash,15.00,108789,3726,5309,13,2014-04-08 03:05:56.316,2014-04-08 03:05:56.316,"6a4a521c-6547-4fa5-bb25-13467afde6a5",false,48693,"1000",false,,false,,,93717
2014-02-20 16:04:20.180,LF,-15.00,108787,3726,5309,13,2014-04-08 03:05:56.327,2014-04-08 03:05:56.327,"137941cd-95ce-4d70-9642-6f8ec765ed2f",false,48693,"4052",false,,false,,,93718
2014-03-08 15:37:49.741,Visa XXXX7810,55.00,108791,3726,5309,13,2014-04-08 03:05:56.433,2014-04-08 03:05:56.433,"20d7a1fd-a95f-415e-95b7-736252442234",false,48694,"1020",false,,false,,,93719
2014-03-08 15:37:49.741,Unit #052,-55.00,108790,3726,5309,13,2014-04-08 03:05:56.445,2014-04-08 03:05:56.445,e2ac4467-d68c-441d-b807-3bdb33e05904,false,48694,"4000",false,,false,,,93720
2014-04-02 01:35:49.537,Visa XXXX7810,55.00,108793,3726,5309,13,2014-04-08 03:05:56.550,2014-04-08 03:05:56.550,"31387fe7-b0e5-4391-8942-66a7a82bf1b4",false,48695,"1020",false,,false,,,93721
2014-04-02 01:35:49.537,Unit #052,-55.00,108792,3726,5309,13,2014-04-08 03:05:56.562,2014-04-08 03:05:56.562,"7a5e9f99-ad01-4290-9fd7-3ae24d411bb9",false,48695,"4000",false,,false,,,93722
2014-02-10 20:42:21.479,Check #1637,55.00,108798,3727,5310,13,2014-04-08 03:05:57.466,2014-04-08 03:05:57.466,c0703054-ec99-44b3-9eff-4422c756e830,false,48696,"1001",false,,false,,,93723
2014-02-10 20:42:21.479,Unit #053,-55.00,108795,3727,5310,13,2014-04-08 03:05:57.478,2014-04-08 03:05:57.478,d3f689e2-d73d-444b-bc26-a5f41d0cedac,false,48696,"4000",false,,false,,,93724
2014-03-10 18:00:20.255,Check #1643,55.00,108804,3727,5310,13,2014-04-08 03:05:57.878,2014-04-08 03:05:57.878,"7d99d244-2438-49b4-a43a-4a0a0fba9fec",false,48700,"1001",false,,false,,,93725
2014-03-10 18:00:20.255,Unit #053,-55.00,108803,3727,5310,13,2014-04-08 03:05:57.890,2014-04-08 03:05:57.890,"60f5048c-d1fe-489e-acd5-6815641445a2",false,48700,"4000",false,,false,,,93726
2014-02-03 21:40:16.777,Mastercard XXXX0566,45.00,108809,3728,5311,13,2014-04-08 03:05:58.591,2014-04-08 03:05:58.591,"22ed10d9-cdeb-4327-8654-f646d7da7c5c",false,48701,"1021",false,,false,,,93727
2014-02-03 21:40:16.777,Unit #054,-45.00,108808,3728,5311,13,2014-04-08 03:05:58.603,2014-04-08 03:05:58.603,"1537be9a-b34a-4d72-86e2-ebdfb20a7509",false,48701,"4000",false,,false,,,93728
2014-03-01 22:02:35.479,Mastercard XXXX0566,45.00,108811,3728,5311,13,2014-04-08 03:05:58.708,2014-04-08 03:05:58.708,d2b0eb8a-6978-4f83-abe1-be17c1587981,false,48702,"1021",false,,false,,,93729
2014-03-01 22:02:35.479,Unit #054,-45.00,108810,3728,5311,13,2014-04-08 03:05:58.720,2014-04-08 03:05:58.720,"5b0eefa4-d191-4534-91b4-8b2c6afe70a9",false,48702,"4000",false,,false,,,93730
2014-04-02 21:04:57.607,Mastercard XXXX0566,45.00,108813,3728,5311,13,2014-04-08 03:05:58.828,2014-04-08 03:05:58.828,"773d5974-17a4-4024-bd1b-4e790dfbbcbb",false,48703,"1021",false,,false,,,93731
2014-04-02 21:04:57.607,Unit #054,-45.00,108812,3728,5311,13,2014-04-08 03:05:58.840,2014-04-08 03:05:58.840,"9f5a4cf6-b307-425c-92c5-3ebd724693dd",false,48703,"4000",false,,false,,,93732
2014-02-03 21:43:07.939,Mastercard XXXX2897,35.00,108816,3729,5312,13,2014-04-08 03:05:59.428,2014-04-08 03:05:59.428,"14b2470b-ac80-4c0f-9a77-2c3812060627",false,48704,"1021",false,,false,,,93733
2014-02-03 21:43:07.939,Unit #055,-35.00,108815,3729,5312,13,2014-04-08 03:05:59.440,2014-04-08 03:05:59.440,f86db9ec-3f19-4260-a422-2ddb96845ab0,false,48704,"4000",false,,false,,,93734
2014-03-01 22:02:05.867,Mastercard XXXX2897,35.00,108818,3729,5312,13,2014-04-08 03:05:59.546,2014-04-08 03:05:59.546,"29105634-ae51-4bbe-b357-68efa218facb",false,48705,"1021",false,,false,,,93735
2014-03-01 22:02:05.867,Unit #055,-35.00,108817,3729,5312,13,2014-04-08 03:05:59.558,2014-04-08 03:05:59.558,b3890eae-00ab-4dce-a9e8-3d84cd3e5254,false,48705,"4000",false,,false,,,93736
2014-04-02 21:04:52.235,Mastercard XXXX2897,35.00,108820,3729,5312,13,2014-04-08 03:05:59.664,2014-04-08 03:05:59.664,d6dbf264-61f9-4cd8-9f7a-b6a3b6224c58,false,48706,"1021",false,,false,,,93737
2014-04-02 21:04:52.235,Unit #055,-35.00,108819,3729,5312,13,2014-04-08 03:05:59.675,2014-04-08 03:05:59.675,fbbba39f-bdc1-4319-bafa-a1deb1ab3fb5,false,48706,"4000",false,,false,,,93738
2014-02-03 16:56:03.705,Check #1307,40.00,108823,3730,5313,13,2014-04-08 03:06:00.482,2014-04-08 03:06:00.482,"049e27ce-a9a6-48ad-87e8-3c8399c8fc65",false,48707,"1001",false,,false,,,93739
2014-02-03 16:56:03.705,Unit #056,-40.00,108822,3730,5313,13,2014-04-08 03:06:00.494,2014-04-08 03:06:00.494,"26b48c35-65e0-44f3-8e06-afd1b054b908",false,48707,"4000",false,,false,,,93740
2014-03-03 15:45:08.890,Check #1311,40.00,108829,3730,5313,13,2014-04-08 03:06:00.797,2014-04-08 03:06:00.797,a45bf8fb-c584-4ff2-8831-d81b6b08485d,false,48710,"1001",false,,false,,,93741
2014-03-03 15:45:08.890,Unit #056,-40.00,108828,3730,5313,13,2014-04-08 03:06:00.808,2014-04-08 03:06:00.808,"450ef3e7-5d2e-450c-a152-d3b495ac7665",false,48710,"4000",false,,false,,,93742
2014-04-01 18:27:10.338,Check #1315,40.00,108832,3730,5313,13,2014-04-08 03:06:00.997,2014-04-08 03:06:00.997,"75ccb4d8-242b-4a21-b461-7b76b8d37bcb",false,48711,"1001",false,,false,,,93743
2014-04-01 18:27:10.338,Unit #056,-40.00,108830,3730,5313,13,2014-04-08 03:06:01.010,2014-04-08 03:06:01.010,"10a8a6f6-1350-42b7-bfa7-8e420a58d3ff",false,48711,"4000",false,,false,,,93744
2014-02-10 20:40:14.800,Check #Jerry Wright,40.00,108845,3732,5315,13,2014-04-08 03:06:02.411,2014-04-08 03:06:02.411,e958f4b6-7b1d-432a-a665-45354b7fad07,false,48712,"1001",false,,false,,,93745
2014-02-10 20:40:14.800,Unit #058,-40.00,108842,3732,5315,13,2014-04-08 03:06:02.423,2014-04-08 03:06:02.423,"2c367250-acd6-43f4-a2f8-dc1410f2257d",false,48712,"4000",false,,false,,,93746
2014-03-06 18:28:13.480,Check #0000996547,40.00,108851,3732,5315,13,2014-04-08 03:06:02.914,2014-04-08 03:06:02.914,"1e127e71-6778-4e01-b076-50adc48c1100",false,48716,"1001",false,,false,,,93747
2014-03-06 18:28:13.480,Unit #058,-40.00,108850,3732,5315,13,2014-04-08 03:06:02.927,2014-04-08 03:06:02.927,df764512-8e50-4813-b886-a48df101ec7f,false,48716,"4000",false,,false,,,93748
2014-02-06 18:09:49.674,Visa XXXX1435,40.00,108856,3733,5316,13,2014-04-08 03:06:03.605,2014-04-08 03:06:03.605,"07a0f5f6-fc1f-4f11-ae53-749249c208bb",false,48717,"1020",false,,false,,,93749
2014-02-06 18:09:49.674,Unit #059,-40.00,108855,3733,5316,13,2014-04-08 03:06:03.617,2014-04-08 03:06:03.617,"4d9e60d8-55a5-409c-b8b2-75d3d0c23efe",false,48717,"4000",false,,false,,,93750
2014-03-05 18:44:05.904,Visa XXXX1435,4.00,108858,3733,5316,13,2014-04-08 03:06:03.728,2014-04-08 03:06:03.728,dd7cca1a-d1cb-4aa1-8063-d73d3f054e14,false,48718,"1020",false,,false,,,93751
2014-03-05 18:44:05.904,Unit #059,-4.00,108857,3733,5316,13,2014-04-08 03:06:03.739,2014-04-08 03:06:03.739,"5fbe29ad-6336-49f6-b934-5ece4e81d7ec",false,48718,"4000",false,,false,,,93752
2014-03-05 18:51:08.441,Visa XXXX1435,36.00,108859,3733,5316,13,2014-04-08 03:06:03.831,2014-04-08 03:06:03.831,"13f59e24-8848-4e04-94c6-92c11b992766",false,48719,"1020",false,,false,,,93753
2014-03-05 18:51:08.441,Unit #059,-36.00,108857,3733,5316,13,2014-04-08 03:06:03.842,2014-04-08 03:06:03.842,d33c9878-3d7c-445c-9840-b607e7973b2b,false,48719,"4000",false,,false,,,93754
2014-04-07 17:17:32.303,Visa XXXX1435,40.00,108861,3733,5316,13,2014-04-08 03:06:03.949,2014-04-08 03:06:03.949,f6c857bf-00da-408a-9e2b-64f87f416be0,false,48720,"1020",false,,false,,,93755
2014-04-07 17:17:32.303,Unit #059,-40.00,108860,3733,5316,13,2014-04-08 03:06:03.961,2014-04-08 03:06:03.961,"32edf2bb-01a1-4bff-91f0-6af2bf2944bb",false,48720,"4000",false,,false,,,93756
2014-02-17 16:24:44.314,Check #wu14-821066386,40.00,108869,3734,5317,13,2014-04-08 03:06:05.055,2014-04-08 03:06:05.055,"2668da36-6647-482b-93a9-9d8b69dee55a",false,48722,"1001",false,,false,,,93757
2014-02-17 16:24:44.314,Unit #060,-40.00,108865,3734,5317,13,2014-04-08 03:06:05.067,2014-04-08 03:06:05.067,a3a6bff6-59a4-4570-9715-a824ce5e4d67,false,48722,"4000",false,,false,,,93758
2014-04-01 14:46:06.420,Check #pmo21555989548-na201872315,15.00,108878,3734,5317,13,2014-04-08 03:06:05.439,2014-04-08 03:06:05.439,"40b396c2-eb8e-4db6-99c6-4681fab26bda",false,48725,"1001",false,,false,,,93759
2014-04-01 14:46:06.420,LF,-15.00,108868,3734,5317,13,2014-04-08 03:06:05.451,2014-04-08 03:06:05.451,f00edc52-13ad-448a-80ed-11352f390fb0,false,48725,"4052",false,,false,,,93760
2014-04-01 14:46:06.420,Check #pmo21555989548-na201872315,40.00,108878,3734,5317,13,2014-04-08 03:06:05.516,2014-04-08 03:06:05.516,"9ff1625b-a247-4071-839f-a5513f7bb82d",false,48726,"1001",false,,false,,,93761
2014-04-01 14:46:06.420,Unit #060,-40.00,108874,3734,5317,13,2014-04-08 03:06:05.527,2014-04-08 03:06:05.527,bc1a45c8-9274-4725-a252-389d27dc7d82,false,48726,"4000",false,,false,,,93762
2014-04-01 14:46:06.420,Check #pmo21555989548-na201872315,15.00,108878,3734,5317,13,2014-04-08 03:06:05.588,2014-04-08 03:06:05.588,"1fdd3c51-23ba-4348-827d-ea0a47397c9a",false,48727,"1001",false,,false,,,93763
2014-04-01 14:46:06.420,LF,-15.00,108875,3734,5317,13,2014-04-08 03:06:05.600,2014-04-08 03:06:05.600,"319a646c-a3ae-4a07-80ef-e958b753a5a6",false,48727,"4052",false,,false,,,93764
2014-04-01 14:46:06.420,Check #pmo21555989548-na201872315,40.00,108878,3734,5317,13,2014-04-08 03:06:05.664,2014-04-08 03:06:05.664,"4921efa6-5d59-42e3-8ea7-54848fed5b62",false,48728,"1001",false,,false,,,93765
2014-04-01 14:46:06.420,Unit #060,-40.00,108876,3734,5317,13,2014-04-08 03:06:05.676,2014-04-08 03:06:05.676,d710c2b6-5df2-48a7-849d-b4e544e80221,false,48728,"4000",false,,false,,,93766
2014-02-28 16:46:46.510,Visa XXXX5174,195.00,108887,3735,5318,13,2014-04-08 03:06:06.634,2014-04-08 03:06:06.634,"71f294b6-d3a0-4f14-9201-7f9258d5b35d",false,48729,"1020",false,,false,,,93767
2014-02-28 16:46:46.510,Unit #061,-195.00,108880,3735,5318,13,2014-04-08 03:06:06.646,2014-04-08 03:06:06.646,"6a493a8b-0e34-4029-9545-bb086d201d94",false,48729,"4000",false,,false,,,93768
2014-02-28 16:46:46.510,Visa XXXX5174,55.00,108887,3735,5318,13,2014-04-08 03:06:06.707,2014-04-08 03:06:06.707,"2221b4a1-9c86-4a98-b9c7-48fa50b99416",false,48730,"1020",false,,false,,,93769
2014-02-28 16:46:46.510,IMPORT-LATE1,-55.00,108881,3735,5318,13,2014-04-08 03:06:06.719,2014-04-08 03:06:06.719,cae99533-0f16-4829-a911-bbd114853418,false,48730,"4052",false,,false,,,93770
2014-03-25 20:32:24.572,Visa XXXX5174,20.00,108889,3735,5318,13,2014-04-08 03:06:06.804,2014-04-08 03:06:06.804,"103a70bd-63ce-4fdb-860a-1b126b8b320a",false,48731,"1020",false,,false,,,93771
2014-03-25 20:32:24.572,IMPORT-LATE1,-20.00,108881,3735,5318,13,2014-04-08 03:06:06.815,2014-04-08 03:06:06.815,bcf94d30-7998-46be-9150-0824421e29a9,false,48731,"4052",false,,false,,,93772
2014-03-25 20:32:24.572,Visa XXXX5174,40.00,108889,3735,5318,13,2014-04-08 03:06:06.879,2014-04-08 03:06:06.879,"7a9c64ba-4045-42c4-b758-38d02a0e7266",false,48732,"1020",false,,false,,,93773
2014-03-25 20:32:24.572,Unit #061,-40.00,108882,3735,5318,13,2014-04-08 03:06:06.890,2014-04-08 03:06:06.890,"646a7ca9-3976-4317-b81d-e5f8602c3927",false,48732,"4000",false,,false,,,93774
2014-03-25 20:32:24.572,Visa XXXX5174,40.00,108889,3735,5318,13,2014-04-08 03:06:07.033,2014-04-08 03:06:07.033,da99fe57-f36b-4ee7-a6a6-6f86480f48aa,false,48733,"1020",false,,false,,,93775
2014-03-25 20:32:24.572,Unit #061,-40.00,108883,3735,5318,13,2014-04-08 03:06:07.045,2014-04-08 03:06:07.045,"44785e5b-3743-4971-9b3f-a3a8abd94273",false,48733,"4000",false,,false,,,93776
2014-03-25 20:32:24.572,Visa XXXX5174,15.00,108889,3735,5318,13,2014-04-08 03:06:07.107,2014-04-08 03:06:07.107,d716be97-f926-4d2c-8daa-6421d726f192,false,48734,"1020",false,,false,,,93777
2014-03-25 20:32:24.572,LF,-15.00,108884,3735,5318,13,2014-04-08 03:06:07.118,2014-04-08 03:06:07.118,aa2c7b80-c39a-4716-8b80-f58ca459a558,false,48734,"4052",false,,false,,,93778
2014-03-25 20:32:24.572,Visa XXXX5174,15.00,108889,3735,5318,13,2014-04-08 03:06:07.179,2014-04-08 03:06:07.179,"2e2941bd-e4e3-4fb4-b435-52ad3eebd856",false,48735,"1020",false,,false,,,93779
2014-03-25 20:32:24.572,LF,-15.00,108885,3735,5318,13,2014-04-08 03:06:07.191,2014-04-08 03:06:07.191,"238fdc8d-5f7f-40aa-bd31-aea079d87847",false,48735,"4052",false,,false,,,93780
2014-03-25 20:32:24.572,Visa XXXX5174,15.00,108889,3735,5318,13,2014-04-08 03:06:07.251,2014-04-08 03:06:07.251,"2a18beb6-d7d2-4642-b7d5-19bb8ea14996",false,48736,"1020",false,,false,,,93781
2014-03-25 20:32:24.572,LF,-15.00,108886,3735,5318,13,2014-04-08 03:06:07.263,2014-04-08 03:06:07.263,"23a82937-b38d-4c74-a1ef-294ad330d4cc",false,48736,"4052",false,,false,,,93782
2014-03-25 20:32:24.572,Visa XXXX5174,15.00,108889,3735,5318,13,2014-04-08 03:06:07.322,2014-04-08 03:06:07.322,"33ae4fc3-339e-4c44-94db-0b08fdca6261",false,48737,"1020",false,,false,,,93783
2014-03-25 20:32:24.572,LF,-15.00,108888,3735,5318,13,2014-04-08 03:06:07.334,2014-04-08 03:06:07.334,"6fefeb44-09b0-404e-b0b7-ef00c2f80b31",false,48737,"4052",false,,false,,,93784
2014-02-04 18:50:50.128,Visa XXXX0150,40.00,108893,3736,5319,13,2014-04-08 03:06:08.186,2014-04-08 03:06:08.186,"51363430-a78b-4613-8bc6-80dbcfb6371d",false,48738,"1020",false,,false,,,93785
2014-02-04 18:50:50.128,Unit #062,-40.00,108892,3736,5319,13,2014-04-08 03:06:08.198,2014-04-08 03:06:08.198,"049de686-4866-4110-9fe5-f0643704cc6f",false,48738,"4000",false,,false,,,93786
2014-03-05 15:49:41.697,Visa XXXX0280,40.00,108895,3736,5319,13,2014-04-08 03:06:08.302,2014-04-08 03:06:08.302,e5574d90-4024-4857-9c51-473f86a272b9,false,48739,"1020",false,,false,,,93787
2014-03-05 15:49:41.697,Unit #062,-40.00,108894,3736,5319,13,2014-04-08 03:06:08.314,2014-04-08 03:06:08.314,"5e5212a7-c150-435e-99c1-af9b27555785",false,48739,"4000",false,,false,,,93788
2014-04-07 18:25:36.317,Visa XXXX0280,40.00,108897,3736,5319,13,2014-04-08 03:06:08.417,2014-04-08 03:06:08.417,"6e727ff5-29ac-497e-8af2-419a4ccb6293",false,48740,"1020",false,,false,,,93789
2014-04-07 18:25:36.317,Unit #062,-40.00,108896,3736,5319,13,2014-04-08 03:06:08.429,2014-04-08 03:06:08.429,"07eb2e3b-9587-4d75-93c3-1be5dd0ce8f7",false,48740,"4000",false,,false,,,93790
2014-03-03 17:25:58.266,Cash,40.00,108903,3737,5320,13,2014-04-08 03:06:09.098,2014-04-08 03:06:09.098,"05e4b209-6c44-4548-91f5-47efbfbf9c4f",false,48742,"1000",false,,false,,,93793
2014-03-03 17:25:58.266,Unit #063,-40.00,108901,3737,5320,13,2014-04-08 03:06:09.110,2014-04-08 03:06:09.110,"38ee30ab-3451-4bf7-a6b0-076859260780",false,48742,"4000",false,,false,,,93794
2014-03-03 17:25:58.266,Cash,40.00,108903,3737,5320,13,2014-04-08 03:06:09.174,2014-04-08 03:06:09.174,"140e9687-7854-4543-8279-01137d1b4252",false,48743,"1000",false,,false,,,93795
2014-03-03 17:25:58.266,Unit #063,-40.00,108902,3737,5320,13,2014-04-08 03:06:09.185,2014-04-08 03:06:09.185,"5f585357-5ae4-4b68-b6e9-477d2534736b",false,48743,"4000",false,,false,,,93796
2014-02-14 21:46:21.248,Visa XXXX1946,40.00,108921,3739,5322,13,2014-04-08 03:06:11.326,2014-04-08 03:06:11.326,"4b329961-81b7-4003-9cba-d2babe18ec21",false,48750,"1020",false,,false,,,93803
2014-02-14 21:46:21.248,Unit #065,-40.00,108915,3739,5322,13,2014-04-08 03:06:11.338,2014-04-08 03:06:11.338,f76b7a4c-09c6-4d58-a630-fd79655aecf0,false,48750,"4000",false,,false,,,93804
2014-02-14 21:46:21.248,Visa XXXX1946,15.00,108921,3739,5322,13,2014-04-08 03:06:11.399,2014-04-08 03:06:11.399,"9e76f90a-74d1-4563-9272-238788225341",false,48751,"1020",false,,false,,,93805
2014-02-14 21:46:21.248,IMPORT-LATE1,-15.00,108916,3739,5322,13,2014-04-08 03:06:11.411,2014-04-08 03:06:11.411,a5f0836e-9a0f-454b-ab70-4584f0de1e89,false,48751,"4052",false,,false,,,93806
2014-02-14 21:46:21.248,Visa XXXX1946,40.00,108921,3739,5322,13,2014-04-08 03:06:11.476,2014-04-08 03:06:11.476,"735f87bd-0e29-4bc1-a516-3e56e488034e",false,48752,"1020",false,,false,,,93807
2014-02-14 21:46:21.248,Unit #065,-40.00,108917,3739,5322,13,2014-04-08 03:06:11.565,2014-04-08 03:06:11.565,"08f2dc02-8bcf-447c-9b7e-9ddde9f047bb",false,48752,"4000",false,,false,,,93808
2014-02-14 21:46:21.248,Visa XXXX1946,15.00,108921,3739,5322,13,2014-04-08 03:06:11.630,2014-04-08 03:06:11.630,"9dbb9766-a4d0-45ae-8a6b-28859809136b",false,48753,"1020",false,,false,,,93809
2014-02-14 21:46:21.248,LF,-15.00,108920,3739,5322,13,2014-04-08 03:06:11.643,2014-04-08 03:06:11.643,"038166fe-4111-4f00-837f-ad9c0347b9fa",false,48753,"4052",false,,false,,,93810
2014-02-03 16:57:27.805,Check #113,40.00,108932,3740,5324,13,2014-04-08 03:06:12.728,2014-04-08 03:06:12.728,be89ad7a-bc0d-4926-a17a-5ecda2b57693,false,48756,"1001",false,,false,,,93811
2014-02-03 16:57:27.805,Unit #067,-40.00,108931,3740,5324,13,2014-04-08 03:06:12.740,2014-04-08 03:06:12.740,"1596ddcc-07ec-4f02-b280-3b98b0962485",false,48756,"4000",false,,false,,,93812
2014-03-10 14:24:43.281,Check #109,40.00,108938,3740,5324,13,2014-04-08 03:06:13.053,2014-04-08 03:06:13.053,"0fd7b3c8-a90e-4911-94e9-01bf8c9ab30d",false,48759,"1001",false,,false,,,93813
2014-03-10 14:24:43.281,Unit #067,-40.00,108937,3740,5324,13,2014-04-08 03:06:13.065,2014-04-08 03:06:13.065,"10804209-7d30-41b6-a072-af962561f434",false,48759,"4000",false,,false,,,93814
2014-02-03 21:38:55.837,Visa XXXX2619,55.00,108945,3741,5325,13,2014-04-08 03:06:14.033,2014-04-08 03:06:14.033,"3f22f7ee-c3ca-4c55-800e-48d60477cb1b",false,48761,"1020",false,,false,,,93815
2014-02-03 21:38:55.837,Unit #068,-55.00,108942,3741,5325,13,2014-04-08 03:06:14.045,2014-04-08 03:06:14.045,"6d9fe426-5b47-42c3-bd79-772b7af297a6",false,48761,"4000",false,,false,,,93816
2014-03-01 22:03:16.969,Visa XXXX2619,55.00,108951,3741,5325,13,2014-04-08 03:06:14.348,2014-04-08 03:06:14.348,"8292330b-f3af-4fc6-83f3-6d19a37ee93c",false,48764,"1020",false,,false,,,93817
2014-03-01 22:03:16.969,Unit #068,-55.00,108950,3741,5325,13,2014-04-08 03:06:14.359,2014-04-08 03:06:14.359,"9e480fcc-8765-41a3-aaae-7f4e1a42ad62",false,48764,"4000",false,,false,,,93818
2014-04-02 21:04:55.016,Visa XXXX2619,55.00,108954,3741,5325,13,2014-04-08 03:06:14.548,2014-04-08 03:06:14.548,"7caff015-8d1e-461e-9200-2d987d1b5ba2",false,48765,"1020",false,,false,,,93819
2014-04-02 21:04:55.016,Unit #068,-55.00,108952,3741,5325,13,2014-04-08 03:06:14.560,2014-04-08 03:06:14.560,"3477cd87-f7b9-4ba4-87d1-eeecbb0ffe1b",false,48765,"4000",false,,false,,,93820
2014-02-21 20:08:05.464,Cash,40.00,108968,3743,5327,13,2014-04-08 03:06:16.166,2014-04-08 03:06:16.166,b4673bf2-38c7-48a4-87d2-c0e0b9fa8d3c,false,48767,"1000",false,,false,,,93821
2014-02-21 20:08:05.464,Unit #071,-40.00,108964,3743,5327,13,2014-04-08 03:06:16.178,2014-04-08 03:06:16.178,"18d70de8-85fd-47e8-ad53-a1546b85daa3",false,48767,"4000",false,,false,,,93822
2014-02-21 20:08:05.464,Cash,15.00,108968,3743,5327,13,2014-04-08 03:06:16.317,2014-04-08 03:06:16.317,dde94cbe-b6b1-42d0-8cbc-253d855641bb,false,48768,"1000",false,,false,,,93823
2014-02-21 20:08:05.464,LF,-15.00,108967,3743,5327,13,2014-04-08 03:06:16.329,2014-04-08 03:06:16.329,ac6fc592-4644-4669-90d4-5a6bc2a0a8c1,false,48768,"4052",false,,false,,,93824
2014-03-10 19:31:57.592,Cash,35.00,108975,3743,5327,13,2014-04-08 03:06:16.636,2014-04-08 03:06:16.636,"06b5b0c9-5934-4d5f-a257-1ff539759c9e",false,48771,"1000",false,,false,,,93825
2014-03-10 19:31:57.592,Unit #071,-35.00,108974,3743,5327,13,2014-04-08 03:06:16.648,2014-04-08 03:06:16.648,"1215078d-dd38-4ba9-876f-bdf787991bec",false,48771,"4000",false,,false,,,93826
2014-02-03 20:27:37.151,Visa XXXX2384,40.00,108982,3744,5328,13,2014-04-08 03:06:17.669,2014-04-08 03:06:17.669,bf4b1ed2-fd1d-4197-b6ec-ec149d7c2766,false,48774,"1020",false,,false,,,93829
2014-02-03 20:27:37.151,Unit #072,-40.00,108981,3744,5328,13,2014-04-08 03:06:17.681,2014-04-08 03:06:17.681,a68de2db-eb4f-403a-bd3e-941d1eee9289,false,48774,"4000",false,,false,,,93830
2014-03-01 20:45:40.511,Visa XXXX2384,40.00,108984,3744,5328,13,2014-04-08 03:06:17.788,2014-04-08 03:06:17.788,"02e70761-cd73-4e64-be0d-eca38386ef61",false,48775,"1020",false,,false,,,93831
2014-03-01 20:45:40.511,Unit #072,-40.00,108983,3744,5328,13,2014-04-08 03:06:17.800,2014-04-08 03:06:17.800,a3b5cb3d-22d6-4d8d-b672-79d54f358785,false,48775,"4000",false,,false,,,93832
2014-03-30 14:22:28.673,Visa XXXX2384,40.00,108986,3744,5328,13,2014-04-08 03:06:17.912,2014-04-08 03:06:17.912,e29c6a6c-d3ac-4318-9644-132448b75d9e,false,48776,"1020",false,,false,,,93833
2014-03-30 14:22:28.673,Unit #072,-40.00,108985,3744,5328,13,2014-04-08 03:06:17.924,2014-04-08 03:06:17.924,fb821d10-6e09-4af7-b2c0-8e8afd08d234,false,48776,"4000",false,,false,,,93834
2014-02-14 21:59:00.664,Visa XXXX4463,40.00,108994,3745,5329,13,2014-04-08 03:06:18.714,2014-04-08 03:06:18.714,"267fda08-8dd7-4341-b57b-4a419994b84e",false,48778,"1020",false,,false,,,93835
2014-02-14 21:59:00.664,Unit #073,-40.00,108988,3745,5329,13,2014-04-08 03:06:18.726,2014-04-08 03:06:18.726,"63a0834f-3661-42d9-b0ca-c97e422e32d6",false,48778,"4000",false,,false,,,93836
2014-02-14 21:59:00.664,Visa XXXX4463,15.00,108994,3745,5329,13,2014-04-08 03:06:18.787,2014-04-08 03:06:18.787,b8dd809c-d1c6-482f-9cf2-d3ebb9b9a038,false,48779,"1020",false,,false,,,93837
2014-02-14 21:59:00.664,IMPORT-LATE1,-15.00,108989,3745,5329,13,2014-04-08 03:06:18.799,2014-04-08 03:06:18.799,c8a3c969-d01d-45fa-bfeb-0e293940265d,false,48779,"4052",false,,false,,,93838
2014-02-14 21:59:00.664,Visa XXXX4463,40.00,108994,3745,5329,13,2014-04-08 03:06:18.863,2014-04-08 03:06:18.863,"51d1e348-1e69-4ccb-8559-807e401d2425",false,48780,"1020",false,,false,,,93839
2014-02-14 21:59:00.664,Unit #073,-40.00,108990,3745,5329,13,2014-04-08 03:06:18.875,2014-04-08 03:06:18.875,dbbc25e7-781d-4651-b195-a1780428c5d5,false,48780,"4000",false,,false,,,93840
2014-02-14 21:59:00.664,Visa XXXX4463,15.00,108994,3745,5329,13,2014-04-08 03:06:18.936,2014-04-08 03:06:18.936,"591f7067-ba4d-43a6-9ac5-fb3d158c9628",false,48781,"1020",false,,false,,,93841
2014-02-14 21:59:00.664,LF,-15.00,108993,3745,5329,13,2014-04-08 03:06:18.948,2014-04-08 03:06:18.948,f0503bc8-cc37-4197-a907-186f03094af6,false,48781,"4052",false,,false,,,93842
2014-02-06 21:25:20.201,Visa XXXX4899,59.00,109001,3747,5331,13,2014-04-08 03:06:20.008,2014-04-08 03:06:20.008,d1d5ae1c-b4f4-4703-9c42-29aa4a915b21,false,48782,"1020",false,,false,,,93843
2014-02-06 21:25:20.201,Unit #076,-59.00,109000,3747,5331,13,2014-04-08 03:06:20.020,2014-04-08 03:06:20.020,e78209ba-dda8-400a-b8e2-fceb57f38178,false,48782,"4000",false,,false,,,93844
2014-03-04 20:56:50.481,Visa XXXX4899,59.00,109007,3747,5331,13,2014-04-08 03:06:20.414,2014-04-08 03:06:20.414,"9839f8f2-af74-40ed-b8f8-8414e8ad02cd",false,48785,"1020",false,,false,,,93845
2014-03-04 20:56:50.481,Unit #076,-59.00,109006,3747,5331,13,2014-04-08 03:06:20.426,2014-04-08 03:06:20.426,"225ff82e-ca2b-48aa-ba17-e159c7e5dac9",false,48785,"4000",false,,false,,,93846
2014-02-07 20:17:32.518,Visa XXXX2287,58.50,109012,3748,5332,13,2014-04-08 03:06:21.016,2014-04-08 03:06:21.016,"99d0cb6d-2205-4f05-9239-625a0fdcd293",false,48786,"1020",false,,false,,,93847
2014-02-07 20:17:32.518,Unit #077,-58.50,109011,3748,5332,13,2014-04-08 03:06:21.028,2014-04-08 03:06:21.028,"79022048-99f5-4561-b7f6-eef6b150794a",false,48786,"4000",false,,false,,,93848
2014-03-04 20:22:00.889,Cash,58.50,109015,3748,5332,13,2014-04-08 03:06:21.133,2014-04-08 03:06:21.133,"5c4b1543-f754-4d26-9f36-02531cbbbe3c",false,48787,"1000",false,,false,,,93849
2014-03-04 20:22:00.889,Unit #077,-58.50,109013,3748,5332,13,2014-04-08 03:06:21.145,2014-04-08 03:06:21.145,"0aaf5d1c-2697-4413-abde-aac4ee978f72",false,48787,"4000",false,,false,,,93850
2014-03-04 20:22:00.889,Cash,1.50,109015,3748,5332,13,2014-04-08 03:06:21.211,2014-04-08 03:06:21.211,c07c7c59-2378-4821-b7a5-15e1dfd29d12,false,48788,"1000",false,,false,,,93851
2014-03-04 20:22:00.889,Unit #077,-1.50,109014,3748,5332,13,2014-04-08 03:06:21.223,2014-04-08 03:06:21.223,"86cdff60-1df7-45fc-a5cb-bc1ad69b9b24",false,48788,"4000",false,,false,,,93852
2014-02-07 20:15:42.413,Visa XXXX2287,65.00,109018,3748,5335,13,2014-04-08 03:06:21.746,2014-04-08 03:06:21.746,eee1934e-9239-468b-bce8-92890deda230,false,48789,"1020",false,,false,,,93853
2014-02-07 20:15:42.413,Unit #081,-65.00,109017,3748,5335,13,2014-04-08 03:06:21.757,2014-04-08 03:06:21.757,"12e0b144-3d8b-434b-ac27-d1ab87928a1b",false,48789,"4000",false,,false,,,93854
2014-03-04 20:22:00.900,Cash,65.00,109020,3748,5335,13,2014-04-08 03:06:21.863,2014-04-08 03:06:21.863,"63561eea-9837-440d-ad80-ea224f3f5608",false,48790,"1000",false,,false,,,93855
2014-03-04 20:22:00.900,Unit #081,-65.00,109019,3748,5335,13,2014-04-08 03:06:21.874,2014-04-08 03:06:21.874,cba44d9e-4c0b-4b6b-8713-ed281099a213,false,48790,"4000",false,,false,,,93856
2014-02-07 18:39:14.725,Cash,65.00,109024,3749,5333,13,2014-04-08 03:06:22.402,2014-04-08 03:06:22.402,a132d5a0-897b-462c-9256-b247dd57c251,false,48791,"1000",false,,false,,,93857
2014-02-07 18:39:14.725,Unit #078,-65.00,109023,3749,5333,13,2014-04-08 03:06:22.414,2014-04-08 03:06:22.414,c59fb79f-997b-43e6-91e9-31d7fca2c3ae,false,48791,"4000",false,,false,,,93858
2014-03-10 17:50:54.320,Cash,65.00,109026,3749,5333,13,2014-04-08 03:06:22.521,2014-04-08 03:06:22.521,"5c0a0ed0-34a1-4962-a54e-3b12d2e3fe16",false,48792,"1000",false,,false,,,93859
2014-03-10 17:50:54.320,Unit #078,-65.00,109025,3749,5333,13,2014-04-08 03:06:22.533,2014-04-08 03:06:22.533,c15a905e-8b78-4d2d-a258-ba8e1aaa118a,false,48792,"4000",false,,false,,,93860
2014-02-04 16:50:54.196,Mastercard XXXX0761,65.00,109030,3750,5334,13,2014-04-08 03:06:23.286,2014-04-08 03:06:23.286,"642788be-add5-47a6-8499-769db015e73f",false,48793,"1021",false,,false,,,93861
2014-02-04 16:50:54.196,Unit #080,-65.00,109029,3750,5334,13,2014-04-08 03:06:23.299,2014-04-08 03:06:23.299,"72846f37-db01-41cd-aa2d-df616c30cdc4",false,48793,"4000",false,,false,,,93862
2014-03-17 20:06:24.038,Cash,65.00,109037,3750,5334,13,2014-04-08 03:06:23.690,2014-04-08 03:06:23.690,bb5646e2-5573-4276-93bf-3c21203d594e,false,48796,"1000",false,,false,,,93863
2014-03-17 20:06:24.038,Unit #080,-65.00,109035,3750,5334,13,2014-04-08 03:06:23.702,2014-04-08 03:06:23.702,"36920c56-88ce-4cfe-ba58-9fe6b757e69b",false,48796,"4000",false,,false,,,93864
2014-03-17 20:06:24.038,Cash,15.00,109037,3750,5334,13,2014-04-08 03:06:23.768,2014-04-08 03:06:23.768,"68d6c8fa-d61b-4395-aac3-688e330f2b3a",false,48797,"1000",false,,false,,,93865
2014-03-17 20:06:24.038,LF,-15.00,109036,3750,5334,13,2014-04-08 03:06:23.781,2014-04-08 03:06:23.781,"4aea7fd0-0828-41fd-9b05-5cc8e3785caa",false,48797,"4052",false,,false,,,93866
2014-04-02 17:25:58.518,Mastercard XXXX0761,65.00,109040,3750,5334,13,2014-04-08 03:06:23.890,2014-04-08 03:06:23.890,b36a21ba-bb3e-4fb6-a8b1-ce4518233eed,false,48798,"1021",false,,false,,,93867
2014-04-02 17:25:58.518,Unit #080,-65.00,109038,3750,5334,13,2014-04-08 03:06:23.902,2014-04-08 03:06:23.902,"5b775673-8daf-4489-9736-63c946aa898d",false,48798,"4000",false,,false,,,93868
2014-02-10 20:35:59.614,Visa XXXX8397,65.00,109047,3751,5336,13,2014-04-08 03:06:24.890,2014-04-08 03:06:24.890,"021c32ba-6d81-45e1-90fa-e74e0f042f05",false,48799,"1020",false,,false,,,93869
2014-02-10 20:35:59.614,Unit #082,-65.00,109042,3751,5336,13,2014-04-08 03:06:24.902,2014-04-08 03:06:24.902,"6866bc00-d7b2-4de1-817d-3b57f5e88fb6",false,48799,"4000",false,,false,,,93870
2014-02-10 20:35:59.614,Visa XXXX8397,22.50,109047,3751,5336,13,2014-04-08 03:06:24.968,2014-04-08 03:06:24.968,bba297d2-cf48-4522-bcc3-82715a074758,false,48800,"1020",false,,false,,,93871
2014-02-10 20:35:59.614,IMPORT-LATE1,-22.50,109043,3751,5336,13,2014-04-08 03:06:24.980,2014-04-08 03:06:24.980,"83fd3d44-7ed2-44b6-a2a3-362a161fa4b6",false,48800,"4052",false,,false,,,93872
2014-02-10 20:35:59.614,Visa XXXX8397,65.00,109047,3751,5336,13,2014-04-08 03:06:25.045,2014-04-08 03:06:25.045,"45cc93f6-027c-49e8-b3dc-2f26411b04cd",false,48801,"1020",false,,false,,,93873
2014-02-10 20:35:59.614,Unit #082,-65.00,109044,3751,5336,13,2014-04-08 03:06:25.056,2014-04-08 03:06:25.056,dc086495-76a5-4a58-a4d0-4028d0c4b21c,false,48801,"4000",false,,false,,,93874
2014-02-05 17:12:46.971,Check #2855,55.00,109058,3752,5337,13,2014-04-08 03:06:26.090,2014-04-08 03:06:26.090,"9e89f11f-ceb7-44fe-aaaf-244584a7ef83",false,48805,"1001",false,,false,,,93875
2014-02-05 17:12:46.971,Unit #083,-55.00,109057,3752,5337,13,2014-04-08 03:06:26.102,2014-04-08 03:06:26.102,"4ec07521-d9b6-476b-97bc-24616dfe0302",false,48805,"4000",false,,false,,,93876
2014-03-04 16:25:36.252,Check #2867,55.00,109060,3752,5337,13,2014-04-08 03:06:26.211,2014-04-08 03:06:26.211,"83df6b64-ec93-47f3-89f3-f8674a0e440a",false,48806,"1001",false,,false,,,93877
2014-03-04 16:25:36.252,Unit #083,-55.00,109059,3752,5337,13,2014-04-08 03:06:26.223,2014-04-08 03:06:26.223,"352594ad-0d6b-4499-91cc-b1e2718189b0",false,48806,"4000",false,,false,,,93878
2014-04-01 18:52:45.405,Check #2872,55.00,109062,3752,5337,13,2014-04-08 03:06:26.412,2014-04-08 03:06:26.412,c33cdeaf-208e-44ec-b6ac-e8fd3f11e831,false,48807,"1001",false,,false,,,93879
2014-04-01 18:52:45.405,Unit #083,-55.00,109061,3752,5337,13,2014-04-08 03:06:26.425,2014-04-08 03:06:26.425,d08c9cb8-97fe-4389-8a3d-a242971a6ded,false,48807,"4000",false,,false,,,93880
2014-02-05 17:11:20.566,Check #2855,55.00,109065,3752,5363,13,2014-04-08 03:06:26.992,2014-04-08 03:06:26.992,"1a5d0bab-5a26-4551-863a-e8b94b85b0bd",false,48808,"1001",false,,false,,,93881
2014-02-05 17:11:20.566,Unit #110,-55.00,109064,3752,5363,13,2014-04-08 03:06:27.004,2014-04-08 03:06:27.004,"8b15928f-890d-41a0-9bef-de08209e5e88",false,48808,"4000",false,,false,,,93882
2014-03-04 16:25:36.240,Check #2867,55.00,109067,3752,5363,13,2014-04-08 03:06:27.111,2014-04-08 03:06:27.111,"7e308a72-1886-46f0-be48-6af242dee7b6",false,48809,"1001",false,,false,,,93883
2014-03-04 16:25:36.240,Unit #110,-55.00,109066,3752,5363,13,2014-04-08 03:06:27.123,2014-04-08 03:06:27.123,bb9a5c6d-dcfb-4a56-b3a7-fdf9c834dbad,false,48809,"4000",false,,false,,,93884
2014-04-01 18:52:45.392,Check #2872,55.00,109069,3752,5363,13,2014-04-08 03:06:27.232,2014-04-08 03:06:27.232,"43812659-a205-44b8-b73d-78615302c580",false,48810,"1001",false,,false,,,93885
2014-04-01 18:52:45.392,Unit #110,-55.00,109068,3752,5363,13,2014-04-08 03:06:27.244,2014-04-08 03:06:27.244,"6a9a7c8c-c3a9-4030-a547-e2b16da084ca",false,48810,"4000",false,,false,,,93886
2014-03-03 15:50:57.745,Check #24149,65.00,109078,3753,5338,13,2014-04-08 03:06:28.331,2014-04-08 03:06:28.331,"52cda946-5975-4eff-ba96-e075f887806c",false,48814,"1001",false,,false,,,93889
2014-03-03 15:50:57.745,Unit #084,-65.00,109077,3753,5338,13,2014-04-08 03:06:28.342,2014-04-08 03:06:28.342,"1e40a2b8-6be3-4b84-b540-a71422fa2191",false,48814,"4000",false,,false,,,93890
2014-04-01 14:49:26.539,Check #24183,65.00,109081,3753,5338,13,2014-04-08 03:06:28.447,2014-04-08 03:06:28.447,"071bb682-d3b8-4002-acb3-5cf182a7072d",false,48815,"1001",false,,false,,,93891
2014-04-01 14:49:26.539,Unit #084,-65.00,109079,3753,5338,13,2014-04-08 03:06:28.459,2014-04-08 03:06:28.459,d6d08664-ea04-47b1-9ec3-f368a139b862,false,48815,"4000",false,,false,,,93892
2014-02-12 18:57:16.680,Check #21561753475,65.00,109089,3754,5339,13,2014-04-08 03:06:29.548,2014-04-08 03:06:29.548,a241225c-9b53-4979-a2bf-5b4a1d263bec,false,48817,"1001",false,,false,,,93893
2014-02-12 18:57:16.680,Unit #085,-65.00,109083,3754,5339,13,2014-04-08 03:06:29.560,2014-04-08 03:06:29.560,f6e09a42-32b3-48b8-a3c4-1760e1e75314,false,48817,"4000",false,,false,,,93894
2014-02-20 21:13:17.241,Mastercard XXXX9239,30.00,109090,3754,5339,13,2014-04-08 03:06:29.663,2014-04-08 03:06:29.663,"628bdde9-2ae1-4c0c-8a28-f1573f19ca32",false,48818,"1021",false,,false,,,93895
2014-02-20 21:13:17.241,IMPORT-LATE1,-30.00,109084,3754,5339,13,2014-04-08 03:06:29.675,2014-04-08 03:06:29.675,d6be6db6-24c3-40cb-b9b8-ab6c977744f5,false,48818,"4052",false,,false,,,93896
2014-02-20 21:13:17.241,Mastercard XXXX9239,65.00,109090,3754,5339,13,2014-04-08 03:06:29.740,2014-04-08 03:06:29.740,"6f77c7ef-74be-419f-b64e-d3154f2b4108",false,48819,"1021",false,,false,,,93897
2014-02-20 21:13:17.241,Unit #085,-65.00,109085,3754,5339,13,2014-04-08 03:06:29.752,2014-04-08 03:06:29.752,"74241e37-f991-4ef0-ab9b-c8a887fb970d",false,48819,"4000",false,,false,,,93898
2014-02-20 21:13:17.241,Mastercard XXXX9239,15.00,109090,3754,5339,13,2014-04-08 03:06:29.892,2014-04-08 03:06:29.892,"14fc7c42-d576-4ea6-b89b-4f5d1979668a",false,48820,"1021",false,,false,,,93899
2014-02-20 21:13:17.241,LF,-15.00,109088,3754,5339,13,2014-04-08 03:06:29.904,2014-04-08 03:06:29.904,"7ef3a3e4-f43b-48cc-abe7-fa888b8784f5",false,48820,"4052",false,,false,,,93900
2014-03-10 21:00:46.698,Mastercard XXXX9239,65.00,109096,3754,5339,13,2014-04-08 03:06:30.240,2014-04-08 03:06:30.240,"8bed80f5-221d-4ce7-b806-98bc67385c86",false,48823,"1021",false,,false,,,93901
2014-03-10 21:00:46.698,Unit #085,-65.00,109095,3754,5339,13,2014-04-08 03:06:30.252,2014-04-08 03:06:30.252,"09f993fd-285c-4557-a0e1-ece7c2e149b6",false,48823,"4000",false,,false,,,93902
2014-02-12 18:57:53.918,Check #21561753475,65.00,109104,3754,5341,13,2014-04-08 03:06:31.291,2014-04-08 03:06:31.291,"4b0354f4-56ce-4a4f-8e17-540bfce3c668",false,48824,"1001",false,,false,,,93903
2014-02-12 18:57:53.918,Unit #087,-65.00,109100,3754,5341,13,2014-04-08 03:06:31.303,2014-04-08 03:06:31.303,"1259b00e-d0cc-4be7-9e4f-b4cf8ae5b237",false,48824,"4000",false,,false,,,93904
2014-02-20 21:11:43.597,Mastercard XXXX9239,60.00,109105,3754,5341,13,2014-04-08 03:06:31.395,2014-04-08 03:06:31.395,d6cc1ead-2ecd-49c6-b0aa-927a4acd85bf,false,48825,"1021",false,,false,,,93905
2014-02-20 21:11:43.597,Unit #087,-60.00,109100,3754,5341,13,2014-04-08 03:06:31.405,2014-04-08 03:06:31.405,afb0f5fa-3856-40e4-adad-748d0218082f,false,48825,"4000",false,,false,,,93906
2014-02-20 21:11:43.597,Mastercard XXXX9239,30.00,109105,3754,5341,13,2014-04-08 03:06:31.466,2014-04-08 03:06:31.466,"0098d3cc-1d6e-42c4-87a7-68c5133bccdb",false,48826,"1021",false,,false,,,93907
2014-02-20 21:11:43.597,IMPORT-LATE1,-30.00,109101,3754,5341,13,2014-04-08 03:06:31.477,2014-04-08 03:06:31.477,e785843c-754a-4013-b7cd-0cb1ba3904fa,false,48826,"4052",false,,false,,,93908
2014-02-20 21:11:43.597,Mastercard XXXX9239,65.00,109105,3754,5341,13,2014-04-08 03:06:31.622,2014-04-08 03:06:31.622,"67a0969d-38dc-498b-8949-8939f9f39f91",false,48827,"1021",false,,false,,,93909
2014-02-20 21:11:43.597,Unit #087,-65.00,109102,3754,5341,13,2014-04-08 03:06:31.634,2014-04-08 03:06:31.634,"148f6de3-e5aa-41e1-99e3-fa1c76649f07",false,48827,"4000",false,,false,,,93910
2014-02-20 21:11:43.597,Mastercard XXXX9239,15.00,109105,3754,5341,13,2014-04-08 03:06:31.699,2014-04-08 03:06:31.699,"03daa777-cbd3-4f79-a0e2-92cac1c088c4",false,48828,"1021",false,,false,,,93911
2014-02-20 21:11:43.597,LF,-15.00,109103,3754,5341,13,2014-04-08 03:06:31.711,2014-04-08 03:06:31.711,f721e6ec-398e-47b2-94ad-fcd3592542ed,false,48828,"4052",false,,false,,,93912
2014-03-10 21:00:46.687,Mastercard XXXX9239,65.00,109114,3754,5341,13,2014-04-08 03:06:32.117,2014-04-08 03:06:32.117,"7dc091ee-d201-4c87-ac10-a72fa1c5547e",false,48832,"1021",false,,false,,,93913
2014-03-10 21:00:46.687,Unit #087,-65.00,109110,3754,5341,13,2014-04-08 03:06:32.129,2014-04-08 03:06:32.129,"37f8e37f-9c0f-4d7e-886d-8f026e658faa",false,48832,"4000",false,,false,,,93914
2014-02-17 19:11:56.168,Visa XXXX4827,130.00,109120,3755,5340,13,2014-04-08 03:06:33.363,2014-04-08 03:06:33.363,d206f2a2-2c5e-4cf8-858b-3653c8c23554,false,48833,"1020",false,,false,,,93915
2014-02-17 19:11:56.168,Unit #086,-130.00,109116,3755,5340,13,2014-04-08 03:06:33.375,2014-04-08 03:06:33.375,"698a244c-5862-4d43-a413-5d2d7c03ede8",false,48833,"4000",false,,false,,,93916
2014-02-17 19:11:56.168,Visa XXXX4827,30.00,109120,3755,5340,13,2014-04-08 03:06:33.436,2014-04-08 03:06:33.436,d6770e0e-d7e3-4d56-aa2b-087e6512dcb9,false,48834,"1020",false,,false,,,93917
2014-02-17 19:11:56.168,IMPORT-LATE1,-30.00,109117,3755,5340,13,2014-04-08 03:06:33.448,2014-04-08 03:06:33.448,"6a87dac6-7d29-46f4-9c4d-4e0772d02a93",false,48834,"4052",false,,false,,,93918
2014-02-17 19:11:56.168,Visa XXXX4827,65.00,109120,3755,5340,13,2014-04-08 03:06:33.512,2014-04-08 03:06:33.512,a41fde06-886f-4d19-8f53-2d4fd76ce5d6,false,48835,"1020",false,,false,,,93919
2014-02-17 19:11:56.168,Unit #086,-65.00,109118,3755,5340,13,2014-04-08 03:06:33.524,2014-04-08 03:06:33.524,"17cd206b-f2cd-4335-8aba-19594e923039",false,48835,"4000",false,,false,,,93920
2014-02-17 19:11:56.168,Visa XXXX4827,15.00,109120,3755,5340,13,2014-04-08 03:06:33.588,2014-04-08 03:06:33.588,f8b55f24-3432-4d23-952b-0a3a05fce243,false,48836,"1020",false,,false,,,93921
2014-02-17 19:11:56.168,LF,-15.00,109119,3755,5340,13,2014-04-08 03:06:33.600,2014-04-08 03:06:33.600,a27afd52-ef12-4c65-9809-f85b2df5009a,false,48836,"4052",false,,false,,,93922
2014-03-18 15:58:24.309,Visa XXXX6184,65.00,109127,3755,5340,13,2014-04-08 03:06:33.975,2014-04-08 03:06:33.975,b3668680-f730-4d5a-b826-92f6ae54ed1b,false,48839,"1020",false,,false,,,93923
2014-03-18 15:58:24.309,Unit #086,-65.00,109125,3755,5340,13,2014-04-08 03:06:33.988,2014-04-08 03:06:33.988,"9aabef5d-d6e4-4f0b-a5d3-8e8d2b141091",false,48839,"4000",false,,false,,,93924
2014-03-18 15:58:24.309,Visa XXXX6184,15.00,109127,3755,5340,13,2014-04-08 03:06:34.051,2014-04-08 03:06:34.051,"7e9cbbba-8b2b-415b-9742-199b32bade3f",false,48840,"1020",false,,false,,,93925
2014-03-18 15:58:24.309,LF,-15.00,109126,3755,5340,13,2014-04-08 03:06:34.063,2014-04-08 03:06:34.063,"8f42976e-2196-4541-89bb-9a548d84ccff",false,48840,"4052",false,,false,,,93926
2014-04-03 17:48:21.624,Visa XXXX6184,65.00,109130,3755,5340,13,2014-04-08 03:06:34.171,2014-04-08 03:06:34.171,"4bcce90f-516b-4887-8251-93191679288f",false,48841,"1020",false,,false,,,93927
2014-04-03 17:48:21.624,Unit #086,-65.00,109128,3755,5340,13,2014-04-08 03:06:34.184,2014-04-08 03:06:34.184,"526ec959-d315-4dfc-9c14-8dab16eb9bf2",false,48841,"4000",false,,false,,,93928
2014-03-03 18:39:42.300,Check #0000007718,15.00,109142,3756,5342,13,2014-04-08 03:06:35.708,2014-04-08 03:06:35.708,"37ce4da5-a9bb-4580-a73f-695ae68fc36b",false,48846,"1001",false,,false,,,93933
2014-03-03 18:39:42.300,LF,-15.00,109137,3756,5342,13,2014-04-08 03:06:35.720,2014-04-08 03:06:35.720,"4cd4943d-1973-44ae-9d31-b8544ff2d3df",false,48846,"4052",false,,false,,,93934
2014-03-03 18:39:42.300,Check #0000007718,50.00,109142,3756,5342,13,2014-04-08 03:06:35.787,2014-04-08 03:06:35.787,"044ab13f-85c7-47a4-8995-9ecce234ebd5",false,48847,"1001",false,,false,,,93935
2014-03-03 18:39:42.300,Unit #088,-50.00,109141,3756,5342,13,2014-04-08 03:06:35.799,2014-04-08 03:06:35.799,"5f22bb1f-dc08-4598-bcd9-a3e67b764871",false,48847,"4000",false,,false,,,93936
2014-04-01 14:51:41.318,Check #0000007746,15.00,109144,3756,5342,13,2014-04-08 03:06:35.891,2014-04-08 03:06:35.891,ec680393-3663-4f70-8482-bd02b801f742,false,48848,"1001",false,,false,,,93937
2014-04-01 14:51:41.318,Unit #088,-15.00,109141,3756,5342,13,2014-04-08 03:06:35.902,2014-04-08 03:06:35.902,"9ca06768-7ca0-45a5-a4a5-4d8309cb2509",false,48848,"4000",false,,false,,,93938
2014-04-01 14:51:41.318,Check #0000007746,50.00,109144,3756,5342,13,2014-04-08 03:06:35.968,2014-04-08 03:06:35.968,"6ae89f10-d0e1-4879-9056-a47aa8e976c3",false,48849,"1001",false,,false,,,93939
2014-04-01 14:51:41.318,Unit #088,-50.00,109143,3756,5342,13,2014-04-08 03:06:35.980,2014-04-08 03:06:35.980,"072b1c08-41c2-465d-85e9-c6178aa319a9",false,48849,"4000",false,,false,,,93940
2014-02-17 16:14:16.556,Check #0000995870,59.00,109152,3757,5343,13,2014-04-08 03:06:37.178,2014-04-08 03:06:37.178,c816f186-850e-4858-8d6a-615e1d211dcb,false,48852,"1001",false,,false,,,93943
2014-02-17 16:14:16.556,Unit #089,-59.00,109148,3757,5343,13,2014-04-08 03:06:37.189,2014-04-08 03:06:37.189,e178bc4c-07e3-44eb-b878-aeab89203d08,false,48852,"4000",false,,false,,,93944
2014-03-10 14:35:31.052,Check #0000995877,15.00,109154,3757,5343,13,2014-04-08 03:06:37.290,2014-04-08 03:06:37.290,"5fd7c0c9-94e6-470e-afa4-a53ba5712d0c",false,48853,"1001",false,,false,,,93945
2014-03-10 14:35:31.052,LF,-15.00,109151,3757,5343,13,2014-04-08 03:06:37.301,2014-04-08 03:06:37.301,"15c98ad7-1b7c-4b29-b2c8-c463dc4edd52",false,48853,"4052",false,,false,,,93946
2014-03-10 14:35:31.052,Check #0000995877,59.00,109154,3757,5343,13,2014-04-08 03:06:37.366,2014-04-08 03:06:37.366,"2bfd20a8-a08b-469c-b324-58505c08eef3",false,48854,"1001",false,,false,,,93947
2014-03-10 14:35:31.052,Unit #089,-59.00,109153,3757,5343,13,2014-04-08 03:06:37.454,2014-04-08 03:06:37.454,"6f2fa5b8-6d96-4083-8b12-9a5eff0c1fff",false,48854,"4000",false,,false,,,93948
2014-02-11 17:50:33.719,Cash,105.00,109162,3758,5344,13,2014-04-08 03:06:38.308,2014-04-08 03:06:38.308,fa787fa8-80e3-4f3f-ae6e-6b24f63f714a,false,48856,"1000",false,,false,,,93949
2014-02-11 17:50:33.719,Unit #090,-105.00,109157,3758,5344,13,2014-04-08 03:06:38.319,2014-04-08 03:06:38.319,"522f1d03-2fa0-4720-ba84-d78ea3d31e8a",false,48856,"4000",false,,false,,,93950
2014-03-11 20:43:20.208,Cash,15.00,109165,3758,5344,13,2014-04-08 03:06:38.414,2014-04-08 03:06:38.414,"71a8aa91-ee62-4427-8bc7-f043e03f7dfc",false,48857,"1000",false,,false,,,93951
2014-03-11 20:43:20.208,Unit #090,-15.00,109157,3758,5344,13,2014-04-08 03:06:38.424,2014-04-08 03:06:38.424,ce0f9bf2-29c5-4769-ba16-725b687638c2,false,48857,"4000",false,,false,,,93952
2014-03-11 20:43:20.208,Cash,65.00,109165,3758,5344,13,2014-04-08 03:06:38.488,2014-04-08 03:06:38.488,dbe0b9db-f1de-4c67-85fd-197d56846d24,false,48858,"1000",false,,false,,,93953
2014-03-11 20:43:20.208,Unit #090,-65.00,109159,3758,5344,13,2014-04-08 03:06:38.500,2014-04-08 03:06:38.500,"04299529-32cb-4c8f-a489-bda30ec95cad",false,48858,"4000",false,,false,,,93954
2014-03-11 20:43:20.208,Cash,65.00,109165,3758,5344,13,2014-04-08 03:06:38.640,2014-04-08 03:06:38.640,bcfe2703-6c56-496d-805d-ddfdc9494ae4,false,48859,"1000",false,,false,,,93955
2014-03-11 20:43:20.208,Unit #090,-65.00,109163,3758,5344,13,2014-04-08 03:06:38.652,2014-04-08 03:06:38.652,"959144ad-0b13-4ffc-a71b-ff4f488bd485",false,48859,"4000",false,,false,,,93956
2014-03-11 20:43:20.208,Cash,15.00,109165,3758,5344,13,2014-04-08 03:06:38.712,2014-04-08 03:06:38.712,f0a5d8d7-68a3-42e8-a8f9-758dfe1ae2d9,false,48860,"1000",false,,false,,,93957
2014-03-11 20:43:20.208,LF,-15.00,109164,3758,5344,13,2014-04-08 03:06:38.724,2014-04-08 03:06:38.724,e3dd6fa8-75da-4676-9deb-f39363c2e598,false,48860,"4052",false,,false,,,93958
2014-04-08 03:06:39.056,Cash,30.00,109165,3758,5344,13,2014-04-08 03:06:39.060,2014-04-08 03:06:39.060,cb184bda-a4cb-4aad-b0fb-f31093559d4e,false,48861,"1000",false,,false,,,93959
2014-04-08 03:06:39.056,IMPORT-LATE1,-30.00,109158,3758,5344,13,2014-04-08 03:06:39.070,2014-04-08 03:06:39.070,"7b8626a5-9fef-42d9-825d-7b851100f5d3",false,48861,"4052",false,,false,,,93960
2014-02-10 20:17:53.785,Cash,65.00,109171,3759,5345,13,2014-04-08 03:06:39.702,2014-04-08 03:06:39.702,"57f7cc04-8c91-42cc-b2e2-784c7dafcf4a",false,48862,"1000",false,,false,,,93961
2014-02-10 20:17:53.785,Unit #091,-65.00,109168,3759,5345,13,2014-04-08 03:06:39.792,2014-04-08 03:06:39.792,"701455f0-8c4e-4193-bd18-34b2e4063386",false,48862,"4000",false,,false,,,93962
2014-03-05 20:06:06.019,Cash,65.00,109177,3759,5345,13,2014-04-08 03:06:40.196,2014-04-08 03:06:40.196,d77a0f1d-9230-41d1-97b5-b7987da09d83,false,48866,"1000",false,,false,,,93963
2014-03-05 20:06:06.019,Unit #091,-65.00,109176,3759,5345,13,2014-04-08 03:06:40.207,2014-04-08 03:06:40.207,b8bfa4b2-de9e-4699-9d22-92bdd5d342f7,false,48866,"4000",false,,false,,,93964
2014-02-04 21:30:14.292,Cash,65.00,109184,3760,5346,13,2014-04-08 03:06:41.139,2014-04-08 03:06:41.139,f2b26f2b-e450-4332-a756-d5a6bf54a195,false,48867,"1000",false,,false,,,93965
2014-02-04 21:30:14.292,Unit #092,-65.00,109183,3760,5346,13,2014-04-08 03:06:41.153,2014-04-08 03:06:41.153,"8926bd31-46cd-42af-a706-5293976d774a",false,48867,"4000",false,,false,,,93966
2014-03-05 20:25:06.209,Cash,65.00,109190,3760,5346,13,2014-04-08 03:06:41.475,2014-04-08 03:06:41.475,"3d104d30-146d-40a5-9fc8-85ef81d76b26",false,48870,"1000",false,,false,,,93967
2014-03-05 20:25:06.209,Unit #092,-65.00,109189,3760,5346,13,2014-04-08 03:06:41.489,2014-04-08 03:06:41.489,bd443796-9d29-495f-9a4a-f6855ab508d8,false,48870,"4000",false,,false,,,93968
2014-04-07 18:57:29.618,Cash,65.00,109193,3760,5346,13,2014-04-08 03:06:41.680,2014-04-08 03:06:41.680,"990ec1f3-15c3-4990-bd6a-ac2e44f19bbb",false,48871,"1000",false,,false,,,93969
2014-04-07 18:57:29.618,Unit #092,-65.00,109191,3760,5346,13,2014-04-08 03:06:41.694,2014-04-08 03:06:41.694,"52d4dfe7-db40-4e96-a662-528d3b3e6b8a",false,48871,"4000",false,,false,,,93970
2014-02-13 21:57:33.607,Visa XXXX7169,320.00,109198,3761,5347,13,2014-04-08 03:06:42.581,2014-04-08 03:06:42.581,a9c29f56-b552-431d-ad98-c7e5d456a41c,false,48872,"1020",false,,false,,,93971
2014-02-13 21:57:33.607,Unit #093,-320.00,109195,3761,5347,13,2014-04-08 03:06:42.595,2014-04-08 03:06:42.595,"56040dc9-b8dc-4b8b-b845-ae3142689483",false,48872,"4000",false,,false,,,93972
2014-02-13 21:57:33.607,Visa XXXX7169,75.00,109198,3761,5347,13,2014-04-08 03:06:42.661,2014-04-08 03:06:42.661,dd518f83-5c22-4900-a286-f4d268cabad5,false,48873,"1020",false,,false,,,93973
2014-02-13 21:57:33.607,IMPORT-LATE1,-75.00,109196,3761,5347,13,2014-04-08 03:06:42.673,2014-04-08 03:06:42.673,"4261c946-0f58-4492-9c51-e1c4b9a90840",false,48873,"4052",false,,false,,,93974
2014-02-13 21:57:33.607,Visa XXXX7169,65.00,109198,3761,5347,13,2014-04-08 03:06:42.740,2014-04-08 03:06:42.740,c5d63728-09fb-4145-a942-4eaebe88f0d5,false,48874,"1020",false,,false,,,93975
2014-02-13 21:57:33.607,Unit #093,-65.00,109197,3761,5347,13,2014-04-08 03:06:42.753,2014-04-08 03:06:42.753,"44fc22b8-2c73-4053-8450-652c2e3d0bb7",false,48874,"4000",false,,false,,,93976
2014-04-02 15:17:25.062,Visa XXXX6809,65.00,109207,3761,5347,13,2014-04-08 03:06:43.155,2014-04-08 03:06:43.155,fb205054-0af5-4086-85b7-062f7316e3ef,false,48877,"1020",false,,false,,,93977
2014-04-02 15:17:25.062,Unit #093,-65.00,109203,3761,5347,13,2014-04-08 03:06:43.167,2014-04-08 03:06:43.167,"33801473-9d4e-4a7b-9ea7-652f5c5c6f19",false,48877,"4000",false,,false,,,93978
2014-04-02 15:17:25.062,Visa XXXX6809,15.00,109207,3761,5347,13,2014-04-08 03:06:43.229,2014-04-08 03:06:43.229,e11afb30-fdfc-42f6-948f-0adda846daac,false,48878,"1020",false,,false,,,93979
2014-04-02 15:17:25.062,LF,-15.00,109204,3761,5347,13,2014-04-08 03:06:43.242,2014-04-08 03:06:43.242,"59bdffb4-c064-4585-b616-4e9116e05f4b",false,48878,"4052",false,,false,,,93980
2014-04-02 15:17:25.062,Visa XXXX6809,65.00,109207,3761,5347,13,2014-04-08 03:06:43.309,2014-04-08 03:06:43.309,"83855e01-e730-4eb7-966e-b535fb0d8f8d",false,48879,"1020",false,,false,,,93981
2014-04-02 15:17:25.062,Unit #093,-65.00,109205,3761,5347,13,2014-04-08 03:06:43.321,2014-04-08 03:06:43.321,f2365f81-eaf4-4ebc-90bd-502dcf20f2b7,false,48879,"4000",false,,false,,,93982
2014-02-03 21:41:53.371,Mastercard XXXX2202,60.00,109212,3762,5348,13,2014-04-08 03:06:44.299,2014-04-08 03:06:44.299,a3355121-b92d-4ce0-a3ec-9ee68c4169d3,false,48881,"1021",false,,false,,,93983
2014-02-03 21:41:53.371,Unit #094,-60.00,109209,3762,5348,13,2014-04-08 03:06:44.311,2014-04-08 03:06:44.311,"39d76f3d-e882-4ccf-8ddc-c53e654ceb08",false,48881,"4000",false,,false,,,93984
2014-03-01 22:02:07.201,Mastercard XXXX2202,60.00,109214,3762,5348,13,2014-04-08 03:06:44.421,2014-04-08 03:06:44.421,"5853a4c6-26e0-48ad-bab7-4b798f76fa83",false,48882,"1021",false,,false,,,93985
2014-03-01 22:02:07.201,Unit #094,-60.00,109213,3762,5348,13,2014-04-08 03:06:44.434,2014-04-08 03:06:44.434,cfad5fbc-2a39-4266-a6b8-c05ae3c41d40,false,48882,"4000",false,,false,,,93986
2014-04-02 21:04:08.286,Mastercard XXXX2202,60.00,109216,3762,5348,13,2014-04-08 03:06:44.545,2014-04-08 03:06:44.545,"4deb69a0-794f-4610-8007-969cb4fc0d33",false,48883,"1021",false,,false,,,93987
2014-04-02 21:04:08.286,Unit #094,-60.00,109215,3762,5348,13,2014-04-08 03:06:44.558,2014-04-08 03:06:44.558,"8fbc7073-e190-424f-b16a-1f64fba027cf",false,48883,"4000",false,,false,,,93988
2014-02-10 20:41:38.502,Check #1637,65.00,109223,3763,5349,13,2014-04-08 03:06:45.593,2014-04-08 03:06:45.593,"3dfc6594-b90c-4a11-a11f-8bb699535c28",false,48884,"1001",false,,false,,,93989
2014-02-10 20:41:38.502,Unit #095,-65.00,109220,3763,5349,13,2014-04-08 03:06:45.606,2014-04-08 03:06:45.606,e6d47ae0-6645-421c-9142-9de93c7c3152,false,48884,"4000",false,,false,,,93990
2014-03-10 17:53:15.433,Check #1643,65.00,109229,3763,5349,13,2014-04-08 03:06:46.077,2014-04-08 03:06:46.077,dc5e5d36-9d60-48bb-82a6-5645febcd1b5,false,48888,"1001",false,,false,,,93991
2014-03-10 17:53:15.433,Unit #095,-65.00,109228,3763,5349,13,2014-04-08 03:06:46.090,2014-04-08 03:06:46.090,"81af893f-89e7-4bd3-98d9-82db6010566f",false,48888,"4000",false,,false,,,93992
2014-02-26 16:01:24.260,Check #5096,65.00,109242,3764,5350,13,2014-04-08 03:06:47.110,2014-04-08 03:06:47.110,"83439e3b-a7c0-421d-920f-3c88394b822c",false,48890,"1001",false,,false,,,93995
2014-02-26 16:01:24.260,Unit #096,-65.00,109241,3764,5350,13,2014-04-08 03:06:47.127,2014-04-08 03:06:47.127,"85173641-6d1f-4357-ba69-f14ba42046a3",false,48890,"4000",false,,false,,,93996
2014-03-29 12:22:25.926,Check #5105,65.00,109244,3764,5350,13,2014-04-08 03:06:47.429,2014-04-08 03:06:47.429,fdcbab30-6bf3-43c0-a939-bb96b6a902e7,false,48893,"1001",false,,false,,,93997
2014-03-29 12:22:25.926,Unit #096,-65.00,109243,3764,5350,13,2014-04-08 03:06:47.441,2014-04-08 03:06:47.441,bfcbc3ec-6d82-45a4-9f4e-2a556861ffb0,false,48893,"4000",false,,false,,,93998
2014-02-10 16:05:34.916,Check #Temp. 1,20.00,109263,3766,5354,13,2014-04-08 03:06:49.470,2014-04-08 03:06:49.470,e7741f1c-c0a5-40b7-b43f-5b5fde872917,false,48897,"1001",false,,false,,,93999
2014-02-10 16:05:34.916,Unit #100,-20.00,109262,3766,5354,13,2014-04-08 03:06:49.482,2014-04-08 03:06:49.482,ed4ff006-5b19-4778-b385-0d38fb3bea67,false,48897,"4000",false,,false,,,94000
2014-03-10 14:26:58.484,Check #1881,20.00,109269,3766,5354,13,2014-04-08 03:06:49.784,2014-04-08 03:06:49.784,"03f927a2-c4ac-4865-8853-534050128b3f",false,48900,"1001",false,,false,,,94001
2014-03-10 14:26:58.484,Unit #100,-20.00,109268,3766,5354,13,2014-04-08 03:06:49.796,2014-04-08 03:06:49.796,"4d43a389-8eda-4b2d-a1dc-03f6c0d7bea2",false,48900,"4000",false,,false,,,94002
2014-02-10 20:27:45.705,Cash,55.00,109276,3767,5355,13,2014-04-08 03:06:50.678,2014-04-08 03:06:50.678,a459919f-0dd5-4b85-99a6-767918712414,false,48901,"1000",false,,false,,,94003
2014-02-10 20:27:45.705,Unit #101,-55.00,109273,3767,5355,13,2014-04-08 03:06:50.690,2014-04-08 03:06:50.690,d2ad979b-f44b-4193-bf8c-57e0bacd33e4,false,48901,"4000",false,,false,,,94004
2014-03-01 12:58:16.602,Cash,55.00,109282,3767,5355,13,2014-04-08 03:06:50.892,2014-04-08 03:06:50.892,"945c744b-cb3b-4149-a01a-1cdee55c97ef",false,48903,"1000",false,,false,,,94005
2014-03-01 12:58:16.602,Unit #101,-55.00,109281,3767,5355,13,2014-04-08 03:06:50.904,2014-04-08 03:06:50.904,"4b905d2c-ba8a-4a38-8b48-381f911b9ae2",false,48903,"4000",false,,false,,,94006
2014-03-01 13:42:54.838,Check #205,55.00,109293,3768,5356,13,2014-04-08 03:06:52.038,2014-04-08 03:06:52.038,e9294a05-fae2-45fd-8908-5d444ea1026c,false,48907,"1001",false,,false,,,94009
2014-03-01 13:42:54.838,Unit #103,-55.00,109292,3768,5356,13,2014-04-08 03:06:52.050,2014-04-08 03:06:52.050,"37360304-2fd5-4f02-8d72-5e47da0beeca",false,48907,"4000",false,,false,,,94010
2014-03-26 18:48:46.724,Visa XXXX1008,55.00,109295,3768,5356,13,2014-04-08 03:06:52.426,2014-04-08 03:06:52.426,de8dc6de-77da-4b21-a99a-5ea61974d047,false,48910,"1020",false,,false,,,94011
2014-03-26 18:48:46.724,Unit #103,-55.00,109294,3768,5356,13,2014-04-08 03:06:52.437,2014-04-08 03:06:52.437,d0856dde-f984-4992-a064-933db30147ef,false,48910,"4000",false,,false,,,94012
2014-03-05 17:48:25.472,Cash,55.00,109304,3769,5357,13,2014-04-08 03:06:53.241,2014-04-08 03:06:53.241,"72106d05-dcb1-4044-bf66-d43073976f5c",false,48912,"1000",false,,false,,,94013
2014-03-05 17:48:25.472,Unit #104,-55.00,109297,3769,5357,13,2014-04-08 03:06:53.253,2014-04-08 03:06:53.253,"0ee03263-7922-4cc2-9250-9595cc18904e",false,48912,"4000",false,,false,,,94014
2014-03-05 17:48:25.472,Cash,15.00,109304,3769,5357,13,2014-04-08 03:06:53.316,2014-04-08 03:06:53.316,"2ab64b07-9fdc-4435-9a78-ccb0139728c2",false,48913,"1000",false,,false,,,94015
2014-03-05 17:48:25.472,LF,-15.00,109300,3769,5357,13,2014-04-08 03:06:53.328,2014-04-08 03:06:53.328,acb935d3-29ea-4803-b238-013eb0656056,false,48913,"4052",false,,false,,,94016
2014-03-05 17:48:25.472,Cash,55.00,109304,3769,5357,13,2014-04-08 03:06:53.393,2014-04-08 03:06:53.393,"07efbeaf-6de0-4365-b002-1539448ce4a9",false,48914,"1000",false,,false,,,94017
2014-03-05 17:48:25.472,Unit #104,-55.00,109301,3769,5357,13,2014-04-08 03:06:53.405,2014-04-08 03:06:53.405,"113eea5b-c452-4998-8759-a1f335feb9eb",false,48914,"4000",false,,false,,,94018
2014-03-05 17:48:25.472,Cash,55.00,109304,3769,5357,13,2014-04-08 03:06:53.548,2014-04-08 03:06:53.548,"14bf4978-fe4d-451a-ad4c-4ab787082a79",false,48915,"1000",false,,false,,,94019
2014-03-05 17:48:25.472,Unit #104,-55.00,109302,3769,5357,13,2014-04-08 03:06:53.560,2014-04-08 03:06:53.560,"88f97ec2-cac4-4c4b-a4bf-11b9f8c23a62",false,48915,"4000",false,,false,,,94020
2014-03-05 17:48:25.472,Cash,55.00,109304,3769,5357,13,2014-04-08 03:06:53.625,2014-04-08 03:06:53.625,"6f22ca4d-a026-4d4c-9346-f387615a3196",false,48916,"1000",false,,false,,,94021
2014-03-05 17:48:25.472,Unit #104,-55.00,109303,3769,5357,13,2014-04-08 03:06:53.638,2014-04-08 03:06:53.638,eccaf577-539c-4628-b417-8f4df1d7f6da,false,48916,"4000",false,,false,,,94022
2014-04-02 17:41:17.922,Check #4201,50.00,109319,3770,5358,13,2014-04-08 03:06:54.968,2014-04-08 03:06:54.968,c89ef9a2-30d3-4e18-a17e-3405fd0d3e78,false,48921,"1001",false,,false,,,94023
2014-04-02 17:41:17.922,Unit #105,-50.00,109306,3770,5358,13,2014-04-08 03:06:54.980,2014-04-08 03:06:54.980,"4f27a8d5-28e9-49bb-8eb3-2864c5a48b21",false,48921,"4000",false,,false,,,94024
2014-04-02 17:41:17.922,Check #4201,50.00,109319,3770,5358,13,2014-04-08 03:06:55.044,2014-04-08 03:06:55.044,ea0d5d43-4218-4f08-bfba-421f3ccd4678,false,48922,"1001",false,,false,,,94025
2014-04-02 17:41:17.922,Unit #105,-50.00,109315,3770,5358,13,2014-04-08 03:06:55.056,2014-04-08 03:06:55.056,"5ab7ceb5-818a-4e90-9929-2b7de9a7712f",false,48922,"4000",false,,false,,,94026
2014-04-02 17:41:17.922,Check #4201,15.00,109319,3770,5358,13,2014-04-08 03:06:55.116,2014-04-08 03:06:55.116,"222e8227-1aef-41cb-9064-fc7d6aaef97f",false,48923,"1001",false,,false,,,94027
2014-04-02 17:41:17.922,LF,-15.00,109316,3770,5358,13,2014-04-08 03:06:55.128,2014-04-08 03:06:55.128,ddaa0705-f8b2-4143-859e-09689d167df5,false,48923,"4052",false,,false,,,94028
2014-04-02 17:41:17.922,Check #4201,50.00,109319,3770,5358,13,2014-04-08 03:06:55.273,2014-04-08 03:06:55.273,dabf75ab-d92a-493b-912b-1a4d860081fd,false,48924,"1001",false,,false,,,94029
2014-04-02 17:41:17.922,Unit #105,-50.00,109317,3770,5358,13,2014-04-08 03:06:55.286,2014-04-08 03:06:55.286,"4d7924a6-613b-4941-9e3f-f1c7aa1d57ad",false,48924,"4000",false,,false,,,94030
2014-04-02 17:41:17.913,Check #4201,70.00,109336,3770,5426,13,2014-04-08 03:06:56.750,2014-04-08 03:06:56.750,"910ecfa1-bbde-4f72-9bf0-6eb90575dca8",false,48929,"1001",false,,false,,,94031
2014-04-02 17:41:17.913,Unit #187,-70.00,109323,3770,5426,13,2014-04-08 03:06:56.762,2014-04-08 03:06:56.762,"9484e746-a0db-4e42-b5a3-521818a071c4",false,48929,"4000",false,,false,,,94032
2014-04-02 17:41:17.913,Check #4201,70.00,109336,3770,5426,13,2014-04-08 03:06:56.829,2014-04-08 03:06:56.829,aed77400-b749-4fe6-8d33-6b276b873596,false,48930,"1001",false,,false,,,94033
2014-04-02 17:41:17.913,Unit #187,-70.00,109332,3770,5426,13,2014-04-08 03:06:56.841,2014-04-08 03:06:56.841,"901b2954-9f19-42fb-b61a-e862be7d6fa6",false,48930,"4000",false,,false,,,94034
2014-04-02 17:41:17.913,Check #4201,15.00,109336,3770,5426,13,2014-04-08 03:06:56.984,2014-04-08 03:06:56.984,"406a2147-d887-4d90-a59e-83422fafab46",false,48931,"1001",false,,false,,,94035
2014-04-02 17:41:17.913,LF,-15.00,109333,3770,5426,13,2014-04-08 03:06:56.996,2014-04-08 03:06:56.996,"89ffd1ce-25d7-4c04-9205-b89318149dc9",false,48931,"4052",false,,false,,,94036
2014-04-02 17:41:17.913,Check #4201,70.00,109336,3770,5426,13,2014-04-08 03:06:57.064,2014-04-08 03:06:57.064,"789240b1-0734-4ebb-9931-09010ee32205",false,48932,"1001",false,,false,,,94037
2014-04-02 17:41:17.913,Unit #187,-70.00,109334,3770,5426,13,2014-04-08 03:06:57.076,2014-04-08 03:06:57.076,"54c29463-4b64-411d-8799-3beab6345573",false,48932,"4000",false,,false,,,94038
2014-02-04 20:59:28.609,Cash,55.00,109339,3771,5359,13,2014-04-08 03:06:57.780,2014-04-08 03:06:57.780,be614279-f9d5-4750-b90d-bd8cb18cfa50,false,48933,"1000",false,,false,,,94039
2014-02-04 20:59:28.609,Unit #106,-55.00,109338,3771,5359,13,2014-04-08 03:06:57.792,2014-04-08 03:06:57.792,c81ba4e1-bbde-4303-ba37-ae551f7d60ba,false,48933,"4000",false,,false,,,94040
2014-03-10 13:51:32.319,Mastercard XXXX8281,55.00,109341,3771,5359,13,2014-04-08 03:06:57.899,2014-04-08 03:06:57.899,"367a2cff-1f4c-4ce4-ba93-58f4baea7d8a",false,48934,"1021",false,,false,,,94041
2014-03-10 13:51:32.319,Unit #106,-55.00,109340,3771,5359,13,2014-04-08 03:06:57.911,2014-04-08 03:06:57.911,ae821cba-2d69-4e70-870b-b83234cb5ec5,false,48934,"4000",false,,false,,,94042
2014-04-03 18:37:45.288,Mastercard XXXX8281,55.00,109343,3771,5359,13,2014-04-08 03:06:58.029,2014-04-08 03:06:58.029,a4ebb0ab-40cc-4587-9799-e2acfccbaa10,false,48935,"1021",false,,false,,,94043
2014-04-03 18:37:45.288,Unit #106,-55.00,109342,3771,5359,13,2014-04-08 03:06:58.041,2014-04-08 03:06:58.041,"1f0531a5-9b33-45c8-8326-418d4bc33f66",false,48935,"4000",false,,false,,,94044
2014-02-10 16:11:57.324,Check #202291742,55.00,109346,3772,5360,13,2014-04-08 03:06:58.803,2014-04-08 03:06:58.803,"79cf1785-0ad7-4738-be46-847719292b74",false,48936,"1001",false,,false,,,94045
2014-02-10 16:11:57.324,Unit #107,-55.00,109345,3772,5360,13,2014-04-08 03:06:58.815,2014-04-08 03:06:58.815,"3b9b2282-a3cc-4236-805f-88b527280765",false,48936,"4000",false,,false,,,94046
2014-03-10 14:22:30.478,Check #mgr205521414329,55.00,109352,3772,5360,13,2014-04-08 03:06:59.110,2014-04-08 03:06:59.110,"71a419ad-907d-474e-9649-e18c57422ffd",false,48939,"1001",false,,false,,,94047
2014-03-10 14:22:30.478,Unit #107,-55.00,109351,3772,5360,13,2014-04-08 03:06:59.121,2014-04-08 03:06:59.121,"479d4b16-f626-4e4c-ac5d-a6f1025c62ef",false,48939,"4000",false,,false,,,94048
2014-02-10 16:16:36.518,Check #2023,30.00,109367,3774,5362,13,2014-04-08 03:07:01.247,2014-04-08 03:07:01.247,"282097ea-7fe0-4fc2-b206-52e5e75af6e7",false,48945,"1001",false,,false,,,94055
2014-02-10 16:16:36.518,Unit #109,-30.00,109366,3774,5362,13,2014-04-08 03:07:01.259,2014-04-08 03:07:01.259,ee248ada-eef1-41c2-bc57-39f339dd642d,false,48945,"4000",false,,false,,,94056
2014-02-24 16:09:54.980,Check #2106,30.00,109373,3774,5362,13,2014-04-08 03:07:01.369,2014-04-08 03:07:01.369,"01f9ea10-464a-4eb8-b957-b40b157948e1",false,48946,"1001",false,,false,,,94057
2014-02-24 16:09:54.980,Unit #109,-30.00,109372,3774,5362,13,2014-04-08 03:07:01.381,2014-04-08 03:07:01.381,bdf04166-e125-43a5-8f8e-6e224ac4ae68,false,48946,"4000",false,,false,,,94058
2014-04-03 16:05:13.756,Check #2122,55.00,109381,3774,5362,13,2014-04-08 03:07:01.981,2014-04-08 03:07:01.981,"94256c5b-4687-4fa9-91db-a0e825515d45",false,48951,"1001",false,,false,,,94059
2014-04-03 16:05:13.756,Unit #109,-55.00,109380,3774,5362,13,2014-04-08 03:07:01.993,2014-04-08 03:07:01.993,cf6722f2-af0f-4a46-be30-1daafa0cc10a,false,48951,"4000",false,,false,,,94060
2014-02-10 18:44:38.585,Visa XXXX4849,15.00,109385,3774,5369,13,2014-04-08 03:07:03.073,2014-04-08 03:07:03.073,"0d397b9d-d9f1-4886-a2ac-8e5a8c060a4d",false,48952,"1020",false,,false,,,94061
2014-02-10 18:44:38.585,Unit #119,-15.00,109383,3774,5369,13,2014-04-08 03:07:03.086,2014-04-08 03:07:03.086,c4d09289-4581-471e-a06c-fc1c9f0ac215,false,48952,"4000",false,,false,,,94062
2014-03-05 19:29:01.410,Visa XXXX4849,15.00,109395,3774,5369,13,2014-04-08 03:07:03.691,2014-04-08 03:07:03.691,"5ef933dc-f9ad-4880-9ecf-77c987bc23b5",false,48957,"1020",false,,false,,,94063
2014-03-05 19:29:01.410,Unit #118/119,-15.00,109393,3774,5369,13,2014-04-08 03:07:03.703,2014-04-08 03:07:03.703,e5e9acc3-c13d-4129-b669-1be3a6a552dd,false,48957,"4000",false,,false,,,94064
2014-02-12 17:20:38.880,Cash,55.00,109403,3775,5364,13,2014-04-08 03:07:04.886,2014-04-08 03:07:04.886,"3238c6b6-10ef-437a-9a7f-bb59aa4dca6c",false,48960,"1000",false,,false,,,94067
2014-02-12 17:20:38.880,Unit #111,-55.00,109399,3775,5364,13,2014-04-08 03:07:04.898,2014-04-08 03:07:04.898,"6909075b-89f2-4cef-b072-421f4d7e148e",false,48960,"4000",false,,false,,,94068
2014-02-12 17:20:38.880,Cash,15.00,109403,3775,5364,13,2014-04-08 03:07:04.962,2014-04-08 03:07:04.962,bf271f0f-8873-4086-a2cf-b722567a6d93,false,48961,"1000",false,,false,,,94069
2014-02-12 17:20:38.880,LF,-15.00,109402,3775,5364,13,2014-04-08 03:07:04.975,2014-04-08 03:07:04.975,"0eaeec9c-1a3a-4bc7-8ad2-229fa2649498",false,48961,"4052",false,,false,,,94070
2014-02-06 16:45:22.004,Check #0000995688,55.00,109411,3776,5365,13,2014-04-08 03:07:05.992,2014-04-08 03:07:05.992,"46ce0c35-c6fb-4f7b-983d-b3e1301fe068",false,48964,"1001",false,,false,,,94071
2014-02-06 16:45:22.004,Unit #112,-55.00,109410,3776,5365,13,2014-04-08 03:07:06.005,2014-04-08 03:07:06.005,"80673d8c-75e8-4c15-9759-6614ecfcdba5",false,48964,"4000",false,,false,,,94072
2014-03-03 18:38:05.608,Check #0000995714,55.00,109417,3776,5365,13,2014-04-08 03:07:06.323,2014-04-08 03:07:06.323,"55d2ec27-1b67-40e8-9719-d63ca2bd3b0d",false,48967,"1001",false,,false,,,94073
2014-03-03 18:38:05.608,Unit #112,-55.00,109416,3776,5365,13,2014-04-08 03:07:06.335,2014-04-08 03:07:06.335,b79ea882-2d68-49a2-a793-e9ec6f525463,false,48967,"4000",false,,false,,,94074
2014-04-01 15:03:30.994,Check #0000995734,55.00,109420,3776,5365,13,2014-04-08 03:07:06.523,2014-04-08 03:07:06.523,a9d70206-f2c5-4305-957f-88cee3d9eee7,false,48968,"1001",false,,false,,,94075
2014-04-01 15:03:30.994,Unit #112,-55.00,109418,3776,5365,13,2014-04-08 03:07:06.542,2014-04-08 03:07:06.542,eb2d94bc-d068-4777-8447-50b5a78bb59a,false,48968,"4000",false,,false,,,94076
2014-03-06 17:24:28.632,Check #2340897730,55.00,109432,3777,5366,13,2014-04-08 03:07:07.968,2014-04-08 03:07:07.968,cee0d4a8-41f9-42d0-b6e9-d4b87a625e3f,false,48973,"1001",false,,false,,,94079
2014-03-06 17:24:28.632,Unit #113,-55.00,109430,3777,5366,13,2014-04-08 03:07:07.980,2014-04-08 03:07:07.980,"4ef63807-0cb6-4596-9398-f60655832d40",false,48973,"4000",false,,false,,,94080
2014-04-04 17:38:19.714,Check #2343819206,55.00,109435,3777,5366,13,2014-04-08 03:07:08.104,2014-04-08 03:07:08.104,aa78d788-1f99-455a-b7bb-5211be7385e8,false,48974,"1001",false,,false,,,94081
2014-04-04 17:38:19.714,Unit #113,-55.00,109433,3777,5366,13,2014-04-08 03:07:08.116,2014-04-08 03:07:08.116,"730178cc-2a42-4fbf-b67c-f811cb1bfbf8",false,48974,"4000",false,,false,,,94082
2014-02-03 21:43:53.252,Mastercard XXXX7758,50.00,109438,3778,5367,13,2014-04-08 03:07:09.058,2014-04-08 03:07:09.058,ee967ee3-42cd-4735-9822-c10ac2a63165,false,48975,"1021",false,,false,,,94083
2014-02-03 21:43:53.252,Unit #115,-50.00,109437,3778,5367,13,2014-04-08 03:07:09.070,2014-04-08 03:07:09.070,f870b1f8-b762-4326-81b4-548d7ce0f497,false,48975,"4000",false,,false,,,94084
2014-03-01 22:02:04.531,Mastercard XXXX7758,50.00,109444,3778,5367,13,2014-04-08 03:07:09.374,2014-04-08 03:07:09.374,"295db055-9980-43e2-9530-6c88bec0800e",false,48978,"1021",false,,false,,,94085
2014-03-01 22:02:04.531,Unit #115,-50.00,109443,3778,5367,13,2014-04-08 03:07:09.386,2014-04-08 03:07:09.386,d00e57d6-ba58-418f-8480-7a9f7fffd32d,false,48978,"4000",false,,false,,,94086
2014-04-02 21:04:50.299,Mastercard XXXX7758,50.00,109447,3778,5367,13,2014-04-08 03:07:09.501,2014-04-08 03:07:09.501,e046e686-3221-4ba4-a51f-f043ea433e4c,false,48979,"1021",false,,false,,,94087
2014-04-02 21:04:50.299,Unit #115,-50.00,109445,3778,5367,13,2014-04-08 03:07:09.596,2014-04-08 03:07:09.596,"6f4d6c5c-a387-4876-be11-cc6d623c14b4",false,48979,"4000",false,,false,,,94088
2014-02-03 21:45:55.059,Visa XXXX3026,35.00,109450,3779,5368,13,2014-04-08 03:07:10.356,2014-04-08 03:07:10.356,"9b08fbb4-85dc-46d4-898d-28ba82a94ab9",false,48980,"1020",false,,false,,,94089
2014-02-03 21:45:55.059,Unit #117,-35.00,109449,3779,5368,13,2014-04-08 03:07:10.367,2014-04-08 03:07:10.367,"0f90048c-0592-48cd-8bfc-02871c3b8253",false,48980,"4000",false,,false,,,94090
2014-03-01 22:03:11.884,Visa XXXX3026,35.00,109456,3779,5368,13,2014-04-08 03:07:10.666,2014-04-08 03:07:10.666,"52f7d4fb-6101-4272-8e40-c42362209dbd",false,48983,"1020",false,,false,,,94091
2014-03-01 22:03:11.884,Unit #117,-35.00,109455,3779,5368,13,2014-04-08 03:07:10.678,2014-04-08 03:07:10.678,"5ee1fc11-357d-43c6-87e8-4a7efa34c525",false,48983,"4000",false,,false,,,94092
2014-04-02 21:05:00.262,Visa XXXX3026,35.00,109459,3779,5368,13,2014-04-08 03:07:10.873,2014-04-08 03:07:10.873,aabf7c81-cfb2-45df-85d9-9902abb6247c,false,48984,"1020",false,,false,,,94093
2014-04-02 21:05:00.262,Unit #117,-35.00,109457,3779,5368,13,2014-04-08 03:07:10.885,2014-04-08 03:07:10.885,a6a21c60-f278-4ef0-b8a0-b4d61122f036,false,48984,"4000",false,,false,,,94094
2014-02-03 21:52:35.783,Visa XXXX3488,55.00,109462,3780,5370,13,2014-04-08 03:07:11.653,2014-04-08 03:07:11.653,dd516ec9-947c-4e6b-93d9-36460e871d82,false,48985,"1020",false,,false,,,94095
2014-02-03 21:52:35.783,Unit #120,-55.00,109461,3780,5370,13,2014-04-08 03:07:11.666,2014-04-08 03:07:11.666,bcfc1698-1e67-4926-926d-3c5f3ea14eb3,false,48985,"4000",false,,false,,,94096
2014-03-01 22:02:19.220,Visa XXXX3488,55.00,109468,3780,5370,13,2014-04-08 03:07:12.061,2014-04-08 03:07:12.061,e46b4c7c-ea84-4077-8a42-fb93341a47b3,false,48988,"1020",false,,false,,,94097
2014-03-01 22:02:19.220,Unit #120,-55.00,109467,3780,5370,13,2014-04-08 03:07:12.074,2014-04-08 03:07:12.074,dc9ddba2-9617-402a-b786-d2757f8652db,false,48988,"4000",false,,false,,,94098
2014-02-10 21:29:44.094,Visa XXXX8831,39.70,109473,3780,12442,13,2014-04-08 03:07:12.785,2014-04-08 03:07:12.785,"94b0c45c-50d6-46a1-8169-94aa476eaecf",false,48989,"1020",false,,false,,,94099
2014-02-10 21:29:44.094,Unit #079,-39.70,109471,3780,12442,13,2014-04-08 03:07:12.798,2014-04-08 03:07:12.798,"0d379d46-b83f-4c6d-9551-56e698fab467",false,48989,"4000",false,,false,,,94100
2014-02-10 21:29:44.094,Visa XXXX8831,15.00,109473,3780,12442,13,2014-04-08 03:07:12.858,2014-04-08 03:07:12.858,ee6d352c-4ea4-4a28-be58-aa17115ddbea,false,48990,"1020",false,,false,,,94101
2014-02-10 21:29:44.094,ADMIN-FEE,-15.00,109472,3780,12442,13,2014-04-08 03:07:12.870,2014-04-08 03:07:12.870,"36f7a844-1ae1-4200-80b4-e24da72d82c6",false,48990,"4051",false,,false,,,94102
2014-03-01 22:02:18.142,Visa XXXX3488,58.50,109479,3780,12442,13,2014-04-08 03:07:13.275,2014-04-08 03:07:13.275,"920a082e-2d7e-4bf7-a164-e23e154662ac",false,48993,"1020",false,,false,,,94103
2014-03-01 22:02:18.142,Unit #079,-58.50,109478,3780,12442,13,2014-04-08 03:07:13.287,2014-04-08 03:07:13.287,"0cb52694-53d5-405b-b3b6-858d65222da7",false,48993,"4000",false,,false,,,94104
2014-02-03 21:54:07.306,Visa XXXX8665,50.00,109484,3781,5371,13,2014-04-08 03:07:13.914,2014-04-08 03:07:13.914,"44f513f9-95f8-4678-8dbb-b8c5c392a1bf",false,48994,"1020",false,,false,,,94105
2014-02-03 21:54:07.306,Unit #122,-50.00,109483,3781,5371,13,2014-04-08 03:07:13.926,2014-04-08 03:07:13.926,"05288438-cfb2-49e2-a423-cc1cc8d4a588",false,48994,"4000",false,,false,,,94106
2014-03-01 22:03:08.086,Visa XXXX8665,50.00,109486,3781,5371,13,2014-04-08 03:07:14.042,2014-04-08 03:07:14.042,e744e97b-23af-47d3-b340-b4a600fdb929,false,48995,"1020",false,,false,,,94107
2014-03-01 22:03:08.086,Unit #122,-50.00,109485,3781,5371,13,2014-04-08 03:07:14.054,2014-04-08 03:07:14.054,"9db6f13e-47fa-437f-b666-379801f745a9",false,48995,"4000",false,,false,,,94108
2014-04-02 21:04:13.601,Visa XXXX8665,50.00,109488,3781,5371,13,2014-04-08 03:07:14.164,2014-04-08 03:07:14.164,"2b165cd2-8c3a-48ab-ba6a-4d5c56e4e41d",false,48996,"1020",false,,false,,,94109
2014-04-02 21:04:13.601,Unit #122,-50.00,109487,3781,5371,13,2014-04-08 03:07:14.176,2014-04-08 03:07:14.176,"0aebef1f-14ca-4bb2-88f5-f0188ff30c98",false,48996,"4000",false,,false,,,94110
2014-02-05 18:58:22.804,Cash,50.00,109491,3782,5372,13,2014-04-08 03:07:14.772,2014-04-08 03:07:14.772,e786b4c4-7753-4ce3-9094-7d66707e88f3,false,48997,"1000",false,,false,,,94111
2014-02-05 18:58:22.804,Unit #124,-50.00,109490,3782,5372,13,2014-04-08 03:07:14.784,2014-04-08 03:07:14.784,de8565df-1d19-4b35-bb2f-a1bdfccc6cca,false,48997,"4000",false,,false,,,94112
2014-03-05 19:10:21.035,Cash,50.00,109493,3782,5372,13,2014-04-08 03:07:14.892,2014-04-08 03:07:14.892,"34a3dd2c-ef96-493e-8593-ce6187a5fb0b",false,48998,"1000",false,,false,,,94113
2014-03-05 19:10:21.035,Unit #124,-50.00,109492,3782,5372,13,2014-04-08 03:07:14.905,2014-04-08 03:07:14.905,"42c387dc-ddb0-4f86-b2d7-5a0d881d2c94",false,48998,"4000",false,,false,,,94114
2014-04-07 14:09:29.685,Check #mgr205455956992,50.00,109495,3782,5372,13,2014-04-08 03:07:15.092,2014-04-08 03:07:15.092,"54fbab29-151f-4419-82d8-b774296d3554",false,48999,"1001",false,,false,,,94115
2014-04-07 14:09:29.685,Unit #124,-50.00,109494,3782,5372,13,2014-04-08 03:07:15.104,2014-04-08 03:07:15.104,"0bbe0abb-11b8-4f60-bf46-44c16051c208",false,48999,"4000",false,,false,,,94116
2014-03-03 15:48:53.106,Check #205383591754,40.00,109500,3783,5373,13,2014-04-08 03:07:15.787,2014-04-08 03:07:15.787,da7749f0-8f7a-435d-b279-56ac9335883f,false,49001,"1001",false,,false,,,94119
2014-03-03 15:48:53.106,Unit #126,-40.00,109499,3783,5373,13,2014-04-08 03:07:15.798,2014-04-08 03:07:15.798,"4b57f5ee-1d18-490d-b1e2-a933b20f2a2e",false,49001,"4000",false,,false,,,94120
2014-02-06 19:33:33.424,Cash,54.84,109504,3784,5374,13,2014-04-08 03:07:16.579,2014-04-08 03:07:16.579,"91538006-34b2-4bd1-ae2c-2515c21b3626",false,49003,"1000",false,,false,,,94123
2014-02-06 19:33:33.424,Unit #128,-54.84,109502,3784,5374,13,2014-04-08 03:07:16.589,2014-04-08 03:07:16.589,"78503b66-b064-4c25-997a-9fe92e0e9c04",false,49003,"4000",false,,false,,,94124
2014-03-07 20:42:48.796,Cash,55.00,109510,3784,5374,13,2014-04-08 03:07:16.963,2014-04-08 03:07:16.963,fa633399-3ca6-40e5-9d7d-b75c9a3211a3,false,49006,"1000",false,,false,,,94125
2014-03-07 20:42:48.796,Unit #128,-55.00,109509,3784,5374,13,2014-04-08 03:07:16.975,2014-04-08 03:07:16.975,"508984d1-cdde-4117-bfcd-279155dd18b5",false,49006,"4000",false,,false,,,94126
2014-02-03 20:45:23.384,Visa XXXX5435,55.00,109515,3785,5375,13,2014-04-08 03:07:17.743,2014-04-08 03:07:17.743,fdbe83ce-d90e-42c7-b022-69649bdf7377,false,49007,"1020",false,,false,,,94127
2014-02-03 20:45:23.384,Unit #130,-55.00,109514,3785,5375,13,2014-04-08 03:07:17.755,2014-04-08 03:07:17.755,"1929b289-2078-4242-b03e-cbaa904cf2a7",false,49007,"4000",false,,false,,,94128
2014-03-03 20:36:20.378,Visa XXXX5435,55.00,109521,3785,5375,13,2014-04-08 03:07:18.129,2014-04-08 03:07:18.129,"1e02ffe8-25ba-49be-8bad-1447eb14cd61",false,49010,"1020",false,,false,,,94129
2014-03-03 20:36:20.378,Unit #130,-55.00,109520,3785,5375,13,2014-04-08 03:07:18.140,2014-04-08 03:07:18.140,cbabb03e-36ba-4515-91b3-d7d09de3ca3a,false,49010,"4000",false,,false,,,94130
2014-04-04 16:48:25.328,Visa XXXX8041,55.00,109524,3785,5375,13,2014-04-08 03:07:18.256,2014-04-08 03:07:18.256,"72e89653-adfd-41a0-b4cd-56532dde0390",false,49011,"1020",false,,false,,,94131
2014-04-04 16:48:25.328,Unit #130,-55.00,109522,3785,5375,13,2014-04-08 03:07:18.267,2014-04-08 03:07:18.267,feecd5ca-556c-4209-b87a-3c132a499941,false,49011,"4000",false,,false,,,94132
2014-03-11 19:29:46.654,Cash,40.00,109536,3786,5376,13,2014-04-08 03:07:19.453,2014-04-08 03:07:19.453,"37c1f9cb-8c04-4f4a-a55b-a80dfc4107af",false,49015,"1000",false,,false,,,94133
2014-03-11 19:29:46.654,Unit #132,-40.00,109526,3786,5376,13,2014-04-08 03:07:19.465,2014-04-08 03:07:19.465,"17619ecc-a1cf-4aaa-9911-a2b9eac60c98",false,49015,"4000",false,,false,,,94134
2014-03-11 19:29:46.654,Cash,15.00,109536,3786,5376,13,2014-04-08 03:07:19.525,2014-04-08 03:07:19.525,"59ed441b-6b68-49a8-88ed-07daf70e31b5",false,49016,"1000",false,,false,,,94135
2014-03-11 19:29:46.654,LF,-15.00,109529,3786,5376,13,2014-04-08 03:07:19.540,2014-04-08 03:07:19.540,"038b2cf6-c386-4290-9918-f2375f915747",false,49016,"4052",false,,false,,,94136
2014-03-11 19:29:46.654,Cash,40.00,109536,3786,5376,13,2014-04-08 03:07:19.610,2014-04-08 03:07:19.610,ddab5461-8d26-40e6-9d34-145bf5ddf48a,false,49017,"1000",false,,false,,,94137
2014-03-11 19:29:46.654,Unit #132,-40.00,109534,3786,5376,13,2014-04-08 03:07:19.622,2014-04-08 03:07:19.622,"4894b0f9-f02a-41ee-a58f-98207f665f8d",false,49017,"4000",false,,false,,,94138
2014-03-11 19:29:46.654,Cash,15.00,109536,3786,5376,13,2014-04-08 03:07:19.683,2014-04-08 03:07:19.683,b554eacc-ae4b-489a-80a2-baee73f4387a,false,49018,"1000",false,,false,,,94139
2014-03-11 19:29:46.654,LF,-15.00,109535,3786,5376,13,2014-04-08 03:07:19.771,2014-04-08 03:07:19.771,"56e4dd3f-593d-4959-a4c2-8f01fbf9ccf5",false,49018,"4052",false,,false,,,94140
2014-02-06 19:43:39.033,Check #2057,55.00,109546,3788,5378,13,2014-04-08 03:07:21.029,2014-04-08 03:07:21.029,b46cab63-bb57-49e7-b755-47ddd2ab7453,false,49022,"1001",false,,false,,,94147
2014-02-06 19:43:39.033,Unit #136,-55.00,109545,3788,5378,13,2014-04-08 03:07:21.041,2014-04-08 03:07:21.041,"6583018e-348b-46af-b722-153dc92f632d",false,49022,"4000",false,,false,,,94148
2014-02-03 21:55:17.691,Mastercard XXXX2990,40.00,109549,3789,5379,13,2014-04-08 03:07:21.530,2014-04-08 03:07:21.530,f47134e1-3682-48d7-9851-4642a9112c39,false,49023,"1021",false,,false,,,94149
2014-02-03 21:55:17.691,Unit #138,-40.00,109548,3789,5379,13,2014-04-08 03:07:21.542,2014-04-08 03:07:21.542,f41f08c6-ffc8-47e5-8e1a-dd67c7d3aa59,false,49023,"4000",false,,false,,,94150
2014-03-01 22:03:01.114,Mastercard XXXX2990,40.00,109551,3789,5379,13,2014-04-08 03:07:21.648,2014-04-08 03:07:21.648,"641114e5-66f5-47cc-af8c-0bc2cae63266",false,49024,"1021",false,,false,,,94151
2014-03-01 22:03:01.114,Unit #138,-40.00,109550,3789,5379,13,2014-04-08 03:07:21.660,2014-04-08 03:07:21.660,"941e8a95-95a2-4e37-b1c7-fbd10d26d15b",false,49024,"4000",false,,false,,,94152
2014-04-02 21:04:08.908,Mastercard XXXX2990,40.00,109553,3789,5379,13,2014-04-08 03:07:21.770,2014-04-08 03:07:21.770,bd0d4b16-da42-4247-adba-4d3ca8c2fc1c,false,49025,"1021",false,,false,,,94153
2014-04-02 21:04:08.908,Unit #138,-40.00,109552,3789,5379,13,2014-04-08 03:07:21.782,2014-04-08 03:07:21.782,"1f9004d6-0779-46d8-b77c-3ae26b1ad0e1",false,49025,"4000",false,,false,,,94154
2014-02-28 17:34:44.879,Cash,55.00,109564,3790,5380,13,2014-04-08 03:07:22.788,2014-04-08 03:07:22.788,"78714aed-7901-4a6f-9a6b-30ae7085a20f",false,49027,"1000",false,,false,,,94155
2014-02-28 17:34:44.879,Unit #140,-55.00,109555,3790,5380,13,2014-04-08 03:07:22.800,2014-04-08 03:07:22.800,b5bb8fd5-53ee-4944-ac96-9099844b01d1,false,49027,"4000",false,,false,,,94156
2014-02-28 17:34:44.879,Cash,15.00,109564,3790,5380,13,2014-04-08 03:07:22.862,2014-04-08 03:07:22.862,"48e71dec-47f8-475d-a7fb-8ea96f8b9fad",false,49028,"1000",false,,false,,,94157
2014-02-28 17:34:44.879,LF,-15.00,109558,3790,5380,13,2014-04-08 03:07:22.873,2014-04-08 03:07:22.873,"158d22d9-1230-4c00-b00a-d300443e15f8",false,49028,"4052",false,,false,,,94158
2014-03-29 14:43:15.765,Check #1609,55.00,109566,3790,5380,13,2014-04-08 03:07:23.163,2014-04-08 03:07:23.163,"5f68a6e6-2ba5-4dbe-b6ab-a514526e57e8",false,49031,"1001",false,,false,,,94159
2014-03-29 14:43:15.765,Unit #140,-55.00,109563,3790,5380,13,2014-04-08 03:07:23.175,2014-04-08 03:07:23.175,"4c216d0c-09d9-4102-8fd1-e4fbb7569d46",false,49031,"4000",false,,false,,,94160
2014-03-29 14:43:15.765,Check #1609,15.00,109566,3790,5380,13,2014-04-08 03:07:23.311,2014-04-08 03:07:23.311,e0344100-2241-4aa4-aec6-2e02f4991785,false,49032,"1001",false,,false,,,94161
2014-03-29 14:43:15.765,LF,-15.00,109565,3790,5380,13,2014-04-08 03:07:23.322,2014-04-08 03:07:23.322,"7b7e2446-a42f-47e9-a7a4-8c87cc1659f0",false,49032,"4052",false,,false,,,94162
2014-02-10 15:56:20.834,Cash,40.00,109596,3793,5383,13,2014-04-08 03:07:26.056,2014-04-08 03:07:26.056,"6445b295-c99d-4baf-bdd6-02c89fd6f6be",false,49038,"1000",false,,false,,,94167
2014-02-10 15:56:20.834,Unit #143,-40.00,109595,3793,5383,13,2014-04-08 03:07:26.145,2014-04-08 03:07:26.145,"7903da93-e297-45ac-a1d4-8ceeff247ac3",false,49038,"4000",false,,false,,,94168
2014-03-10 19:33:48.103,Cash,40.00,109602,3793,5383,13,2014-04-08 03:07:26.448,2014-04-08 03:07:26.448,"4723da3e-26d6-48ec-b475-bb5fdb1acd99",false,49041,"1000",false,,false,,,94169
2014-03-10 19:33:48.103,Unit #143,-40.00,109601,3793,5383,13,2014-04-08 03:07:26.460,2014-04-08 03:07:26.460,"3a823eb3-a026-4e60-bd82-6e468a1f87bd",false,49041,"4000",false,,false,,,94170
2014-02-10 20:13:38.735,Check #446,75.00,109612,3794,5384,13,2014-04-08 03:07:27.588,2014-04-08 03:07:27.588,"89186fa8-64d1-4ffc-8411-0ba3a4a99daa",false,49043,"1001",false,,false,,,94173
2014-02-10 20:13:38.735,Unit #144,-75.00,109608,3794,5384,13,2014-04-08 03:07:27.599,2014-04-08 03:07:27.599,"33c0cf5d-1975-4800-8e6a-c1c5add563f6",false,49043,"4000",false,,false,,,94174
2014-03-11 14:27:06.397,Check #454,77.00,109622,3794,5384,13,2014-04-08 03:07:28.165,2014-04-08 03:07:28.165,"2888bbb8-19e5-4cc4-b153-6f761e8e2436",false,49048,"1001",false,,false,,,94175
2014-03-11 14:27:06.397,Unit #144,-77.00,109619,3794,5384,13,2014-04-08 03:07:28.177,2014-04-08 03:07:28.177,"7332f71b-605a-4582-9185-6913147c5545",false,49048,"4000",false,,false,,,94176
2014-03-11 14:27:06.397,Check #454,2.00,109622,3794,5384,13,2014-04-08 03:07:28.243,2014-04-08 03:07:28.243,b8abbea4-af6d-4351-8e8b-1659f8a3b4e8,false,49049,"1001",false,,false,,,94177
2014-03-11 14:27:06.397,Unit #144,-2.00,109621,3794,5384,13,2014-04-08 03:07:28.255,2014-04-08 03:07:28.255,"47440791-9fec-40f1-8532-c121470dea4c",false,49049,"4000",false,,false,,,94178
2014-02-03 16:39:15.577,Check #3640,85.00,109625,3795,5385,13,2014-04-08 03:07:29.347,2014-04-08 03:07:29.347,ce49771b-ed00-4abf-bf2c-bc185a3a06e0,false,49051,"1001",false,,false,,,94181
2014-02-03 16:39:15.577,Unit #145,-85.00,109624,3795,5385,13,2014-04-08 03:07:29.359,2014-04-08 03:07:29.359,"38dbaed8-3046-465d-ae99-8f770414a7f1",false,49051,"4000",false,,false,,,94182
2014-02-28 17:32:03.307,Check #3649,85.00,109631,3795,5385,13,2014-04-08 03:07:29.465,2014-04-08 03:07:29.465,"14893d17-6bca-4fef-ae89-e65df533f676",false,49052,"1001",false,,false,,,94183
2014-02-28 17:32:03.307,Unit #145,-85.00,109630,3795,5385,13,2014-04-08 03:07:29.477,2014-04-08 03:07:29.477,"111f76b1-dc2f-4adc-971b-93a53ad1f2d5",false,49052,"4000",false,,false,,,94184
2014-03-31 19:38:34.262,Check #3669,85.00,109634,3795,5385,13,2014-04-08 03:07:29.853,2014-04-08 03:07:29.853,c3240d6c-a9a5-478e-8efc-ff325979dffa,false,49055,"1001",false,,false,,,94185
2014-03-31 19:38:34.262,Unit #145,-85.00,109632,3795,5385,13,2014-04-08 03:07:29.865,2014-04-08 03:07:29.865,ce79b780-264d-47f3-99b9-72186915c279,false,49055,"4000",false,,false,,,94186
2014-02-03 15:54:16.775,Check #3640,85.00,109639,3795,5398,13,2014-04-08 03:07:30.986,2014-04-08 03:07:30.986,"5d6893e8-24fa-41e4-b22a-cb260af2e019",false,49058,"1001",false,,false,,,94189
2014-02-03 15:54:16.775,Unit #158,-85.00,109638,3795,5398,13,2014-04-08 03:07:30.998,2014-04-08 03:07:30.998,d894dcbe-1892-4f8b-85f4-a16afe1eaba4,false,49058,"4000",false,,false,,,94190
2014-02-28 17:32:03.319,Check #3649,85.00,109645,3795,5398,13,2014-04-08 03:07:31.106,2014-04-08 03:07:31.106,"9bbb6c49-dbb6-4258-9022-5e42fa430e4a",false,49059,"1001",false,,false,,,94191
2014-02-28 17:32:03.319,Unit #158,-85.00,109644,3795,5398,13,2014-04-08 03:07:31.117,2014-04-08 03:07:31.117,"1a3fd41b-4ef5-4a2e-8004-75d0bc177e07",false,49059,"4000",false,,false,,,94192
2014-04-01 17:30:22.286,Check #3669,85.00,109648,3795,5398,13,2014-04-08 03:07:31.491,2014-04-08 03:07:31.491,"45fbbca2-e45e-47d5-ad2e-fed9007b82a6",false,49062,"1001",false,,false,,,94193
2014-04-01 17:30:22.286,Unit #158,-85.00,109646,3795,5398,13,2014-04-08 03:07:31.503,2014-04-08 03:07:31.503,d6d3ecc0-5647-4379-9167-142c7e6ec8b6,false,49062,"4000",false,,false,,,94194
2014-02-19 15:10:17.230,Mastercard XXXX0398,85.00,109654,3796,5387,13,2014-04-08 03:07:32.397,2014-04-08 03:07:32.397,ad037ab5-a893-4646-a379-0235f64f7200,false,49065,"1021",false,,false,,,94195
2014-02-19 15:10:17.230,Unit #147,-85.00,109650,3796,5387,13,2014-04-08 03:07:32.408,2014-04-08 03:07:32.408,eb4c749c-8345-410f-bc30-a6c406471265,false,49065,"4000",false,,false,,,94196
2014-03-08 03:44:40.875,Mastercard XXXX0398,85.00,109657,3796,5387,13,2014-04-08 03:07:32.591,2014-04-08 03:07:32.591,ea96a55d-3cc1-4cca-9564-0405a83a9bea,false,49066,"1021",false,,false,,,94197
2014-03-08 03:44:40.875,Unit #147,-85.00,109656,3796,5387,13,2014-04-08 03:07:32.603,2014-04-08 03:07:32.603,c240e780-932f-450a-bf72-eb10799b4105,false,49066,"4000",false,,false,,,94198
2014-02-11 16:20:09.528,Visa XXXX7418,80.00,109663,3797,5388,13,2014-04-08 03:07:33.383,2014-04-08 03:07:33.383,a6772911-49cb-4979-97d2-83168b6b9351,false,49068,"1020",false,,false,,,94199
2014-02-11 16:20:09.528,Unit #148,-80.00,109660,3797,5388,13,2014-04-08 03:07:33.403,2014-04-08 03:07:33.403,"7afbece4-bec1-4022-af1e-eacd51ee17b2",false,49068,"4000",false,,false,,,94200
2014-03-01 22:02:18.517,Visa XXXX7418,80.00,109665,3797,5388,13,2014-04-08 03:07:33.508,2014-04-08 03:07:33.508,"5bae2c0e-787d-446d-8b03-911547877d0d",false,49069,"1020",false,,false,,,94201
2014-03-01 22:02:18.517,Unit #148,-80.00,109664,3797,5388,13,2014-04-08 03:07:33.520,2014-04-08 03:07:33.520,"7cc922d7-3f37-475f-a753-ac86d45321d1",false,49069,"4000",false,,false,,,94202
2014-02-03 21:56:24.276,Mastercard XXXX1963,80.00,109669,3798,5389,13,2014-04-08 03:07:34.098,2014-04-08 03:07:34.098,"12096eaf-818a-46cb-925d-1369dd12c6df",false,49070,"1021",false,,false,,,94203
2014-02-03 21:56:24.276,Unit #149,-80.00,109668,3798,5389,13,2014-04-08 03:07:34.110,2014-04-08 03:07:34.110,"59729bab-b40a-4985-b1f4-22eaa9608eaa",false,49070,"4000",false,,false,,,94204
2014-03-01 22:03:11.503,Mastercard XXXX1963,80.00,109671,3798,5389,13,2014-04-08 03:07:34.213,2014-04-08 03:07:34.213,"97b56e6c-22b9-403a-bdf5-ccf16a075524",false,49071,"1021",false,,false,,,94205
2014-03-01 22:03:11.503,Unit #149,-80.00,109670,3798,5389,13,2014-04-08 03:07:34.225,2014-04-08 03:07:34.225,"471bb810-3990-44db-aafc-e955f78d9be0",false,49071,"4000",false,,false,,,94206
2014-04-02 21:04:46.308,Mastercard XXXX1963,80.00,109673,3798,5389,13,2014-04-08 03:07:34.408,2014-04-08 03:07:34.408,"43c60689-6b1f-4f7c-a9d1-881a6d996a06",false,49072,"1021",false,,false,,,94207
2014-04-02 21:04:46.308,Unit #149,-80.00,109672,3798,5389,13,2014-04-08 03:07:34.419,2014-04-08 03:07:34.419,"54d604a6-6c11-44cd-b714-c7bcc59dd841",false,49072,"4000",false,,false,,,94208
2014-02-03 17:08:39.133,Cash,72.00,109676,3799,5390,13,2014-04-08 03:07:35.096,2014-04-08 03:07:35.096,"70a3b089-59f9-4e97-95b8-dd50008415f9",false,49073,"1000",false,,false,,,94209
2014-02-03 17:08:39.133,Unit #150,-72.00,109675,3799,5390,13,2014-04-08 03:07:35.108,2014-04-08 03:07:35.108,"53939077-1320-4d3d-8f82-72fb2eaba115",false,49073,"4000",false,,false,,,94210
2014-02-03 17:07:59.376,Cash,72.00,109685,3799,5415,13,2014-04-08 03:07:36.000,2014-04-08 03:07:36.000,"603a7fcd-1cbe-4193-8cc2-c19234044023",false,49077,"1000",false,,false,,,94211
2014-02-03 17:07:59.376,Unit #176,-72.00,109684,3799,5415,13,2014-04-08 03:07:36.012,2014-04-08 03:07:36.012,a1fd0877-00a9-4606-9bcd-ba9fc4bc7921,false,49077,"4000",false,,false,,,94212
2014-02-03 17:06:43.568,Cash,80.00,109694,3799,5418,13,2014-04-08 03:07:36.992,2014-04-08 03:07:36.992,"3acc581d-ff78-41f3-a13f-51346139d035",false,49081,"1000",false,,false,,,94213
2014-02-03 17:06:43.568,Unit #179,-80.00,109693,3799,5418,13,2014-04-08 03:07:37.004,2014-04-08 03:07:37.004,"2b016cfd-56c3-4478-99fb-414bdc0f8ee8",false,49081,"4000",false,,false,,,94214
2014-02-10 18:46:36.922,Visa XXXX0787,85.00,109717,3801,5393,13,2014-04-08 03:07:38.946,2014-04-08 03:07:38.946,"96f5d74b-29ef-459b-a0ab-4a159efca074",false,49087,"1020",false,,false,,,94215
2014-02-10 18:46:36.922,Unit #153,-85.00,109715,3801,5393,13,2014-04-08 03:07:39.037,2014-04-08 03:07:39.037,"77ae6453-2026-4714-b666-d34ef2ace62d",false,49087,"4000",false,,false,,,94216
2014-03-10 18:05:21.152,Visa XXXX0787,85.00,109721,3801,5393,13,2014-04-08 03:07:39.189,2014-04-08 03:07:39.189,"2403dbc5-b704-4c5a-88ae-9789e576aa3c",false,49088,"1020",false,,false,,,94217
2014-03-10 18:05:21.152,Unit #153,-85.00,109720,3801,5393,13,2014-04-08 03:07:39.201,2014-04-08 03:07:39.201,"35883f76-bd7d-4d06-bbd6-31ea048019c3",false,49088,"4000",false,,false,,,94218
2014-02-03 21:57:30.965,Mastercard XXXX6107,80.00,109725,3802,5394,13,2014-04-08 03:07:39.987,2014-04-08 03:07:39.987,f9de1afb-3302-4ec3-bca2-cd6d8f99d28d,false,49090,"1021",false,,false,,,94221
2014-02-03 21:57:30.965,Unit #154,-80.00,109724,3802,5394,13,2014-04-08 03:07:40.004,2014-04-08 03:07:40.004,"341c4217-aa0b-4750-8488-de4f5fe8075f",false,49090,"4000",false,,false,,,94222
2014-03-01 22:02:05.564,Mastercard XXXX6107,80.00,109727,3802,5394,13,2014-04-08 03:07:40.116,2014-04-08 03:07:40.116,ab34f0e6-8f34-43b4-9e86-218eb647e4fc,false,49091,"1021",false,,false,,,94223
2014-03-01 22:02:05.564,Unit #154,-80.00,109726,3802,5394,13,2014-04-08 03:07:40.127,2014-04-08 03:07:40.127,c1109add-cebe-4b93-bcc1-13211f6088c5,false,49091,"4000",false,,false,,,94224
2014-04-02 21:04:09.869,Mastercard XXXX6107,80.00,109729,3802,5394,13,2014-04-08 03:07:40.316,2014-04-08 03:07:40.316,"2d3e7485-ee33-43b0-81c8-2230cc5b5512",false,49092,"1021",false,,false,,,94225
2014-04-02 21:04:09.869,Unit #154,-80.00,109728,3802,5394,13,2014-04-08 03:07:40.328,2014-04-08 03:07:40.328,f084245d-d9fb-44e9-90dd-b07acf486234,false,49092,"4000",false,,false,,,94226
2014-02-04 15:23:21.297,Mastercard XXXX2684,85.00,109732,3803,5395,13,2014-04-08 03:07:41.043,2014-04-08 03:07:41.043,"1e6337f1-ac27-4bcb-a998-9fc7f37f22dc",false,49093,"1021",false,,false,,,94227
2014-02-04 15:23:21.297,Unit #155,-85.00,109731,3803,5395,13,2014-04-08 03:07:41.055,2014-04-08 03:07:41.055,f390c477-33ae-4529-a25d-89254b3054c9,false,49093,"4000",false,,false,,,94228
2014-03-03 17:04:29.131,Visa XXXX4089,85.00,109738,3803,5395,13,2014-04-08 03:07:41.362,2014-04-08 03:07:41.362,ff33136e-73b7-4a21-91f1-25848a2ffd0d,false,49096,"1020",false,,false,,,94229
2014-03-03 17:04:29.131,Unit #155,-85.00,109737,3803,5395,13,2014-04-08 03:07:41.373,2014-04-08 03:07:41.373,"0f66ee30-8504-4918-b420-0257dc956786",false,49096,"4000",false,,false,,,94230
2014-04-01 15:47:38.742,Visa XXXX4089,85.00,109741,3803,5395,13,2014-04-08 03:07:41.558,2014-04-08 03:07:41.558,"5c7840a1-0c23-4896-aa77-575922559a19",false,49097,"1020",false,,false,,,94231
2014-04-01 15:47:38.742,Unit #155,-85.00,109739,3803,5395,13,2014-04-08 03:07:41.569,2014-04-08 03:07:41.569,dfefa1a0-3bb3-4ce0-959a-0d3b38672186,false,49097,"4000",false,,false,,,94232
2014-02-10 21:39:12.647,Mastercard XXXX1048,77.00,109751,3805,5397,13,2014-04-08 03:07:42.894,2014-04-08 03:07:42.894,"33107113-82c8-48df-8b1b-18b099cf9f1f",false,49099,"1021",false,,false,,,94233
2014-02-10 21:39:12.647,Unit #157,-77.00,109748,3805,5397,13,2014-04-08 03:07:42.906,2014-04-08 03:07:42.906,"172bf420-c007-4f1e-88b0-8c7b38791961",false,49099,"4000",false,,false,,,94234
2014-03-10 20:57:47.530,Mastercard XXXX1872,77.00,109761,3805,5397,13,2014-04-08 03:07:43.480,2014-04-08 03:07:43.480,b03878d5-bd74-4056-b9cc-9b12a069a262,false,49104,"1021",false,,false,,,94235
2014-03-10 20:57:47.530,Unit #157,-77.00,109756,3805,5397,13,2014-04-08 03:07:43.492,2014-04-08 03:07:43.492,fe820d16-090f-421e-8336-6f481661ca55,false,49104,"4000",false,,false,,,94236
2014-02-10 21:40:10.775,Mastercard XXXX1048,85.00,109766,3805,5422,13,2014-04-08 03:07:44.467,2014-04-08 03:07:44.467,c100bdc2-067b-45fe-b432-0465205f9b72,false,49105,"1021",false,,false,,,94237
2014-02-10 21:40:10.775,Unit #183,-85.00,109763,3805,5422,13,2014-04-08 03:07:44.479,2014-04-08 03:07:44.479,c1298d5d-4e89-475e-b707-2dc7d1279ffa,false,49105,"4000",false,,false,,,94238
2014-03-10 20:57:47.539,Mastercard XXXX1872,85.00,109772,3805,5422,13,2014-04-08 03:07:44.873,2014-04-08 03:07:44.873,"4047aa09-a806-45f0-a670-45641024948c",false,49109,"1021",false,,false,,,94239
2014-03-10 20:57:47.539,Unit #183,-85.00,109771,3805,5422,13,2014-04-08 03:07:44.884,2014-04-08 03:07:44.884,"2fe4ed7e-cdea-4b52-8fb0-c1f01c9cfe93",false,49109,"4000",false,,false,,,94240
2014-03-03 15:46:58.372,Check #4314,85.00,109783,3806,5399,13,2014-04-08 03:07:46.060,2014-04-08 03:07:46.060,"78b91c58-2a93-4fa7-bbb6-3854b2e169c8",false,49113,"1001",false,,false,,,94243
2014-03-03 15:46:58.372,Unit #159,-85.00,109782,3806,5399,13,2014-04-08 03:07:46.149,2014-04-08 03:07:46.149,"9b4c9c29-af51-41b7-badb-418b7c6c6a44",false,49113,"4000",false,,false,,,94244
2014-04-02 17:58:34.811,Check #4337,85.00,109786,3806,5399,13,2014-04-08 03:07:46.256,2014-04-08 03:07:46.256,a00c5ad8-f529-4231-9b1d-d2b237f1e7e1,false,49114,"1001",false,,false,,,94245
2014-04-02 17:58:34.811,Unit #159,-85.00,109784,3806,5399,13,2014-04-08 03:07:46.268,2014-04-08 03:07:46.268,"256a56cd-6cb6-4b7f-bc70-a99ba27574d0",false,49114,"4000",false,,false,,,94246
2014-02-03 17:52:04.510,Check #3931,77.00,109789,3807,5400,13,2014-04-08 03:07:47.000,2014-04-08 03:07:47.000,"97d77cb4-787b-4cec-ade9-4c9a18600ea6",false,49115,"1001",false,,false,,,94247
2014-02-03 17:52:04.510,Unit #160,-77.00,109788,3807,5400,13,2014-04-08 03:07:47.012,2014-04-08 03:07:47.012,"07fdb4c2-e8fe-4e37-a138-88321e5bb78b",false,49115,"4000",false,,false,,,94248
2014-03-06 17:16:07.453,Check #3938,77.00,109795,3807,5400,13,2014-04-08 03:07:47.391,2014-04-08 03:07:47.391,"06ed84ad-142e-474e-add8-470f32290869",false,49118,"1001",false,,false,,,94249
2014-03-06 17:16:07.453,Unit #160,-77.00,109794,3807,5400,13,2014-04-08 03:07:47.403,2014-04-08 03:07:47.403,bca26639-d837-4ddb-bb9d-dbc17951960e,false,49118,"4000",false,,false,,,94250
2014-02-24 16:36:26.748,Check #1768,77.00,109809,3808,5401,13,2014-04-08 03:07:48.537,2014-04-08 03:07:48.537,"34649576-1fe4-4586-9fb3-9758a0c4fc16",false,49121,"1001",false,,false,,,94251
2014-02-24 16:36:26.748,Unit #161,-77.00,109799,3808,5401,13,2014-04-08 03:07:48.550,2014-04-08 03:07:48.550,"1b13f9b3-65d7-468f-b5dd-e219f10602c1",false,49121,"4000",false,,false,,,94252
2014-02-24 16:36:26.748,Check #1768,77.00,109809,3808,5401,13,2014-04-08 03:07:48.615,2014-04-08 03:07:48.615,bce5c43d-13f5-4ed2-940a-c1f3b58e7f02,false,49122,"1001",false,,false,,,94253
2014-02-24 16:36:26.748,Unit #161,-77.00,109807,3808,5401,13,2014-04-08 03:07:48.627,2014-04-08 03:07:48.627,"27764b5e-af38-4634-8d65-b2c3e240731b",false,49122,"4000",false,,false,,,94254
2014-04-03 14:45:14.225,Check #1801,77.00,109813,3808,5401,13,2014-04-08 03:07:48.923,2014-04-08 03:07:48.923,"48dab9fc-642e-4446-8d22-760cb6ccf187",false,49125,"1001",false,,false,,,94255
2014-04-03 14:45:14.225,Unit #161,-77.00,109810,3808,5401,13,2014-04-08 03:07:48.935,2014-04-08 03:07:48.935,e5d4a00b-0644-4735-b493-1c3be919fe02,false,49125,"4000",false,,false,,,94256
2014-04-03 14:45:14.225,Check #1801,77.00,109813,3808,5401,13,2014-04-08 03:07:49.007,2014-04-08 03:07:49.007,"3e8584de-e2bd-480a-8f16-622f29cdcc00",false,49126,"1001",false,,false,,,94257
2014-04-03 14:45:14.225,Unit #161,-77.00,109812,3808,5401,13,2014-04-08 03:07:49.097,2014-04-08 03:07:49.097,"65c1cd15-d491-4481-a36e-ea1bbecfbc43",false,49126,"4000",false,,false,,,94258
2014-02-03 21:51:53.927,Visa XXXX9652,77.00,109816,3809,5402,13,2014-04-08 03:07:49.809,2014-04-08 03:07:49.809,"88eee401-039c-47e3-8804-7f34f4f4ff1a",false,49127,"1020",false,,false,,,94259
2014-02-03 21:51:53.927,Unit #162,-77.00,109815,3809,5402,13,2014-04-08 03:07:49.821,2014-04-08 03:07:49.821,"6cc5f76d-0724-4847-89ef-e7f5b3a7422e",false,49127,"4000",false,,false,,,94260
2014-03-01 22:03:01.115,Visa XXXX9652,77.00,109818,3809,5402,13,2014-04-08 03:07:49.927,2014-04-08 03:07:49.927,"704e4645-1272-49d9-b5d0-01ca55610bb7",false,49128,"1020",false,,false,,,94261
2014-03-01 22:03:01.115,Unit #162,-77.00,109817,3809,5402,13,2014-04-08 03:07:49.939,2014-04-08 03:07:49.939,ffc51085-f46a-44a6-997d-db7093aeed07,false,49128,"4000",false,,false,,,94262
2014-04-02 21:04:58.512,Visa XXXX9652,77.00,109820,3809,5402,13,2014-04-08 03:07:50.044,2014-04-08 03:07:50.044,"517c4017-1f80-4d72-98c3-e7cde14301d8",false,49129,"1020",false,,false,,,94263
2014-04-02 21:04:58.512,Unit #162,-77.00,109819,3809,5402,13,2014-04-08 03:07:50.056,2014-04-08 03:07:50.056,d436006f-c5a3-45b2-9de7-b034e41d06bd,false,49129,"4000",false,,false,,,94264
2014-02-03 21:59:32.273,Visa XXXX7913,72.00,109825,3810,5403,13,2014-04-08 03:07:50.965,2014-04-08 03:07:50.965,"72e7d9ad-cedf-4ef0-9700-51c51f6d40e5",false,49130,"1020",false,,false,,,94265
2014-02-03 21:59:32.273,Unit #163,-72.00,109824,3810,5403,13,2014-04-08 03:07:50.977,2014-04-08 03:07:50.977,"2789f44c-9d79-452c-8029-b6f8d1a36e9a",false,49130,"4000",false,,false,,,94266
2014-03-01 22:03:13.981,Visa XXXX7913,72.00,109831,3810,5403,13,2014-04-08 03:07:51.274,2014-04-08 03:07:51.274,a1932bbb-70ad-44fd-82a5-4ec599b69918,false,49133,"1020",false,,false,,,94267
2014-03-01 22:03:13.981,Unit #163,-72.00,109830,3810,5403,13,2014-04-08 03:07:51.286,2014-04-08 03:07:51.286,c60c08ef-784a-4d53-abb4-f6643defbb8b,false,49133,"4000",false,,false,,,94268
2014-04-02 21:04:10.257,Visa XXXX7913,72.00,109834,3810,5403,13,2014-04-08 03:07:51.466,2014-04-08 03:07:51.466,"2f2f6f18-cf99-484c-a246-d1de76a40e3e",false,49134,"1020",false,,false,,,94269
2014-04-02 21:04:10.257,Unit #163,-72.00,109832,3810,5403,13,2014-04-08 03:07:51.479,2014-04-08 03:07:51.479,"8e7a2eeb-1baf-45e6-a832-459832e248bf",false,49134,"4000",false,,false,,,94270
2014-02-18 20:15:37.259,Check #5838,85.00,109841,3811,5404,13,2014-04-08 03:07:52.658,2014-04-08 03:07:52.658,e37af3db-2163-4b7d-bb4a-8905b4c8f801,false,49137,"1001",false,,false,,,94271
2014-02-18 20:15:37.259,Unit #164,-85.00,109836,3811,5404,13,2014-04-08 03:07:52.669,2014-04-08 03:07:52.669,"0eb2fc07-93e3-4fa9-aa47-84c215aa093c",false,49137,"4000",false,,false,,,94272
2014-03-15 12:16:11.341,Check #5885,85.00,109849,3811,5404,13,2014-04-08 03:07:53.050,2014-04-08 03:07:53.050,"0b9727a3-5475-4f79-8c19-23d1760ed2d5",false,49141,"1001",false,,false,,,94273
2014-03-15 12:16:11.341,Unit #164,-85.00,109846,3811,5404,13,2014-04-08 03:07:53.062,2014-04-08 03:07:53.062,"48b4e60f-0eaf-4e6a-aedd-f39d9c521a43",false,49141,"4000",false,,false,,,94274
2014-04-04 14:42:50.751,Check #5935,85.00,109852,3811,5404,13,2014-04-08 03:07:53.246,2014-04-08 03:07:53.246,"26595241-e105-4909-90ab-9ef5ee3710cf",false,49142,"1001",false,,false,,,94275
2014-04-04 14:42:50.751,Unit #164,-85.00,109850,3811,5404,13,2014-04-08 03:07:53.258,2014-04-08 03:07:53.258,"73510bb7-fc77-45b3-9380-cd4bc6a383fa",false,49142,"4000",false,,false,,,94276
2014-02-04 19:07:33.981,Cash,35.00,109857,3812,5405,13,2014-04-08 03:07:54.212,2014-04-08 03:07:54.212,"762a6159-ca02-4cb9-a67d-c0f83aa0ebbb",false,49143,"1000",false,,false,,,94277
2014-02-04 19:07:33.981,Unit #165,-35.00,109854,3812,5405,13,2014-04-08 03:07:54.223,2014-04-08 03:07:54.223,"6e7d75d3-8ed2-45dd-9e07-5d0fec95b57e",false,49143,"4000",false,,false,,,94278
2014-02-04 19:07:33.981,Cash,7.00,109857,3812,5405,13,2014-04-08 03:07:54.361,2014-04-08 03:07:54.361,"991c85b6-14bc-4e72-8ce7-b4cf4c958e67",false,49144,"1000",false,,false,,,94279
2014-02-04 19:07:33.981,IMPORT-LATE1,-7.00,109855,3812,5405,13,2014-04-08 03:07:54.373,2014-04-08 03:07:54.373,cd778653-6a91-4286-bd26-10a94947064a,false,49144,"4052",false,,false,,,94280
2014-02-11 19:25:36.181,Cash,75.00,109860,3812,5405,13,2014-04-08 03:07:54.572,2014-04-08 03:07:54.572,"196e855c-5e67-400c-a274-518b8276cbae",false,49146,"1000",false,,false,,,94281
2014-02-11 19:25:36.181,Unit #165,-75.00,109856,3812,5405,13,2014-04-08 03:07:54.584,2014-04-08 03:07:54.584,"061ee6c1-0e73-4e92-8fda-75b78ffd6cbb",false,49146,"4000",false,,false,,,94282
2014-02-12 23:09:09.589,Visa XXXX1111,10.00,109861,3812,5405,13,2014-04-08 03:07:54.676,2014-04-08 03:07:54.676,"3629d1df-4e8a-4dbf-9c1e-72a7a7a2f6be",false,49147,"1020",false,,false,,,94283
2014-02-12 23:09:09.589,Unit #165,-10.00,109856,3812,5405,13,2014-04-08 03:07:54.686,2014-04-08 03:07:54.686,"3277a1b2-88c0-4e89-ac9e-3243072528bd",false,49147,"4000",false,,false,,,94284
2014-03-04 19:51:19.159,Cash,42.50,109863,3812,5405,13,2014-04-08 03:07:54.784,2014-04-08 03:07:54.784,"9ed60fca-0acd-415d-969d-89d4d8d48603",false,49148,"1000",false,,false,,,94285
2014-03-04 19:51:19.159,Unit #165,-42.50,109862,3812,5405,13,2014-04-08 03:07:54.796,2014-04-08 03:07:54.796,b3650b1c-3137-4235-b00e-d0f55495e9e6,false,49148,"4000",false,,false,,,94286
2014-03-12 17:26:15.070,Visa XXXX9584,42.50,109865,3812,5405,13,2014-04-08 03:07:54.963,2014-04-08 03:07:54.963,"8fad4d7f-d4f7-4416-b511-85fcb2f2b88c",false,49149,"1020",false,,false,,,94287
2014-03-12 17:26:15.070,Unit #165,-42.50,109862,3812,5405,13,2014-04-08 03:07:54.973,2014-04-08 03:07:54.973,"9ce14942-e045-4a2a-b5cf-794751023f35",false,49149,"4000",false,,false,,,94288
2014-03-12 17:26:15.070,Visa XXXX9584,15.00,109865,3812,5405,13,2014-04-08 03:07:55.037,2014-04-08 03:07:55.037,"42435ba4-ce9e-4715-9d25-a62756a87ff2",false,49150,"1020",false,,false,,,94289
2014-03-12 17:26:15.070,LF,-15.00,109864,3812,5405,13,2014-04-08 03:07:55.049,2014-04-08 03:07:55.049,f428ba90-de73-4259-a457-0f044d9d7678,false,49150,"4052",false,,false,,,94290
2014-03-31 18:22:08.388,Cash,42.50,109867,3812,5405,13,2014-04-08 03:07:55.158,2014-04-08 03:07:55.158,d5802d07-4619-4b4d-95e1-cf25a349ca90,false,49151,"1000",false,,false,,,94291
2014-03-31 18:22:08.388,Unit #165,-42.50,109866,3812,5405,13,2014-04-08 03:07:55.170,2014-04-08 03:07:55.170,e832d836-8066-44ef-9d58-1321c5ded731,false,49151,"4000",false,,false,,,94292
2014-04-08 03:07:55.682,Visa XXXX1111,8.00,109861,3812,5405,13,2014-04-08 03:07:55.685,2014-04-08 03:07:55.685,e1d0a47b-4586-4dd7-98bf-6cff4760377e,false,49152,"1020",false,,false,,,94293
2014-04-08 03:07:55.682,IMPORT-LATE1,-8.00,109855,3812,5405,13,2014-04-08 03:07:55.694,2014-04-08 03:07:55.694,"962728b2-83db-474b-bbff-de76f4a6e9fd",false,49152,"4052",false,,false,,,94294
2014-02-03 16:54:14.048,Check #164,85.00,109870,3813,5406,13,2014-04-08 03:07:56.241,2014-04-08 03:07:56.241,"4a024287-722e-46d9-88e8-e0377a8f7b43",false,49153,"1001",false,,false,,,94295
2014-02-03 16:54:14.048,Unit #166,-85.00,109869,3813,5406,13,2014-04-08 03:07:56.253,2014-04-08 03:07:56.253,a2383bd8-3e5e-4eea-8f00-e149cadcecc5,false,49153,"4000",false,,false,,,94296
2014-03-03 15:43:57.659,Check #166,85.00,109876,3813,5406,13,2014-04-08 03:07:56.544,2014-04-08 03:07:56.544,e86bb318-72cd-4481-b608-216b27eee4b1,false,49156,"1001",false,,false,,,94297
2014-03-03 15:43:57.659,Unit #166,-85.00,109875,3813,5406,13,2014-04-08 03:07:56.556,2014-04-08 03:07:56.556,"58328294-2a51-499d-a383-ef27db4b321a",false,49156,"4000",false,,false,,,94298
2014-03-27 14:34:29.587,Check #85.00,85.00,109878,3813,5406,13,2014-04-08 03:07:56.742,2014-04-08 03:07:56.742,"2b2f1ae4-f47d-4ea4-ade6-45bf1361f356",false,49157,"1001",false,,false,,,94299
2014-03-27 14:34:29.587,Unit #166,-85.00,109877,3813,5406,13,2014-04-08 03:07:56.753,2014-04-08 03:07:56.753,ef560fd2-35ec-4841-a195-6333e73c15c2,false,49157,"4000",false,,false,,,94300
2014-03-07 15:51:42.147,Check #1316,20.00,109887,3814,5407,13,2014-04-08 03:07:57.640,2014-04-08 03:07:57.640,"5e7e3d36-09aa-4dd0-8ac8-e6305396a097",false,49160,"1001",false,,false,,,94303
2014-03-07 15:51:42.147,Unit #167,-20.00,109880,3814,5407,13,2014-04-08 03:07:57.650,2014-04-08 03:07:57.650,"41715ab5-011f-4eb0-9ae3-6a7d510a12cd",false,49160,"4000",false,,false,,,94304
2014-03-07 15:51:42.147,Check #1316,15.00,109887,3814,5407,13,2014-04-08 03:07:57.711,2014-04-08 03:07:57.711,"72ef2119-c54b-4d0f-95c9-168150961724",false,49161,"1001",false,,false,,,94305
2014-03-07 15:51:42.147,LF,-15.00,109884,3814,5407,13,2014-04-08 03:07:57.722,2014-04-08 03:07:57.722,"442fdb4b-5c99-43f3-ad72-f843cfa546b2",false,49161,"4052",false,,false,,,94306
2014-03-07 15:51:42.147,Check #1316,40.00,109887,3814,5407,13,2014-04-08 03:07:57.870,2014-04-08 03:07:57.870,"6d80db66-bdb9-431c-830d-3c3766c7bc92",false,49162,"1001",false,,false,,,94307
2014-03-07 15:51:42.147,Unit #167,-40.00,109885,3814,5407,13,2014-04-08 03:07:57.882,2014-04-08 03:07:57.882,e55f0d62-b3f0-4ff2-a7a9-94e68ae2760f,false,49162,"4000",false,,false,,,94308
2014-03-07 15:51:42.147,Check #1316,5.00,109887,3814,5407,13,2014-04-08 03:07:57.946,2014-04-08 03:07:57.946,c0d57a53-9453-4cb5-8fda-6a3226594a20,false,49163,"1001",false,,false,,,94309
2014-03-07 15:51:42.147,Unit #167,-5.00,109886,3814,5407,13,2014-04-08 03:07:57.959,2014-04-08 03:07:57.959,"32d37d8c-60fa-4223-9d14-bc34ed947eca",false,49163,"4000",false,,false,,,94310
2014-02-06 16:10:22.611,Cash,40.00,109890,3815,5408,13,2014-04-08 03:07:58.709,2014-04-08 03:07:58.709,"9755f775-1496-4e1f-b22c-95aede09e231",false,49164,"1000",false,,false,,,94311
2014-02-06 16:10:22.611,Unit #168,-40.00,109889,3815,5408,13,2014-04-08 03:07:58.721,2014-04-08 03:07:58.721,bc88e849-59ba-4dc5-aa48-af178df7c600,false,49164,"4000",false,,false,,,94312
2014-03-10 17:09:02.520,Mastercard XXXX7170,40.00,109896,3815,5408,13,2014-04-08 03:07:59.111,2014-04-08 03:07:59.111,b65dfafd-aa45-454c-b19e-20dd488b8609,false,49167,"1021",false,,false,,,94313
2014-03-10 17:09:02.520,Unit #168,-40.00,109895,3815,5408,13,2014-04-08 03:07:59.124,2014-04-08 03:07:59.124,"31bfa30e-bfe3-4e7e-9aba-5503869bce2e",false,49167,"4000",false,,false,,,94314
2014-02-03 22:00:33.691,Visa XXXX0886,35.00,109901,3816,5409,13,2014-04-08 03:07:59.870,2014-04-08 03:07:59.870,"31625d5b-7869-42bc-87b5-1489505d6763",false,49168,"1020",false,,false,,,94315
2014-02-03 22:00:33.691,Unit #169,-35.00,109900,3816,5409,13,2014-04-08 03:07:59.882,2014-04-08 03:07:59.882,dcf39edf-5f8c-474a-ad63-4e5f0b4e961c,false,49168,"4000",false,,false,,,94316
2014-03-01 22:02:26.670,Visa XXXX0886,35.00,109907,3816,5409,13,2014-04-08 03:08:00.297,2014-04-08 03:08:00.297,"1ed7f9a7-647d-42cf-bfbe-80e58d5686e1",false,49171,"1020",false,,false,,,94317
2014-03-01 22:02:26.670,Unit #169,-35.00,109906,3816,5409,13,2014-04-08 03:08:00.309,2014-04-08 03:08:00.309,"77c1460a-0cb4-42ff-adba-2014bdd7b6cc",false,49171,"4000",false,,false,,,94318
2014-04-03 17:50:09.483,Visa XXXX0886,35.00,109910,3816,5409,13,2014-04-08 03:08:00.426,2014-04-08 03:08:00.426,"50fb99e3-b299-4c1f-bf1a-b0f3036a382c",false,49172,"1020",false,,false,,,94319
2014-04-03 17:50:09.483,Unit #169,-35.00,109908,3816,5409,13,2014-04-08 03:08:00.439,2014-04-08 03:08:00.439,e1082e7e-5aed-4bcd-9560-aaea39656156,false,49172,"4000",false,,false,,,94320
2014-02-03 22:01:58.114,Visa XXXX0630,50.00,109913,3817,5410,13,2014-04-08 03:08:01.082,2014-04-08 03:08:01.082,b9386b7a-02d1-4560-95c5-758a1d8e8553,false,49173,"1020",false,,false,,,94321
2014-02-03 22:01:58.114,Unit #170,-50.00,109912,3817,5410,13,2014-04-08 03:08:01.094,2014-04-08 03:08:01.094,"4aee958b-832b-4707-8861-bdb0aad5be56",false,49173,"4000",false,,false,,,94322
2014-03-01 22:02:08.338,Visa XXXX0630,50.00,109915,3817,5410,13,2014-04-08 03:08:01.207,2014-04-08 03:08:01.207,f814c913-bf2d-44d5-88c5-0046994b8dbb,false,49174,"1020",false,,false,,,94323
2014-03-01 22:02:08.338,Unit #170,-50.00,109914,3817,5410,13,2014-04-08 03:08:01.219,2014-04-08 03:08:01.219,ba538efb-417c-4ee4-8c2d-6dc6ecad50d1,false,49174,"4000",false,,false,,,94324
2014-04-02 21:04:52.167,Visa XXXX0630,50.00,109917,3817,5410,13,2014-04-08 03:08:01.331,2014-04-08 03:08:01.331,f0138914-c922-45d1-a694-e411e927d417,false,49175,"1020",false,,false,,,94325
2014-04-02 21:04:52.167,Unit #170,-50.00,109916,3817,5410,13,2014-04-08 03:08:01.343,2014-04-08 03:08:01.343,"21bf338b-9789-465c-a171-e410724efc10",false,49175,"4000",false,,false,,,94326
2014-03-12 14:28:27.228,Visa XXXX3199,250.00,109932,3818,5411,13,2014-04-08 03:08:02.707,2014-04-08 03:08:02.707,"31edbdef-8860-4070-8ba5-613ccfd43416",false,49178,"1020",false,,false,,,94327
2014-03-12 14:28:27.228,Unit #172,-250.00,109919,3818,5411,13,2014-04-08 03:08:02.719,2014-04-08 03:08:02.719,ed11b430-3842-4835-a8e3-b16547402975,false,49178,"4000",false,,false,,,94328
2014-03-18 17:44:33.885,Visa XXXX3199,190.00,109933,3818,5411,13,2014-04-08 03:08:02.815,2014-04-08 03:08:02.815,"236810f6-c1e3-4586-800a-0c5209db1228",false,49179,"1020",false,,false,,,94329
2014-03-18 17:44:33.885,Unit #172,-190.00,109919,3818,5411,13,2014-04-08 03:08:02.826,2014-04-08 03:08:02.826,"3608abb4-b44a-49a8-b730-34ed74fe4753",false,49179,"4000",false,,false,,,94330
2014-03-18 17:44:33.885,Visa XXXX3199,10.00,109933,3818,5411,13,2014-04-08 03:08:02.892,2014-04-08 03:08:02.892,"52e43f08-14a7-46e5-9829-78ff2c574a0f",false,49180,"1020",false,,false,,,94331
2014-03-18 17:44:33.885,IMPORT-LATE1,-10.00,109920,3818,5411,13,2014-04-08 03:08:02.905,2014-04-08 03:08:02.905,ed2cccc6-4f22-4c71-9a1e-5fe15482100b,false,49180,"4052",false,,false,,,94332
2014-04-03 19:14:32.615,Visa XXXX3199,80.00,109936,3818,5411,13,2014-04-08 03:08:02.999,2014-04-08 03:08:02.999,"5c4bafd1-a51e-40d8-8641-d2ef9be9f8e2",false,49181,"1020",false,,false,,,94333
2014-04-03 19:14:32.615,IMPORT-LATE1,-80.00,109920,3818,5411,13,2014-04-08 03:08:03.009,2014-04-08 03:08:03.009,b20fc111-62de-4365-9462-0523e4321fdb,false,49181,"4052",false,,false,,,94334
2014-04-03 19:14:32.615,Visa XXXX3199,85.00,109936,3818,5411,13,2014-04-08 03:08:03.078,2014-04-08 03:08:03.078,"1d83a8ec-0201-4d28-9e35-81380108ae82",false,49182,"1020",false,,false,,,94335
2014-04-03 19:14:32.615,Unit #172,-85.00,109921,3818,5411,13,2014-04-08 03:08:03.091,2014-04-08 03:08:03.091,cf5de3b9-a1f5-4679-a5fb-e5549390b56d,false,49182,"4000",false,,false,,,94336
2014-04-03 19:14:32.615,Visa XXXX3199,15.00,109936,3818,5411,13,2014-04-08 03:08:03.158,2014-04-08 03:08:03.158,"0ccd2726-74d5-4c84-9c01-1b76a376f191",false,49183,"1020",false,,false,,,94337
2014-04-03 19:14:32.615,LF,-15.00,109927,3818,5411,13,2014-04-08 03:08:03.170,2014-04-08 03:08:03.170,"2a28cb87-837f-441a-a17b-1ed0739ce6d4",false,49183,"4052",false,,false,,,94338
2014-04-03 19:14:32.615,Visa XXXX3199,15.00,109936,3818,5411,13,2014-04-08 03:08:03.233,2014-04-08 03:08:03.233,"46e97f6c-f1b0-4a33-9d60-ab28f0d4cd95",false,49184,"1020",false,,false,,,94339
2014-04-03 19:14:32.615,LF,-15.00,109928,3818,5411,13,2014-04-08 03:08:03.246,2014-04-08 03:08:03.246,ab17e754-6b79-4ad4-bb4d-667049b150a1,false,49184,"4052",false,,false,,,94340
2014-04-03 19:14:32.615,Visa XXXX3199,5.00,109936,3818,5411,13,2014-04-08 03:08:03.391,2014-04-08 03:08:03.391,f0f62774-1a56-4a66-8bb6-24a5fd0e0952,false,49185,"1020",false,,false,,,94341
2014-04-03 19:14:32.615,LF,-5.00,109929,3818,5411,13,2014-04-08 03:08:03.404,2014-04-08 03:08:03.404,b57b25c8-4841-47e2-927f-00697ad1c3cd,false,49185,"4052",false,,false,,,94342
2014-03-03 19:19:00.066,Cash,60.00,109947,3819,5412,13,2014-04-08 03:08:04.751,2014-04-08 03:08:04.751,ad4a71da-d6f2-4057-b867-ec0624ba6e0b,false,49189,"1000",false,,false,,,94343
2014-03-03 19:19:00.066,Unit #173,-60.00,109938,3819,5412,13,2014-04-08 03:08:04.762,2014-04-08 03:08:04.762,"0b04a368-869c-42d3-a433-cb6ecb799ae9",false,49189,"4000",false,,false,,,94344
2014-03-03 19:19:00.066,Cash,15.00,109947,3819,5412,13,2014-04-08 03:08:04.824,2014-04-08 03:08:04.824,ee199d52-6016-4133-b671-431978983ca5,false,49190,"1000",false,,false,,,94345
2014-03-03 19:19:00.066,LF,-15.00,109941,3819,5412,13,2014-04-08 03:08:04.836,2014-04-08 03:08:04.836,c8b426b5-86b8-4ce8-9bb4-c9147bad9033,false,49190,"4052",false,,false,,,94346
2014-03-03 19:19:00.066,Cash,60.00,109947,3819,5412,13,2014-04-08 03:08:04.901,2014-04-08 03:08:04.901,"851d0cda-2171-4e2d-883f-7e324a85d719",false,49191,"1000",false,,false,,,94347
2014-03-03 19:19:00.066,Unit #173,-60.00,109946,3819,5412,13,2014-04-08 03:08:04.914,2014-04-08 03:08:04.914,ce1ee0d7-ffe5-4485-b16c-ec0eca325053,false,49191,"4000",false,,false,,,94348
2014-02-08 13:01:38.777,Visa XXXX1712,85.00,109952,3820,5413,13,2014-04-08 03:08:05.789,2014-04-08 03:08:05.789,d9d081ed-514b-4db4-9080-b6242aed2891,false,49192,"1020",false,,false,,,94349
2014-02-08 13:01:38.777,Unit #174,-85.00,109951,3820,5413,13,2014-04-08 03:08:05.801,2014-04-08 03:08:05.801,b612cc0d-00fb-450d-9d68-b34d89df974b,false,49192,"4000",false,,false,,,94350
2014-03-09 23:38:02.967,Visa XXXX1712,85.00,109954,3820,5413,13,2014-04-08 03:08:05.910,2014-04-08 03:08:05.910,fd5f7ad2-3249-44b1-9f8e-b0bc282a3328,false,49193,"1020",false,,false,,,94351
2014-03-09 23:38:02.967,Unit #174,-85.00,109953,3820,5413,13,2014-04-08 03:08:05.922,2014-04-08 03:08:05.922,b71f3111-3285-4a30-8cf3-5b30deecc63e,false,49193,"4000",false,,false,,,94352
2014-02-11 15:11:46.273,Check #3256,60.00,109960,3821,5414,13,2014-04-08 03:08:06.702,2014-04-08 03:08:06.702,f8cba79a-1a3d-4272-af89-4d982574b14b,false,49195,"1001",false,,false,,,94353
2014-02-11 15:11:46.273,Unit #175,-60.00,109957,3821,5414,13,2014-04-08 03:08:06.720,2014-04-08 03:08:06.720,"529b20cf-0f25-4814-9c49-39278424cbf5",false,49195,"4000",false,,false,,,94354
2014-03-10 14:20:58.081,Check #3274,60.00,109962,3821,5414,13,2014-04-08 03:08:06.861,2014-04-08 03:08:06.861,"2ac630c8-7ce9-4168-9dae-2acab3f052f9",false,49196,"1001",false,,false,,,94355
2014-03-10 14:20:58.081,Unit #175,-60.00,109961,3821,5414,13,2014-04-08 03:08:06.873,2014-04-08 03:08:06.873,f4e9a808-31af-4e75-bf8f-59efc9a32ac9,false,49196,"4000",false,,false,,,94356
2014-04-07 14:11:30.957,Check #3302,60.00,109964,3821,5414,13,2014-04-08 03:08:07.010,2014-04-08 03:08:07.010,cdaf0686-ecd1-4861-af8c-1197a06e48b6,false,49197,"1001",false,,false,,,94357
2014-04-07 14:11:30.957,Unit #175,-60.00,109963,3821,5414,13,2014-04-08 03:08:07.029,2014-04-08 03:08:07.029,f5713537-5178-4fc7-bfd8-6537129a0e5a,false,49197,"4000",false,,false,,,94358
2014-02-06 20:03:23.437,Cash,170.00,109969,3822,5416,13,2014-04-08 03:08:07.980,2014-04-08 03:08:07.980,b5140d5e-36d4-40ae-a329-88cea2428319,false,49198,"1000",false,,false,,,94359
2014-02-06 20:03:23.437,Unit #177,-170.00,109966,3822,5416,13,2014-04-08 03:08:07.993,2014-04-08 03:08:07.993,ad9a3280-d136-4407-a9cf-b79917fec299,false,49198,"4000",false,,false,,,94360
2014-02-06 20:03:23.437,Cash,30.00,109969,3822,5416,13,2014-04-08 03:08:08.079,2014-04-08 03:08:08.079,"3d5483db-fe93-485e-9b74-42da8b548980",false,49199,"1000",false,,false,,,94361
2014-02-06 20:03:23.437,IMPORT-LATE1,-30.00,109967,3822,5416,13,2014-04-08 03:08:08.099,2014-04-08 03:08:08.099,a403b529-4ae1-4f77-85a9-2355eb2496d4,false,49199,"4052",false,,false,,,94362
2014-02-06 20:03:23.437,Cash,85.00,109969,3822,5416,13,2014-04-08 03:08:08.187,2014-04-08 03:08:08.187,"08764041-def6-4005-af6e-40b45c318126",false,49200,"1000",false,,false,,,94363
2014-02-06 20:03:23.437,Unit #177,-85.00,109968,3822,5416,13,2014-04-08 03:08:08.199,2014-04-08 03:08:08.199,"73c8a71a-2549-42c5-be8f-23ce781aacd9",false,49200,"4000",false,,false,,,94364
2014-02-10 21:03:03.160,Cash,63.75,109975,3822,12441,13,2014-04-08 03:08:08.786,2014-04-08 03:08:08.786,"4dfb0d8b-4f96-4f44-9819-03ee4dfc4b94",false,49201,"1000",false,,false,,,94365
2014-02-10 21:03:03.160,Unit #156,-63.75,109973,3822,12441,13,2014-04-08 03:08:08.798,2014-04-08 03:08:08.798,"40871f4f-7444-42f3-8d0d-07dcf3026c79",false,49201,"4000",false,,false,,,94366
2014-02-10 21:03:03.160,Cash,15.00,109975,3822,12441,13,2014-04-08 03:08:08.857,2014-04-08 03:08:08.857,"702d30d1-d9e4-42b7-a7d9-57386f331eb5",false,49202,"1000",false,,false,,,94367
2014-02-10 21:03:03.160,ADMIN-FEE,-15.00,109974,3822,12441,13,2014-04-08 03:08:08.869,2014-04-08 03:08:08.869,"470bd069-3a61-46cb-9884-865e2769534c",false,49202,"4051",false,,false,,,94368
2014-02-11 14:49:49.763,Check #2351,85.00,109983,3823,5417,13,2014-04-08 03:08:09.632,2014-04-08 03:08:09.632,"7fa97217-a75d-42fc-8df5-d32b353c95ec",false,49204,"1001",false,,false,,,94369
2014-02-11 14:49:49.763,Unit #178,-85.00,109980,3823,5417,13,2014-04-08 03:08:09.720,2014-04-08 03:08:09.720,c890ee4b-e0b6-473e-8206-4122e827dcbf,false,49204,"4000",false,,false,,,94370
2014-02-26 18:17:02.208,Visa XXXX0185,125.00,109999,3824,5419,13,2014-04-08 03:08:10.899,2014-04-08 03:08:10.899,b37f9ef3-bdad-4da7-8931-82d2b34132a9,false,49208,"1020",false,,false,,,94371
2014-02-26 18:17:02.208,Unit #180,-125.00,109991,3824,5419,13,2014-04-08 03:08:10.911,2014-04-08 03:08:10.911,acd5e9ac-b1a7-440b-8b2d-7aec3cc91611,false,49208,"4000",false,,false,,,94372
2014-03-18 20:03:16.488,Visa XXXX0185,125.00,110003,3824,5419,13,2014-04-08 03:08:11.214,2014-04-08 03:08:11.214,"9fac4d5c-f2a9-44cb-b41b-a9f5d8bde864",false,49211,"1020",false,,false,,,94373
2014-03-18 20:03:16.488,Unit #180,-125.00,109991,3824,5419,13,2014-04-08 03:08:11.224,2014-04-08 03:08:11.224,"4d4b2d46-37cf-4060-b5a3-99776ef8bc6c",false,49211,"4000",false,,false,,,94374
2014-03-18 20:03:16.488,Visa XXXX0185,45.00,110003,3824,5419,13,2014-04-08 03:08:11.288,2014-04-08 03:08:11.288,"03f70ca0-95ea-4a46-bf83-77949df809c1",false,49212,"1020",false,,false,,,94375
2014-03-18 20:03:16.488,IMPORT-LATE1,-45.00,109992,3824,5419,13,2014-04-08 03:08:11.300,2014-04-08 03:08:11.300,b0390010-4bcc-414b-b14e-c75dc5cc9966,false,49212,"4052",false,,false,,,94376
2014-03-18 20:03:16.488,Visa XXXX0185,85.00,110003,3824,5419,13,2014-04-08 03:08:11.367,2014-04-08 03:08:11.367,"9f302849-5202-4e31-b414-bd93f5ae5aeb",false,49213,"1020",false,,false,,,94377
2014-03-18 20:03:16.488,Unit #180,-85.00,109993,3824,5419,13,2014-04-08 03:08:11.379,2014-04-08 03:08:11.379,"2f9b7cfe-073d-4d86-a21b-ff51400e02e9",false,49213,"4000",false,,false,,,94378
2014-03-18 20:03:16.488,Visa XXXX0185,85.00,110003,3824,5419,13,2014-04-08 03:08:11.533,2014-04-08 03:08:11.533,"1c34d0e8-a4db-4629-b1a3-a20ecdbea77b",false,49214,"1020",false,,false,,,94379
2014-03-18 20:03:16.488,Unit #180,-85.00,109998,3824,5419,13,2014-04-08 03:08:11.546,2014-04-08 03:08:11.546,"75156dca-8b41-464e-b4e5-ea9cceef1c40",false,49214,"4000",false,,false,,,94380
2014-03-18 20:03:16.488,Visa XXXX0185,15.00,110003,3824,5419,13,2014-04-08 03:08:11.612,2014-04-08 03:08:11.612,dd421bee-cf2d-4c7c-9ad6-3396018b153d,false,49215,"1020",false,,false,,,94381
2014-03-18 20:03:16.488,LF,-15.00,110000,3824,5419,13,2014-04-08 03:08:11.624,2014-04-08 03:08:11.624,e535acba-9e30-4f90-b02b-823d40771ee3,false,49215,"4052",false,,false,,,94382
2014-03-18 20:03:16.488,Visa XXXX0185,15.00,110003,3824,5419,13,2014-04-08 03:08:11.690,2014-04-08 03:08:11.690,a5f9b4a8-d70a-4cef-9aec-bcc9019bc85b,false,49216,"1020",false,,false,,,94383
2014-03-18 20:03:16.488,LF,-15.00,110001,3824,5419,13,2014-04-08 03:08:11.703,2014-04-08 03:08:11.703,"23cfb168-3bf8-4bce-b2d8-396c31f4de87",false,49216,"4052",false,,false,,,94384
2014-03-18 20:03:16.488,Visa XXXX0185,10.00,110003,3824,5419,13,2014-04-08 03:08:11.772,2014-04-08 03:08:11.772,c57bf23e-9de5-4143-9d7c-98f4ffc3871c,false,49217,"1020",false,,false,,,94385
2014-03-18 20:03:16.488,Unit #180,-10.00,110002,3824,5419,13,2014-04-08 03:08:11.785,2014-04-08 03:08:11.785,"70697a4e-09ac-4a09-b7b6-cc6f3c5b4ebe",false,49217,"4000",false,,false,,,94386
2014-02-05 17:06:42.954,Check #1013,85.00,110006,3825,5420,13,2014-04-08 03:08:12.551,2014-04-08 03:08:12.551,ad27d0b7-7338-4c12-a971-c8fbd8fd06e4,false,49218,"1001",false,,false,,,94387
2014-02-05 17:06:42.954,Unit #181,-85.00,110005,3825,5420,13,2014-04-08 03:08:12.564,2014-04-08 03:08:12.564,ded932bb-3f11-469d-a3f2-0d3f1afae371,false,49218,"4000",false,,false,,,94388
2014-03-04 16:23:22.222,Check #1017,85.00,110008,3825,5420,13,2014-04-08 03:08:12.759,2014-04-08 03:08:12.759,"4342ee0e-b8d1-4672-a7cc-8a721bddf062",false,49219,"1001",false,,false,,,94389
2014-03-04 16:23:22.222,Unit #181,-85.00,110007,3825,5420,13,2014-04-08 03:08:12.772,2014-04-08 03:08:12.772,"714299ab-d181-4dc8-9eb9-9b2e51c0ae43",false,49219,"4000",false,,false,,,94390
2014-04-02 14:49:57.005,Check #1020,85.00,110010,3825,5420,13,2014-04-08 03:08:12.888,2014-04-08 03:08:12.888,"47d320b5-de46-441f-a376-325594b40a21",false,49220,"1001",false,,false,,,94391
2014-04-02 14:49:57.005,Unit #181,-85.00,110009,3825,5420,13,2014-04-08 03:08:12.900,2014-04-08 03:08:12.900,ebbb6b4f-9d9e-49dc-afa5-6f2948c305df,false,49220,"4000",false,,false,,,94392
2014-02-07 22:08:56.567,Cash,77.00,110015,3826,5421,13,2014-04-08 03:08:13.704,2014-04-08 03:08:13.704,"5628e87c-f6e6-4123-b94c-9481d0cc84ac",false,49221,"1000",false,,false,,,94393
2014-02-07 22:08:56.567,Unit #182,-77.00,110014,3826,5421,13,2014-04-08 03:08:13.716,2014-04-08 03:08:13.716,"9819bdf0-e8bb-4bc7-8c8d-f9671f7a2bc2",false,49221,"4000",false,,false,,,94394
2014-03-04 21:16:18.219,Cash,77.00,110021,3826,5421,13,2014-04-08 03:08:14.101,2014-04-08 03:08:14.101,"67d65446-8d2d-49ab-8a32-49089dfceff9",false,49224,"1000",false,,false,,,94395
2014-03-04 21:16:18.219,Unit #182,-77.00,110020,3826,5421,13,2014-04-08 03:08:14.113,2014-04-08 03:08:14.113,"1d1c788b-e62e-41d8-9300-f821debc36a2",false,49224,"4000",false,,false,,,94396
2014-02-06 16:26:55.031,Check #0000005747,80.00,110033,3827,5423,13,2014-04-08 03:08:15.376,2014-04-08 03:08:15.376,d776f01e-3503-44e8-a60e-a14a77f61249,false,49228,"1001",false,,false,,,94397
2014-02-06 16:26:55.031,Unit #184,-80.00,110025,3827,5423,13,2014-04-08 03:08:15.388,2014-04-08 03:08:15.388,"3d5c7eb8-15a6-4850-8c0c-c2775fa60c2d",false,49228,"4000",false,,false,,,94398
2014-03-03 18:41:46.206,Check #0000005763,80.00,110037,3827,5423,13,2014-04-08 03:08:15.510,2014-04-08 03:08:15.510,"73d04f6a-dc3a-44ed-bd42-0fecbc0fd3da",false,49229,"1001",false,,false,,,94399
2014-03-03 18:41:46.206,Unit #184,-80.00,110028,3827,5423,13,2014-04-08 03:08:15.521,2014-04-08 03:08:15.521,"3bb71bb2-dcd3-4962-83f5-5a91782d2676",false,49229,"4000",false,,false,,,94400
2014-04-01 20:00:02.163,Check #0000005774,80.00,110039,3827,5423,13,2014-04-08 03:08:15.798,2014-04-08 03:08:15.798,df21990c-fdc6-4648-bc2d-c935dd06513b,false,49231,"1001",false,,false,,,94401
2014-04-01 20:00:02.163,Unit #184,-80.00,110035,3827,5423,13,2014-04-08 03:08:15.810,2014-04-08 03:08:15.810,a9effaaa-d4d5-499f-89ad-f89370a2bf17,false,49231,"4000",false,,false,,,94402
2014-02-20 15:32:31.862,Mastercard XXXX6977,80.00,110048,3828,5424,13,2014-04-08 03:08:17.190,2014-04-08 03:08:17.190,f9a28163-9846-4185-bcf5-ff2a659cdbe8,false,49234,"1021",false,,false,,,94403
2014-02-20 15:32:31.862,Unit #185,-80.00,110043,3828,5424,13,2014-04-08 03:08:17.202,2014-04-08 03:08:17.202,"16158db9-2e26-4cc7-b60a-f0f341b831ae",false,49234,"4000",false,,false,,,94404
2014-03-01 22:03:15.283,Mastercard XXXX6977,80.00,110054,3828,5424,13,2014-04-08 03:08:17.595,2014-04-08 03:08:17.595,"02fa3988-cf34-4059-8473-1cda9a0e1e75",false,49237,"1021",false,,false,,,94405
2014-03-01 22:03:15.283,Unit #185,-80.00,110053,3828,5424,13,2014-04-08 03:08:17.608,2014-04-08 03:08:17.608,"6ebc880b-071c-4f03-988f-1d4273df3760",false,49237,"4000",false,,false,,,94406
2014-03-14 14:44:18.694,Check #2109,75.00,110068,3829,5425,13,2014-04-08 03:08:18.933,2014-04-08 03:08:18.933,f748639b-8fcf-4b66-b9e0-785462e1fd9d,false,49242,"1001",false,,false,,,94409
2014-03-14 14:44:18.694,Unit #186,-75.00,110064,3829,5425,13,2014-04-08 03:08:18.945,2014-04-08 03:08:18.945,"48eeaecb-a8c5-4098-a725-786bf8ba797f",false,49242,"4000",false,,false,,,94410
2014-03-14 14:44:18.694,Check #2109,75.00,110068,3829,5425,13,2014-04-08 03:08:19.088,2014-04-08 03:08:19.088,b4db9bb3-1d02-4fab-8d11-7863c5b04fc6,false,49243,"1001",false,,false,,,94411
2014-03-14 14:44:18.694,Unit #186,-75.00,110067,3829,5425,13,2014-04-08 03:08:19.099,2014-04-08 03:08:19.099,c6e57a11-f2b0-4b8d-b27a-d6fa550d6f6f,false,49243,"4000",false,,false,,,94412
2014-02-07 18:54:01.407,Visa XXXX4354,43.21,110071,5872,7831,13,2014-04-08 03:08:19.735,2014-04-08 03:08:19.735,"001e617c-bf0c-4854-865e-beed996bb26e",false,49244,"1020",false,,false,,,94413
2014-02-07 18:54:01.407,Unit #114,-43.21,110069,5872,7831,13,2014-04-08 03:08:19.747,2014-04-08 03:08:19.747,"6b3f3528-37d6-49a8-938a-332318b0276c",false,49244,"4000",false,,false,,,94414
2014-02-07 18:54:01.407,Visa XXXX4354,15.00,110071,5872,7831,13,2014-04-08 03:08:19.804,2014-04-08 03:08:19.804,"9029e011-8174-4f88-8b65-577d5f199717",false,49245,"1020",false,,false,,,94415
2014-02-07 18:54:01.407,ADMIN-FEE,-15.00,110070,5872,7831,13,2014-04-08 03:08:19.816,2014-04-08 03:08:19.816,"16167545-4d20-49cd-9968-b4bed3aa3f73",false,49245,"4051",false,,false,,,94416
2014-03-01 22:03:13.612,Visa XXXX8183,55.00,110073,5872,7831,13,2014-04-08 03:08:19.932,2014-04-08 03:08:19.932,"53d7f385-9f5f-4820-8a96-9e223c292faa",false,49246,"1020",false,,false,,,94417
2014-03-01 22:03:13.612,Unit #114,-55.00,110072,5872,7831,13,2014-04-08 03:08:19.944,2014-04-08 03:08:19.944,"040de5a9-c15d-4ee4-8257-c9fb448ba2eb",false,49246,"4000",false,,false,,,94418
2014-04-02 21:04:25.052,Visa XXXX8183,55.00,110075,5872,7831,13,2014-04-08 03:08:20.051,2014-04-08 03:08:20.051,d3e323bc-2b8a-4f65-81ea-c39eaa30b177,false,49247,"1020",false,,false,,,94419
2014-04-02 21:04:25.052,Unit #114,-55.00,110074,5872,7831,13,2014-04-08 03:08:20.063,2014-04-08 03:08:20.063,ea7c7cad-8413-4245-bce2-63df2c2f763c,false,49247,"4000",false,,false,,,94420
2014-02-08 15:12:25.568,Cash,63.75,110078,6855,8984,13,2014-04-08 03:08:20.534,2014-04-08 03:08:20.534,"99efebba-1e62-4a2d-a776-1515d9375992",false,49248,"1000",false,,false,,,94421
2014-02-08 15:12:25.568,Unit #156,-63.75,110076,6855,8984,13,2014-04-08 03:08:20.547,2014-04-08 03:08:20.547,"42b49848-b53e-4258-b881-3a7146abdb9e",false,49248,"4000",false,,false,,,94422
2014-02-08 15:12:25.568,Cash,15.00,110078,6855,8984,13,2014-04-08 03:08:20.613,2014-04-08 03:08:20.613,"020f3fac-32e8-4999-ba4f-30829f7c0346",false,49249,"1000",false,,false,,,94423
