ID,TENANT_ID,AMOUNT,HIDDEN,DESCRIPTION,CREATED_AT,ACCOUNT_BALANCE_ITEM_ID,TRANSACTION_TYPE,EFFECTIVE_ON,UUID,REFERENCE_NUMBER,REVERSAL,DAILY_TRANSACTION,UPDATED_AT,INTERNAL_ACCOUNT_CODE,DISPLAY_CODE,ACCOUNT_BALANCE_ID,FACILITY_ID,LEDGER_ID,_FIVETRAN_SYNCED,_FIVETRAN_START,_FIVETRAN_END,_FIVETRAN_ACTIVE
56,3557,-15.00,FALSE,Imported Security Deposit,2014-02-01 00:42:04.899,,,2014-02-01 04:59:00.000,7f65cb7d-786f-4d98-88ee-c8f6ec0a076d,,FALSE,FALSE,2014-02-01 00:42:04.899,2030,,6563,14,5127,2026-07-09 09:47:00.208 Z,2026-07-09 09:43:14.437 Z,9999-12-31 23:59:59.999 Z,TRUE
59,3565,-15.00,FALSE,Imported Security Deposit,2014-02-01 00:42:15.068,,,2014-02-01 04:59:00.000,2d1abd49-0c83-403a-9d8f-4c9e9575d044,,FALSE,FALSE,2014-02-01 00:42:15.068,2030,,6587,14,5135,2026-07-09 09:47:00.208 Z,2026-07-09 09:43:14.437 Z,9999-12-31 23:59:59.999 Z,TRUE
60,3567,-15.00,FALSE,Imported Security Deposit,2014-02-01 00:42:18.210,,,2014-02-01 04:59:00.000,308b15da-1ac7-44bf-90f3-7e73a083de90,,FALSE,FALSE,2014-02-01 00:42:18.210,2030,,6592,14,5137,2026-07-09 09:47:00.208 Z,2026-07-09 09:43:14.437 Z,9999-12-31 23:59:59.999 Z,TRUE
69,3588,-15.00,FALSE,Imported Security Deposit,2014-02-01 00:42:41.927,,,2014-02-01 04:59:00.000,2c08d43e-59ff-42f9-acd8-d8d10d9e1a1c,,FALSE,FALSE,2014-02-01 00:42:41.927,2030,,6646,14,5158,2026-07-09 09:47:00.208 Z,2026-07-09 09:43:14.437 Z,9999-12-31 23:59:59.999 Z,TRUE
70,3590,-15.00,FALSE,Imported Security Deposit,2014-02-01 00:42:44.312,,,2014-02-01 04:59:00.000,e7afbc73-cca0-45fb-91c0-0f86725630b0,,FALSE,FALSE,2014-02-01 00:42:44.312,2030,,6652,14,5160,2026-07-09 09:47:00.208 Z,2026-07-09 09:43:14.437 Z,9999-12-31 23:59:59.999 Z,TRUE
71,3602,-15.00,FALSE,Imported Security Deposit,2014-02-01 00:42:57.361,,,2014-02-01 04:59:00.000,da5f6391-d410-40b6-92f5-a7d5e4b000c0,,FALSE,FALSE,2014-02-01 00:42:57.361,2030,,6682,14,5172,2026-07-09 09:47:00.208 Z,2026-07-09 09:43:14.437 Z,9999-12-31 23:59:59.999 Z,TRUE
78,3624,-15.00,FALSE,Imported Security Deposit,2014-02-01 00:43:24.127,,,2014-02-01 04:59:00.000,3290c473-a2c0-4dca-aae1-4ae08204d825,,FALSE,FALSE,2014-02-01 00:43:24.127,2030,,6743,14,5195,2026-07-09 09:47:00.208 Z,2026-07-09 09:43:14.437 Z,9999-12-31 23:59:59.999 Z,TRUE
81,3629,-15.00,FALSE,Imported Security Deposit,2014-02-01 00:43:30.113,,,2014-02-01 04:59:00.000,f56b8feb-a4a3-49e2-8930-40f77fa7d23d,,FALSE,FALSE,2014-02-01 00:43:30.113,2030,,6756,14,5200,2026-07-09 09:47:00.208 Z,2026-07-09 09:43:14.437 Z,9999-12-31 23:59:59.999 Z,TRUE
82,3630,-15.00,FALSE,Imported Security Deposit,2014-02-01 00:43:31.101,,,2014-02-01 04:59:00.000,c7f3383f-5561-4be2-a75a-cf15f65e46ad,,FALSE,FALSE,2014-02-01 00:43:31.101,2030,,6758,14,5201,2026-07-09 09:47:00.208 Z,2026-07-09 09:43:14.437 Z,9999-12-31 23:59:59.999 Z,TRUE
89,3644,-15.00,FALSE,Imported Security Deposit,2014-02-01 00:43:51.356,,,2014-02-01 04:59:00.000,3bc49a21-2e04-4a40-8024-35a387a17132,,FALSE,FALSE,2014-02-01 00:43:51.356,2030,,6803,14,5217,2026-07-09 09:47:00.208 Z,2026-07-09 09:43:14.437 Z,9999-12-31 23:59:59.999 Z,TRUE
90,3648,-15.00,FALSE,Imported Security Deposit,2014-02-01 00:43:56.813,,,2014-02-01 04:59:00.000,7ca5d32e-be9a-4075-b9aa-20ed5951f538,,FALSE,FALSE,2014-02-01 00:43:56.813,2030,,6814,14,5221,2026-07-09 09:47:00.208 Z,2026-07-09 09:43:14.437 Z,9999-12-31 23:59:59.999 Z,TRUE
91,3665,-15.00,FALSE,Imported Security Deposit,2014-02-01 00:44:16.882,,,2014-02-01 04:59:00.000,2f1d2342-79fd-42b1-a486-d52bc4642490,,FALSE,FALSE,2014-02-01 00:44:16.882,2030,,6860,14,5243,2026-07-09 09:47:00.208 Z,2026-07-09 09:43:14.437 Z,9999-12-31 23:59:59.999 Z,TRUE
92,3668,-15.00,FALSE,Imported Security Deposit,2014-02-01 00:44:19.495,,,2014-02-01 04:59:00.000,adbdd413-e4a8-4baf-88c2-c9848f596093,,FALSE,FALSE,2014-02-01 00:44:19.495,2030,,6866,14,5246,2026-07-09 09:47:00.208 Z,2026-07-09 09:43:14.437 Z,9999-12-31 23:59:59.999 Z,TRUE
93,3669,-15.00,FALSE,Imported Security Deposit,2014-02-01 00:44:20.476,,,2014-02-01 04:59:00.000,5df9b10b-1587-4faf-b198-7d5edb9b488c,,FALSE,FALSE,2014-02-01 00:44:20.476,2030,,6869,14,5247,2026-07-09 09:47:00.208 Z,2026-07-09 09:43:14.437 Z,9999-12-31 23:59:59.999 Z,TRUE
94,3675,-15.00,FALSE,Imported Security Deposit,2014-02-01 00:44:29.021,,,2014-02-01 04:59:00.000,8f596dd0-2029-4796-af68-5ec7b2d0caf6,,FALSE,FALSE,2014-02-01 00:44:29.021,2030,,6886,14,5253,2026-07-09 09:47:00.208 Z,2026-07-09 09:43:14.437 Z,9999-12-31 23:59:59.999 Z,TRUE
97,3682,-15.00,FALSE,Imported Security Deposit,2014-02-01 00:50:41.633,,,2014-01-31 22:00:00.000,e86c2207-5522-4f61-b1be-d5a488cc1222,,FALSE,FALSE,2014-02-01 00:50:41.633,2030,,6909,13,5262,2026-07-09 09:47:00.208 Z,2026-07-09 09:43:14.437 Z,9999-12-31 23:59:59.999 Z,TRUE
102,3686,-30.00,FALSE,Imported Security Deposit,2014-02-01 00:50:45.643,,,2014-01-31 22:00:00.000,b117c39a-519d-4536-b407-870a60e433e8,,FALSE,FALSE,2014-02-01 00:50:45.643,2030,,6919,13,5266,2026-07-09 09:47:00.208 Z,2026-07-09 09:43:14.437 Z,9999-12-31 23:59:59.999 Z,TRUE
115,3714,-15.00,FALSE,Imported Security Deposit,2014-02-01 00:51:16.256,,,2014-01-31 22:00:00.000,4c4a7428-f77a-45bc-a4ac-c83f3701011d,,FALSE,FALSE,2014-02-01 00:51:16.256,2030,,6992,13,5296,2026-07-09 09:47:00.208 Z,2026-07-09 09:43:14.437 Z,9999-12-31 23:59:59.999 Z,TRUE
120,3718,-15.00,FALSE,Imported Security Deposit,2014-02-01 00:51:20.637,,,2014-01-31 22:00:00.000,787f3534-8b2d-40c3-ab88-959672a2f029,,FALSE,FALSE,2014-02-01 00:51:20.637,2030,,7003,13,5300,2026-07-09 09:47:00.208 Z,2026-07-09 09:43:14.437 Z,9999-12-31 23:59:59.999 Z,TRUE
121,3722,-15.00,FALSE,Imported Security Deposit,2014-02-01 00:51:26.945,,,2014-01-31 22:00:00.000,a94d58e4-093f-4d2e-9551-e9d5e13ab215,,FALSE,FALSE,2014-02-01 00:51:26.945,2030,,7017,13,5304,2026-07-09 09:47:00.208 Z,2026-07-09 09:43:14.437 Z,9999-12-31 23:59:59.999 Z,TRUE
126,3734,-15.00,FALSE,Imported Security Deposit,2014-02-01 00:51:40.019,,,2014-01-31 22:00:00.000,2346172f-b965-4de1-886c-03c432dcb80c,,FALSE,FALSE,2014-02-01 00:51:40.019,2030,,7048,13,5317,2026-07-09 09:47:00.208 Z,2026-07-09 09:43:14.437 Z,9999-12-31 23:59:59.999 Z,TRUE
137,3757,-15.00,FALSE,Imported Security Deposit,2014-02-01 00:52:12.766,,,2014-01-31 22:00:00.000,6d57abec-6289-45be-86f7-18c62846881a,,FALSE,FALSE,2014-02-01 00:52:12.766,2030,,7123,13,5343,2026-07-09 09:47:00.208 Z,2026-07-09 09:43:14.437 Z,9999-12-31 23:59:59.999 Z,TRUE
138,3760,-15.00,FALSE,Imported Security Deposit,2014-02-01 00:52:16.230,,,2014-01-31 22:00:00.000,4cda7ad1-0725-4e84-bc47-d639329f5434,,FALSE,FALSE,2014-02-01 00:52:16.230,2030,,7131,13,5346,2026-07-09 09:47:00.208 Z,2026-07-09 09:43:14.437 Z,9999-12-31 23:59:59.999 Z,TRUE
139,3763,-15.00,FALSE,Imported Security Deposit,2014-02-01 00:52:20.256,,,2014-01-31 22:00:00.000,901a567a-498e-40fb-af34-964590a4ca7f,,FALSE,FALSE,2014-02-01 00:52:20.256,2030,,7139,13,5349,2026-07-09 09:47:00.208 Z,2026-07-09 09:43:14.437 Z,9999-12-31 23:59:59.999 Z,TRUE
140,3764,-15.00,FALSE,Imported Security Deposit,2014-02-01 00:52:21.108,,,2014-01-31 22:00:00.000,b17577cb-4268-4f33-8e6d-a4cf4fd9a1f3,,FALSE,FALSE,2014-02-01 00:52:21.108,2030,,7141,13,5350,2026-07-09 09:47:00.208 Z,2026-07-09 09:43:14.437 Z,9999-12-31 23:59:59.999 Z,TRUE
157,3794,-15.00,FALSE,Imported Security Deposit,2014-02-01 00:52:53.498,,,2014-01-31 22:00:00.000,2ed4b5e7-e36a-4875-a373-45fff9069123,,FALSE,FALSE,2014-02-01 00:52:53.498,2030,,7219,13,5384,2026-07-09 09:47:00.208 Z,2026-07-09 09:43:14.437 Z,9999-12-31 23:59:59.999 Z,TRUE
162,3805,-30.00,FALSE,Imported Security Deposit,2014-02-01 00:53:06.641,,,2014-01-31 22:00:00.000,2bee172f-ef84-4120-8d29-ab5cc42f3f42,,FALSE,FALSE,2014-02-01 00:53:06.641,2030,,7249,13,5397,2026-07-09 09:47:00.208 Z,2026-07-09 09:43:14.437 Z,9999-12-31 23:59:59.999 Z,TRUE
165,3810,-15.00,FALSE,Imported Security Deposit,2014-02-01 00:53:12.468,,,2014-01-31 22:00:00.000,13d84e88-b5f5-4047-a054-6c77bdc89e43,,FALSE,FALSE,2014-02-01 00:53:12.468,2030,,7262,13,5403,2026-07-09 09:47:00.208 Z,2026-07-09 09:43:14.437 Z,9999-12-31 23:59:59.999 Z,TRUE
168,3826,-15.00,FALSE,Imported Security Deposit,2014-02-01 00:53:33.041,,,2014-01-31 22:00:00.000,02778aec-4034-4316-92df-fe20c46591f8,,FALSE,FALSE,2014-02-01 00:53:33.041,2030,,7307,13,5421,2026-07-09 09:47:00.208 Z,2026-07-09 09:43:14.437 Z,9999-12-31 23:59:59.999 Z,TRUE
169,3828,-15.00,FALSE,Imported Security Deposit,2014-02-01 00:53:35.807,,,2014-01-31 22:00:00.000,8d6958b7-fdd5-4117-a9e1-ab9756011702,,FALSE,FALSE,2014-02-01 00:53:35.807,2030,,7314,13,5424,2026-07-09 09:47:00.208 Z,2026-07-09 09:43:14.437 Z,9999-12-31 23:59:59.999 Z,TRUE
172,3770,-15.00,FALSE,Imported Security Deposit,2014-02-01 00:53:38.036,,,2014-01-31 22:00:00.000,32b28561-6411-40cc-a4ba-018644728b97,,FALSE,FALSE,2014-02-01 00:53:38.036,2030,,7319,13,5426,2026-07-09 09:47:00.208 Z,2026-07-09 09:43:14.437 Z,9999-12-31 23:59:59.999 Z,TRUE
58275,3761,15.00,FALSE,Credit Card - Visa,2014-02-13 21:58:21.076,30679,,2014-02-13 21:58:21.075,8de0d19c-c69d-4f23-898e-0e9401e239aa,,FALSE,FALSE,2014-02-13 21:58:21.076,1020,,40516,13,,2026-07-09 09:47:00.209 Z,2026-07-09 09:43:14.437 Z,9999-12-31 23:59:59.999 Z,TRUE
58276,3761,-15.00,FALSE,Late Fee Revenue,2014-02-13 21:58:21.091,30679,,2014-02-13 21:58:21.089,2b146eb6-1e1f-453b-ac99-6dcae5e4d074,,FALSE,FALSE,2014-02-13 21:58:21.091,4052,,40514,13,,2026-07-09 09:47:00.209 Z,2026-07-09 09:43:14.437 Z,9999-12-31 23:59:59.999 Z,TRUE
90864,3609,25.00,FALSE,Credit Card - Visa,2014-03-13 15:22:06.253,47181,,2014-03-13 15:22:06.251,5dc6f518-41db-48e5-b2ee-abed2fca4230,,FALSE,FALSE,2014-03-13 15:22:06.253,1020,,87631,14,,2026-07-09 09:47:00.209 Z,2026-07-09 09:43:14.437 Z,9999-12-31 23:59:59.999 Z,TRUE
90865,3609,-25.00,FALSE,General Fee Revenue,2014-03-13 15:22:06.267,47181,,2014-03-13 15:22:06.266,09a4f97a-d1f1-4de3-8996-d892390b7a87,,FALSE,FALSE,2014-03-13 15:22:06.267,4050,,87630,14,,2026-07-09 09:47:00.209 Z,2026-07-09 09:43:14.437 Z,9999-12-31 23:59:59.999 Z,TRUE
91533,3773,25.00,FALSE,Cash,2014-03-19 18:46:34.521,47520,,2014-03-19 18:46:34.520,f8abff62-3985-449f-a903-3f22b1d91fee,,FALSE,FALSE,2014-03-19 18:46:34.521,1000,,98113,13,,2026-07-09 09:47:00.209 Z,2026-07-09 09:43:14.437 Z,9999-12-31 23:59:59.999 Z,TRUE
91534,3773,-25.00,FALSE,General Fee Revenue,2014-03-19 18:46:34.535,47520,,2014-03-19 18:46:34.533,e0a19850-3e50-405c-b7a7-afc40d6ae198,,FALSE,FALSE,2014-03-19 18:46:34.535,4050,,98112,13,,2026-07-09 09:47:00.209 Z,2026-07-09 09:43:14.437 Z,9999-12-31 23:59:59.999 Z,TRUE
93361,3680,160.00,FALSE,Cash,2014-04-08 03:04:51.465,48438,,2014-02-03 17:03:30.957,f9ce58bd-44d6-4a7a-84a5-2c9043421d4a,,FALSE,FALSE,2014-04-08 03:04:51.465,1000,,108209,13,5260,2026-07-09 09:47:00.209 Z,2026-07-09 09:43:14.437 Z,9999-12-31 23:59:59.999 Z,TRUE
93362,3680,-160.00,FALSE,Unit #001,2014-04-08 03:04:51.480,48438,,2014-02-03 17:03:30.957,f2637bad-0fba-4547-b456-756be1f76e4e,,FALSE,FALSE,2014-04-08 03:04:51.480,4000,,108206,13,5260,2026-07-09 09:43:20.182 Z,2026-07-09 09:43:14.437 Z,9999-12-31 23:59:59.999 Z,TRUE
93363,3680,30.00,FALSE,Cash,2014-04-08 03:04:51.838,48441,,2014-03-18 20:00:30.170,e89993a3-35bc-48da-82bf-8b63515a7a06,,FALSE,FALSE,2014-04-08 03:04:51.838,1000,,108217,13,5260,2026-07-09 09:47:00.209 Z,2026-07-09 09:43:14.437 Z,9999-12-31 23:59:59.999 Z,TRUE
93364,3680,-30.00,FALSE,Unit #001,2014-04-08 03:04:51.849,48441,,2014-03-18 20:00:30.170,2d6a0b4a-b10b-4efd-b16f-96f0bb451a06,,FALSE,FALSE,2014-04-08 03:04:51.849,4000,,108206,13,5260,2026-07-09 09:47:00.209 Z,2026-07-09 09:43:14.437 Z,9999-12-31 23:59:59.999 Z,TRUE
93365,3680,65.00,FALSE,Cash,2014-04-08 03:04:51.915,48442,,2014-03-18 20:00:30.170,788761b7-ca10-4778-a6d3-a8a1a8d751a7,,FALSE,FALSE,2014-04-08 03:04:51.915,1000,,108217,13,5260,2026-07-09 09:47:00.209 Z,2026-07-09 09:43:14.437 Z,9999-12-31 23:59:59.999 Z,TRUE
93366,3680,-65.00,FALSE,Unit #001,2014-04-08 03:04:51.926,48442,,2014-03-18 20:00:30.170,250ba3fe-c4a7-4831-aae3-7b42a59ab361,,FALSE,FALSE,2014-04-08 03:04:51.926,4000,,108208,13,5260,2026-07-09 09:47:00.209 Z,2026-07-09 09:43:14.437 Z,9999-12-31 23:59:59.999 Z,TRUE
93367,3680,65.00,FALSE,Cash,2014-04-08 03:04:52.021,48443,,2014-03-26 20:59:25.107,f09d58c5-0e82-4f41-b155-d0f4cbb4f75a,,FALSE,FALSE,2014-04-08 03:04:52.021,1000,,108218,13,5260,2026-07-09 09:47:00.209 Z,2026-07-09 09:43:14.437 Z,9999-12-31 23:59:59.999 Z,TRUE
93368,3680,-65.00,FALSE,Unit #001,2014-04-08 03:04:52.032,48443,,2014-03-26 20:59:25.107,89a56ced-e24a-434b-a3ff-31ef66f0b0bd,,FALSE,FALSE,2014-04-08 03:04:52.032,4000,,108214,13,5260,2026-07-09 09:47:00.209 Z,2026-07-09 09:43:14.437 Z,9999-12-31 23:59:59.999 Z,TRUE
93369,3680,15.00,FALSE,Cash,2014-04-08 03:04:52.094,48444,,2014-03-26 20:59:25.107,347497ee-4cfb-4b91-966e-75c4a184ab7f,,FALSE,FALSE,2014-04-08 03:04:52.094,1000,,108218,13,5260,2026-07-09 09:47:00.210 Z,2026-07-09 09:43:14.437 Z,9999-12-31 23:59:59.999 Z,TRUE
93370,3680,-15.00,FALSE,LF,2014-04-08 03:04:52.105,48444,,2014-03-26 20:59:25.107,c6b02ab9-3fbe-413f-96d4-77621f4597a2,,FALSE,FALSE,2014-04-08 03:04:52.105,4052,,108215,13,5260,2026-07-09 09:47:00.210 Z,2026-07-09 09:43:14.437 Z,9999-12-31 23:59:59.999 Z,TRUE
93371,3680,15.00,FALSE,Cash,2014-04-08 03:04:52.166,48445,,2014-03-26 20:59:25.107,e41358c2-c93e-47c9-a493-19b76cd4e118,,FALSE,FALSE,2014-04-08 03:04:52.166,1000,,108218,13,5260,2026-07-09 09:47:00.210 Z,2026-07-09 09:43:14.437 Z,9999-12-31 23:59:59.999 Z,TRUE
93372,3680,-15.00,FALSE,LF,2014-04-08 03:04:52.177,48445,,2014-03-26 20:59:25.107,f7db04b4-ce4a-4be7-946a-60787c8a4979,,FALSE,FALSE,2014-04-08 03:04:52.177,4052,,108216,13,5260,2026-07-09 09:47:00.210 Z,2026-07-09 09:43:14.437 Z,9999-12-31 23:59:59.999 Z,TRUE
93373,3680,45.00,FALSE,Cash,2014-04-08 03:04:52.796,48446,,2014-04-08 03:04:52.788,50588a8e-324a-49f1-8437-1195f965a385,,FALSE,FALSE,2014-04-08 03:04:52.796,1000,,108217,13,5260,2026-07-09 09:47:00.210 Z,2026-07-09 09:43:14.437 Z,9999-12-31 23:59:59.999 Z,TRUE
93374,3680,-45.00,FALSE,IMPORT-LATE1,2014-04-08 03:04:52.806,48446,,2014-04-08 03:04:52.788,c4aa8b48-e468-4d40-b919-0a7a5d531718,,FALSE,FALSE,2014-04-08 03:04:52.806,4052,,108207,13,5260,2026-07-09 09:47:00.210 Z,2026-07-09 09:43:14.437 Z,9999-12-31 23:59:59.999 Z,TRUE
93387,3683,65.00,FALSE,Cash,2014-04-08 03:04:55.039,48453,,2014-02-25 19:51:46.035,cd454d26-1773-4b20-83c0-48c480e4507d,,FALSE,FALSE,2014-04-08 03:04:55.039,1000,,108240,13,5263,2026-07-09 09:47:00.210 Z,2026-07-09 09:43:14.437 Z,9999-12-31 23:59:59.999 Z,TRUE
93388,3683,-65.00,FALSE,Unit #005,2014-04-08 03:04:55.050,48453,,2014-02-25 19:51:46.035,ea84a5c5-380f-45b3-8ca1-9cf9c007ed7f,,FALSE,FALSE,2014-04-08 03:04:55.050,4000,,108239,13,5263,2026-07-09 09:47:00.210 Z,2026-07-09 09:43:14.437 Z,9999-12-31 23:59:59.999 Z,TRUE
93391,3683,40.00,FALSE,Cash,2014-04-08 03:04:55.673,48455,,2014-02-25 19:51:23.643,c54e94ac-067f-488d-8e6a-599f5573a642,,FALSE,FALSE,2014-04-08 03:04:55.673,1000,,108246,13,5323,2026-07-09 09:47:00.210 Z,2026-07-09 09:43:14.437 Z,9999-12-31 23:59:59.999 Z,TRUE
93392,3683,-40.00,FALSE,Unit #066,2014-04-08 03:04:55.684,48455,,2014-02-25 19:51:23.643,15d9bbe5-7093-4855-967c-fd3738bf795f,,FALSE,FALSE,2014-04-08 03:04:55.684,4000,,108245,13,5323,2026-07-09 09:47:00.210 Z,2026-07-09 09:43:14.437 Z,9999-12-31 23:59:59.999 Z,TRUE
93393,3683,34.82,FALSE,Cash,2014-04-08 03:04:56.170,48456,,2014-02-14 16:16:46.574,f83285bf-c0fe-4fec-8804-8c3eead5c105,,FALSE,FALSE,2014-04-08 03:04:56.170,1000,,108250,13,13144,2026-07-09 09:47:00.210 Z,2026-07-09 09:43:14.437 Z,9999-12-31 23:59:59.999 Z,TRUE
93394,3683,-34.82,FALSE,Unit #002,2014-04-08 03:04:56.181,48456,,2014-02-14 16:16:46.574,ad38cedb-facc-4dfc-acad-59bf82ca1f4a,,FALSE,FALSE,2014-04-08 03:04:56.181,4000,,108248,13,13144,2026-07-09 09:47:00.210 Z,2026-07-09 09:43:14.437 Z,9999-12-31 23:59:59.999 Z,TRUE
93395,3683,15.00,FALSE,Cash,2014-04-08 03:04:56.237,48457,,2014-02-14 16:16:46.574,ac44aa24-ee4e-45d0-9bdc-f4f1b49aac21,,FALSE,FALSE,2014-04-08 03:04:56.237,1000,,108250,13,13144,2026-07-09 09:47:00.210 Z,2026-07-09 09:43:14.437 Z,9999-12-31 23:59:59.999 Z,TRUE
93396,3683,-15.00,FALSE,ADMIN-FEE,2014-04-08 03:04:56.247,48457,,2014-02-14 16:16:46.574,630f0aad-e889-430e-9cd4-d42c04a1dedb,,FALSE,FALSE,2014-04-08 03:04:56.247,4051,,108249,13,13144,2026-07-09 09:47:00.210 Z,2026-07-09 09:43:14.437 Z,9999-12-31 23:59:59.999 Z,TRUE
93397,3683,65.00,FALSE,Cash,2014-04-08 03:04:56.357,48458,,2014-02-25 19:52:09.690,2f5b9318-ec3b-47bb-9530-d8fcc85ff613,,FALSE,FALSE,2014-04-08 03:04:56.357,1000,,108252,13,13144,2026-07-09 09:47:00.210 Z,2026-07-09 09:43:14.437 Z,9999-12-31 23:59:59.999 Z,TRUE
93398,3683,-65.00,FALSE,Unit #002,2014-04-08 03:04:56.368,48458,,2014-02-25 19:52:09.690,67dfbbd2-5ec0-41df-ad7d-b4e324ee669c,,FALSE,FALSE,2014-04-08 03:04:56.368,4000,,108251,13,13144,2026-07-09 09:47:00.210 Z,2026-07-09 09:43:14.437 Z,9999-12-31 23:59:59.999 Z,TRUE
93399,3684,65.00,FALSE,Visa XXXX0194,2014-04-08 03:04:56.980,48459,,2014-02-08 16:45:46.615,ab78e63b-1c8a-4097-9cb6-b33a9d52a6bd,,FALSE,FALSE,2014-04-08 03:04:56.980,1020,,108256,13,5264,2026-07-09 09:47:00.210 Z,2026-07-09 09:43:14.437 Z,9999-12-31 23:59:59.999 Z,TRUE
93400,3684,-65.00,FALSE,Unit #006,2014-04-08 03:04:56.990,48459,,2014-02-08 16:45:46.615,dd4116d6-48ad-4571-9ad6-e31478ec84e8,,FALSE,FALSE,2014-04-08 03:04:56.990,4000,,108255,13,5264,2026-07-09 09:47:00.210 Z,2026-07-09 09:43:14.437 Z,9999-12-31 23:59:59.999 Z,TRUE
93401,3684,65.00,FALSE,Visa XXXX0194,2014-04-08 03:04:57.160,48460,,2014-03-11 19:49:18.232,7443e7e9-0ccb-44f6-b124-92ba088f629b,,FALSE,FALSE,2014-04-08 03:04:57.160,1020,,108259,13,5264,2026-07-09 09:47:00.210 Z,2026-07-09 09:43:14.437 Z,9999-12-31 23:59:59.999 Z,TRUE
93402,3684,-65.00,FALSE,Unit #006,2014-04-08 03:04:57.171,48460,,2014-03-11 19:49:18.232,34d2ae89-e400-4a74-8c6f-08fb31169ab0,,FALSE,FALSE,2014-04-08 03:04:57.171,4000,,108257,13,5264,2026-07-09 09:47:00.210 Z,2026-07-09 09:43:14.437 Z,9999-12-31 23:59:59.999 Z,TRUE
93403,3684,15.00,FALSE,Visa XXXX0194,2014-04-08 03:04:57.231,48461,,2014-03-11 19:49:18.232,04c1ccf4-31f9-4109-bf18-d84daefe547d,,FALSE,FALSE,2014-04-08 03:04:57.231,1020,,108259,13,5264,2026-07-09 09:47:00.210 Z,2026-07-09 09:43:14.437 Z,9999-12-31 23:59:59.999 Z,TRUE
93404,3684,-15.00,FALSE,LF,2014-04-08 03:04:57.242,48461,,2014-03-11 19:49:18.232,269a9095-d5e0-43a5-8c1b-0bad655d6ce6,,FALSE,FALSE,2014-04-08 03:04:57.242,4052,,108258,13,5264,2026-07-09 09:47:00.210 Z,2026-07-09 09:43:14.437 Z,9999-12-31 23:59:59.999 Z,TRUE
93405,3684,65.00,FALSE,Visa XXXX0194,2014-04-08 03:04:57.343,48462,,2014-04-07 18:42:25.017,cf8004a1-5a77-409b-89dd-8634e7def5e0,,FALSE,FALSE,2014-04-08 03:04:57.343,1020,,108261,13,5264,2026-07-09 09:47:00.210 Z,2026-07-09 09:43:14.437 Z,9999-12-31 23:59:59.999 Z,TRUE
93406,3684,-65.00,FALSE,Unit #006,2014-04-08 03:04:57.354,48462,,2014-04-07 18:42:25.017,4d1df0f6-20c8-4373-bfd5-518f704be310,,FALSE,FALSE,2014-04-08 03:04:57.354,4000,,108260,13,5264,2026-07-09 09:47:00.210 Z,2026-07-09 09:43:14.437 Z,9999-12-31 23:59:59.999 Z,TRUE
93407,3685,65.00,FALSE,Check #2353,2014-04-08 03:04:58.097,48463,,2014-02-03 15:49:53.693,168228e6-50d7-4c2b-98c6-d4c10d3669d9,,FALSE,FALSE,2014-04-08 03:04:58.097,1001,,108264,13,5265,2026-07-09 09:47:00.210 Z,2026-07-09 09:43:14.437 Z,9999-12-31 23:59:59.999 Z,TRUE
93408,3685,-65.00,FALSE,Unit #007,2014-04-08 03:04:58.108,48463,,2014-02-03 15:49:53.693,52f9562f-8433-4d9c-9f9e-13547cdce8f8,,FALSE,FALSE,2014-04-08 03:04:58.108,4000,,108263,13,5265,2026-07-09 09:47:00.210 Z,2026-07-09 09:43:14.437 Z,9999-12-31 23:59:59.999 Z,TRUE
93409,3685,65.00,FALSE,Check #2361,2014-04-08 03:04:58.465,48466,,2014-03-03 21:58:44.513,377426b8-1490-4934-9d5f-e67884f47ca1,,FALSE,FALSE,2014-04-08 03:04:58.465,1001,,108270,13,5265,2026-07-09 09:47:00.210 Z,2026-07-09 09:43:14.437 Z,9999-12-31 23:59:59.999 Z,TRUE
93410,3685,-65.00,FALSE,Unit #007,2014-04-08 03:04:58.476,48466,,2014-03-03 21:58:44.513,aaebddc1-6b4f-4565-9cd2-397d07b5c70e,,FALSE,FALSE,2014-04-08 03:04:58.476,4000,,108269,13,5265,2026-07-09 09:47:00.210 Z,2026-07-09 09:43:14.437 Z,9999-12-31 23:59:59.999 Z,TRUE
93411,3685,65.00,FALSE,Check #2370,2014-04-08 03:04:58.577,48467,,2014-04-03 14:47:54.847,a3d83521-d82e-4c07-9eb5-9bc3f86a5ab4,,FALSE,FALSE,2014-04-08 03:04:58.577,1001,,108273,13,5265,2026-07-09 09:47:00.210 Z,2026-07-09 09:43:14.437 Z,9999-12-31 23:59:59.999 Z,TRUE
93412,3685,-65.00,FALSE,Unit #007,2014-04-08 03:04:58.587,48467,,2014-04-03 14:47:54.847,f4dbfdd5-bfa3-4a11-b5c7-63680858c44c,,FALSE,FALSE,2014-04-08 03:04:58.587,4000,,108271,13,5265,2026-07-09 09:47:00.210 Z,2026-07-09 09:43:14.437 Z,9999-12-31 23:59:59.999 Z,TRUE
93415,3686,60.00,FALSE,Check #98893954,2014-04-08 03:04:59.839,48471,,2014-03-03 22:07:03.169,f583198d-c544-44b8-9c97-4c1c2a62a939,,FALSE,FALSE,2014-04-08 03:04:59.839,1001,,108284,13,5266,2026-07-09 09:47:00.210 Z,2026-07-09 09:43:14.437 Z,9999-12-31 23:59:59.999 Z,TRUE
93416,3686,-60.00,FALSE,Unit #008,2014-04-08 03:04:59.850,48471,,2014-03-03 22:07:03.169,0d734f84-4bef-4aca-946b-c21ba776ef18,,FALSE,FALSE,2014-04-08 03:04:59.850,4000,,108283,13,5266,2026-07-09 09:47:00.215 Z,2026-07-09 09:43:14.437 Z,9999-12-31 23:59:59.999 Z,TRUE
93417,3686,5.00,FALSE,Visa XXXX3038,2014-04-08 03:04:59.937,48472,,2014-03-28 17:13:06.393,6d646fbf-5924-4ed1-874e-8601c2e6c319,,FALSE,FALSE,2014-04-08 03:04:59.937,1020,,108287,13,5266,2026-07-09 09:47:00.215 Z,2026-07-09 09:43:14.437 Z,9999-12-31 23:59:59.999 Z,TRUE
93418,3686,-5.00,FALSE,Unit #008,2014-04-08 03:04:59.948,48472,,2014-03-28 17:13:06.393,1f09a59e-92b6-4c1a-ab3f-336db98905ba,,FALSE,FALSE,2014-04-08 03:04:59.948,4000,,108283,13,5266,2026-07-09 09:47:00.215 Z,2026-07-09 09:43:14.437 Z,9999-12-31 23:59:59.999 Z,TRUE
93419,3686,15.00,FALSE,Visa XXXX3038,2014-04-08 03:05:00.025,48473,,2014-03-28 17:13:06.393,b24af770-8ded-4e58-8941-30d8502029c5,,FALSE,FALSE,2014-04-08 03:05:00.025,1020,,108287,13,5266,2026-07-09 09:47:00.215 Z,2026-07-09 09:43:14.437 Z,9999-12-31 23:59:59.999 Z,TRUE
93420,3686,-15.00,FALSE,LF,2014-04-08 03:05:00.037,48473,,2014-03-28 17:13:06.393,95073bed-f954-4ce4-be4e-8d395db00846,,FALSE,FALSE,2014-04-08 03:05:00.037,4052,,108285,13,5266,2026-07-09 09:47:00.215 Z,2026-07-09 09:43:14.437 Z,9999-12-31 23:59:59.999 Z,TRUE
93421,3686,30.00,FALSE,Visa XXXX3038,2014-04-08 03:05:00.177,48474,,2014-03-28 17:13:06.393,6500bc82-b903-4d1c-8c83-72233dedb402,,FALSE,FALSE,2014-04-08 03:05:00.177,1020,,108287,13,5266,2026-07-09 09:47:00.215 Z,2026-07-09 09:43:14.437 Z,9999-12-31 23:59:59.999 Z,TRUE
93422,3686,-30.00,FALSE,Unit #008,2014-04-08 03:05:00.188,48474,,2014-03-28 17:13:06.393,cb636fb5-dedd-413c-aed1-c4e842a582ef,,FALSE,FALSE,2014-04-08 03:05:00.188,4000,,108286,13,5266,2026-07-09 09:47:00.215 Z,2026-07-09 09:43:14.437 Z,9999-12-31 23:59:59.999 Z,TRUE
93427,3686,30.00,FALSE,Check #98893954,2014-04-08 03:05:01.854,48481,,2014-03-03 22:07:03.160,fe2ea473-7353-43de-a3a1-aba5de6cf1c8,,FALSE,FALSE,2014-04-08 03:05:01.854,1001,,108301,13,5386,2026-07-09 09:47:00.215 Z,2026-07-09 09:43:14.437 Z,9999-12-31 23:59:59.999 Z,TRUE
93428,3686,-30.00,FALSE,Unit #146,2014-04-08 03:05:01.951,48481,,2014-03-03 22:07:03.160,78542e87-c124-4529-9ca2-5f365e6c8872,,FALSE,FALSE,2014-04-08 03:05:01.951,4000,,108290,13,5386,2026-07-09 09:47:00.215 Z,2026-07-09 09:43:14.437 Z,9999-12-31 23:59:59.999 Z,TRUE
93429,3686,50.00,FALSE,Check #98893954,2014-04-08 03:05:02.028,48482,,2014-03-03 22:07:03.160,1bf708f9-1e53-425d-ae80-5fc12c82c285,,FALSE,FALSE,2014-04-08 03:05:02.028,1001,,108301,13,5386,2026-07-09 09:47:00.215 Z,2026-07-09 09:43:14.437 Z,9999-12-31 23:59:59.999 Z,TRUE
93430,3686,-50.00,FALSE,Unit #146,2014-04-08 03:05:02.040,48482,,2014-03-03 22:07:03.160,3c68df76-8502-4977-b04c-273d6b743ef9,,FALSE,FALSE,2014-04-08 03:05:02.040,4000,,108299,13,5386,2026-07-09 09:47:00.215 Z,2026-07-09 09:43:14.437 Z,9999-12-31 23:59:59.999 Z,TRUE
93431,3686,35.00,FALSE,Visa XXXX3038,2014-04-08 03:05:02.135,48483,,2014-03-28 17:11:36.102,335d33c9-e745-42eb-b072-9fc14eba8adb,,FALSE,FALSE,2014-04-08 03:05:02.135,1020,,108304,13,5386,2026-07-09 09:47:00.215 Z,2026-07-09 09:43:14.437 Z,9999-12-31 23:59:59.999 Z,TRUE
93432,3686,-35.00,FALSE,Unit #146,2014-04-08 03:05:02.145,48483,,2014-03-28 17:11:36.102,482488b0-8c9b-4e30-a6e6-c74d9dc0054a,,FALSE,FALSE,2014-04-08 03:05:02.145,4000,,108299,13,5386,2026-07-09 09:47:00.215 Z,2026-07-09 09:43:14.437 Z,9999-12-31 23:59:59.999 Z,TRUE
93433,3686,15.00,FALSE,Visa XXXX3038,2014-04-08 03:05:02.210,48484,,2014-03-28 17:11:36.102,09607310-a160-44cb-a7e2-d9f0c4b0d14a,,FALSE,FALSE,2014-04-08 03:05:02.210,1020,,108304,13,5386,2026-07-09 09:47:00.215 Z,2026-07-09 09:43:14.437 Z,9999-12-31 23:59:59.999 Z,TRUE
93434,3686,-15.00,FALSE,LF,2014-04-08 03:05:02.223,48484,,2014-03-28 17:11:36.102,ad3bb5b0-1e59-4d7a-9003-1a92c1488833,,FALSE,FALSE,2014-04-08 03:05:02.223,4052,,108302,13,5386,2026-07-09 09:47:00.215 Z,2026-07-09 09:43:14.437 Z,9999-12-31 23:59:59.999 Z,TRUE
93435,3686,50.00,FALSE,Visa XXXX3038,2014-04-08 03:05:02.292,48485,,2014-03-28 17:11:36.102,8051d01a-bf7a-4b44-b159-b07e8a0d4f27,,FALSE,FALSE,2014-04-08 03:05:02.292,1020,,108304,13,5386,2026-07-09 09:47:00.215 Z,2026-07-09 09:43:14.437 Z,9999-12-31 23:59:59.999 Z,TRUE
93436,3686,-50.00,FALSE,Unit #146,2014-04-08 03:05:02.304,48485,,2014-03-28 17:11:36.102,3f5cc5e3-a917-4a60-9542-59ff030da73f,,FALSE,FALSE,2014-04-08 03:05:02.304,4000,,108303,13,5386,2026-07-09 09:47:00.215 Z,2026-07-09 09:43:14.437 Z,9999-12-31 23:59:59.999 Z,TRUE
93441,3687,50.00,FALSE,Check #1233,2014-04-08 03:05:03.626,48489,,2014-02-27 16:51:15.584,a1787780-43a4-4436-9f3f-65b8f67c7f18,,FALSE,FALSE,2014-04-08 03:05:03.626,1001,,108313,13,5267,2026-07-09 09:47:00.215 Z,2026-07-09 09:43:14.437 Z,9999-12-31 23:59:59.999 Z,TRUE
93442,3687,-50.00,FALSE,Unit #009,2014-04-08 03:05:03.636,48489,,2014-02-27 16:51:15.584,c44dfbd6-549e-4075-9668-f6b408334df7,,FALSE,FALSE,2014-04-08 03:05:03.636,4000,,108307,13,5267,2026-07-09 09:47:00.215 Z,2026-07-09 09:43:14.437 Z,9999-12-31 23:59:59.999 Z,TRUE
93443,3687,15.00,FALSE,Check #1233,2014-04-08 03:05:03.697,48490,,2014-02-27 16:51:15.584,69468c40-5cdf-4649-a0f5-6d86372b1d1b,,FALSE,FALSE,2014-04-08 03:05:03.697,1001,,108313,13,5267,2026-07-09 09:47:00.215 Z,2026-07-09 09:43:14.437 Z,9999-12-31 23:59:59.999 Z,TRUE
93444,3687,-15.00,FALSE,LF,2014-04-08 03:05:03.708,48490,,2014-02-27 16:51:15.584,66b2c616-ff84-4aac-9edc-ec5219cd72e7,,FALSE,FALSE,2014-04-08 03:05:03.708,4052,,108311,13,5267,2026-07-09 09:47:00.215 Z,2026-07-09 09:43:14.437 Z,9999-12-31 23:59:59.999 Z,TRUE
93445,3687,65.00,FALSE,Cash,2014-04-08 03:05:03.889,48491,,2014-03-22 14:51:32.132,a2d3fed7-97ec-42b0-8498-2770bf87e490,,FALSE,FALSE,2014-04-08 03:05:03.889,1000,,108315,13,5267,2026-07-09 09:47:00.215 Z,2026-07-09 09:43:14.437 Z,9999-12-31 23:59:59.999 Z,TRUE
93446,3687,-65.00,FALSE,Unit #009,2014-04-08 03:05:03.900,48491,,2014-03-22 14:51:32.132,94d2861d-190f-4ed3-be58-2bbf80833089,,FALSE,FALSE,2014-04-08 03:05:03.900,4000,,108312,13,5267,2026-07-09 09:47:00.215 Z,2026-07-09 09:43:14.437 Z,9999-12-31 23:59:59.999 Z,TRUE
93447,3687,15.00,FALSE,Cash,2014-04-08 03:05:03.962,48492,,2014-03-22 14:51:32.132,6a73640a-0204-4fb5-a118-25d0128f6fb3,,FALSE,FALSE,2014-04-08 03:05:03.962,1000,,108315,13,5267,2026-07-09 09:47:00.215 Z,2026-07-09 09:43:14.437 Z,9999-12-31 23:59:59.999 Z,TRUE
93448,3687,-15.00,FALSE,LF,2014-04-08 03:05:03.973,48492,,2014-03-22 14:51:32.132,8ce00447-ecfa-4c01-bd8a-d7e58a5c1710,,FALSE,FALSE,2014-04-08 03:05:03.973,4052,,108314,13,5267,2026-07-09 09:47:00.215 Z,2026-07-09 09:43:14.437 Z,9999-12-31 23:59:59.999 Z,TRUE
93449,3688,65.00,FALSE,Cash,2014-04-08 03:05:04.616,48493,,2014-02-07 17:00:07.163,7b29569a-56ab-49ef-91ef-a5be6130d059,,FALSE,FALSE,2014-04-08 03:05:04.616,1000,,108319,13,5268,2026-07-09 09:47:00.215 Z,2026-07-09 09:43:14.437 Z,9999-12-31 23:59:59.999 Z,TRUE
93450,3688,-65.00,FALSE,Unit #010,2014-04-08 03:05:04.626,48493,,2014-02-07 17:00:07.163,cbcd9668-cebc-46df-b41b-f71e708bd241,,FALSE,FALSE,2014-04-08 03:05:04.626,4000,,108318,13,5268,2026-07-09 09:47:00.215 Z,2026-07-09 09:43:14.437 Z,9999-12-31 23:59:59.999 Z,TRUE
93451,3688,65.00,FALSE,Cash,2014-04-08 03:05:04.727,48494,,2014-03-10 14:40:50.075,ed47dc3f-9639-429f-a4d4-32a703267b82,,FALSE,FALSE,2014-04-08 03:05:04.727,1000,,108321,13,5268,2026-07-09 09:47:00.215 Z,2026-07-09 09:43:14.437 Z,9999-12-31 23:59:59.999 Z,TRUE
93452,3688,-65.00,FALSE,Unit #010,2014-04-08 03:05:04.738,48494,,2014-03-10 14:40:50.075,08441b0b-8798-4be1-a298-523d63cd70ed,,FALSE,FALSE,2014-04-08 03:05:04.738,4000,,108320,13,5268,2026-07-09 09:47:00.215 Z,2026-07-09 09:43:14.437 Z,9999-12-31 23:59:59.999 Z,TRUE
93455,3689,65.00,FALSE,Cash,2014-04-08 03:05:05.400,48496,,2014-03-04 21:56:50.468,5f0b9c26-28f8-4fdd-bfa7-84adac4bfbf1,,FALSE,FALSE,2014-04-08 03:05:05.400,1000,,108327,13,5269,2026-07-09 09:47:00.215 Z,2026-07-09 09:43:14.437 Z,9999-12-31 23:59:59.999 Z,TRUE
93456,3689,-65.00,FALSE,Unit #011,2014-04-08 03:05:05.411,48496,,2014-03-04 21:56:50.468,a440d254-5456-4490-8199-49dcd72b1080,,FALSE,FALSE,2014-04-08 03:05:05.411,4000,,108326,13,5269,2026-07-09 09:47:00.215 Z,2026-07-09 09:43:14.437 Z,9999-12-31 23:59:59.999 Z,TRUE
93457,3689,65.00,FALSE,Visa XXXX8599,2014-04-08 03:05:05.513,48497,,2014-04-02 15:50:27.435,c7cee3d1-0ee4-47e8-a244-c8c7f498c2e4,,FALSE,FALSE,2014-04-08 03:05:05.513,1020,,108329,13,5269,2026-07-09 09:47:00.215 Z,2026-07-09 09:43:14.437 Z,9999-12-31 23:59:59.999 Z,TRUE
93458,3689,-65.00,FALSE,Unit #011,2014-04-08 03:05:05.524,48497,,2014-04-02 15:50:27.435,100de321-9398-46d7-872d-9ed329470d96,,FALSE,FALSE,2014-04-08 03:05:05.524,4000,,108328,13,5269,2026-07-09 09:47:00.215 Z,2026-07-09 09:43:14.437 Z,9999-12-31 23:59:59.999 Z,TRUE
93459,3690,65.00,FALSE,Cash,2014-04-08 03:05:06.488,48499,,2014-02-11 15:36:40.066,a09c5252-779d-430f-b1a9-3fcc0ea54899,,FALSE,FALSE,2014-04-08 03:05:06.488,1000,,108334,13,5270,2026-07-09 09:47:00.215 Z,2026-07-09 09:43:14.437 Z,9999-12-31 23:59:59.999 Z,TRUE
93460,3690,-65.00,FALSE,Unit #012,2014-04-08 03:05:06.499,48499,,2014-02-11 15:36:40.066,582075b3-bdfb-4573-a069-c6620a529d02,,FALSE,FALSE,2014-04-08 03:05:06.499,4000,,108331,13,5270,2026-07-09 09:47:00.215 Z,2026-07-09 09:43:14.437 Z,9999-12-31 23:59:59.999 Z,TRUE
93461,3690,65.00,FALSE,Mastercard XXXX7331,2014-04-08 03:05:06.869,48502,,2014-03-01 22:03:15.293,99d3283a-ddae-416f-bb7e-6885ad171a29,,FALSE,FALSE,2014-04-08 03:05:06.869,1021,,108340,13,5270,2026-07-09 09:47:00.215 Z,2026-07-09 09:43:14.437 Z,9999-12-31 23:59:59.999 Z,TRUE
93462,3690,-65.00,FALSE,Unit #012,2014-04-08 03:05:06.880,48502,,2014-03-01 22:03:15.293,177e3527-8aaf-40f5-8663-3b720a995728,,FALSE,FALSE,2014-04-08 03:05:06.880,4000,,108339,13,5270,2026-07-09 09:47:00.215 Z,2026-07-09 09:43:14.437 Z,9999-12-31 23:59:59.999 Z,TRUE
93463,3690,65.00,FALSE,Mastercard XXXX7331,2014-04-08 03:05:06.982,48503,,2014-04-02 21:04:52.512,5149880e-0bc0-4a4b-9b87-8b1f492fc216,,FALSE,FALSE,2014-04-08 03:05:06.982,1021,,108343,13,5270,2026-07-09 09:47:00.215 Z,2026-07-09 09:43:14.437 Z,9999-12-31 23:59:59.999 Z,TRUE
93464,3690,-65.00,FALSE,Unit #012,2014-04-08 03:05:06.993,48503,,2014-04-02 21:04:52.512,586849ae-0782-4201-9203-172780d0726c,,FALSE,FALSE,2014-04-08 03:05:06.993,4000,,108341,13,5270,2026-07-09 09:47:00.215 Z,2026-07-09 09:43:14.437 Z,9999-12-31 23:59:59.999 Z,TRUE
93465,3691,65.00,FALSE,Visa XXXX1111,2014-04-08 03:05:07.916,48505,,2014-02-12 23:02:21.888,75409f78-38fb-417c-96df-08c2c8b032ea,,FALSE,FALSE,2014-04-08 03:05:07.916,1020,,108349,13,5271,2026-07-09 09:47:00.215 Z,2026-07-09 09:43:14.437 Z,9999-12-31 23:59:59.999 Z,TRUE
93466,3691,-65.00,FALSE,Unit #013,2014-04-08 03:05:07.927,48505,,2014-02-12 23:02:21.888,153ec1bf-1c70-497b-b544-2fe48336bc7e,,FALSE,FALSE,2014-04-08 03:05:07.927,4000,,108345,13,5271,2026-07-09 09:47:00.215 Z,2026-07-09 09:43:14.437 Z,9999-12-31 23:59:59.999 Z,TRUE
93467,3691,15.00,FALSE,Visa XXXX1111,2014-04-08 03:05:07.989,48506,,2014-02-12 23:02:21.888,6c2076dc-a3e6-4113-a963-2b51aa239ece,,FALSE,FALSE,2014-04-08 03:05:07.989,1020,,108349,13,5271,2026-07-09 09:47:00.215 Z,2026-07-09 09:43:14.437 Z,9999-12-31 23:59:59.999 Z,TRUE
93468,3691,-15.00,FALSE,LF,2014-04-08 03:05:08.001,48506,,2014-02-12 23:02:21.888,9e73f66a-f575-4b09-beba-a5dffe9064ca,,FALSE,FALSE,2014-04-08 03:05:08.001,4052,,108348,13,5271,2026-07-09 09:47:00.215 Z,2026-07-09 09:43:14.437 Z,9999-12-31 23:59:59.999 Z,TRUE
93469,3691,65.00,FALSE,Cash,2014-04-08 03:05:08.106,48507,,2014-03-07 19:26:59.025,ea9c89f1-4cca-45f6-8f9a-f817f7e22b17,,FALSE,FALSE,2014-04-08 03:05:08.106,1000,,108351,13,5271,2026-07-09 09:47:00.215 Z,2026-07-09 09:43:14.437 Z,9999-12-31 23:59:59.999 Z,TRUE
93470,3691,-65.00,FALSE,Unit #013,2014-04-08 03:05:08.117,48507,,2014-03-07 19:26:59.025,bc805e7c-8a41-4f62-8377-2973acf6f82e,,FALSE,FALSE,2014-04-08 03:05:08.117,4000,,108350,13,5271,2026-07-09 09:47:00.215 Z,2026-07-09 09:43:14.437 Z,9999-12-31 23:59:59.999 Z,TRUE
93471,3691,65.00,FALSE,Visa XXXX6653,2014-04-08 03:05:08.220,48508,,2014-04-04 18:50:17.487,de513d6e-e422-4fb4-842d-c535ba45ffa0,,FALSE,FALSE,2014-04-08 03:05:08.220,1020,,108353,13,5271,2026-07-09 09:47:00.215 Z,2026-07-09 09:43:14.437 Z,9999-12-31 23:59:59.999 Z,TRUE
93472,3691,-65.00,FALSE,Unit #013,2014-04-08 03:05:08.231,48508,,2014-04-04 18:50:17.487,233811d8-4067-4ff7-b672-5d8b0ead981d,,FALSE,FALSE,2014-04-08 03:05:08.231,4000,,108352,13,5271,2026-07-09 09:47:00.215 Z,2026-07-09 09:43:14.437 Z,9999-12-31 23:59:59.999 Z,TRUE
93473,3691,55.00,FALSE,Visa XXXX1111,2014-04-08 03:05:09.133,48510,,2014-02-12 23:02:40.193,1b3926f6-ea15-4014-bac0-67686a93e33b,,FALSE,FALSE,2014-04-08 03:05:09.133,1020,,108359,13,5307,2026-07-09 09:47:00.215 Z,2026-07-09 09:43:14.437 Z,9999-12-31 23:59:59.999 Z,TRUE
93474,3691,-55.00,FALSE,Unit #050,2014-04-08 03:05:09.145,48510,,2014-02-12 23:02:40.193,e0f7f308-7214-4c02-9f7f-d6e4aff41587,,FALSE,FALSE,2014-04-08 03:05:09.145,4000,,108355,13,5307,2026-07-09 09:47:00.215 Z,2026-07-09 09:43:14.437 Z,9999-12-31 23:59:59.999 Z,TRUE
93475,3691,15.00,FALSE,Visa XXXX1111,2014-04-08 03:05:09.207,48511,,2014-02-12 23:02:40.193,9b6150fc-dbcc-4218-ad69-658eb3403c9a,,FALSE,FALSE,2014-04-08 03:05:09.207,1020,,108359,13,5307,2026-07-09 09:47:00.215 Z,2026-07-09 09:43:14.437 Z,9999-12-31 23:59:59.999 Z,TRUE
93476,3691,-15.00,FALSE,LF,2014-04-08 03:05:09.218,48511,,2014-02-12 23:02:40.193,7a59f970-7dc7-4a2e-aadc-d29ce8dc5506,,FALSE,FALSE,2014-04-08 03:05:09.218,4052,,108358,13,5307,2026-07-09 09:47:00.215 Z,2026-07-09 09:43:14.437 Z,9999-12-31 23:59:59.999 Z,TRUE
93477,3691,55.00,FALSE,Cash,2014-04-08 03:05:09.324,48512,,2014-03-07 19:26:59.039,94171805-1156-4319-bc15-f48484105fe0,,FALSE,FALSE,2014-04-08 03:05:09.324,1000,,108361,13,5307,2026-07-09 09:47:00.215 Z,2026-07-09 09:43:14.437 Z,9999-12-31 23:59:59.999 Z,TRUE
93478,3691,-55.00,FALSE,Unit #050,2014-04-08 03:05:09.335,48512,,2014-03-07 19:26:59.039,a965404a-dad6-4f84-9aa2-c1d78bd90fcf,,FALSE,FALSE,2014-04-08 03:05:09.335,4000,,108360,13,5307,2026-07-09 09:47:00.215 Z,2026-07-09 09:43:14.437 Z,9999-12-31 23:59:59.999 Z,TRUE
93479,3691,55.00,FALSE,Visa XXXX6653,2014-04-08 03:05:09.441,48513,,2014-04-04 18:50:17.498,b55b8010-cc46-46f8-850a-9fc0987c61ab,,FALSE,FALSE,2014-04-08 03:05:09.441,1020,,108363,13,5307,2026-07-09 09:47:00.215 Z,2026-07-09 09:43:14.437 Z,9999-12-31 23:59:59.999 Z,TRUE
93480,3691,-55.00,FALSE,Unit #050,2014-04-08 03:05:09.452,48513,,2014-04-04 18:50:17.498,4ebbf516-b3da-4314-bdfa-c5f2d4eaaa3d,,FALSE,FALSE,2014-04-08 03:05:09.452,4000,,108362,13,5307,2026-07-09 09:47:00.215 Z,2026-07-09 09:43:14.437 Z,9999-12-31 23:59:59.999 Z,TRUE
93481,3692,170.00,FALSE,Check #798,2014-04-08 03:05:10.531,48515,,2014-02-28 21:20:48.356,e41baeda-e15b-404e-a63f-35cfdd3a188a,,FALSE,FALSE,2014-04-08 03:05:10.531,1001,,108375,13,5272,2026-07-09 09:47:00.215 Z,2026-07-09 09:43:14.437 Z,9999-12-31 23:59:59.999 Z,TRUE
93482,3692,-170.00,FALSE,Unit #014,2014-04-08 03:05:10.542,48515,,2014-02-28 21:20:48.356,7f52fed0-3505-4003-a1da-d53b0275a81f,,FALSE,FALSE,2014-04-08 03:05:10.542,4000,,108365,13,5272,2026-07-09 09:47:00.215 Z,2026-07-09 09:43:14.437 Z,9999-12-31 23:59:59.999 Z,TRUE
93483,3692,45.00,FALSE,Check #798,2014-04-08 03:05:10.607,48516,,2014-02-28 21:20:48.356,69653acd-a1d7-4bd2-b6ca-89999d73af5a,,FALSE,FALSE,2014-04-08 03:05:10.607,1001,,108375,13,5272,2026-07-09 09:47:00.215 Z,2026-07-09 09:43:14.437 Z,9999-12-31 23:59:59.999 Z,TRUE
93484,3692,-45.00,FALSE,IMPORT-LATE1,2014-04-08 03:05:10.619,48516,,2014-02-28 21:20:48.356,fec4271f-53f7-4936-b9a2-d2899bec766c,,FALSE,FALSE,2014-04-08 03:05:10.619,4052,,108366,13,5272,2026-07-09 09:47:00.215 Z,2026-07-09 09:43:14.437 Z,9999-12-31 23:59:59.999 Z,TRUE
93485,3692,65.00,FALSE,Check #798,2014-04-08 03:05:10.688,48517,,2014-02-28 21:20:48.356,a3ba16d0-fdab-4c36-bbb9-2695c9d7d605,,FALSE,FALSE,2014-04-08 03:05:10.688,1001,,108375,13,5272,2026-07-09 09:47:00.215 Z,2026-07-09 09:43:14.437 Z,9999-12-31 23:59:59.999 Z,TRUE
93486,3692,-65.00,FALSE,Unit #014,2014-04-08 03:05:10.699,48517,,2014-02-28 21:20:48.356,0c4bbd2a-15f9-45cf-999a-9ad25b2426a6,,FALSE,FALSE,2014-04-08 03:05:10.699,4000,,108367,13,5272,2026-07-09 09:47:00.215 Z,2026-07-09 09:43:14.437 Z,9999-12-31 23:59:59.999 Z,TRUE
93487,3693,54.00,FALSE,Check #1546,2014-04-08 03:05:11.685,48520,,2014-02-10 21:45:51.666,693cab68-73d9-4bb8-b966-ee4df959ae4a,,FALSE,FALSE,2014-04-08 03:05:11.685,1001,,108383,13,5273,2026-07-09 09:47:00.215 Z,2026-07-09 09:43:14.437 Z,9999-12-31 23:59:59.999 Z,TRUE
93488,3693,-54.00,FALSE,Unit #015,2014-04-08 03:05:11.696,48520,,2014-02-10 21:45:51.666,7a8b2457-a66d-40c9-b094-8ba7d5f28fe4,,FALSE,FALSE,2014-04-08 03:05:11.696,4000,,108380,13,5273,2026-07-09 09:47:00.215 Z,2026-07-09 09:43:14.437 Z,9999-12-31 23:59:59.999 Z,TRUE
93489,3693,54.00,FALSE,Check #1549,2014-04-08 03:05:11.884,48522,,2014-03-03 21:51:01.822,c239b351-85cb-4090-90de-b6ef5beaf927,,FALSE,FALSE,2014-04-08 03:05:11.884,1001,,108385,13,5273,2026-07-09 09:47:00.215 Z,2026-07-09 09:43:14.437 Z,9999-12-31 23:59:59.999 Z,TRUE
93490,3693,-54.00,FALSE,Unit #015,2014-04-08 03:05:11.895,48522,,2014-03-03 21:51:01.822,7ff92ec2-212d-4390-832e-e2f0b4549d39,,FALSE,FALSE,2014-04-08 03:05:11.895,4000,,108384,13,5273,2026-07-09 09:47:00.215 Z,2026-07-09 09:43:14.437 Z,9999-12-31 23:59:59.999 Z,TRUE
93491,3694,65.00,FALSE,Mastercard XXXX7030,2014-04-08 03:05:12.695,48523,,2014-02-03 20:26:31.258,d66e0001-fd55-42ee-bcb2-f76739b91ecc,,FALSE,FALSE,2014-04-08 03:05:12.695,1021,,108389,13,5274,2026-07-09 09:47:00.215 Z,2026-07-09 09:43:14.437 Z,9999-12-31 23:59:59.999 Z,TRUE
93492,3694,-65.00,FALSE,Unit #016,2014-04-08 03:05:12.706,48523,,2014-02-03 20:26:31.258,56111864-467e-4434-937b-4e8546336994,,FALSE,FALSE,2014-04-08 03:05:12.706,4000,,108388,13,5274,2026-07-09 09:47:00.215 Z,2026-07-09 09:43:14.437 Z,9999-12-31 23:59:59.999 Z,TRUE
93493,3694,65.00,FALSE,Mastercard XXXX7030,2014-04-08 03:05:13.011,48526,,2014-03-04 14:58:28.185,2c923df2-f408-4a06-9cc1-72f2e0e64cdc,,FALSE,FALSE,2014-04-08 03:05:13.011,1021,,108395,13,5274,2026-07-09 09:47:00.215 Z,2026-07-09 09:43:14.437 Z,9999-12-31 23:59:59.999 Z,TRUE
93494,3694,-65.00,FALSE,Unit #016,2014-04-08 03:05:13.022,48526,,2014-03-04 14:58:28.185,2b6150c8-4605-44ae-82dc-0c0e508f821e,,FALSE,FALSE,2014-04-08 03:05:13.022,4000,,108394,13,5274,2026-07-09 09:47:00.215 Z,2026-07-09 09:43:14.437 Z,9999-12-31 23:59:59.999 Z,TRUE
93495,3694,65.00,FALSE,Mastercard XXXX7030,2014-04-08 03:05:13.126,48527,,2014-04-03 19:21:16.381,f1b9b8a2-3efa-4163-902b-c68f9e3b581e,,FALSE,FALSE,2014-04-08 03:05:13.126,1021,,108398,13,5274,2026-07-09 09:47:00.216 Z,2026-07-09 09:43:14.437 Z,9999-12-31 23:59:59.999 Z,TRUE
93496,3694,-65.00,FALSE,Unit #016,2014-04-08 03:05:13.137,48527,,2014-04-03 19:21:16.381,6916bcaa-bdda-4605-b94e-4938d4f3b753,,FALSE,FALSE,2014-04-08 03:05:13.137,4000,,108396,13,5274,2026-07-09 09:47:00.216 Z,2026-07-09 09:43:14.437 Z,9999-12-31 23:59:59.999 Z,TRUE
93497,3695,65.00,FALSE,Cash,2014-04-08 03:05:13.771,48528,,2014-02-07 22:04:13.226,3a977393-7c59-4306-a6b0-c9278989387d,,FALSE,FALSE,2014-04-08 03:05:13.771,1000,,108401,13,5275,2026-07-09 09:47:00.216 Z,2026-07-09 09:43:14.437 Z,9999-12-31 23:59:59.999 Z,TRUE
93498,3695,-65.00,FALSE,Unit #017,2014-04-08 03:05:13.853,48528,,2014-02-07 22:04:13.226,f6b7f012-f869-4cf4-bec1-0687938a46da,,FALSE,FALSE,2014-04-08 03:05:13.853,4000,,108400,13,5275,2026-07-09 09:47:00.216 Z,2026-07-09 09:43:14.437 Z,9999-12-31 23:59:59.999 Z,TRUE
93499,3695,65.00,FALSE,Cash,2014-04-08 03:05:13.966,48529,,2014-03-07 21:36:23.967,4c527d88-34d5-4911-9bd4-7c9d86672474,,FALSE,FALSE,2014-04-08 03:05:13.966,1000,,108403,13,5275,2026-07-09 09:47:00.216 Z,2026-07-09 09:43:14.437 Z,9999-12-31 23:59:59.999 Z,TRUE
93500,3695,-65.00,FALSE,Unit #017,2014-04-08 03:05:13.977,48529,,2014-03-07 21:36:23.967,463ccfdc-4eb2-482e-ba83-e2a6afc79750,,FALSE,FALSE,2014-04-08 03:05:13.977,4000,,108402,13,5275,2026-07-09 09:43:17.099 Z,2026-07-09 09:43:14.437 Z,9999-12-31 23:59:59.999 Z,TRUE
93501,3695,65.00,FALSE,Cash,2014-04-08 03:05:14.083,48530,,2014-04-04 19:56:05.621,5176bd9c-82a5-42c6-a92c-26401d40369b,,FALSE,FALSE,2014-04-08 03:05:14.083,1000,,108405,13,5275,2026-07-09 09:47:00.216 Z,2026-07-09 09:43:14.437 Z,9999-12-31 23:59:59.999 Z,TRUE
93502,3695,-65.00,FALSE,Unit #017,2014-04-08 03:05:14.094,48530,,2014-04-04 19:56:05.621,d3f28f66-20ab-4ab7-b520-5fefd50abd40,,FALSE,FALSE,2014-04-08 03:05:14.094,4000,,108404,13,5275,2026-07-09 09:47:00.216 Z,2026-07-09 09:43:14.437 Z,9999-12-31 23:59:59.999 Z,TRUE
93503,3696,65.00,FALSE,Visa XXXX5457,2014-04-08 03:05:14.636,48531,,2014-02-10 15:58:41.531,53fa1329-4667-4d03-a647-9ccc29f64b3d,,FALSE,FALSE,2014-04-08 03:05:14.636,1020,,108408,13,5276,2026-07-09 09:47:00.216 Z,2026-07-09 09:43:14.437 Z,9999-12-31 23:59:59.999 Z,TRUE
93504,3696,-65.00,FALSE,Unit #018,2014-04-08 03:05:14.646,48531,,2014-02-10 15:58:41.531,4fc0c03b-e8b0-4eb1-8ee0-bab47d7c740f,,FALSE,FALSE,2014-04-08 03:05:14.646,4000,,108407,13,5276,2026-07-09 09:47:00.216 Z,2026-07-09 09:43:14.437 Z,9999-12-31 23:59:59.999 Z,TRUE
93505,3696,65.00,FALSE,Visa XXXX5457,2014-04-08 03:05:14.748,48532,,2014-03-05 17:32:31.548,3f2bc80c-0f7c-4847-8b4c-fcbce021394a,,FALSE,FALSE,2014-04-08 03:05:14.748,1020,,108410,13,5276,2026-07-09 09:47:00.216 Z,2026-07-09 09:43:14.437 Z,9999-12-31 23:59:59.999 Z,TRUE
93506,3696,-65.00,FALSE,Unit #018,2014-04-08 03:05:14.759,48532,,2014-03-05 17:32:31.548,64b7b738-65af-4f0e-9065-23e3faf50048,,FALSE,FALSE,2014-04-08 03:05:14.759,4000,,108409,13,5276,2026-07-09 09:47:00.216 Z,2026-07-09 09:43:14.437 Z,9999-12-31 23:59:59.999 Z,TRUE
93507,3697,60.00,FALSE,Visa XXXX4985,2014-04-08 03:05:15.428,48533,,2014-02-04 20:51:04.285,e551e6a5-8036-47b6-b584-0053df3484c2,,FALSE,FALSE,2014-04-08 03:05:15.428,1020,,108414,13,5277,2026-07-09 09:47:00.216 Z,2026-07-09 09:43:14.437 Z,9999-12-31 23:59:59.999 Z,TRUE
93508,3697,-60.00,FALSE,Unit #019,2014-04-08 03:05:15.439,48533,,2014-02-04 20:51:04.285,ce938792-cae5-4b0c-82fc-557228ddefa0,,FALSE,FALSE,2014-04-08 03:05:15.439,4000,,108413,13,5277,2026-07-09 09:47:00.216 Z,2026-07-09 09:43:14.437 Z,9999-12-31 23:59:59.999 Z,TRUE
93509,3697,60.00,FALSE,Visa XXXX4985,2014-04-08 03:05:15.800,48536,,2014-03-01 22:03:11.380,da5b9df0-2721-4a5e-b8e6-13665dd8fc63,,FALSE,FALSE,2014-04-08 03:05:15.800,1020,,108420,13,5277,2026-07-09 09:47:00.216 Z,2026-07-09 09:43:14.437 Z,9999-12-31 23:59:59.999 Z,TRUE
93510,3697,-60.00,FALSE,Unit #019,2014-04-08 03:05:15.811,48536,,2014-03-01 22:03:11.380,d2082926-91f9-4544-8a00-cd2f6ae4dc5c,,FALSE,FALSE,2014-04-08 03:05:15.811,4000,,108419,13,5277,2026-07-09 09:47:00.216 Z,2026-07-09 09:43:14.437 Z,9999-12-31 23:59:59.999 Z,TRUE
93511,3697,60.00,FALSE,Visa XXXX4985,2014-04-08 03:05:15.913,48537,,2014-04-02 21:04:25.543,5c19951a-661a-4abc-9b44-de6db80ac9de,,FALSE,FALSE,2014-04-08 03:05:15.913,1020,,108423,13,5277,2026-07-09 09:47:00.216 Z,2026-07-09 09:43:14.437 Z,9999-12-31 23:59:59.999 Z,TRUE
93512,3697,-60.00,FALSE,Unit #019,2014-04-08 03:05:15.924,48537,,2014-04-02 21:04:25.543,d97fd39f-da0c-4f6e-9fb3-8e5283a2f711,,FALSE,FALSE,2014-04-08 03:05:15.924,4000,,108421,13,5277,2026-07-09 09:47:00.216 Z,2026-07-09 09:43:14.437 Z,9999-12-31 23:59:59.999 Z,TRUE
93513,3698,65.00,FALSE,Visa XXXX4242,2014-04-08 03:05:16.658,48538,,2014-02-03 18:39:23.544,c3af8768-c47f-4ffa-8ef3-6db3ed337666,,FALSE,FALSE,2014-04-08 03:05:16.658,1020,,108426,13,5278,2026-07-09 09:47:00.216 Z,2026-07-09 09:43:14.437 Z,9999-12-31 23:59:59.999 Z,TRUE
93514,3698,-65.00,FALSE,Unit #020,2014-04-08 03:05:16.668,48538,,2014-02-03 18:39:23.544,c2be68c1-d4b4-4702-9fde-f8ca09135339,,FALSE,FALSE,2014-04-08 03:05:16.668,4000,,108425,13,5278,2026-07-09 09:47:00.216 Z,2026-07-09 09:43:14.437 Z,9999-12-31 23:59:59.999 Z,TRUE
93515,3698,65.00,FALSE,Mastercard XXXX7509,2014-04-08 03:05:16.855,48539,,2014-02-27 18:26:00.636,9fa0cd4a-891c-40dd-8ecc-8d5967cadcfa,,FALSE,FALSE,2014-04-08 03:05:16.855,1021,,108432,13,5278,2026-07-09 09:47:00.216 Z,2026-07-09 09:43:14.437 Z,9999-12-31 23:59:59.999 Z,TRUE
93516,3698,-65.00,FALSE,Unit #020,2014-04-08 03:05:16.866,48539,,2014-02-27 18:26:00.636,da51e9ab-8890-4546-a8ba-c7834a1edc3b,,FALSE,FALSE,2014-04-08 03:05:16.866,4000,,108431,13,5278,2026-07-09 09:47:00.216 Z,2026-07-09 09:43:14.437 Z,9999-12-31 23:59:59.999 Z,TRUE
93517,3698,65.00,FALSE,Cash,2014-04-08 03:05:17.165,48542,,2014-04-07 20:17:15.304,8c615fa7-e61c-423a-bd7d-db7e25c94bfb,,FALSE,FALSE,2014-04-08 03:05:17.165,1000,,108435,13,5278,2026-07-09 09:47:00.216 Z,2026-07-09 09:43:14.437 Z,9999-12-31 23:59:59.999 Z,TRUE
93518,3698,-65.00,FALSE,Unit #020,2014-04-08 03:05:17.176,48542,,2014-04-07 20:17:15.304,c719ed48-9e76-4298-a0eb-941cb7918721,,FALSE,FALSE,2014-04-08 03:05:17.176,4000,,108433,13,5278,2026-07-09 09:47:00.216 Z,2026-07-09 09:43:14.437 Z,9999-12-31 23:59:59.999 Z,TRUE
93519,3698,58.50,FALSE,Visa XXXX4242,2014-04-08 03:05:17.907,48543,,2014-02-03 18:40:14.431,7a0147f2-cea4-454b-9b40-8c9389d9aad1,,FALSE,FALSE,2014-04-08 03:05:17.907,1020,,108438,13,5285,2026-07-09 09:47:00.216 Z,2026-07-09 09:43:14.437 Z,9999-12-31 23:59:59.999 Z,TRUE
93520,3698,-58.50,FALSE,Unit #027,2014-04-08 03:05:17.993,48543,,2014-02-03 18:40:14.431,9c6e7fd0-19d3-4fae-83ca-12c8735154d0,,FALSE,FALSE,2014-04-08 03:05:17.993,4000,,108437,13,5285,2026-07-09 09:47:00.216 Z,2026-07-09 09:43:14.437 Z,9999-12-31 23:59:59.999 Z,TRUE
93521,3698,58.50,FALSE,Mastercard XXXX7509,2014-04-08 03:05:18.098,48544,,2014-02-27 18:26:00.655,71f3435d-262b-4a39-a9ae-f327b063f0ff,,FALSE,FALSE,2014-04-08 03:05:18.098,1021,,108444,13,5285,2026-07-09 09:47:00.216 Z,2026-07-09 09:43:14.437 Z,9999-12-31 23:59:59.999 Z,TRUE
93522,3698,-58.50,FALSE,Unit #027,2014-04-08 03:05:18.109,48544,,2014-02-27 18:26:00.655,fc216904-c426-481b-aacd-78a54a59cce0,,FALSE,FALSE,2014-04-08 03:05:18.109,4000,,108443,13,5285,2026-07-09 09:47:00.216 Z,2026-07-09 09:43:14.437 Z,9999-12-31 23:59:59.999 Z,TRUE
93523,3698,58.50,FALSE,Cash,2014-04-08 03:05:18.401,48547,,2014-04-07 20:17:15.322,82b7f60e-389d-4562-8a8e-496f86d29e46,,FALSE,FALSE,2014-04-08 03:05:18.401,1000,,108447,13,5285,2026-07-09 09:47:00.216 Z,2026-07-09 09:43:14.437 Z,9999-12-31 23:59:59.999 Z,TRUE
93524,3698,-58.50,FALSE,Unit #027,2014-04-08 03:05:18.412,48547,,2014-04-07 20:17:15.322,419f3fc7-db15-4880-a654-67930ea526a2,,FALSE,FALSE,2014-04-08 03:05:18.412,4000,,108445,13,5285,2026-07-09 09:47:00.216 Z,2026-07-09 09:43:14.437 Z,9999-12-31 23:59:59.999 Z,TRUE
93525,3698,36.00,FALSE,Visa XXXX4242,2014-04-08 03:05:19.222,48548,,2014-02-03 18:40:02.554,fe80bd2f-839c-473b-a44d-9bd97b5daa0e,,FALSE,FALSE,2014-04-08 03:05:19.222,1020,,108450,13,5352,2026-07-09 09:47:00.216 Z,2026-07-09 09:43:14.437 Z,9999-12-31 23:59:59.999 Z,TRUE
93526,3698,-36.00,FALSE,Unit #098,2014-04-08 03:05:19.233,48548,,2014-02-03 18:40:02.554,555caa96-2261-4dee-91aa-813992f1878f,,FALSE,FALSE,2014-04-08 03:05:19.233,4000,,108449,13,5352,2026-07-09 09:47:00.216 Z,2026-07-09 09:43:14.437 Z,9999-12-31 23:59:59.999 Z,TRUE
93527,3698,36.00,FALSE,Mastercard XXXX7509,2014-04-08 03:05:19.338,48549,,2014-02-27 18:26:00.646,f44996ef-855c-4f7a-b10d-baf2bfdf14c4,,FALSE,FALSE,2014-04-08 03:05:19.338,1021,,108456,13,5352,2026-07-09 09:47:00.216 Z,2026-07-09 09:43:14.437 Z,9999-12-31 23:59:59.999 Z,TRUE
93528,3698,-36.00,FALSE,Unit #098,2014-04-08 03:05:19.349,48549,,2014-02-27 18:26:00.646,ab08f2ef-86f3-4548-9b98-fc79fb188768,,FALSE,FALSE,2014-04-08 03:05:19.349,4000,,108455,13,5352,2026-07-09 09:47:00.216 Z,2026-07-09 09:43:14.437 Z,9999-12-31 23:59:59.999 Z,TRUE
93529,3698,36.00,FALSE,Cash,2014-04-08 03:05:19.642,48552,,2014-04-07 20:17:15.313,f66cf13f-1f9f-4209-8de9-1dc302bd30b2,,FALSE,FALSE,2014-04-08 03:05:19.642,1000,,108459,13,5352,2026-07-09 09:47:00.216 Z,2026-07-09 09:43:14.437 Z,9999-12-31 23:59:59.999 Z,TRUE
93530,3698,-36.00,FALSE,Unit #098,2014-04-08 03:05:19.653,48552,,2014-04-07 20:17:15.313,715e0352-9f60-4ada-9d18-6e8c45c6ac39,,FALSE,FALSE,2014-04-08 03:05:19.653,4000,,108457,13,5352,2026-07-09 09:47:00.216 Z,2026-07-09 09:43:14.437 Z,9999-12-31 23:59:59.999 Z,TRUE
93531,3699,65.00,FALSE,Visa XXXX5897,2014-04-08 03:05:20.473,48553,,2014-02-07 15:51:41.043,13864efd-e441-425c-b7b3-f6f68ae8c7fe,,FALSE,FALSE,2014-04-08 03:05:20.473,1020,,108462,13,5279,2026-07-09 09:47:00.216 Z,2026-07-09 09:43:14.437 Z,9999-12-31 23:59:59.999 Z,TRUE
93532,3699,-65.00,FALSE,Unit #021,2014-04-08 03:05:20.485,48553,,2014-02-07 15:51:41.043,671bf56b-fff1-4142-b78e-83a1cef63c8f,,FALSE,FALSE,2014-04-08 03:05:20.485,4000,,108461,13,5279,2026-07-09 09:47:00.216 Z,2026-07-09 09:43:14.437 Z,9999-12-31 23:59:59.999 Z,TRUE
93533,3699,65.00,FALSE,Visa XXXX5202,2014-04-08 03:05:20.780,48556,,2014-03-05 19:46:20.292,70a8513a-64c3-4acf-a3f2-4fddcb8e3e44,,FALSE,FALSE,2014-04-08 03:05:20.780,1020,,108468,13,5279,2026-07-09 09:47:00.216 Z,2026-07-09 09:43:14.437 Z,9999-12-31 23:59:59.999 Z,TRUE
93534,3699,-65.00,FALSE,Unit #021,2014-04-08 03:05:20.791,48556,,2014-03-05 19:46:20.292,192b3eeb-66fb-47ea-8f20-9d6f19ea8bad,,FALSE,FALSE,2014-04-08 03:05:20.791,4000,,108467,13,5279,2026-07-09 09:47:00.216 Z,2026-07-09 09:43:14.437 Z,9999-12-31 23:59:59.999 Z,TRUE
93535,3700,65.00,FALSE,Visa XXXX0030,2014-04-08 03:05:21.543,48558,,2014-02-11 18:14:24.199,f516f198-94da-419d-a6e1-ea581892df3d,,FALSE,FALSE,2014-04-08 03:05:21.543,1020,,108475,13,5280,2026-07-09 09:47:00.216 Z,2026-07-09 09:43:14.437 Z,9999-12-31 23:59:59.999 Z,TRUE
93536,3700,-65.00,FALSE,Unit #022,2014-04-08 03:05:21.554,48558,,2014-02-11 18:14:24.199,6eb1ac29-3156-4175-960c-1f7a23349aaf,,FALSE,FALSE,2014-04-08 03:05:21.554,4000,,108472,13,5280,2026-07-09 09:47:00.216 Z,2026-07-09 09:43:14.437 Z,9999-12-31 23:59:59.999 Z,TRUE
93537,3700,65.00,FALSE,Visa XXXX0030,2014-04-08 03:05:21.655,48559,,2014-02-28 17:00:01.012,77b56298-a6a9-4590-90a2-8f8b8b2e6c27,,FALSE,FALSE,2014-04-08 03:05:21.655,1020,,108477,13,5280,2026-07-09 09:47:00.216 Z,2026-07-09 09:43:14.437 Z,9999-12-31 23:59:59.999 Z,TRUE
93538,3700,-65.00,FALSE,Unit #022,2014-04-08 03:05:21.666,48559,,2014-02-28 17:00:01.012,540f647f-b8c5-4154-8609-6526e4476aba,,FALSE,FALSE,2014-04-08 03:05:21.666,4000,,108476,13,5280,2026-07-09 09:47:00.216 Z,2026-07-09 09:43:14.437 Z,9999-12-31 23:59:59.999 Z,TRUE
93539,3700,85.00,FALSE,Visa XXXX0030,2014-04-08 03:05:22.244,48560,,2014-02-07 17:28:59.106,8a12900e-2f9b-4995-b45f-146638a40f54,,FALSE,FALSE,2014-04-08 03:05:22.244,1020,,108480,13,5391,2026-07-09 09:47:00.216 Z,2026-07-09 09:43:14.437 Z,9999-12-31 23:59:59.999 Z,TRUE
93540,3700,-85.00,FALSE,Unit #151,2014-04-08 03:05:22.255,48560,,2014-02-07 17:28:59.106,94800f6e-6417-46b9-9b3c-69721ee62a0b,,FALSE,FALSE,2014-04-08 03:05:22.255,4000,,108479,13,5391,2026-07-09 09:47:00.216 Z,2026-07-09 09:43:14.437 Z,9999-12-31 23:59:59.999 Z,TRUE
93541,3700,85.00,FALSE,Visa XXXX0030,2014-04-08 03:05:22.355,48561,,2014-02-28 16:59:26.685,c7899511-fa09-4dfc-9fb1-9983994d75e4,,FALSE,FALSE,2014-04-08 03:05:22.355,1020,,108482,13,5391,2026-07-09 09:47:00.216 Z,2026-07-09 09:43:14.437 Z,9999-12-31 23:59:59.999 Z,TRUE
93542,3700,-85.00,FALSE,Unit #151,2014-04-08 03:05:22.366,48561,,2014-02-28 16:59:26.685,5ff8992e-1b6a-4022-9b79-698a7ec9f62b,,FALSE,FALSE,2014-04-08 03:05:22.366,4000,,108481,13,5391,2026-07-09 09:47:00.216 Z,2026-07-09 09:43:14.437 Z,9999-12-31 23:59:59.999 Z,TRUE
93543,3700,20.00,FALSE,Visa XXXX0030,2014-04-08 03:05:22.964,48563,,2014-03-03 16:37:16.392,9946ce9e-afa4-4d4f-9c75-e88b6902b6e0,,FALSE,FALSE,2014-04-08 03:05:22.964,1020,,108488,13,19779,2026-07-09 09:47:00.216 Z,2026-07-09 09:43:14.437 Z,9999-12-31 23:59:59.999 Z,TRUE
93544,3700,-20.00,FALSE,Unit #150,2014-04-08 03:05:22.975,48563,,2014-03-03 16:37:16.392,1cd873ac-633a-40c1-b4a4-c02d43e0affa,,FALSE,FALSE,2014-04-08 03:05:22.975,4000,,108486,13,19779,2026-07-09 09:47:00.216 Z,2026-07-09 09:43:14.437 Z,9999-12-31 23:59:59.999 Z,TRUE
93545,3700,15.00,FALSE,Visa XXXX0030,2014-04-08 03:05:23.031,48564,,2014-03-03 16:37:16.392,b0dc6c80-7c1d-45b0-8fd2-6386bd069c29,,FALSE,FALSE,2014-04-08 03:05:23.031,1020,,108488,13,19779,2026-07-09 09:47:00.216 Z,2026-07-09 09:43:14.437 Z,9999-12-31 23:59:59.999 Z,TRUE
93546,3700,-15.00,FALSE,ADMIN-FEE,2014-04-08 03:05:23.042,48564,,2014-03-03 16:37:16.392,537b2e89-2e65-4c6a-8bd5-8e02b0ce68de,,FALSE,FALSE,2014-04-08 03:05:23.042,4051,,108487,13,19779,2026-07-09 09:47:00.216 Z,2026-07-09 09:43:14.437 Z,9999-12-31 23:59:59.999 Z,TRUE
93547,3700,85.00,FALSE,Visa XXXX0030,2014-04-08 03:05:23.152,48565,,2014-04-01 14:42:26.123,0a301d76-4e26-4e06-b88c-04900ff697b9,,FALSE,FALSE,2014-04-08 03:05:23.152,1020,,108490,13,19779,2026-07-09 09:47:00.216 Z,2026-07-09 09:43:14.437 Z,9999-12-31 23:59:59.999 Z,TRUE
93548,3700,-85.00,FALSE,Unit #150,2014-04-08 03:05:23.163,48565,,2014-04-01 14:42:26.123,32df522c-5340-454e-b627-52e815480876,,FALSE,FALSE,2014-04-08 03:05:23.163,4000,,108489,13,19779,2026-07-09 09:47:00.216 Z,2026-07-09 09:43:14.437 Z,9999-12-31 23:59:59.999 Z,TRUE
93549,3701,59.00,FALSE,Visa XXXX9732,2014-04-08 03:05:23.762,48566,,2014-02-10 21:35:39.087,2e548152-ab30-4882-a7b4-c830be224053,,FALSE,FALSE,2014-04-08 03:05:23.762,1020,,108495,13,5281,2026-07-09 09:47:00.216 Z,2026-07-09 09:43:14.437 Z,9999-12-31 23:59:59.999 Z,TRUE
93550,3701,-59.00,FALSE,Unit #023,2014-04-08 03:05:23.773,48566,,2014-02-10 21:35:39.087,85fb1923-caf1-42d8-ac2b-665a2a48bdb7,,FALSE,FALSE,2014-04-08 03:05:23.773,4000,,108492,13,5281,2026-07-09 09:47:00.216 Z,2026-07-09 09:43:14.437 Z,9999-12-31 23:59:59.999 Z,TRUE
93551,3701,59.00,FALSE,Cash,2014-04-08 03:05:24.043,48568,,2014-03-04 19:56:42.084,cdcfc35d-549b-41ab-96ea-a14f23d36b8d,,FALSE,FALSE,2014-04-08 03:05:24.043,1000,,108497,13,5281,2026-07-09 09:47:00.216 Z,2026-07-09 09:43:14.437 Z,9999-12-31 23:59:59.999 Z,TRUE
93552,3701,-59.00,FALSE,Unit #023,2014-04-08 03:05:24.054,48568,,2014-03-04 19:56:42.084,68329c03-4f00-466b-8c04-53d391085137,,FALSE,FALSE,2014-04-08 03:05:24.054,4000,,108496,13,5281,2026-07-09 09:47:00.216 Z,2026-07-09 09:43:14.437 Z,9999-12-31 23:59:59.999 Z,TRUE
93553,3701,59.00,FALSE,Cash,2014-04-08 03:05:24.157,48569,,2014-04-03 17:55:41.372,16112f24-a6a4-42de-9478-6213268f8786,,FALSE,FALSE,2014-04-08 03:05:24.157,1000,,108499,13,5281,2026-07-09 09:47:00.216 Z,2026-07-09 09:43:14.437 Z,9999-12-31 23:59:59.999 Z,TRUE
93554,3701,-59.00,FALSE,Unit #023,2014-04-08 03:05:24.168,48569,,2014-04-03 17:55:41.372,f3f14044-3fd9-434e-8462-214659b1f8d1,,FALSE,FALSE,2014-04-08 03:05:24.168,4000,,108498,13,5281,2026-07-09 09:47:00.216 Z,2026-07-09 09:43:14.437 Z,9999-12-31 23:59:59.999 Z,TRUE
93555,3702,65.00,FALSE,Mastercard XXXX3699,2014-04-08 03:05:25.082,48571,,2014-02-17 16:59:11.763,1636a4be-3cea-445b-b431-27dd92ab6089,,FALSE,FALSE,2014-04-08 03:05:25.082,1021,,108504,13,5282,2026-07-09 09:47:00.216 Z,2026-07-09 09:43:14.437 Z,9999-12-31 23:59:59.999 Z,TRUE
93556,3702,-65.00,FALSE,Unit #024,2014-04-08 03:05:25.093,48571,,2014-02-17 16:59:11.763,2a96370f-b116-4241-bf4d-075bbab96a8a,,FALSE,FALSE,2014-04-08 03:05:25.093,4000,,108501,13,5282,2026-07-09 09:47:00.216 Z,2026-07-09 09:43:14.437 Z,9999-12-31 23:59:59.999 Z,TRUE
93557,3702,65.00,FALSE,Mastercard XXXX3699,2014-04-08 03:05:25.272,48572,,2014-03-10 16:22:28.626,e9d2d58a-8f6a-419f-b740-f73a85c3cecc,,FALSE,FALSE,2014-04-08 03:05:25.272,1021,,108506,13,5282,2026-07-09 09:47:00.216 Z,2026-07-09 09:43:14.437 Z,9999-12-31 23:59:59.999 Z,TRUE
93558,3702,-65.00,FALSE,Unit #024,2014-04-08 03:05:25.283,48572,,2014-03-10 16:22:28.626,e6c5d3ff-c43f-499b-a83e-c70a47c4d5f2,,FALSE,FALSE,2014-04-08 03:05:25.283,4000,,108505,13,5282,2026-07-09 09:47:00.216 Z,2026-07-09 09:43:14.437 Z,9999-12-31 23:59:59.999 Z,TRUE
93559,3703,54.00,FALSE,Mastercard XXXX6355,2014-04-08 03:05:25.911,48573,,2014-02-04 19:50:43.841,acbbedb2-84f4-4ce3-a251-46fbc661f8da,,FALSE,FALSE,2014-04-08 03:05:25.911,1021,,108510,13,5283,2026-07-09 09:47:00.216 Z,2026-07-09 09:43:14.437 Z,9999-12-31 23:59:59.999 Z,TRUE
93560,3703,-54.00,FALSE,Unit #025,2014-04-08 03:05:25.922,48573,,2014-02-04 19:50:43.841,fe77188e-647c-4ddd-ad08-156f7df334ef,,FALSE,FALSE,2014-04-08 03:05:25.922,4000,,108509,13,5283,2026-07-09 09:47:00.216 Z,2026-07-09 09:43:14.437 Z,9999-12-31 23:59:59.999 Z,TRUE
93561,3703,54.00,FALSE,Mastercard XXXX6355,2014-04-08 03:05:26.024,48574,,2014-03-01 22:02:04.967,7b53066b-4e90-48b4-9950-74f3910d6549,,FALSE,FALSE,2014-04-08 03:05:26.024,1021,,108512,13,5283,2026-07-09 09:47:00.216 Z,2026-07-09 09:43:14.437 Z,9999-12-31 23:59:59.999 Z,TRUE
93562,3703,-54.00,FALSE,Unit #025,2014-04-08 03:05:26.035,48574,,2014-03-01 22:02:04.967,32bb0186-1728-4c29-bd7d-d685cfb8dc21,,FALSE,FALSE,2014-04-08 03:05:26.035,4000,,108511,13,5283,2026-07-09 09:47:00.216 Z,2026-07-09 09:43:14.437 Z,9999-12-31 23:59:59.999 Z,TRUE
93563,3703,54.00,FALSE,Mastercard XXXX6355,2014-04-08 03:05:26.136,48575,,2014-04-02 21:04:58.829,d9fca3c9-3a1d-46e8-a782-c856031132f7,,FALSE,FALSE,2014-04-08 03:05:26.136,1021,,108514,13,5283,2026-07-09 09:47:00.216 Z,2026-07-09 09:43:14.437 Z,9999-12-31 23:59:59.999 Z,TRUE
93564,3703,-54.00,FALSE,Unit #025,2014-04-08 03:05:26.147,48575,,2014-04-02 21:04:58.829,ef2e834a-6d20-4c80-89d2-316e59682e87,,FALSE,FALSE,2014-04-08 03:05:26.147,4000,,108513,13,5283,2026-07-09 09:47:00.216 Z,2026-07-09 09:43:14.437 Z,9999-12-31 23:59:59.999 Z,TRUE
93565,3704,65.00,FALSE,Visa XXXX1227,2014-04-08 03:05:26.689,48576,,2014-02-03 21:36:47.454,0b3dfe38-98ac-4d12-bdec-1f700c3f3edf,,FALSE,FALSE,2014-04-08 03:05:26.689,1020,,108517,13,5284,2026-07-09 09:47:00.216 Z,2026-07-09 09:43:14.437 Z,9999-12-31 23:59:59.999 Z,TRUE
93566,3704,-65.00,FALSE,Unit #026,2014-04-08 03:05:26.700,48576,,2014-02-03 21:36:47.454,d19abdd6-e4aa-4488-851f-3e40bf49d7df,,FALSE,FALSE,2014-04-08 03:05:26.700,4000,,108516,13,5284,2026-07-09 09:47:00.217 Z,2026-07-09 09:43:14.437 Z,9999-12-31 23:59:59.999 Z,TRUE
93567,3704,65.00,FALSE,Check #1350,2014-04-08 03:05:26.801,48577,,2014-03-06 17:17:33.330,4db2e3cd-72d9-4bcf-814b-df67569f47a8,,FALSE,FALSE,2014-04-08 03:05:26.801,1001,,108519,13,5284,2026-07-09 09:47:00.217 Z,2026-07-09 09:43:14.437 Z,9999-12-31 23:59:59.999 Z,TRUE
93568,3704,-65.00,FALSE,Unit #026,2014-04-08 03:05:26.811,48577,,2014-03-06 17:17:33.330,de203711-8da6-414d-b097-1d36bbc34ff7,,FALSE,FALSE,2014-04-08 03:05:26.811,4000,,108518,13,5284,2026-07-09 09:47:00.217 Z,2026-07-09 09:43:14.437 Z,9999-12-31 23:59:59.999 Z,TRUE
93569,3705,15.00,FALSE,Check #1272,2014-04-08 03:05:27.812,48579,,2014-02-14 19:40:06.520,cdc307ad-a931-43d9-83eb-2d8343ae3999,,FALSE,FALSE,2014-04-08 03:05:27.812,1001,,108527,13,5286,2026-07-09 09:47:00.217 Z,2026-07-09 09:43:14.437 Z,9999-12-31 23:59:59.999 Z,TRUE
93570,3705,-15.00,FALSE,IMPORT-LATE1,2014-04-08 03:05:27.823,48579,,2014-02-14 19:40:06.520,26964930-36b6-4aa4-89d6-7f52c37bd9c8,,FALSE,FALSE,2014-04-08 03:05:27.823,4052,,108522,13,5286,2026-07-09 09:47:00.217 Z,2026-07-09 09:43:14.437 Z,9999-12-31 23:59:59.999 Z,TRUE
93571,3705,55.00,FALSE,Check #1272,2014-04-08 03:05:27.886,48580,,2014-02-14 19:40:06.520,06ee8fb0-98d6-4c48-affa-b3225750b92f,,FALSE,FALSE,2014-04-08 03:05:27.886,1001,,108527,13,5286,2026-07-09 09:47:00.217 Z,2026-07-09 09:43:14.437 Z,9999-12-31 23:59:59.999 Z,TRUE
93572,3705,-55.00,FALSE,Unit #028,2014-04-08 03:05:27.897,48580,,2014-02-14 19:40:06.520,99b517ee-084a-4e50-84a5-0d4bcc361981,,FALSE,FALSE,2014-04-08 03:05:27.897,4000,,108523,13,5286,2026-07-09 09:47:00.217 Z,2026-07-09 09:43:14.437 Z,9999-12-31 23:59:59.999 Z,TRUE
93573,3705,15.00,FALSE,Check #1272,2014-04-08 03:05:27.957,48581,,2014-02-14 19:40:06.520,166c7866-b5ad-466b-b4b0-1341b77864c0,,FALSE,FALSE,2014-04-08 03:05:27.957,1001,,108527,13,5286,2026-07-09 09:47:00.217 Z,2026-07-09 09:43:14.437 Z,9999-12-31 23:59:59.999 Z,TRUE
93574,3705,-15.00,FALSE,LF,2014-04-08 03:05:27.968,48581,,2014-02-14 19:40:06.520,15a06b72-fce2-445b-9823-76ce0b37dee4,,FALSE,FALSE,2014-04-08 03:05:27.968,4052,,108526,13,5286,2026-07-09 09:47:00.217 Z,2026-07-09 09:43:14.437 Z,9999-12-31 23:59:59.999 Z,TRUE
93575,3705,55.00,FALSE,Check #850535,2014-04-08 03:05:28.409,48585,,2014-03-13 18:41:31.751,e9f23ce2-c6df-4bbf-bf96-57438f096fbf,,FALSE,FALSE,2014-04-08 03:05:28.409,1001,,108535,13,5286,2026-07-09 09:47:00.217 Z,2026-07-09 09:43:14.437 Z,9999-12-31 23:59:59.999 Z,TRUE
93576,3705,-55.00,FALSE,Unit #028,2014-04-08 03:05:28.420,48585,,2014-03-13 18:41:31.751,159caf23-8041-4666-9e97-31cd8c866495,,FALSE,FALSE,2014-04-08 03:05:28.420,4000,,108532,13,5286,2026-07-09 09:47:00.217 Z,2026-07-09 09:43:14.437 Z,9999-12-31 23:59:59.999 Z,TRUE
93579,3707,25.00,FALSE,Check #Unknown,2014-04-08 03:05:30.539,48589,,2014-02-10 23:08:28.776,dbf74a0a-da89-4a25-9f91-16dd8b0e337a,,FALSE,FALSE,2014-04-08 03:05:30.539,1001,,108555,13,5288,2026-07-09 09:47:00.217 Z,2026-07-09 09:43:14.437 Z,9999-12-31 23:59:59.999 Z,TRUE
93580,3707,-25.00,FALSE,Unit #030,2014-04-08 03:05:30.549,48589,,2014-02-10 23:08:28.776,1dcaff96-67d9-4688-875c-d1e9f72e836d,,FALSE,FALSE,2014-04-08 03:05:30.549,4000,,108554,13,5288,2026-07-09 09:47:00.217 Z,2026-07-09 09:43:14.437 Z,9999-12-31 23:59:59.999 Z,TRUE
93581,3707,55.00,FALSE,Check #1322,2014-04-08 03:05:30.740,48591,,2014-03-01 14:31:03.010,25071358-7440-4ce5-9572-a9b0dcfde19f,,FALSE,FALSE,2014-04-08 03:05:30.740,1001,,108565,13,5288,2026-07-09 09:47:00.217 Z,2026-07-09 09:43:14.437 Z,9999-12-31 23:59:59.999 Z,TRUE
93582,3707,-55.00,FALSE,Unit #030,2014-04-08 03:05:30.751,48591,,2014-03-01 14:31:03.010,73162e53-2acc-4cbf-9967-2bc04f4583c9,,FALSE,FALSE,2014-04-08 03:05:30.751,4000,,108562,13,5288,2026-07-09 09:47:00.217 Z,2026-07-09 09:43:14.437 Z,9999-12-31 23:59:59.999 Z,TRUE
93583,3707,10.00,FALSE,Check #1322,2014-04-08 03:05:30.818,48592,,2014-03-01 14:31:03.010,08cf545a-0829-4ff7-868e-c8d998d37748,,FALSE,FALSE,2014-04-08 03:05:30.818,1001,,108565,13,5288,2026-07-09 09:47:00.217 Z,2026-07-09 09:43:14.437 Z,9999-12-31 23:59:59.999 Z,TRUE
93584,3707,-10.00,FALSE,Unit #030,2014-04-08 03:05:30.829,48592,,2014-03-01 14:31:03.010,dd5c0d88-fea7-43b5-bcb3-58ff4fcc4c2c,,FALSE,FALSE,2014-04-08 03:05:30.829,4000,,108564,13,5288,2026-07-09 09:47:00.217 Z,2026-07-09 09:43:14.437 Z,9999-12-31 23:59:59.999 Z,TRUE
93585,3707,45.00,FALSE,Check #1065,2014-04-08 03:05:31.180,48595,,2014-04-07 14:16:48.721,dc1b1277-1288-4943-ac3d-45715b5f3ff8,,FALSE,FALSE,2014-04-08 03:05:31.180,1001,,108567,13,5288,2026-07-09 09:47:00.217 Z,2026-07-09 09:43:14.437 Z,9999-12-31 23:59:59.999 Z,TRUE
93586,3707,-45.00,FALSE,Unit #030,2014-04-08 03:05:31.190,48595,,2014-04-07 14:16:48.721,dff0c4dd-29c4-43a2-8b7e-cee6efd3999d,,FALSE,FALSE,2014-04-08 03:05:31.190,4000,,108564,13,5288,2026-07-09 09:47:00.217 Z,2026-07-09 09:43:14.437 Z,9999-12-31 23:59:59.999 Z,TRUE
93587,3707,20.00,FALSE,Check #1065,2014-04-08 03:05:31.253,48596,,2014-04-07 14:16:48.721,85a7d256-6b39-42f7-8d6f-b6bf434d1373,,FALSE,FALSE,2014-04-08 03:05:31.253,1001,,108567,13,5288,2026-07-09 09:47:00.217 Z,2026-07-09 09:43:14.437 Z,9999-12-31 23:59:59.999 Z,TRUE
93588,3707,-20.00,FALSE,Unit #030,2014-04-08 03:05:31.264,48596,,2014-04-07 14:16:48.721,f488646a-7547-42ac-8057-40eb707c10c5,,FALSE,FALSE,2014-04-08 03:05:31.264,4000,,108566,13,5288,2026-07-09 09:47:00.217 Z,2026-07-09 09:43:14.437 Z,9999-12-31 23:59:59.999 Z,TRUE
93591,3708,65.00,FALSE,Check #1313,2014-04-08 03:05:32.253,48598,,2014-02-10 20:14:53.106,75965427-9a57-49ec-8cd4-84696ec741c9,,FALSE,FALSE,2014-04-08 03:05:32.253,1001,,108572,13,5289,2026-07-09 09:47:00.217 Z,2026-07-09 09:43:14.437 Z,9999-12-31 23:59:59.999 Z,TRUE
93592,3708,-65.00,FALSE,Unit #031,2014-04-08 03:05:32.264,48598,,2014-02-10 20:14:53.106,58222901-df36-446b-aec6-8cbf87a963b8,,FALSE,FALSE,2014-04-08 03:05:32.264,4000,,108569,13,5289,2026-07-09 09:47:00.217 Z,2026-07-09 09:43:14.437 Z,9999-12-31 23:59:59.999 Z,TRUE
93593,3709,100.00,FALSE,Mastercard XXXX6425,2014-04-08 03:05:33.213,48600,,2014-02-04 18:08:43.500,bd5e0181-1085-4778-8f36-4d370a495d9e,,FALSE,FALSE,2014-04-08 03:05:33.213,1021,,108577,13,5290,2026-07-09 09:47:00.217 Z,2026-07-09 09:43:14.437 Z,9999-12-31 23:59:59.999 Z,TRUE
93594,3709,-100.00,FALSE,Unit #032,2014-04-08 03:05:33.224,48600,,2014-02-04 18:08:43.500,d97c5d16-b1a7-4d9e-9862-cfcf8a92ae9e,,FALSE,FALSE,2014-04-08 03:05:33.224,4000,,108574,13,5290,2026-07-09 09:47:00.217 Z,2026-07-09 09:43:14.437 Z,9999-12-31 23:59:59.999 Z,TRUE
93595,3709,92.50,FALSE,Mastercard XXXX6425,2014-04-08 03:05:33.500,48603,,2014-03-05 19:12:24.208,7a7145ca-c31e-4bc1-86ec-1951b4455ac8,,FALSE,FALSE,2014-04-08 03:05:33.500,1021,,108584,13,5290,2026-07-09 09:47:00.217 Z,2026-07-09 09:43:14.437 Z,9999-12-31 23:59:59.999 Z,TRUE
93596,3709,-92.50,FALSE,Unit #032,2014-04-08 03:05:33.510,48603,,2014-03-05 19:12:24.208,5c9f2d1d-482d-4492-805f-64a2cff22cf4,,FALSE,FALSE,2014-04-08 03:05:33.510,4000,,108574,13,5290,2026-07-09 09:47:00.217 Z,2026-07-09 09:43:14.437 Z,9999-12-31 23:59:59.999 Z,TRUE
93597,3709,65.00,FALSE,Mastercard XXXX6425,2014-04-08 03:05:33.572,48604,,2014-03-05 19:12:24.208,472cf872-40d0-415c-97fe-106e48584ac6,,FALSE,FALSE,2014-04-08 03:05:33.572,1021,,108584,13,5290,2026-07-09 09:47:00.217 Z,2026-07-09 09:43:14.437 Z,9999-12-31 23:59:59.999 Z,TRUE
93598,3709,-65.00,FALSE,Unit #032,2014-04-08 03:05:33.583,48604,,2014-03-05 19:12:24.208,56829d23-4312-438a-b107-42d01feefc7e,,FALSE,FALSE,2014-04-08 03:05:33.583,4000,,108576,13,5290,2026-07-09 09:47:00.217 Z,2026-07-09 09:43:14.437 Z,9999-12-31 23:59:59.999 Z,TRUE
93599,3709,65.00,FALSE,Cash,2014-04-08 03:05:33.769,48605,,2014-03-08 16:16:14.002,e040a0a0-3a5a-488e-9273-fe9ff49b97e6,,FALSE,FALSE,2014-04-08 03:05:33.769,1000,,108585,13,5290,2026-07-09 09:47:00.217 Z,2026-07-09 09:43:14.437 Z,9999-12-31 23:59:59.999 Z,TRUE
93600,3709,-65.00,FALSE,Unit #032,2014-04-08 03:05:33.780,48605,,2014-03-08 16:16:14.002,09644e20-4222-4b34-bb76-b3113e0ea242,,FALSE,FALSE,2014-04-08 03:05:33.780,4000,,108582,13,5290,2026-07-09 09:47:00.217 Z,2026-07-09 09:43:14.437 Z,9999-12-31 23:59:59.999 Z,TRUE
93601,3709,15.00,FALSE,Cash,2014-04-08 03:05:33.838,48606,,2014-03-08 16:16:14.002,5d6586fc-b7f3-4ac3-808e-fe8d2d3a69ec,,FALSE,FALSE,2014-04-08 03:05:33.838,1000,,108585,13,5290,2026-07-09 09:47:00.217 Z,2026-07-09 09:43:14.437 Z,9999-12-31 23:59:59.999 Z,TRUE
93602,3709,-15.00,FALSE,LF,2014-04-08 03:05:33.849,48606,,2014-03-08 16:16:14.002,6131044c-e721-46b9-880d-33d1cdacadd0,,FALSE,FALSE,2014-04-08 03:05:33.849,4052,,108583,13,5290,2026-07-09 09:47:00.217 Z,2026-07-09 09:43:14.437 Z,9999-12-31 23:59:59.999 Z,TRUE
93603,3709,42.50,FALSE,Mastercard XXXX6425,2014-04-08 03:05:34.284,48607,,2014-04-08 03:05:34.281,f820beca-6520-456c-8707-c4e1737d9485,,FALSE,FALSE,2014-04-08 03:05:34.284,1021,,108584,13,5290,2026-07-09 09:47:00.217 Z,2026-07-09 09:43:14.437 Z,9999-12-31 23:59:59.999 Z,TRUE
93604,3709,-42.50,FALSE,IMPORT-LATE1,2014-04-08 03:05:34.294,48607,,2014-04-08 03:05:34.281,c246dbd3-5a9f-4c9c-bb9f-4a1e4dd06023,,FALSE,FALSE,2014-04-08 03:05:34.294,4052,,108575,13,5290,2026-07-09 09:47:00.217 Z,2026-07-09 09:43:14.437 Z,9999-12-31 23:59:59.999 Z,TRUE
93605,3709,2.50,FALSE,Cash,2014-04-08 03:05:34.356,48608,,2014-04-08 03:05:34.353,7670d065-91e0-427f-8011-48080b29e0dc,,FALSE,FALSE,2014-04-08 03:05:34.356,1000,,108585,13,5290,2026-07-09 09:47:00.217 Z,2026-07-09 09:43:14.437 Z,9999-12-31 23:59:59.999 Z,TRUE
93606,3709,-2.50,FALSE,IMPORT-LATE1,2014-04-08 03:05:34.364,48608,,2014-04-08 03:05:34.353,e0170bdb-c90d-4e53-8570-ce7763bd82cb,,FALSE,FALSE,2014-04-08 03:05:34.364,4052,,108575,13,5290,2026-07-09 09:47:00.217 Z,2026-07-09 09:43:14.437 Z,9999-12-31 23:59:59.999 Z,TRUE
93607,3710,65.00,FALSE,Mastercard XXXX6329,2014-04-08 03:05:34.723,48609,,2014-02-10 15:10:18.926,03c96782-a24f-4f09-9d2e-6cad0ca546c7,,FALSE,FALSE,2014-04-08 03:05:34.723,1021,,108590,13,5292,2026-07-09 09:47:00.217 Z,2026-07-09 09:43:14.437 Z,9999-12-31 23:59:59.999 Z,TRUE
93608,3710,-65.00,FALSE,Unit #034,2014-04-08 03:05:34.810,48609,,2014-02-10 15:10:18.926,bd378bf6-1336-4843-a9fa-0ef0a3155363,,FALSE,FALSE,2014-04-08 03:05:34.810,4000,,108589,13,5292,2026-07-09 09:47:00.217 Z,2026-07-09 09:43:14.437 Z,9999-12-31 23:59:59.999 Z,TRUE
93609,3710,65.00,FALSE,Mastercard XXXX4016,2014-04-08 03:05:34.916,48610,,2014-03-11 17:56:50.300,340847bf-d213-48c1-b9a1-ff6accc5447f,,FALSE,FALSE,2014-04-08 03:05:34.916,1021,,108593,13,5292,2026-07-09 09:47:00.217 Z,2026-07-09 09:43:14.437 Z,9999-12-31 23:59:59.999 Z,TRUE
93610,3710,-65.00,FALSE,Unit #034,2014-04-08 03:05:34.927,48610,,2014-03-11 17:56:50.300,c3c81da9-9ee7-4e3a-98bc-4ce112a13041,,FALSE,FALSE,2014-04-08 03:05:34.927,4000,,108591,13,5292,2026-07-09 09:47:00.217 Z,2026-07-09 09:43:14.437 Z,9999-12-31 23:59:59.999 Z,TRUE
93611,3710,15.00,FALSE,Mastercard XXXX4016,2014-04-08 03:05:34.987,48611,,2014-03-11 17:56:50.300,fb2abd67-e501-4fde-91fe-504e9e95d086,,FALSE,FALSE,2014-04-08 03:05:34.987,1021,,108593,13,5292,2026-07-09 09:47:00.217 Z,2026-07-09 09:43:14.437 Z,9999-12-31 23:59:59.999 Z,TRUE
93612,3710,-15.00,FALSE,LF,2014-04-08 03:05:34.998,48611,,2014-03-11 17:56:50.300,28cc1b3e-e0c9-435e-a7e9-77e06d0a7b9e,,FALSE,FALSE,2014-04-08 03:05:34.998,4052,,108592,13,5292,2026-07-09 09:47:00.217 Z,2026-07-09 09:43:14.437 Z,9999-12-31 23:59:59.999 Z,TRUE
93613,3711,65.00,FALSE,Mastercard XXXX3489,2014-04-08 03:05:35.605,48612,,2014-02-10 20:32:25.962,c9431b0c-07d9-4488-8a49-6b9ab57e49ce,,FALSE,FALSE,2014-04-08 03:05:35.605,1021,,108599,13,5293,2026-07-09 09:47:00.217 Z,2026-07-09 09:43:14.437 Z,9999-12-31 23:59:59.999 Z,TRUE
93614,3711,-65.00,FALSE,Unit #035,2014-04-08 03:05:35.616,48612,,2014-02-10 20:32:25.962,350f2d17-4f82-4d1f-9587-b99d8462c9ce,,FALSE,FALSE,2014-04-08 03:05:35.616,4000,,108596,13,5293,2026-07-09 09:47:00.217 Z,2026-07-09 09:43:14.437 Z,9999-12-31 23:59:59.999 Z,TRUE
93615,3711,65.00,FALSE,Mastercard XXXX3489,2014-04-08 03:05:35.805,48614,,2014-03-01 22:02:35.312,889586a8-cb11-48a6-a22c-7db43559a209,,FALSE,FALSE,2014-04-08 03:05:35.805,1021,,108601,13,5293,2026-07-09 09:47:00.217 Z,2026-07-09 09:43:14.437 Z,9999-12-31 23:59:59.999 Z,TRUE
93616,3711,-65.00,FALSE,Unit #035,2014-04-08 03:05:35.816,48614,,2014-03-01 22:02:35.312,ee1d3dc7-2c6a-4c3a-a057-272570a19bfd,,FALSE,FALSE,2014-04-08 03:05:35.816,4000,,108600,13,5293,2026-07-09 09:47:00.217 Z,2026-07-09 09:43:14.437 Z,9999-12-31 23:59:59.999 Z,TRUE
93617,3712,65.00,FALSE,Mastercard XXXX8049,2014-04-08 03:05:36.967,48618,,2014-03-05 19:00:20.129,193d077a-46ae-4f51-8de6-1b36fe1c09f3,,FALSE,FALSE,2014-04-08 03:05:36.967,1021,,108613,13,5294,2026-07-09 09:47:00.217 Z,2026-07-09 09:43:14.437 Z,9999-12-31 23:59:59.999 Z,TRUE
93618,3712,-65.00,FALSE,Unit #036,2014-04-08 03:05:36.977,48618,,2014-03-05 19:00:20.129,0c23a78a-9641-4f2b-8779-47f2780cb086,,FALSE,FALSE,2014-04-08 03:05:36.977,4000,,108604,13,5294,2026-07-09 09:47:00.217 Z,2026-07-09 09:43:14.437 Z,9999-12-31 23:59:59.999 Z,TRUE
93619,3712,15.00,FALSE,Mastercard XXXX8049,2014-04-08 03:05:37.112,48619,,2014-03-05 19:00:20.129,87a6bc1f-8988-400b-b056-c16904ea1578,,FALSE,FALSE,2014-04-08 03:05:37.112,1021,,108613,13,5294,2026-07-09 09:47:00.217 Z,2026-07-09 09:43:14.437 Z,9999-12-31 23:59:59.999 Z,TRUE
93620,3712,-15.00,FALSE,LF,2014-04-08 03:05:37.123,48619,,2014-03-05 19:00:20.129,e858b61e-b46a-41dc-ba1e-c9ef6fdbe262,,FALSE,FALSE,2014-04-08 03:05:37.123,4052,,108607,13,5294,2026-07-09 09:43:20.187 Z,2026-07-09 09:43:14.437 Z,9999-12-31 23:59:59.999 Z,TRUE
93621,3712,65.00,FALSE,Mastercard XXXX8049,2014-04-08 03:05:37.185,48620,,2014-03-05 19:00:20.129,c18333dd-f1ac-4631-a639-6490571e1a4b,,FALSE,FALSE,2014-04-08 03:05:37.185,1021,,108613,13,5294,2026-07-09 09:47:00.217 Z,2026-07-09 09:43:14.437 Z,9999-12-31 23:59:59.999 Z,TRUE
93622,3712,-65.00,FALSE,Unit #036,2014-04-08 03:05:37.196,48620,,2014-03-05 19:00:20.129,323f3b62-dd1e-4d44-b3bf-13e0287c1cb5,,FALSE,FALSE,2014-04-08 03:05:37.196,4000,,108612,13,5294,2026-07-09 09:47:00.217 Z,2026-07-09 09:43:14.437 Z,9999-12-31 23:59:59.999 Z,TRUE
93625,3713,65.00,FALSE,Visa XXXX7103,2014-04-08 03:05:38.451,48625,,2014-03-04 21:50:16.223,e188e6cc-303f-41f0-8c6f-bfecf881c03c,,FALSE,FALSE,2014-04-08 03:05:38.451,1020,,108626,13,5295,2026-07-09 09:47:00.217 Z,2026-07-09 09:43:14.437 Z,9999-12-31 23:59:59.999 Z,TRUE
93626,3713,-65.00,FALSE,Unit #037,2014-04-08 03:05:38.462,48625,,2014-03-04 21:50:16.223,675ea1ee-a822-4cdc-acdd-8fdc5b688d50,,FALSE,FALSE,2014-04-08 03:05:38.462,4000,,108625,13,5295,2026-07-09 09:47:00.217 Z,2026-07-09 09:43:14.437 Z,9999-12-31 23:59:59.999 Z,TRUE
93627,3713,65.00,FALSE,Visa XXXX7103,2014-04-08 03:05:38.564,48626,,2014-04-02 21:04:46.023,c05f234d-8ca7-4861-acb3-02df1ea98753,,FALSE,FALSE,2014-04-08 03:05:38.564,1020,,108629,13,5295,2026-07-09 09:47:00.218 Z,2026-07-09 09:43:14.437 Z,9999-12-31 23:59:59.999 Z,TRUE
93628,3713,-65.00,FALSE,Unit #037,2014-04-08 03:05:38.575,48626,,2014-04-02 21:04:46.023,ec7a4a09-0684-4cfa-93c1-d439a92bc5f6,,FALSE,FALSE,2014-04-08 03:05:38.575,4000,,108627,13,5295,2026-07-09 09:47:00.218 Z,2026-07-09 09:43:14.437 Z,9999-12-31 23:59:59.999 Z,TRUE
93631,3714,80.00,FALSE,Cash,2014-04-08 03:05:39.747,48630,,2014-03-10 14:33:14.502,2fbd6405-65ae-484c-8c4c-84c262df70b1,,FALSE,FALSE,2014-04-08 03:05:39.747,1000,,108640,13,5296,2026-07-09 09:47:00.218 Z,2026-07-09 09:43:14.437 Z,9999-12-31 23:59:59.999 Z,TRUE
93632,3714,-80.00,FALSE,Unit #038,2014-04-08 03:05:39.758,48630,,2014-03-10 14:33:14.502,61c68907-dbb5-4e12-8fbb-7001bc4cf065,,FALSE,FALSE,2014-04-08 03:05:39.758,4000,,108639,13,5296,2026-07-09 09:47:00.218 Z,2026-07-09 09:43:14.437 Z,9999-12-31 23:59:59.999 Z,TRUE
93633,3715,50.00,FALSE,Visa XXXX2320,2014-04-08 03:05:40.555,48631,,2014-02-03 21:26:04.310,7e7d6c48-ddab-48dd-b64c-7773137f3421,,FALSE,FALSE,2014-04-08 03:05:40.555,1020,,108645,13,5297,2026-07-09 09:47:00.218 Z,2026-07-09 09:43:14.437 Z,9999-12-31 23:59:59.999 Z,TRUE
93634,3715,-50.00,FALSE,Unit #039,2014-04-08 03:05:40.566,48631,,2014-02-03 21:26:04.310,ea2923bb-67f2-4411-8632-9b8cafa35537,,FALSE,FALSE,2014-04-08 03:05:40.566,4000,,108644,13,5297,2026-07-09 09:47:00.218 Z,2026-07-09 09:43:14.437 Z,9999-12-31 23:59:59.999 Z,TRUE
93635,3715,50.00,FALSE,Visa XXXX2320,2014-04-08 03:05:40.862,48634,,2014-03-01 22:02:20.967,36e28c6e-39b7-40b4-86f1-2d21a35abdd6,,FALSE,FALSE,2014-04-08 03:05:40.862,1020,,108651,13,5297,2026-07-09 09:47:00.218 Z,2026-07-09 09:43:14.437 Z,9999-12-31 23:59:59.999 Z,TRUE
93636,3715,-50.00,FALSE,Unit #039,2014-04-08 03:05:40.873,48634,,2014-03-01 22:02:20.967,c715b084-c416-478d-9a5e-572d3b3f5886,,FALSE,FALSE,2014-04-08 03:05:40.873,4000,,108650,13,5297,2026-07-09 09:47:00.218 Z,2026-07-09 09:43:14.437 Z,9999-12-31 23:59:59.999 Z,TRUE
93637,3715,50.00,FALSE,Visa XXXX2320,2014-04-08 03:05:40.976,48635,,2014-04-02 21:04:54.105,67b74be8-d1dd-46a8-9e97-86e6a554335c,,FALSE,FALSE,2014-04-08 03:05:40.976,1020,,108654,13,5297,2026-07-09 09:47:00.218 Z,2026-07-09 09:43:14.437 Z,9999-12-31 23:59:59.999 Z,TRUE
93638,3715,-50.00,FALSE,Unit #039,2014-04-08 03:05:40.986,48635,,2014-04-02 21:04:54.105,e4e3d6ab-7546-4d13-a869-4b13dc87c08a,,FALSE,FALSE,2014-04-08 03:05:40.986,4000,,108652,13,5297,2026-07-09 09:47:00.218 Z,2026-07-09 09:43:14.437 Z,9999-12-31 23:59:59.999 Z,TRUE
93641,3716,65.00,FALSE,Check #1861,2014-04-08 03:05:42.103,48639,,2014-03-03 22:08:10.864,310e82a8-8a5a-489e-971e-d17b15935ecc,,FALSE,FALSE,2014-04-08 03:05:42.103,1001,,108663,13,5298,2026-07-09 09:47:00.218 Z,2026-07-09 09:43:14.437 Z,9999-12-31 23:59:59.999 Z,TRUE
93642,3716,-65.00,FALSE,Unit #040,2014-04-08 03:05:42.114,48639,,2014-03-03 22:08:10.864,fd4188d8-e1c3-43d4-98c3-1238c0bc83d8,,FALSE,FALSE,2014-04-08 03:05:42.114,4000,,108662,13,5298,2026-07-09 09:47:00.218 Z,2026-07-09 09:43:14.437 Z,9999-12-31 23:59:59.999 Z,TRUE
93643,3716,65.00,FALSE,Check #1867,2014-04-08 03:05:42.290,48640,,2014-03-27 14:37:06.851,0d5b28f8-03e3-44c7-854f-b5a4a62e2ce4,,FALSE,FALSE,2014-04-08 03:05:42.290,1001,,108665,13,5298,2026-07-09 09:47:00.218 Z,2026-07-09 09:43:14.437 Z,9999-12-31 23:59:59.999 Z,TRUE
93644,3716,-65.00,FALSE,Unit #040,2014-04-08 03:05:42.301,48640,,2014-03-27 14:37:06.851,ffa93eed-1a3e-4b62-9b1c-47f8e9e8aa2d,,FALSE,FALSE,2014-04-08 03:05:42.301,4000,,108664,13,5298,2026-07-09 09:47:00.218 Z,2026-07-09 09:43:14.437 Z,9999-12-31 23:59:59.999 Z,TRUE
93645,3717,60.00,FALSE,Mastercard XXXX2213,2014-04-08 03:05:42.914,48641,,2014-02-03 21:27:58.103,d6e6ab7a-6282-4e65-be4f-171790836905,,FALSE,FALSE,2014-04-08 03:05:42.914,1021,,108668,13,5299,2026-07-09 09:47:00.218 Z,2026-07-09 09:43:14.437 Z,9999-12-31 23:59:59.999 Z,TRUE
93646,3717,-60.00,FALSE,Unit #041,2014-04-08 03:05:42.925,48641,,2014-02-03 21:27:58.103,e62e49c9-335d-4093-b2c5-08bb46d9c31b,,FALSE,FALSE,2014-04-08 03:05:42.925,4000,,108667,13,5299,2026-07-09 09:47:00.218 Z,2026-07-09 09:43:14.437 Z,9999-12-31 23:59:59.999 Z,TRUE
93647,3717,60.00,FALSE,Mastercard XXXX0696,2014-04-08 03:05:43.028,48642,,2014-03-05 17:19:40.190,4b8ca5d9-620d-420c-94cb-4c36c5c6de91,,FALSE,FALSE,2014-04-08 03:05:43.028,1021,,108670,13,5299,2026-07-09 09:47:00.218 Z,2026-07-09 09:43:14.437 Z,9999-12-31 23:59:59.999 Z,TRUE
93648,3717,-60.00,FALSE,Unit #041,2014-04-08 03:05:43.039,48642,,2014-03-05 17:19:40.190,7b465489-3cd0-408c-8e39-13c89b1ece8f,,FALSE,FALSE,2014-04-08 03:05:43.039,4000,,108669,13,5299,2026-07-09 09:47:00.218 Z,2026-07-09 09:43:14.437 Z,9999-12-31 23:59:59.999 Z,TRUE
93649,3717,60.00,FALSE,Mastercard XXXX0696,2014-04-08 03:05:43.146,48643,,2014-04-02 21:04:32.023,81ca3d2c-d094-4f82-ad0e-8cb624aa7984,,FALSE,FALSE,2014-04-08 03:05:43.146,1021,,108672,13,5299,2026-07-09 09:47:00.218 Z,2026-07-09 09:43:14.437 Z,9999-12-31 23:59:59.999 Z,TRUE
93650,3717,-60.00,FALSE,Unit #041,2014-04-08 03:05:43.158,48643,,2014-04-02 21:04:32.023,b8085f3b-8b3e-47fb-bf56-8a54af257dc3,,FALSE,FALSE,2014-04-08 03:05:43.158,4000,,108671,13,5299,2026-07-09 09:47:00.218 Z,2026-07-09 09:43:14.437 Z,9999-12-31 23:59:59.999 Z,TRUE
93651,3718,160.00,FALSE,Check #1319,2014-04-08 03:05:44.223,48644,,2014-02-18 20:19:18.133,0b2b622a-276f-4f00-b348-41ba2313e7c4,,FALSE,FALSE,2014-04-08 03:05:44.223,1001,,108679,13,5300,2026-07-09 09:47:00.218 Z,2026-07-09 09:43:14.437 Z,9999-12-31 23:59:59.999 Z,TRUE
93652,3718,-160.00,FALSE,Unit #042,2014-04-08 03:05:44.237,48644,,2014-02-18 20:19:18.133,7d18a423-0d65-4ae5-a530-7ea2e3efc015,,FALSE,FALSE,2014-04-08 03:05:44.237,4000,,108674,13,5300,2026-07-09 09:47:00.218 Z,2026-07-09 09:43:14.437 Z,9999-12-31 23:59:59.999 Z,TRUE
93653,3718,35.00,FALSE,Check #1321,2014-04-08 03:05:44.528,48647,,2014-03-14 14:49:15.142,e98b01c1-0fcd-4ae3-8b78-44103ac08f98,,FALSE,FALSE,2014-04-08 03:05:44.528,1001,,108687,13,5300,2026-07-09 09:47:00.218 Z,2026-07-09 09:43:14.437 Z,9999-12-31 23:59:59.999 Z,TRUE
93654,3718,-35.00,FALSE,Unit #042,2014-04-08 03:05:44.538,48647,,2014-03-14 14:49:15.142,49506e90-0d50-457b-b36e-b0048d9dbe63,,FALSE,FALSE,2014-04-08 03:05:44.538,4000,,108674,13,5300,2026-07-09 09:47:00.218 Z,2026-07-09 09:43:14.437 Z,9999-12-31 23:59:59.999 Z,TRUE
93655,3718,45.00,FALSE,Check #1321,2014-04-08 03:05:44.725,48648,,2014-03-14 14:49:15.142,4afbca05-3027-440d-939f-b343ca4327e9,,FALSE,FALSE,2014-04-08 03:05:44.725,1001,,108687,13,5300,2026-07-09 09:47:00.218 Z,2026-07-09 09:43:14.437 Z,9999-12-31 23:59:59.999 Z,TRUE
93656,3718,-45.00,FALSE,IMPORT-LATE1,2014-04-08 03:05:44.737,48648,,2014-03-14 14:49:15.142,7a8f076f-e8c5-4581-aa89-665f3c819158,,FALSE,FALSE,2014-04-08 03:05:44.737,4052,,108677,13,5300,2026-07-09 09:47:00.218 Z,2026-07-09 09:43:14.437 Z,9999-12-31 23:59:59.999 Z,TRUE
93657,3718,65.00,FALSE,Check #1321,2014-04-08 03:05:44.801,48649,,2014-03-14 14:49:15.142,8f584711-c602-4e6f-b971-498b17ca9176,,FALSE,FALSE,2014-04-08 03:05:44.801,1001,,108687,13,5300,2026-07-09 09:47:00.218 Z,2026-07-09 09:43:14.437 Z,9999-12-31 23:59:59.999 Z,TRUE
93658,3718,-65.00,FALSE,Unit #042,2014-04-08 03:05:44.813,48649,,2014-03-14 14:49:15.142,f5b572ff-be22-47aa-b35f-100c1ec486a5,,FALSE,FALSE,2014-04-08 03:05:44.813,4000,,108678,13,5300,2026-07-09 09:47:00.218 Z,2026-07-09 09:43:14.437 Z,9999-12-31 23:59:59.999 Z,TRUE
93659,3718,15.00,FALSE,Check #1321,2014-04-08 03:05:44.877,48650,,2014-03-14 14:49:15.142,398ce0bf-014c-444e-a492-d89cba624f09,,FALSE,FALSE,2014-04-08 03:05:44.877,1001,,108687,13,5300,2026-07-09 09:47:00.218 Z,2026-07-09 09:43:14.437 Z,9999-12-31 23:59:59.999 Z,TRUE
93660,3718,-15.00,FALSE,LF,2014-04-08 03:05:44.889,48650,,2014-03-14 14:49:15.142,916a3e4a-34a2-4906-8302-bb40e09e064a,,FALSE,FALSE,2014-04-08 03:05:44.889,4052,,108685,13,5300,2026-07-09 09:47:00.218 Z,2026-07-09 09:43:14.437 Z,9999-12-31 23:59:59.999 Z,TRUE
93661,3720,55.00,FALSE,Mastercard XXXX6902,2014-04-08 03:05:46.196,48651,,2014-02-03 20:24:41.486,5a822aeb-eaa3-4a35-9105-e38b364c454d,,FALSE,FALSE,2014-04-08 03:05:46.196,1021,,108700,13,5302,2026-07-09 09:47:00.218 Z,2026-07-09 09:43:14.437 Z,9999-12-31 23:59:59.999 Z,TRUE
93662,3720,-55.00,FALSE,Unit #044,2014-04-08 03:05:46.207,48651,,2014-02-03 20:24:41.486,31e0a5ed-bd54-4cf7-a672-a85118a1be14,,FALSE,FALSE,2014-04-08 03:05:46.207,4000,,108699,13,5302,2026-07-09 09:47:00.218 Z,2026-07-09 09:43:14.437 Z,9999-12-31 23:59:59.999 Z,TRUE
93663,3720,55.00,FALSE,Mastercard XXXX6902,2014-04-08 03:05:46.310,48652,,2014-03-01 14:43:50.753,1cce257a-af8e-4cc7-afa1-a4154cd6c47f,,FALSE,FALSE,2014-04-08 03:05:46.310,1021,,108702,13,5302,2026-07-09 09:47:00.218 Z,2026-07-09 09:43:14.437 Z,9999-12-31 23:59:59.999 Z,TRUE
93664,3720,-55.00,FALSE,Unit #044,2014-04-08 03:05:46.321,48652,,2014-03-01 14:43:50.753,ac216b33-cf4d-4e4a-be33-62383eaa78d7,,FALSE,FALSE,2014-04-08 03:05:46.321,4000,,108701,13,5302,2026-07-09 09:47:00.218 Z,2026-07-09 09:43:14.437 Z,9999-12-31 23:59:59.999 Z,TRUE
93665,3720,55.00,FALSE,Mastercard XXXX6902,2014-04-08 03:05:46.499,48653,,2014-03-29 13:52:31.645,6dd42992-8fab-4de5-8609-f1e0256b1f7d,,FALSE,FALSE,2014-04-08 03:05:46.499,1021,,108704,13,5302,2026-07-09 09:47:00.218 Z,2026-07-09 09:43:14.437 Z,9999-12-31 23:59:59.999 Z,TRUE
93666,3720,-55.00,FALSE,Unit #044,2014-04-08 03:05:46.511,48653,,2014-03-29 13:52:31.645,0d7552c1-b1ad-4220-87ff-7d86a187d816,,FALSE,FALSE,2014-04-08 03:05:46.511,4000,,108703,13,5302,2026-07-09 09:47:00.218 Z,2026-07-09 09:43:14.437 Z,9999-12-31 23:59:59.999 Z,TRUE
93667,3722,55.00,FALSE,Cash,2014-04-08 03:05:48.351,48657,,2014-04-01 16:34:00.252,7e393d88-5e76-423d-8500-e40654f07a30,,FALSE,FALSE,2014-04-08 03:05:48.351,1000,,108730,13,5304,2026-07-09 09:47:00.218 Z,2026-07-09 09:43:14.437 Z,9999-12-31 23:59:59.999 Z,TRUE
93668,3722,-55.00,FALSE,Unit #046,2014-04-08 03:05:48.363,48657,,2014-04-01 16:34:00.252,3dfaaab5-98dc-46be-9055-d1f913e6d64c,,FALSE,FALSE,2014-04-08 03:05:48.363,4000,,108714,13,5304,2026-07-09 09:47:00.218 Z,2026-07-09 09:43:14.437 Z,9999-12-31 23:59:59.999 Z,TRUE
93669,3722,15.00,FALSE,Cash,2014-04-08 03:05:48.474,48658,,2014-04-01 16:34:00.252,8764b20d-fe8d-4243-b1a9-de28350c0363,,FALSE,FALSE,2014-04-08 03:05:48.474,1000,,108730,13,5304,2026-07-09 09:47:00.220 Z,2026-07-09 09:43:14.437 Z,9999-12-31 23:59:59.999 Z,TRUE
93670,3722,-15.00,FALSE,IMPORT-LATE1,2014-04-08 03:05:48.486,48658,,2014-04-01 16:34:00.252,492f4f83-db16-4ed5-806b-ec38ce3bea4e,,FALSE,FALSE,2014-04-08 03:05:48.486,4052,,108717,13,5304,2026-07-09 09:47:00.220 Z,2026-07-09 09:43:14.437 Z,9999-12-31 23:59:59.999 Z,TRUE
93671,3722,55.00,FALSE,Cash,2014-04-08 03:05:48.550,48659,,2014-04-01 16:34:00.252,222963f4-a394-4c0c-8676-f4152f2e37b3,,FALSE,FALSE,2014-04-08 03:05:48.550,1000,,108730,13,5304,2026-07-09 09:47:00.220 Z,2026-07-09 09:43:14.437 Z,9999-12-31 23:59:59.999 Z,TRUE
93672,3722,-55.00,FALSE,Unit #046,2014-04-08 03:05:48.562,48659,,2014-04-01 16:34:00.252,d1a00492-c0b0-4002-9390-ecc06d433b5b,,FALSE,FALSE,2014-04-08 03:05:48.562,4000,,108718,13,5304,2026-07-09 09:47:00.220 Z,2026-07-09 09:43:14.437 Z,9999-12-31 23:59:59.999 Z,TRUE
93673,3722,15.00,FALSE,Cash,2014-04-08 03:05:48.622,48660,,2014-04-01 16:34:00.252,f2c3dc57-5a31-45cf-b0c3-433c99317f23,,FALSE,FALSE,2014-04-08 03:05:48.622,1000,,108730,13,5304,2026-07-09 09:47:00.220 Z,2026-07-09 09:43:14.437 Z,9999-12-31 23:59:59.999 Z,TRUE
93674,3722,-15.00,FALSE,LF,2014-04-08 03:05:48.634,48660,,2014-04-01 16:34:00.252,2bc1ecbb-f14a-4928-8258-d6fb41a716cd,,FALSE,FALSE,2014-04-08 03:05:48.634,4052,,108721,13,5304,2026-07-09 09:47:00.220 Z,2026-07-09 09:43:14.437 Z,9999-12-31 23:59:59.999 Z,TRUE
93675,3722,55.00,FALSE,Cash,2014-04-08 03:05:48.698,48661,,2014-04-01 16:34:00.252,1575bd17-9e94-4a93-8b31-eb20c12fee96,,FALSE,FALSE,2014-04-08 03:05:48.698,1000,,108730,13,5304,2026-07-09 09:47:00.220 Z,2026-07-09 09:43:14.437 Z,9999-12-31 23:59:59.999 Z,TRUE
93676,3722,-55.00,FALSE,Unit #046,2014-04-08 03:05:48.709,48661,,2014-04-01 16:34:00.252,891d9663-25c7-40bc-a735-7699a4671298,,FALSE,FALSE,2014-04-08 03:05:48.709,4000,,108726,13,5304,2026-07-09 09:47:00.220 Z,2026-07-09 09:43:14.437 Z,9999-12-31 23:59:59.999 Z,TRUE
93677,3722,15.00,FALSE,Cash,2014-04-08 03:05:48.846,48662,,2014-04-01 16:34:00.252,b8f05f27-3315-4da6-b561-3699b48be771,,FALSE,FALSE,2014-04-08 03:05:48.846,1000,,108730,13,5304,2026-07-09 09:47:00.220 Z,2026-07-09 09:43:14.437 Z,9999-12-31 23:59:59.999 Z,TRUE
93678,3722,-15.00,FALSE,LF,2014-04-08 03:05:48.858,48662,,2014-04-01 16:34:00.252,b92acad0-1842-485e-8398-2d7a14d94ab0,,FALSE,FALSE,2014-04-08 03:05:48.858,4052,,108727,13,5304,2026-07-09 09:47:00.220 Z,2026-07-09 09:43:14.437 Z,9999-12-31 23:59:59.999 Z,TRUE
93679,3722,55.00,FALSE,Cash,2014-04-08 03:05:48.922,48663,,2014-04-01 16:34:00.252,6c21be4f-b6bf-4892-ac40-b9b1e7c546d1,,FALSE,FALSE,2014-04-08 03:05:48.922,1000,,108730,13,5304,2026-07-09 09:47:00.220 Z,2026-07-09 09:43:14.437 Z,9999-12-31 23:59:59.999 Z,TRUE
93680,3722,-55.00,FALSE,Unit #046,2014-04-08 03:05:48.933,48663,,2014-04-01 16:34:00.252,5a7e5ad3-b148-48f9-a860-d1a2b92df22c,,FALSE,FALSE,2014-04-08 03:05:48.933,4000,,108728,13,5304,2026-07-09 09:43:20.337 Z,2026-07-09 09:43:14.437 Z,9999-12-31 23:59:59.999 Z,TRUE
93681,3722,65.00,FALSE,Cash,2014-04-08 03:05:50.300,48667,,2014-04-01 16:34:00.241,bf3dd7a2-0c47-4d37-a6c8-72c63b317cbd,,FALSE,FALSE,2014-04-08 03:05:50.300,1000,,108746,13,5351,2026-07-09 09:47:00.220 Z,2026-07-09 09:43:14.437 Z,9999-12-31 23:59:59.999 Z,TRUE
93682,3722,-65.00,FALSE,Unit #097,2014-04-08 03:05:50.312,48667,,2014-04-01 16:34:00.241,979f92fa-9c28-41f2-b21c-204a78003ae0,,FALSE,FALSE,2014-04-08 03:05:50.312,4000,,108732,13,5351,2026-07-09 09:47:00.220 Z,2026-07-09 09:43:14.437 Z,9999-12-31 23:59:59.999 Z,TRUE
93683,3722,15.00,FALSE,Cash,2014-04-08 03:05:50.374,48668,,2014-04-01 16:34:00.241,9e0ac840-9e20-4859-ab96-a7a7f65562cb,,FALSE,FALSE,2014-04-08 03:05:50.374,1000,,108746,13,5351,2026-07-09 09:47:00.220 Z,2026-07-09 09:43:14.437 Z,9999-12-31 23:59:59.999 Z,TRUE
93684,3722,-15.00,FALSE,IMPORT-LATE1,2014-04-08 03:05:50.390,48668,,2014-04-01 16:34:00.241,f582642e-e0e4-4d06-bc20-3ca67a1847fe,,FALSE,FALSE,2014-04-08 03:05:50.390,4052,,108733,13,5351,2026-07-09 09:47:00.220 Z,2026-07-09 09:43:14.437 Z,9999-12-31 23:59:59.999 Z,TRUE
93685,3722,65.00,FALSE,Cash,2014-04-08 03:05:50.538,48669,,2014-04-01 16:34:00.241,52e92a5e-6ed0-45c5-bf4f-33738852c600,,FALSE,FALSE,2014-04-08 03:05:50.538,1000,,108746,13,5351,2026-07-09 09:47:00.220 Z,2026-07-09 09:43:14.437 Z,9999-12-31 23:59:59.999 Z,TRUE
93686,3722,-65.00,FALSE,Unit #097,2014-04-08 03:05:50.551,48669,,2014-04-01 16:34:00.241,998ff534-c2ef-4f89-971d-1ca73bcde61d,,FALSE,FALSE,2014-04-08 03:05:50.551,4000,,108734,13,5351,2026-07-09 09:47:00.220 Z,2026-07-09 09:43:14.437 Z,9999-12-31 23:59:59.999 Z,TRUE
93687,3722,15.00,FALSE,Cash,2014-04-08 03:05:50.618,48670,,2014-04-01 16:34:00.241,3aae031e-e6fa-4ac8-93e2-4ed669eb6bcd,,FALSE,FALSE,2014-04-08 03:05:50.618,1000,,108746,13,5351,2026-07-09 09:47:00.220 Z,2026-07-09 09:43:14.437 Z,9999-12-31 23:59:59.999 Z,TRUE
93688,3722,-15.00,FALSE,LF,2014-04-08 03:05:50.630,48670,,2014-04-01 16:34:00.241,1d5e8136-289a-46ba-be1b-d9e7b1f073e9,,FALSE,FALSE,2014-04-08 03:05:50.630,4052,,108737,13,5351,2026-07-09 09:47:00.220 Z,2026-07-09 09:43:14.437 Z,9999-12-31 23:59:59.999 Z,TRUE
93689,3722,65.00,FALSE,Cash,2014-04-08 03:05:50.698,48671,,2014-04-01 16:34:00.241,9a32342d-acd3-414d-960c-d7fd5f85a490,,FALSE,FALSE,2014-04-08 03:05:50.698,1000,,108746,13,5351,2026-07-09 09:47:00.220 Z,2026-07-09 09:43:14.437 Z,9999-12-31 23:59:59.999 Z,TRUE
93690,3722,-65.00,FALSE,Unit #097,2014-04-08 03:05:50.710,48671,,2014-04-01 16:34:00.241,dd7427e4-a208-4379-9311-aa9ec31668c2,,FALSE,FALSE,2014-04-08 03:05:50.710,4000,,108742,13,5351,2026-07-09 09:47:00.220 Z,2026-07-09 09:43:14.437 Z,9999-12-31 23:59:59.999 Z,TRUE
93691,3722,15.00,FALSE,Cash,2014-04-08 03:05:50.774,48672,,2014-04-01 16:34:00.241,e8c654f4-ceed-41e6-92d2-182c54bb064f,,FALSE,FALSE,2014-04-08 03:05:50.774,1000,,108746,13,5351,2026-07-09 09:47:00.220 Z,2026-07-09 09:43:14.437 Z,9999-12-31 23:59:59.999 Z,TRUE
93692,3722,-15.00,FALSE,LF,2014-04-08 03:05:50.785,48672,,2014-04-01 16:34:00.241,b9590b29-904c-4cb6-8b9e-aa3c3b1aaeda,,FALSE,FALSE,2014-04-08 03:05:50.785,4052,,108743,13,5351,2026-07-09 09:47:00.220 Z,2026-07-09 09:43:14.437 Z,9999-12-31 23:59:59.999 Z,TRUE
93693,3722,65.00,FALSE,Cash,2014-04-08 03:05:50.850,48673,,2014-04-01 16:34:00.241,18a9351e-f6f3-4f51-bad1-0a15670a33ee,,FALSE,FALSE,2014-04-08 03:05:50.850,1000,,108746,13,5351,2026-07-09 09:47:00.220 Z,2026-07-09 09:43:14.437 Z,9999-12-31 23:59:59.999 Z,TRUE
93694,3722,-65.00,FALSE,Unit #097,2014-04-08 03:05:50.862,48673,,2014-04-01 16:34:00.241,44361b06-cc68-4041-b055-a759b9b57744,,FALSE,FALSE,2014-04-08 03:05:50.862,4000,,108744,13,5351,2026-07-09 09:47:00.220 Z,2026-07-09 09:43:14.437 Z,9999-12-31 23:59:59.999 Z,TRUE
93697,3723,55.00,FALSE,Check #0000995667,2014-04-08 03:05:51.819,48675,,2014-02-17 15:47:24.352,1a0b67ae-a5fc-44a7-aa7e-2df0caef66b3,,FALSE,FALSE,2014-04-08 03:05:51.819,1001,,108751,13,5305,2026-07-09 09:47:00.220 Z,2026-07-09 09:43:14.437 Z,9999-12-31 23:59:59.999 Z,TRUE
93698,3723,-55.00,FALSE,Unit #048,2014-04-08 03:05:51.831,48675,,2014-02-17 15:47:24.352,44464a53-e9f7-47b8-b61c-9e913cede7fa,,FALSE,FALSE,2014-04-08 03:05:51.831,4000,,108750,13,5305,2026-07-09 09:47:00.220 Z,2026-07-09 09:43:14.437 Z,9999-12-31 23:59:59.999 Z,TRUE
93699,3723,55.00,FALSE,Check #0000995675,2014-04-08 03:05:51.935,48676,,2014-03-17 16:21:43.774,5bf6bcc5-0cef-4281-ba1d-8789eced2893,,FALSE,FALSE,2014-04-08 03:05:51.935,1001,,108753,13,5305,2026-07-09 09:47:00.220 Z,2026-07-09 09:43:14.437 Z,9999-12-31 23:59:59.999 Z,TRUE
93700,3723,-55.00,FALSE,Unit #048,2014-04-08 03:05:51.946,48676,,2014-03-17 16:21:43.774,c9edaf49-4b2e-44dd-b8d1-2142a18ca0a9,,FALSE,FALSE,2014-04-08 03:05:51.946,4000,,108752,13,5305,2026-07-09 09:47:00.220 Z,2026-07-09 09:43:14.437 Z,9999-12-31 23:59:59.999 Z,TRUE
93701,3724,55.00,FALSE,Visa XXXX0836,2014-04-08 03:05:52.713,48677,,2014-02-10 20:34:18.856,69eb40e2-db21-4333-8d93-6cb934c770d6,,FALSE,FALSE,2014-04-08 03:05:52.713,1020,,108758,13,5306,2026-07-09 09:47:00.220 Z,2026-07-09 09:43:14.437 Z,9999-12-31 23:59:59.999 Z,TRUE
93702,3724,-55.00,FALSE,Unit #049,2014-04-08 03:05:52.725,48677,,2014-02-10 20:34:18.856,84814bbd-1d6f-428e-b0c2-afc592f6c393,,FALSE,FALSE,2014-04-08 03:05:52.725,4000,,108755,13,5306,2026-07-09 09:47:00.220 Z,2026-07-09 09:43:14.437 Z,9999-12-31 23:59:59.999 Z,TRUE
93703,3724,55.00,FALSE,Visa XXXX0836,2014-04-08 03:05:53.192,48681,,2014-03-10 14:49:44.154,8b942afe-57f2-40c2-8c51-3071bc01b844,,FALSE,FALSE,2014-04-08 03:05:53.192,1020,,108764,13,5306,2026-07-09 09:47:00.220 Z,2026-07-09 09:43:14.437 Z,9999-12-31 23:59:59.999 Z,TRUE
93704,3724,-55.00,FALSE,Unit #049,2014-04-08 03:05:53.203,48681,,2014-03-10 14:49:44.154,0b373fde-0c3f-450e-8274-aee15e6660dd,,FALSE,FALSE,2014-04-08 03:05:53.203,4000,,108763,13,5306,2026-07-09 09:47:00.220 Z,2026-07-09 09:43:14.437 Z,9999-12-31 23:59:59.999 Z,TRUE
93705,3724,55.00,FALSE,Visa XXXX0836,2014-04-08 03:05:53.312,48682,,2014-04-05 15:31:52.181,8d5f1f05-f7b3-49d1-a8a2-4540eee4181c,,FALSE,FALSE,2014-04-08 03:05:53.312,1020,,108767,13,5306,2026-07-09 09:47:00.220 Z,2026-07-09 09:43:14.437 Z,9999-12-31 23:59:59.999 Z,TRUE
93706,3724,-55.00,FALSE,Unit #049,2014-04-08 03:05:53.323,48682,,2014-04-05 15:31:52.181,7136f055-7c2d-441b-b371-242acc584570,,FALSE,FALSE,2014-04-08 03:05:53.323,4000,,108765,13,5306,2026-07-09 09:47:00.220 Z,2026-07-09 09:43:14.437 Z,9999-12-31 23:59:59.999 Z,TRUE
93709,3725,55.00,FALSE,Check #4447,2014-04-08 03:05:54.873,48688,,2014-03-26 20:26:44.844,a63974b5-c9e9-4beb-9ba4-00ff02855483,,FALSE,FALSE,2014-04-08 03:05:54.873,1001,,108782,13,5308,2026-07-09 09:47:00.220 Z,2026-07-09 09:43:14.437 Z,9999-12-31 23:59:59.999 Z,TRUE
93710,3725,-55.00,FALSE,Unit #051,2014-04-08 03:05:54.884,48688,,2014-03-26 20:26:44.844,bae8c60f-a99b-4529-a109-7c91eebcd8b0,,FALSE,FALSE,2014-04-08 03:05:54.884,4000,,108775,13,5308,2026-07-09 09:47:00.220 Z,2026-07-09 09:43:14.437 Z,9999-12-31 23:59:59.999 Z,TRUE
93711,3725,55.00,FALSE,Check #4447,2014-04-08 03:05:54.948,48689,,2014-03-26 20:26:44.844,4af423f1-1e95-463d-a03c-6a1e7c6184a7,,FALSE,FALSE,2014-04-08 03:05:54.948,1001,,108782,13,5308,2026-07-09 09:47:00.220 Z,2026-07-09 09:43:14.437 Z,9999-12-31 23:59:59.999 Z,TRUE
93712,3725,-55.00,FALSE,Unit #051,2014-04-08 03:05:54.960,48689,,2014-03-26 20:26:44.844,e7567158-c16f-4e40-9b2e-64ae6ab41116,,FALSE,FALSE,2014-04-08 03:05:54.960,4000,,108777,13,5308,2026-07-09 09:47:00.220 Z,2026-07-09 09:43:14.437 Z,9999-12-31 23:59:59.999 Z,TRUE
93713,3725,55.00,FALSE,Check #4447,2014-04-08 03:05:55.025,48690,,2014-03-26 20:26:44.844,8a8f83b0-aa41-47a5-a6cd-3011b6f868f5,,FALSE,FALSE,2014-04-08 03:05:55.025,1001,,108782,13,5308,2026-07-09 09:47:00.220 Z,2026-07-09 09:43:14.437 Z,9999-12-31 23:59:59.999 Z,TRUE
93714,3725,-55.00,FALSE,Unit #051,2014-04-08 03:05:55.114,48690,,2014-03-26 20:26:44.844,4f48a7cd-0502-41ec-9741-3a52c723c86f,,FALSE,FALSE,2014-04-08 03:05:55.114,4000,,108778,13,5308,2026-07-09 09:47:00.220 Z,2026-07-09 09:43:14.437 Z,9999-12-31 23:59:59.999 Z,TRUE
93715,3726,55.00,FALSE,Check #185,2014-04-08 03:05:56.121,48692,,2014-02-20 16:03:58.757,7ae8c053-cf67-40d4-ae06-9ab3e3a7bb9f,,FALSE,FALSE,2014-04-08 03:05:56.121,1001,,108788,13,5309,2026-07-09 09:47:00.220 Z,2026-07-09 09:43:14.437 Z,9999-12-31 23:59:59.999 Z,TRUE
93716,3726,-55.00,FALSE,Unit #052,2014-04-08 03:05:56.133,48692,,2014-02-20 16:03:58.757,2ca8c79d-48c7-4730-8ff1-8f705aeefb08,,FALSE,FALSE,2014-04-08 03:05:56.133,4000,,108784,13,5309,2026-07-09 09:47:00.220 Z,2026-07-09 09:43:14.437 Z,9999-12-31 23:59:59.999 Z,TRUE
93717,3726,15.00,FALSE,Cash,2014-04-08 03:05:56.316,48693,,2014-02-20 16:04:20.180,6a4a521c-6547-4fa5-bb25-13467afde6a5,,FALSE,FALSE,2014-04-08 03:05:56.316,1000,,108789,13,5309,2026-07-09 09:47:00.220 Z,2026-07-09 09:43:14.437 Z,9999-12-31 23:59:59.999 Z,TRUE
93718,3726,-15.00,FALSE,LF,2014-04-08 03:05:56.327,48693,,2014-02-20 16:04:20.180,137941cd-95ce-4d70-9642-6f8ec765ed2f,,FALSE,FALSE,2014-04-08 03:05:56.327,4052,,108787,13,5309,2026-07-09 09:47:00.220 Z,2026-07-09 09:43:14.437 Z,9999-12-31 23:59:59.999 Z,TRUE
93719,3726,55.00,FALSE,Visa XXXX7810,2014-04-08 03:05:56.433,48694,,2014-03-08 15:37:49.741,20d7a1fd-a95f-415e-95b7-736252442234,,FALSE,FALSE,2014-04-08 03:05:56.433,1020,,108791,13,5309,2026-07-09 09:47:00.220 Z,2026-07-09 09:43:14.437 Z,9999-12-31 23:59:59.999 Z,TRUE
93720,3726,-55.00,FALSE,Unit #052,2014-04-08 03:05:56.445,48694,,2014-03-08 15:37:49.741,e2ac4467-d68c-441d-b807-3bdb33e05904,,FALSE,FALSE,2014-04-08 03:05:56.445,4000,,108790,13,5309,2026-07-09 09:47:00.220 Z,2026-07-09 09:43:14.437 Z,9999-12-31 23:59:59.999 Z,TRUE
93721,3726,55.00,FALSE,Visa XXXX7810,2014-04-08 03:05:56.550,48695,,2014-04-02 01:35:49.537,31387fe7-b0e5-4391-8942-66a7a82bf1b4,,FALSE,FALSE,2014-04-08 03:05:56.550,1020,,108793,13,5309,2026-07-09 09:47:00.220 Z,2026-07-09 09:43:14.437 Z,9999-12-31 23:59:59.999 Z,TRUE
93722,3726,-55.00,FALSE,Unit #052,2014-04-08 03:05:56.562,48695,,2014-04-02 01:35:49.537,7a5e9f99-ad01-4290-9fd7-3ae24d411bb9,,FALSE,FALSE,2014-04-08 03:05:56.562,4000,,108792,13,5309,2026-07-09 09:47:00.220 Z,2026-07-09 09:43:14.437 Z,9999-12-31 23:59:59.999 Z,TRUE
93723,3727,55.00,FALSE,Check #1637,2014-04-08 03:05:57.466,48696,,2014-02-10 20:42:21.479,c0703054-ec99-44b3-9eff-4422c756e830,,FALSE,FALSE,2014-04-08 03:05:57.466,1001,,108798,13,5310,2026-07-09 09:47:00.220 Z,2026-07-09 09:43:14.437 Z,9999-12-31 23:59:59.999 Z,TRUE
93724,3727,-55.00,FALSE,Unit #053,2014-04-08 03:05:57.478,48696,,2014-02-10 20:42:21.479,d3f689e2-d73d-444b-bc26-a5f41d0cedac,,FALSE,FALSE,2014-04-08 03:05:57.478,4000,,108795,13,5310,2026-07-09 09:47:00.220 Z,2026-07-09 09:43:14.437 Z,9999-12-31 23:59:59.999 Z,TRUE
93725,3727,55.00,FALSE,Check #1643,2014-04-08 03:05:57.878,48700,,2014-03-10 18:00:20.255,7d99d244-2438-49b4-a43a-4a0a0fba9fec,,FALSE,FALSE,2014-04-08 03:05:57.878,1001,,108804,13,5310,2026-07-09 09:47:00.220 Z,2026-07-09 09:43:14.437 Z,9999-12-31 23:59:59.999 Z,TRUE
93726,3727,-55.00,FALSE,Unit #053,2014-04-08 03:05:57.890,48700,,2014-03-10 18:00:20.255,60f5048c-d1fe-489e-acd5-6815641445a2,,FALSE,FALSE,2014-04-08 03:05:57.890,4000,,108803,13,5310,2026-07-09 09:47:00.220 Z,2026-07-09 09:43:14.437 Z,9999-12-31 23:59:59.999 Z,TRUE
93727,3728,45.00,FALSE,Mastercard XXXX0566,2014-04-08 03:05:58.591,48701,,2014-02-03 21:40:16.777,22ed10d9-cdeb-4327-8654-f646d7da7c5c,,FALSE,FALSE,2014-04-08 03:05:58.591,1021,,108809,13,5311,2026-07-09 09:47:00.220 Z,2026-07-09 09:43:14.437 Z,9999-12-31 23:59:59.999 Z,TRUE
93728,3728,-45.00,FALSE,Unit #054,2014-04-08 03:05:58.603,48701,,2014-02-03 21:40:16.777,1537be9a-b34a-4d72-86e2-ebdfb20a7509,,FALSE,FALSE,2014-04-08 03:05:58.603,4000,,108808,13,5311,2026-07-09 09:47:00.220 Z,2026-07-09 09:43:14.437 Z,9999-12-31 23:59:59.999 Z,TRUE
93729,3728,45.00,FALSE,Mastercard XXXX0566,2014-04-08 03:05:58.708,48702,,2014-03-01 22:02:35.479,d2b0eb8a-6978-4f83-abe1-be17c1587981,,FALSE,FALSE,2014-04-08 03:05:58.708,1021,,108811,13,5311,2026-07-09 09:47:00.220 Z,2026-07-09 09:43:14.437 Z,9999-12-31 23:59:59.999 Z,TRUE
93730,3728,-45.00,FALSE,Unit #054,2014-04-08 03:05:58.720,48702,,2014-03-01 22:02:35.479,5b0eefa4-d191-4534-91b4-8b2c6afe70a9,,FALSE,FALSE,2014-04-08 03:05:58.720,4000,,108810,13,5311,2026-07-09 09:47:00.220 Z,2026-07-09 09:43:14.437 Z,9999-12-31 23:59:59.999 Z,TRUE
93731,3728,45.00,FALSE,Mastercard XXXX0566,2014-04-08 03:05:58.828,48703,,2014-04-02 21:04:57.607,773d5974-17a4-4024-bd1b-4e790dfbbcbb,,FALSE,FALSE,2014-04-08 03:05:58.828,1021,,108813,13,5311,2026-07-09 09:47:00.220 Z,2026-07-09 09:43:14.437 Z,9999-12-31 23:59:59.999 Z,TRUE
93732,3728,-45.00,FALSE,Unit #054,2014-04-08 03:05:58.840,48703,,2014-04-02 21:04:57.607,9f5a4cf6-b307-425c-92c5-3ebd724693dd,,FALSE,FALSE,2014-04-08 03:05:58.840,4000,,108812,13,5311,2026-07-09 09:47:00.220 Z,2026-07-09 09:43:14.437 Z,9999-12-31 23:59:59.999 Z,TRUE
93733,3729,35.00,FALSE,Mastercard XXXX2897,2014-04-08 03:05:59.428,48704,,2014-02-03 21:43:07.939,14b2470b-ac80-4c0f-9a77-2c3812060627,,FALSE,FALSE,2014-04-08 03:05:59.428,1021,,108816,13,5312,2026-07-09 09:47:00.220 Z,2026-07-09 09:43:14.437 Z,9999-12-31 23:59:59.999 Z,TRUE
93734,3729,-35.00,FALSE,Unit #055,2014-04-08 03:05:59.440,48704,,2014-02-03 21:43:07.939,f86db9ec-3f19-4260-a422-2ddb96845ab0,,FALSE,FALSE,2014-04-08 03:05:59.440,4000,,108815,13,5312,2026-07-09 09:47:00.220 Z,2026-07-09 09:43:14.437 Z,9999-12-31 23:59:59.999 Z,TRUE
93735,3729,35.00,FALSE,Mastercard XXXX2897,2014-04-08 03:05:59.546,48705,,2014-03-01 22:02:05.867,29105634-ae51-4bbe-b357-68efa218facb,,FALSE,FALSE,2014-04-08 03:05:59.546,1021,,108818,13,5312,2026-07-09 09:47:00.220 Z,2026-07-09 09:43:14.437 Z,9999-12-31 23:59:59.999 Z,TRUE
93736,3729,-35.00,FALSE,Unit #055,2014-04-08 03:05:59.558,48705,,2014-03-01 22:02:05.867,b3890eae-00ab-4dce-a9e8-3d84cd3e5254,,FALSE,FALSE,2014-04-08 03:05:59.558,4000,,108817,13,5312,2026-07-09 09:47:00.220 Z,2026-07-09 09:43:14.437 Z,9999-12-31 23:59:59.999 Z,TRUE
93737,3729,35.00,FALSE,Mastercard XXXX2897,2014-04-08 03:05:59.664,48706,,2014-04-02 21:04:52.235,d6dbf264-61f9-4cd8-9f7a-b6a3b6224c58,,FALSE,FALSE,2014-04-08 03:05:59.664,1021,,108820,13,5312,2026-07-09 09:47:00.220 Z,2026-07-09 09:43:14.437 Z,9999-12-31 23:59:59.999 Z,TRUE
93738,3729,-35.00,FALSE,Unit #055,2014-04-08 03:05:59.675,48706,,2014-04-02 21:04:52.235,fbbba39f-bdc1-4319-bafa-a1deb1ab3fb5,,FALSE,FALSE,2014-04-08 03:05:59.675,4000,,108819,13,5312,2026-07-09 09:47:00.220 Z,2026-07-09 09:43:14.437 Z,9999-12-31 23:59:59.999 Z,TRUE
93739,3730,40.00,FALSE,Check #1307,2014-04-08 03:06:00.482,48707,,2014-02-03 16:56:03.705,049e27ce-a9a6-48ad-87e8-3c8399c8fc65,,FALSE,FALSE,2014-04-08 03:06:00.482,1001,,108823,13,5313,2026-07-09 09:47:00.220 Z,2026-07-09 09:43:14.437 Z,9999-12-31 23:59:59.999 Z,TRUE
93740,3730,-40.00,FALSE,Unit #056,2014-04-08 03:06:00.494,48707,,2014-02-03 16:56:03.705,26b48c35-65e0-44f3-8e06-afd1b054b908,,FALSE,FALSE,2014-04-08 03:06:00.494,4000,,108822,13,5313,2026-07-09 09:47:00.221 Z,2026-07-09 09:43:14.437 Z,9999-12-31 23:59:59.999 Z,TRUE
93741,3730,40.00,FALSE,Check #1311,2014-04-08 03:06:00.797,48710,,2014-03-03 15:45:08.890,a45bf8fb-c584-4ff2-8831-d81b6b08485d,,FALSE,FALSE,2014-04-08 03:06:00.797,1001,,108829,13,5313,2026-07-09 09:47:00.221 Z,2026-07-09 09:43:14.437 Z,9999-12-31 23:59:59.999 Z,TRUE
93742,3730,-40.00,FALSE,Unit #056,2014-04-08 03:06:00.808,48710,,2014-03-03 15:45:08.890,450ef3e7-5d2e-450c-a152-d3b495ac7665,,FALSE,FALSE,2014-04-08 03:06:00.808,4000,,108828,13,5313,2026-07-09 09:47:00.221 Z,2026-07-09 09:43:14.437 Z,9999-12-31 23:59:59.999 Z,TRUE
93743,3730,40.00,FALSE,Check #1315,2014-04-08 03:06:00.997,48711,,2014-04-01 18:27:10.338,75ccb4d8-242b-4a21-b461-7b76b8d37bcb,,FALSE,FALSE,2014-04-08 03:06:00.997,1001,,108832,13,5313,2026-07-09 09:47:00.221 Z,2026-07-09 09:43:14.437 Z,9999-12-31 23:59:59.999 Z,TRUE
93744,3730,-40.00,FALSE,Unit #056,2014-04-08 03:06:01.010,48711,,2014-04-01 18:27:10.338,10a8a6f6-1350-42b7-bfa7-8e420a58d3ff,,FALSE,FALSE,2014-04-08 03:06:01.010,4000,,108830,13,5313,2026-07-09 09:47:00.221 Z,2026-07-09 09:43:14.437 Z,9999-12-31 23:59:59.999 Z,TRUE
93745,3732,40.00,FALSE,Check #Jerry Wright,2014-04-08 03:06:02.411,48712,,2014-02-10 20:40:14.800,e958f4b6-7b1d-432a-a665-45354b7fad07,,FALSE,FALSE,2014-04-08 03:06:02.411,1001,,108845,13,5315,2026-07-09 09:47:00.221 Z,2026-07-09 09:43:14.437 Z,9999-12-31 23:59:59.999 Z,TRUE
93746,3732,-40.00,FALSE,Unit #058,2014-04-08 03:06:02.423,48712,,2014-02-10 20:40:14.800,2c367250-acd6-43f4-a2f8-dc1410f2257d,,FALSE,FALSE,2014-04-08 03:06:02.423,4000,,108842,13,5315,2026-07-09 09:47:00.221 Z,2026-07-09 09:43:14.437 Z,9999-12-31 23:59:59.999 Z,TRUE
93747,3732,40.00,FALSE,Check #0000996547,2014-04-08 03:06:02.914,48716,,2014-03-06 18:28:13.480,1e127e71-6778-4e01-b076-50adc48c1100,,FALSE,FALSE,2014-04-08 03:06:02.914,1001,,108851,13,5315,2026-07-09 09:47:00.221 Z,2026-07-09 09:43:14.437 Z,9999-12-31 23:59:59.999 Z,TRUE
93748,3732,-40.00,FALSE,Unit #058,2014-04-08 03:06:02.927,48716,,2014-03-06 18:28:13.480,df764512-8e50-4813-b886-a48df101ec7f,,FALSE,FALSE,2014-04-08 03:06:02.927,4000,,108850,13,5315,2026-07-09 09:47:00.221 Z,2026-07-09 09:43:14.437 Z,9999-12-31 23:59:59.999 Z,TRUE
93749,3733,40.00,FALSE,Visa XXXX1435,2014-04-08 03:06:03.605,48717,,2014-02-06 18:09:49.674,07a0f5f6-fc1f-4f11-ae53-749249c208bb,,FALSE,FALSE,2014-04-08 03:06:03.605,1020,,108856,13,5316,2026-07-09 09:47:00.221 Z,2026-07-09 09:43:14.437 Z,9999-12-31 23:59:59.999 Z,TRUE
93750,3733,-40.00,FALSE,Unit #059,2014-04-08 03:06:03.617,48717,,2014-02-06 18:09:49.674,4d9e60d8-55a5-409c-b8b2-75d3d0c23efe,,FALSE,FALSE,2014-04-08 03:06:03.617,4000,,108855,13,5316,2026-07-09 09:47:00.221 Z,2026-07-09 09:43:14.437 Z,9999-12-31 23:59:59.999 Z,TRUE
93751,3733,4.00,FALSE,Visa XXXX1435,2014-04-08 03:06:03.728,48718,,2014-03-05 18:44:05.904,dd7cca1a-d1cb-4aa1-8063-d73d3f054e14,,FALSE,FALSE,2014-04-08 03:06:03.728,1020,,108858,13,5316,2026-07-09 09:47:00.221 Z,2026-07-09 09:43:14.437 Z,9999-12-31 23:59:59.999 Z,TRUE
93752,3733,-4.00,FALSE,Unit #059,2014-04-08 03:06:03.739,48718,,2014-03-05 18:44:05.904,5fbe29ad-6336-49f6-b934-5ece4e81d7ec,,FALSE,FALSE,2014-04-08 03:06:03.739,4000,,108857,13,5316,2026-07-09 09:47:00.221 Z,2026-07-09 09:43:14.437 Z,9999-12-31 23:59:59.999 Z,TRUE
93753,3733,36.00,FALSE,Visa XXXX1435,2014-04-08 03:06:03.831,48719,,2014-03-05 18:51:08.441,13f59e24-8848-4e04-94c6-92c11b992766,,FALSE,FALSE,2014-04-08 03:06:03.831,1020,,108859,13,5316,2026-07-09 09:47:00.221 Z,2026-07-09 09:43:14.437 Z,9999-12-31 23:59:59.999 Z,TRUE
93754,3733,-36.00,FALSE,Unit #059,2014-04-08 03:06:03.842,48719,,2014-03-05 18:51:08.441,d33c9878-3d7c-445c-9840-b607e7973b2b,,FALSE,FALSE,2014-04-08 03:06:03.842,4000,,108857,13,5316,2026-07-09 09:47:00.221 Z,2026-07-09 09:43:14.437 Z,9999-12-31 23:59:59.999 Z,TRUE
93755,3733,40.00,FALSE,Visa XXXX1435,2014-04-08 03:06:03.949,48720,,2014-04-07 17:17:32.303,f6c857bf-00da-408a-9e2b-64f87f416be0,,FALSE,FALSE,2014-04-08 03:06:03.949,1020,,108861,13,5316,2026-07-09 09:47:00.221 Z,2026-07-09 09:43:14.437 Z,9999-12-31 23:59:59.999 Z,TRUE
93756,3733,-40.00,FALSE,Unit #059,2014-04-08 03:06:03.961,48720,,2014-04-07 17:17:32.303,32edf2bb-01a1-4bff-91f0-6af2bf2944bb,,FALSE,FALSE,2014-04-08 03:06:03.961,4000,,108860,13,5316,2026-07-09 09:47:00.221 Z,2026-07-09 09:43:14.437 Z,9999-12-31 23:59:59.999 Z,TRUE
93757,3734,40.00,FALSE,Check #wu14-821066386,2014-04-08 03:06:05.055,48722,,2014-02-17 16:24:44.314,2668da36-6647-482b-93a9-9d8b69dee55a,,FALSE,FALSE,2014-04-08 03:06:05.055,1001,,108869,13,5317,2026-07-09 09:47:00.221 Z,2026-07-09 09:43:14.437 Z,9999-12-31 23:59:59.999 Z,TRUE
93758,3734,-40.00,FALSE,Unit #060,2014-04-08 03:06:05.067,48722,,2014-02-17 16:24:44.314,a3a6bff6-59a4-4570-9715-a824ce5e4d67,,FALSE,FALSE,2014-04-08 03:06:05.067,4000,,108865,13,5317,2026-07-09 09:47:00.221 Z,2026-07-09 09:43:14.437 Z,9999-12-31 23:59:59.999 Z,TRUE
93759,3734,15.00,FALSE,Check #pmo21555989548-na201872315,2014-04-08 03:06:05.439,48725,,2014-04-01 14:46:06.420,40b396c2-eb8e-4db6-99c6-4681fab26bda,,FALSE,FALSE,2014-04-08 03:06:05.439,1001,,108878,13,5317,2026-07-09 09:47:00.221 Z,2026-07-09 09:43:14.437 Z,9999-12-31 23:59:59.999 Z,TRUE
93760,3734,-15.00,FALSE,LF,2014-04-08 03:06:05.451,48725,,2014-04-01 14:46:06.420,f00edc52-13ad-448a-80ed-11352f390fb0,,FALSE,FALSE,2014-04-08 03:06:05.451,4052,,108868,13,5317,2026-07-09 09:47:00.221 Z,2026-07-09 09:43:14.437 Z,9999-12-31 23:59:59.999 Z,TRUE
93761,3734,40.00,FALSE,Check #pmo21555989548-na201872315,2014-04-08 03:06:05.516,48726,,2014-04-01 14:46:06.420,9ff1625b-a247-4071-839f-a5513f7bb82d,,FALSE,FALSE,2014-04-08 03:06:05.516,1001,,108878,13,5317,2026-07-09 09:47:00.221 Z,2026-07-09 09:43:14.437 Z,9999-12-31 23:59:59.999 Z,TRUE
93762,3734,-40.00,FALSE,Unit #060,2014-04-08 03:06:05.527,48726,,2014-04-01 14:46:06.420,bc1a45c8-9274-4725-a252-389d27dc7d82,,FALSE,FALSE,2014-04-08 03:06:05.527,4000,,108874,13,5317,2026-07-09 09:47:00.221 Z,2026-07-09 09:43:14.437 Z,9999-12-31 23:59:59.999 Z,TRUE
93763,3734,15.00,FALSE,Check #pmo21555989548-na201872315,2014-04-08 03:06:05.588,48727,,2014-04-01 14:46:06.420,1fdd3c51-23ba-4348-827d-ea0a47397c9a,,FALSE,FALSE,2014-04-08 03:06:05.588,1001,,108878,13,5317,2026-07-09 09:47:00.221 Z,2026-07-09 09:43:14.437 Z,9999-12-31 23:59:59.999 Z,TRUE
93764,3734,-15.00,FALSE,LF,2014-04-08 03:06:05.600,48727,,2014-04-01 14:46:06.420,319a646c-a3ae-4a07-80ef-e958b753a5a6,,FALSE,FALSE,2014-04-08 03:06:05.600,4052,,108875,13,5317,2026-07-09 09:47:00.221 Z,2026-07-09 09:43:14.437 Z,9999-12-31 23:59:59.999 Z,TRUE
93765,3734,40.00,FALSE,Check #pmo21555989548-na201872315,2014-04-08 03:06:05.664,48728,,2014-04-01 14:46:06.420,4921efa6-5d59-42e3-8ea7-54848fed5b62,,FALSE,FALSE,2014-04-08 03:06:05.664,1001,,108878,13,5317,2026-07-09 09:47:00.221 Z,2026-07-09 09:43:14.437 Z,9999-12-31 23:59:59.999 Z,TRUE
93766,3734,-40.00,FALSE,Unit #060,2014-04-08 03:06:05.676,48728,,2014-04-01 14:46:06.420,d710c2b6-5df2-48a7-849d-b4e544e80221,,FALSE,FALSE,2014-04-08 03:06:05.676,4000,,108876,13,5317,2026-07-09 09:47:00.221 Z,2026-07-09 09:43:14.437 Z,9999-12-31 23:59:59.999 Z,TRUE
93767,3735,195.00,FALSE,Visa XXXX5174,2014-04-08 03:06:06.634,48729,,2014-02-28 16:46:46.510,71f294b6-d3a0-4f14-9201-7f9258d5b35d,,FALSE,FALSE,2014-04-08 03:06:06.634,1020,,108887,13,5318,2026-07-09 09:47:00.221 Z,2026-07-09 09:43:14.437 Z,9999-12-31 23:59:59.999 Z,TRUE
93768,3735,-195.00,FALSE,Unit #061,2014-04-08 03:06:06.646,48729,,2014-02-28 16:46:46.510,6a493a8b-0e34-4029-9545-bb086d201d94,,FALSE,FALSE,2014-04-08 03:06:06.646,4000,,108880,13,5318,2026-07-09 09:47:00.221 Z,2026-07-09 09:43:14.437 Z,9999-12-31 23:59:59.999 Z,TRUE
93769,3735,55.00,FALSE,Visa XXXX5174,2014-04-08 03:06:06.707,48730,,2014-02-28 16:46:46.510,2221b4a1-9c86-4a98-b9c7-48fa50b99416,,FALSE,FALSE,2014-04-08 03:06:06.707,1020,,108887,13,5318,2026-07-09 09:47:00.221 Z,2026-07-09 09:43:14.437 Z,9999-12-31 23:59:59.999 Z,TRUE
93770,3735,-55.00,FALSE,IMPORT-LATE1,2014-04-08 03:06:06.719,48730,,2014-02-28 16:46:46.510,cae99533-0f16-4829-a911-bbd114853418,,FALSE,FALSE,2014-04-08 03:06:06.719,4052,,108881,13,5318,2026-07-09 09:47:00.221 Z,2026-07-09 09:43:14.437 Z,9999-12-31 23:59:59.999 Z,TRUE
93771,3735,20.00,FALSE,Visa XXXX5174,2014-04-08 03:06:06.804,48731,,2014-03-25 20:32:24.572,103a70bd-63ce-4fdb-860a-1b126b8b320a,,FALSE,FALSE,2014-04-08 03:06:06.804,1020,,108889,13,5318,2026-07-09 09:47:00.221 Z,2026-07-09 09:43:14.437 Z,9999-12-31 23:59:59.999 Z,TRUE
93772,3735,-20.00,FALSE,IMPORT-LATE1,2014-04-08 03:06:06.815,48731,,2014-03-25 20:32:24.572,bcf94d30-7998-46be-9150-0824421e29a9,,FALSE,FALSE,2014-04-08 03:06:06.815,4052,,108881,13,5318,2026-07-09 09:47:00.221 Z,2026-07-09 09:43:14.437 Z,9999-12-31 23:59:59.999 Z,TRUE
93773,3735,40.00,FALSE,Visa XXXX5174,2014-04-08 03:06:06.879,48732,,2014-03-25 20:32:24.572,7a9c64ba-4045-42c4-b758-38d02a0e7266,,FALSE,FALSE,2014-04-08 03:06:06.879,1020,,108889,13,5318,2026-07-09 09:47:00.221 Z,2026-07-09 09:43:14.437 Z,9999-12-31 23:59:59.999 Z,TRUE
93774,3735,-40.00,FALSE,Unit #061,2014-04-08 03:06:06.890,48732,,2014-03-25 20:32:24.572,646a7ca9-3976-4317-b81d-e5f8602c3927,,FALSE,FALSE,2014-04-08 03:06:06.890,4000,,108882,13,5318,2026-07-09 09:47:00.221 Z,2026-07-09 09:43:14.437 Z,9999-12-31 23:59:59.999 Z,TRUE
93775,3735,40.00,FALSE,Visa XXXX5174,2014-04-08 03:06:07.033,48733,,2014-03-25 20:32:24.572,da99fe57-f36b-4ee7-a6a6-6f86480f48aa,,FALSE,FALSE,2014-04-08 03:06:07.033,1020,,108889,13,5318,2026-07-09 09:47:00.221 Z,2026-07-09 09:43:14.437 Z,9999-12-31 23:59:59.999 Z,TRUE
93776,3735,-40.00,FALSE,Unit #061,2014-04-08 03:06:07.045,48733,,2014-03-25 20:32:24.572,44785e5b-3743-4971-9b3f-a3a8abd94273,,FALSE,FALSE,2014-04-08 03:06:07.045,4000,,108883,13,5318,2026-07-09 09:47:00.221 Z,2026-07-09 09:43:14.437 Z,9999-12-31 23:59:59.999 Z,TRUE
93777,3735,15.00,FALSE,Visa XXXX5174,2014-04-08 03:06:07.107,48734,,2014-03-25 20:32:24.572,d716be97-f926-4d2c-8daa-6421d726f192,,FALSE,FALSE,2014-04-08 03:06:07.107,1020,,108889,13,5318,2026-07-09 09:47:00.221 Z,2026-07-09 09:43:14.437 Z,9999-12-31 23:59:59.999 Z,TRUE
93778,3735,-15.00,FALSE,LF,2014-04-08 03:06:07.118,48734,,2014-03-25 20:32:24.572,aa2c7b80-c39a-4716-8b80-f58ca459a558,,FALSE,FALSE,2014-04-08 03:06:07.118,4052,,108884,13,5318,2026-07-09 09:47:00.221 Z,2026-07-09 09:43:14.437 Z,9999-12-31 23:59:59.999 Z,TRUE
93779,3735,15.00,FALSE,Visa XXXX5174,2014-04-08 03:06:07.179,48735,,2014-03-25 20:32:24.572,2e2941bd-e4e3-4fb4-b435-52ad3eebd856,,FALSE,FALSE,2014-04-08 03:06:07.179,1020,,108889,13,5318,2026-07-09 09:47:00.221 Z,2026-07-09 09:43:14.437 Z,9999-12-31 23:59:59.999 Z,TRUE
93780,3735,-15.00,FALSE,LF,2014-04-08 03:06:07.191,48735,,2014-03-25 20:32:24.572,238fdc8d-5f7f-40aa-bd31-aea079d87847,,FALSE,FALSE,2014-04-08 03:06:07.191,4052,,108885,13,5318,2026-07-09 09:47:00.221 Z,2026-07-09 09:43:14.437 Z,9999-12-31 23:59:59.999 Z,TRUE
93781,3735,15.00,FALSE,Visa XXXX5174,2014-04-08 03:06:07.251,48736,,2014-03-25 20:32:24.572,2a18beb6-d7d2-4642-b7d5-19bb8ea14996,,FALSE,FALSE,2014-04-08 03:06:07.251,1020,,108889,13,5318,2026-07-09 09:47:00.221 Z,2026-07-09 09:43:14.437 Z,9999-12-31 23:59:59.999 Z,TRUE
93782,3735,-15.00,FALSE,LF,2014-04-08 03:06:07.263,48736,,2014-03-25 20:32:24.572,23a82937-b38d-4c74-a1ef-294ad330d4cc,,FALSE,FALSE,2014-04-08 03:06:07.263,4052,,108886,13,5318,2026-07-09 09:47:00.221 Z,2026-07-09 09:43:14.437 Z,9999-12-31 23:59:59.999 Z,TRUE
93783,3735,15.00,FALSE,Visa XXXX5174,2014-04-08 03:06:07.322,48737,,2014-03-25 20:32:24.572,33ae4fc3-339e-4c44-94db-0b08fdca6261,,FALSE,FALSE,2014-04-08 03:06:07.322,1020,,108889,13,5318,2026-07-09 09:47:00.221 Z,2026-07-09 09:43:14.437 Z,9999-12-31 23:59:59.999 Z,TRUE
93784,3735,-15.00,FALSE,LF,2014-04-08 03:06:07.334,48737,,2014-03-25 20:32:24.572,6fefeb44-09b0-404e-b0b7-ef00c2f80b31,,FALSE,FALSE,2014-04-08 03:06:07.334,4052,,108888,13,5318,2026-07-09 09:47:00.221 Z,2026-07-09 09:43:14.437 Z,9999-12-31 23:59:59.999 Z,TRUE
93785,3736,40.00,FALSE,Visa XXXX0150,2014-04-08 03:06:08.186,48738,,2014-02-04 18:50:50.128,51363430-a78b-4613-8bc6-80dbcfb6371d,,FALSE,FALSE,2014-04-08 03:06:08.186,1020,,108893,13,5319,2026-07-09 09:47:00.221 Z,2026-07-09 09:43:14.437 Z,9999-12-31 23:59:59.999 Z,TRUE
93786,3736,-40.00,FALSE,Unit #062,2014-04-08 03:06:08.198,48738,,2014-02-04 18:50:50.128,049de686-4866-4110-9fe5-f0643704cc6f,,FALSE,FALSE,2014-04-08 03:06:08.198,4000,,108892,13,5319,2026-07-09 09:47:00.221 Z,2026-07-09 09:43:14.437 Z,9999-12-31 23:59:59.999 Z,TRUE
93787,3736,40.00,FALSE,Visa XXXX0280,2014-04-08 03:06:08.302,48739,,2014-03-05 15:49:41.697,e5574d90-4024-4857-9c51-473f86a272b9,,FALSE,FALSE,2014-04-08 03:06:08.302,1020,,108895,13,5319,2026-07-09 09:47:00.221 Z,2026-07-09 09:43:14.437 Z,9999-12-31 23:59:59.999 Z,TRUE
93788,3736,-40.00,FALSE,Unit #062,2014-04-08 03:06:08.314,48739,,2014-03-05 15:49:41.697,5e5212a7-c150-435e-99c1-af9b27555785,,FALSE,FALSE,2014-04-08 03:06:08.314,4000,,108894,13,5319,2026-07-09 09:47:00.221 Z,2026-07-09 09:43:14.437 Z,9999-12-31 23:59:59.999 Z,TRUE
93789,3736,40.00,FALSE,Visa XXXX0280,2014-04-08 03:06:08.417,48740,,2014-04-07 18:25:36.317,6e727ff5-29ac-497e-8af2-419a4ccb6293,,FALSE,FALSE,2014-04-08 03:06:08.417,1020,,108897,13,5319,2026-07-09 09:47:00.221 Z,2026-07-09 09:43:14.437 Z,9999-12-31 23:59:59.999 Z,TRUE
93790,3736,-40.00,FALSE,Unit #062,2014-04-08 03:06:08.429,48740,,2014-04-07 18:25:36.317,07eb2e3b-9587-4d75-93c3-1be5dd0ce8f7,,FALSE,FALSE,2014-04-08 03:06:08.429,4000,,108896,13,5319,2026-07-09 09:47:00.221 Z,2026-07-09 09:43:14.437 Z,9999-12-31 23:59:59.999 Z,TRUE
93793,3737,40.00,FALSE,Cash,2014-04-08 03:06:09.098,48742,,2014-03-03 17:25:58.266,05e4b209-6c44-4548-91f5-47efbfbf9c4f,,FALSE,FALSE,2014-04-08 03:06:09.098,1000,,108903,13,5320,2026-07-09 09:47:00.221 Z,2026-07-09 09:43:14.437 Z,9999-12-31 23:59:59.999 Z,TRUE
93794,3737,-40.00,FALSE,Unit #063,2014-04-08 03:06:09.110,48742,,2014-03-03 17:25:58.266,38ee30ab-3451-4bf7-a6b0-076859260780,,FALSE,FALSE,2014-04-08 03:06:09.110,4000,,108901,13,5320,2026-07-09 09:47:00.222 Z,2026-07-09 09:43:14.437 Z,9999-12-31 23:59:59.999 Z,TRUE
93795,3737,40.00,FALSE,Cash,2014-04-08 03:06:09.174,48743,,2014-03-03 17:25:58.266,140e9687-7854-4543-8279-01137d1b4252,,FALSE,FALSE,2014-04-08 03:06:09.174,1000,,108903,13,5320,2026-07-09 09:47:00.222 Z,2026-07-09 09:43:14.437 Z,9999-12-31 23:59:59.999 Z,TRUE
93796,3737,-40.00,FALSE,Unit #063,2014-04-08 03:06:09.185,48743,,2014-03-03 17:25:58.266,5f585357-5ae4-4b68-b6e9-477d2534736b,,FALSE,FALSE,2014-04-08 03:06:09.185,4000,,108902,13,5320,2026-07-09 09:47:00.222 Z,2026-07-09 09:43:14.437 Z,9999-12-31 23:59:59.999 Z,TRUE
93803,3739,40.00,FALSE,Visa XXXX1946,2014-04-08 03:06:11.326,48750,,2014-02-14 21:46:21.248,4b329961-81b7-4003-9cba-d2babe18ec21,,FALSE,FALSE,2014-04-08 03:06:11.326,1020,,108921,13,5322,2026-07-09 09:47:00.222 Z,2026-07-09 09:43:14.437 Z,9999-12-31 23:59:59.999 Z,TRUE
93804,3739,-40.00,FALSE,Unit #065,2014-04-08 03:06:11.338,48750,,2014-02-14 21:46:21.248,f76b7a4c-09c6-4d58-a630-fd79655aecf0,,FALSE,FALSE,2014-04-08 03:06:11.338,4000,,108915,13,5322,2026-07-09 09:47:00.222 Z,2026-07-09 09:43:14.437 Z,9999-12-31 23:59:59.999 Z,TRUE
93805,3739,15.00,FALSE,Visa XXXX1946,2014-04-08 03:06:11.399,48751,,2014-02-14 21:46:21.248,9e76f90a-74d1-4563-9272-238788225341,,FALSE,FALSE,2014-04-08 03:06:11.399,1020,,108921,13,5322,2026-07-09 09:47:00.222 Z,2026-07-09 09:43:14.437 Z,9999-12-31 23:59:59.999 Z,TRUE
93806,3739,-15.00,FALSE,IMPORT-LATE1,2014-04-08 03:06:11.411,48751,,2014-02-14 21:46:21.248,a5f0836e-9a0f-454b-ab70-4584f0de1e89,,FALSE,FALSE,2014-04-08 03:06:11.411,4052,,108916,13,5322,2026-07-09 09:47:00.222 Z,2026-07-09 09:43:14.437 Z,9999-12-31 23:59:59.999 Z,TRUE
93807,3739,40.00,FALSE,Visa XXXX1946,2014-04-08 03:06:11.476,48752,,2014-02-14 21:46:21.248,735f87bd-0e29-4bc1-a516-3e56e488034e,,FALSE,FALSE,2014-04-08 03:06:11.476,1020,,108921,13,5322,2026-07-09 09:47:00.222 Z,2026-07-09 09:43:14.437 Z,9999-12-31 23:59:59.999 Z,TRUE
93808,3739,-40.00,FALSE,Unit #065,2014-04-08 03:06:11.565,48752,,2014-02-14 21:46:21.248,08f2dc02-8bcf-447c-9b7e-9ddde9f047bb,,FALSE,FALSE,2014-04-08 03:06:11.565,4000,,108917,13,5322,2026-07-09 09:47:00.222 Z,2026-07-09 09:43:14.437 Z,9999-12-31 23:59:59.999 Z,TRUE
93809,3739,15.00,FALSE,Visa XXXX1946,2014-04-08 03:06:11.630,48753,,2014-02-14 21:46:21.248,9dbb9766-a4d0-45ae-8a6b-28859809136b,,FALSE,FALSE,2014-04-08 03:06:11.630,1020,,108921,13,5322,2026-07-09 09:47:00.222 Z,2026-07-09 09:43:14.437 Z,9999-12-31 23:59:59.999 Z,TRUE
93810,3739,-15.00,FALSE,LF,2014-04-08 03:06:11.643,48753,,2014-02-14 21:46:21.248,038166fe-4111-4f00-837f-ad9c0347b9fa,,FALSE,FALSE,2014-04-08 03:06:11.643,4052,,108920,13,5322,2026-07-09 09:47:00.222 Z,2026-07-09 09:43:14.437 Z,9999-12-31 23:59:59.999 Z,TRUE
93811,3740,40.00,FALSE,Check #113,2014-04-08 03:06:12.728,48756,,2014-02-03 16:57:27.805,be89ad7a-bc0d-4926-a17a-5ecda2b57693,,FALSE,FALSE,2014-04-08 03:06:12.728,1001,,108932,13,5324,2026-07-09 09:47:00.222 Z,2026-07-09 09:43:14.437 Z,9999-12-31 23:59:59.999 Z,TRUE
93812,3740,-40.00,FALSE,Unit #067,2014-04-08 03:06:12.740,48756,,2014-02-03 16:57:27.805,1596ddcc-07ec-4f02-b280-3b98b0962485,,FALSE,FALSE,2014-04-08 03:06:12.740,4000,,108931,13,5324,2026-07-09 09:47:00.222 Z,2026-07-09 09:43:14.437 Z,9999-12-31 23:59:59.999 Z,TRUE
93813,3740,40.00,FALSE,Check #109,2014-04-08 03:06:13.053,48759,,2014-03-10 14:24:43.281,0fd7b3c8-a90e-4911-94e9-01bf8c9ab30d,,FALSE,FALSE,2014-04-08 03:06:13.053,1001,,108938,13,5324,2026-07-09 09:47:00.222 Z,2026-07-09 09:43:14.437 Z,9999-12-31 23:59:59.999 Z,TRUE
93814,3740,-40.00,FALSE,Unit #067,2014-04-08 03:06:13.065,48759,,2014-03-10 14:24:43.281,10804209-7d30-41b6-a072-af962561f434,,FALSE,FALSE,2014-04-08 03:06:13.065,4000,,108937,13,5324,2026-07-09 09:47:00.222 Z,2026-07-09 09:43:14.437 Z,9999-12-31 23:59:59.999 Z,TRUE
93815,3741,55.00,FALSE,Visa XXXX2619,2014-04-08 03:06:14.033,48761,,2014-02-03 21:38:55.837,3f22f7ee-c3ca-4c55-800e-48d60477cb1b,,FALSE,FALSE,2014-04-08 03:06:14.033,1020,,108945,13,5325,2026-07-09 09:47:00.222 Z,2026-07-09 09:43:14.437 Z,9999-12-31 23:59:59.999 Z,TRUE
93816,3741,-55.00,FALSE,Unit #068,2014-04-08 03:06:14.045,48761,,2014-02-03 21:38:55.837,6d9fe426-5b47-42c3-bd79-772b7af297a6,,FALSE,FALSE,2014-04-08 03:06:14.045,4000,,108942,13,5325,2026-07-09 09:47:00.222 Z,2026-07-09 09:43:14.437 Z,9999-12-31 23:59:59.999 Z,TRUE
93817,3741,55.00,FALSE,Visa XXXX2619,2014-04-08 03:06:14.348,48764,,2014-03-01 22:03:16.969,8292330b-f3af-4fc6-83f3-6d19a37ee93c,,FALSE,FALSE,2014-04-08 03:06:14.348,1020,,108951,13,5325,2026-07-09 09:47:00.222 Z,2026-07-09 09:43:14.437 Z,9999-12-31 23:59:59.999 Z,TRUE
93818,3741,-55.00,FALSE,Unit #068,2014-04-08 03:06:14.359,48764,,2014-03-01 22:03:16.969,9e480fcc-8765-41a3-aaae-7f4e1a42ad62,,FALSE,FALSE,2014-04-08 03:06:14.359,4000,,108950,13,5325,2026-07-09 09:47:00.222 Z,2026-07-09 09:43:14.437 Z,9999-12-31 23:59:59.999 Z,TRUE
93819,3741,55.00,FALSE,Visa XXXX2619,2014-04-08 03:06:14.548,48765,,2014-04-02 21:04:55.016,7caff015-8d1e-461e-9200-2d987d1b5ba2,,FALSE,FALSE,2014-04-08 03:06:14.548,1020,,108954,13,5325,2026-07-09 09:47:00.222 Z,2026-07-09 09:43:14.437 Z,9999-12-31 23:59:59.999 Z,TRUE
93820,3741,-55.00,FALSE,Unit #068,2014-04-08 03:06:14.560,48765,,2014-04-02 21:04:55.016,3477cd87-f7b9-4ba4-87d1-eeecbb0ffe1b,,FALSE,FALSE,2014-04-08 03:06:14.560,4000,,108952,13,5325,2026-07-09 09:47:00.222 Z,2026-07-09 09:43:14.437 Z,9999-12-31 23:59:59.999 Z,TRUE
93821,3743,40.00,FALSE,Cash,2014-04-08 03:06:16.166,48767,,2014-02-21 20:08:05.464,b4673bf2-38c7-48a4-87d2-c0e0b9fa8d3c,,FALSE,FALSE,2014-04-08 03:06:16.166,1000,,108968,13,5327,2026-07-09 09:47:00.222 Z,2026-07-09 09:43:14.437 Z,9999-12-31 23:59:59.999 Z,TRUE
93822,3743,-40.00,FALSE,Unit #071,2014-04-08 03:06:16.178,48767,,2014-02-21 20:08:05.464,18d70de8-85fd-47e8-ad53-a1546b85daa3,,FALSE,FALSE,2014-04-08 03:06:16.178,4000,,108964,13,5327,2026-07-09 09:47:00.222 Z,2026-07-09 09:43:14.437 Z,9999-12-31 23:59:59.999 Z,TRUE
93823,3743,15.00,FALSE,Cash,2014-04-08 03:06:16.317,48768,,2014-02-21 20:08:05.464,dde94cbe-b6b1-42d0-8cbc-253d855641bb,,FALSE,FALSE,2014-04-08 03:06:16.317,1000,,108968,13,5327,2026-07-09 09:47:00.222 Z,2026-07-09 09:43:14.437 Z,9999-12-31 23:59:59.999 Z,TRUE
93824,3743,-15.00,FALSE,LF,2014-04-08 03:06:16.329,48768,,2014-02-21 20:08:05.464,ac6fc592-4644-4669-90d4-5a6bc2a0a8c1,,FALSE,FALSE,2014-04-08 03:06:16.329,4052,,108967,13,5327,2026-07-09 09:47:00.222 Z,2026-07-09 09:43:14.437 Z,9999-12-31 23:59:59.999 Z,TRUE
93825,3743,35.00,FALSE,Cash,2014-04-08 03:06:16.636,48771,,2014-03-10 19:31:57.592,06b5b0c9-5934-4d5f-a257-1ff539759c9e,,FALSE,FALSE,2014-04-08 03:06:16.636,1000,,108975,13,5327,2026-07-09 09:47:00.222 Z,2026-07-09 09:43:14.437 Z,9999-12-31 23:59:59.999 Z,TRUE
93826,3743,-35.00,FALSE,Unit #071,2014-04-08 03:06:16.648,48771,,2014-03-10 19:31:57.592,1215078d-dd38-4ba9-876f-bdf787991bec,,FALSE,FALSE,2014-04-08 03:06:16.648,4000,,108974,13,5327,2026-07-09 09:47:00.222 Z,2026-07-09 09:43:14.437 Z,9999-12-31 23:59:59.999 Z,TRUE
93829,3744,40.00,FALSE,Visa XXXX2384,2014-04-08 03:06:17.669,48774,,2014-02-03 20:27:37.151,bf4b1ed2-fd1d-4197-b6ec-ec149d7c2766,,FALSE,FALSE,2014-04-08 03:06:17.669,1020,,108982,13,5328,2026-07-09 09:47:00.222 Z,2026-07-09 09:43:14.437 Z,9999-12-31 23:59:59.999 Z,TRUE
93830,3744,-40.00,FALSE,Unit #072,2014-04-08 03:06:17.681,48774,,2014-02-03 20:27:37.151,a68de2db-eb4f-403a-bd3e-941d1eee9289,,FALSE,FALSE,2014-04-08 03:06:17.681,4000,,108981,13,5328,2026-07-09 09:47:00.222 Z,2026-07-09 09:43:14.437 Z,9999-12-31 23:59:59.999 Z,TRUE
93831,3744,40.00,FALSE,Visa XXXX2384,2014-04-08 03:06:17.788,48775,,2014-03-01 20:45:40.511,02e70761-cd73-4e64-be0d-eca38386ef61,,FALSE,FALSE,2014-04-08 03:06:17.788,1020,,108984,13,5328,2026-07-09 09:47:00.222 Z,2026-07-09 09:43:14.437 Z,9999-12-31 23:59:59.999 Z,TRUE
93832,3744,-40.00,FALSE,Unit #072,2014-04-08 03:06:17.800,48775,,2014-03-01 20:45:40.511,a3b5cb3d-22d6-4d8d-b672-79d54f358785,,FALSE,FALSE,2014-04-08 03:06:17.800,4000,,108983,13,5328,2026-07-09 09:47:00.222 Z,2026-07-09 09:43:14.437 Z,9999-12-31 23:59:59.999 Z,TRUE
93833,3744,40.00,FALSE,Visa XXXX2384,2014-04-08 03:06:17.912,48776,,2014-03-30 14:22:28.673,e29c6a6c-d3ac-4318-9644-132448b75d9e,,FALSE,FALSE,2014-04-08 03:06:17.912,1020,,108986,13,5328,2026-07-09 09:47:00.222 Z,2026-07-09 09:43:14.437 Z,9999-12-31 23:59:59.999 Z,TRUE
93834,3744,-40.00,FALSE,Unit #072,2014-04-08 03:06:17.924,48776,,2014-03-30 14:22:28.673,fb821d10-6e09-4af7-b2c0-8e8afd08d234,,FALSE,FALSE,2014-04-08 03:06:17.924,4000,,108985,13,5328,2026-07-09 09:47:00.222 Z,2026-07-09 09:43:14.437 Z,9999-12-31 23:59:59.999 Z,TRUE
93835,3745,40.00,FALSE,Visa XXXX4463,2014-04-08 03:06:18.714,48778,,2014-02-14 21:59:00.664,267fda08-8dd7-4341-b57b-4a419994b84e,,FALSE,FALSE,2014-04-08 03:06:18.714,1020,,108994,13,5329,2026-07-09 09:47:00.222 Z,2026-07-09 09:43:14.437 Z,9999-12-31 23:59:59.999 Z,TRUE
93836,3745,-40.00,FALSE,Unit #073,2014-04-08 03:06:18.726,48778,,2014-02-14 21:59:00.664,63a0834f-3661-42d9-b0ca-c97e422e32d6,,FALSE,FALSE,2014-04-08 03:06:18.726,4000,,108988,13,5329,2026-07-09 09:47:00.222 Z,2026-07-09 09:43:14.437 Z,9999-12-31 23:59:59.999 Z,TRUE
93837,3745,15.00,FALSE,Visa XXXX4463,2014-04-08 03:06:18.787,48779,,2014-02-14 21:59:00.664,b8dd809c-d1c6-482f-9cf2-d3ebb9b9a038,,FALSE,FALSE,2014-04-08 03:06:18.787,1020,,108994,13,5329,2026-07-09 09:47:00.222 Z,2026-07-09 09:43:14.437 Z,9999-12-31 23:59:59.999 Z,TRUE
93838,3745,-15.00,FALSE,IMPORT-LATE1,2014-04-08 03:06:18.799,48779,,2014-02-14 21:59:00.664,c8a3c969-d01d-45fa-bfeb-0e293940265d,,FALSE,FALSE,2014-04-08 03:06:18.799,4052,,108989,13,5329,2026-07-09 09:47:00.222 Z,2026-07-09 09:43:14.437 Z,9999-12-31 23:59:59.999 Z,TRUE
93839,3745,40.00,FALSE,Visa XXXX4463,2014-04-08 03:06:18.863,48780,,2014-02-14 21:59:00.664,51d1e348-1e69-4ccb-8559-807e401d2425,,FALSE,FALSE,2014-04-08 03:06:18.863,1020,,108994,13,5329,2026-07-09 09:47:00.222 Z,2026-07-09 09:43:14.437 Z,9999-12-31 23:59:59.999 Z,TRUE
93840,3745,-40.00,FALSE,Unit #073,2014-04-08 03:06:18.875,48780,,2014-02-14 21:59:00.664,dbbc25e7-781d-4651-b195-a1780428c5d5,,FALSE,FALSE,2014-04-08 03:06:18.875,4000,,108990,13,5329,2026-07-09 09:47:00.222 Z,2026-07-09 09:43:14.437 Z,9999-12-31 23:59:59.999 Z,TRUE
93841,3745,15.00,FALSE,Visa XXXX4463,2014-04-08 03:06:18.936,48781,,2014-02-14 21:59:00.664,591f7067-ba4d-43a6-9ac5-fb3d158c9628,,FALSE,FALSE,2014-04-08 03:06:18.936,1020,,108994,13,5329,2026-07-09 09:47:00.224 Z,2026-07-09 09:43:14.437 Z,9999-12-31 23:59:59.999 Z,TRUE
93842,3745,-15.00,FALSE,LF,2014-04-08 03:06:18.948,48781,,2014-02-14 21:59:00.664,f0503bc8-cc37-4197-a907-186f03094af6,,FALSE,FALSE,2014-04-08 03:06:18.948,4052,,108993,13,5329,2026-07-09 09:47:00.224 Z,2026-07-09 09:43:14.437 Z,9999-12-31 23:59:59.999 Z,TRUE
93843,3747,59.00,FALSE,Visa XXXX4899,2014-04-08 03:06:20.008,48782,,2014-02-06 21:25:20.201,d1d5ae1c-b4f4-4703-9c42-29aa4a915b21,,FALSE,FALSE,2014-04-08 03:06:20.008,1020,,109001,13,5331,2026-07-09 09:47:00.224 Z,2026-07-09 09:43:14.437 Z,9999-12-31 23:59:59.999 Z,TRUE
93844,3747,-59.00,FALSE,Unit #076,2014-04-08 03:06:20.020,48782,,2014-02-06 21:25:20.201,e78209ba-dda8-400a-b8e2-fceb57f38178,,FALSE,FALSE,2014-04-08 03:06:20.020,4000,,109000,13,5331,2026-07-09 09:47:00.224 Z,2026-07-09 09:43:14.437 Z,9999-12-31 23:59:59.999 Z,TRUE
93845,3747,59.00,FALSE,Visa XXXX4899,2014-04-08 03:06:20.414,48785,,2014-03-04 20:56:50.481,9839f8f2-af74-40ed-b8f8-8414e8ad02cd,,FALSE,FALSE,2014-04-08 03:06:20.414,1020,,109007,13,5331,2026-07-09 09:47:00.224 Z,2026-07-09 09:43:14.437 Z,9999-12-31 23:59:59.999 Z,TRUE
93846,3747,-59.00,FALSE,Unit #076,2014-04-08 03:06:20.426,48785,,2014-03-04 20:56:50.481,225ff82e-ca2b-48aa-ba17-e159c7e5dac9,,FALSE,FALSE,2014-04-08 03:06:20.426,4000,,109006,13,5331,2026-07-09 09:47:00.224 Z,2026-07-09 09:43:14.437 Z,9999-12-31 23:59:59.999 Z,TRUE
93847,3748,58.50,FALSE,Visa XXXX2287,2014-04-08 03:06:21.016,48786,,2014-02-07 20:17:32.518,99d0cb6d-2205-4f05-9239-625a0fdcd293,,FALSE,FALSE,2014-04-08 03:06:21.016,1020,,109012,13,5332,2026-07-09 09:47:00.224 Z,2026-07-09 09:43:14.437 Z,9999-12-31 23:59:59.999 Z,TRUE
93848,3748,-58.50,FALSE,Unit #077,2014-04-08 03:06:21.028,48786,,2014-02-07 20:17:32.518,79022048-99f5-4561-b7f6-eef6b150794a,,FALSE,FALSE,2014-04-08 03:06:21.028,4000,,109011,13,5332,2026-07-09 09:47:00.224 Z,2026-07-09 09:43:14.437 Z,9999-12-31 23:59:59.999 Z,TRUE
93849,3748,58.50,FALSE,Cash,2014-04-08 03:06:21.133,48787,,2014-03-04 20:22:00.889,5c4b1543-f754-4d26-9f36-02531cbbbe3c,,FALSE,FALSE,2014-04-08 03:06:21.133,1000,,109015,13,5332,2026-07-09 09:47:00.224 Z,2026-07-09 09:43:14.437 Z,9999-12-31 23:59:59.999 Z,TRUE
93850,3748,-58.50,FALSE,Unit #077,2014-04-08 03:06:21.145,48787,,2014-03-04 20:22:00.889,0aaf5d1c-2697-4413-abde-aac4ee978f72,,FALSE,FALSE,2014-04-08 03:06:21.145,4000,,109013,13,5332,2026-07-09 09:47:00.224 Z,2026-07-09 09:43:14.437 Z,9999-12-31 23:59:59.999 Z,TRUE
93851,3748,1.50,FALSE,Cash,2014-04-08 03:06:21.211,48788,,2014-03-04 20:22:00.889,c07c7c59-2378-4821-b7a5-15e1dfd29d12,,FALSE,FALSE,2014-04-08 03:06:21.211,1000,,109015,13,5332,2026-07-09 09:47:00.224 Z,2026-07-09 09:43:14.437 Z,9999-12-31 23:59:59.999 Z,TRUE
93852,3748,-1.50,FALSE,Unit #077,2014-04-08 03:06:21.223,48788,,2014-03-04 20:22:00.889,86cdff60-1df7-45fc-a5cb-bc1ad69b9b24,,FALSE,FALSE,2014-04-08 03:06:21.223,4000,,109014,13,5332,2026-07-09 09:47:00.224 Z,2026-07-09 09:43:14.437 Z,9999-12-31 23:59:59.999 Z,TRUE
93853,3748,65.00,FALSE,Visa XXXX2287,2014-04-08 03:06:21.746,48789,,2014-02-07 20:15:42.413,eee1934e-9239-468b-bce8-92890deda230,,FALSE,FALSE,2014-04-08 03:06:21.746,1020,,109018,13,5335,2026-07-09 09:47:00.224 Z,2026-07-09 09:43:14.437 Z,9999-12-31 23:59:59.999 Z,TRUE
93854,3748,-65.00,FALSE,Unit #081,2014-04-08 03:06:21.757,48789,,2014-02-07 20:15:42.413,12e0b144-3d8b-434b-ac27-d1ab87928a1b,,FALSE,FALSE,2014-04-08 03:06:21.757,4000,,109017,13,5335,2026-07-09 09:47:00.224 Z,2026-07-09 09:43:14.437 Z,9999-12-31 23:59:59.999 Z,TRUE
93855,3748,65.00,FALSE,Cash,2014-04-08 03:06:21.863,48790,,2014-03-04 20:22:00.900,63561eea-9837-440d-ad80-ea224f3f5608,,FALSE,FALSE,2014-04-08 03:06:21.863,1000,,109020,13,5335,2026-07-09 09:47:00.224 Z,2026-07-09 09:43:14.437 Z,9999-12-31 23:59:59.999 Z,TRUE
93856,3748,-65.00,FALSE,Unit #081,2014-04-08 03:06:21.874,48790,,2014-03-04 20:22:00.900,cba44d9e-4c0b-4b6b-8713-ed281099a213,,FALSE,FALSE,2014-04-08 03:06:21.874,4000,,109019,13,5335,2026-07-09 09:47:00.224 Z,2026-07-09 09:43:14.437 Z,9999-12-31 23:59:59.999 Z,TRUE
93857,3749,65.00,FALSE,Cash,2014-04-08 03:06:22.402,48791,,2014-02-07 18:39:14.725,a132d5a0-897b-462c-9256-b247dd57c251,,FALSE,FALSE,2014-04-08 03:06:22.402,1000,,109024,13,5333,2026-07-09 09:47:00.224 Z,2026-07-09 09:43:14.437 Z,9999-12-31 23:59:59.999 Z,TRUE
93858,3749,-65.00,FALSE,Unit #078,2014-04-08 03:06:22.414,48791,,2014-02-07 18:39:14.725,c59fb79f-997b-43e6-91e9-31d7fca2c3ae,,FALSE,FALSE,2014-04-08 03:06:22.414,4000,,109023,13,5333,2026-07-09 09:47:00.224 Z,2026-07-09 09:43:14.437 Z,9999-12-31 23:59:59.999 Z,TRUE
93859,3749,65.00,FALSE,Cash,2014-04-08 03:06:22.521,48792,,2014-03-10 17:50:54.320,5c0a0ed0-34a1-4962-a54e-3b12d2e3fe16,,FALSE,FALSE,2014-04-08 03:06:22.521,1000,,109026,13,5333,2026-07-09 09:47:00.224 Z,2026-07-09 09:43:14.437 Z,9999-12-31 23:59:59.999 Z,TRUE
93860,3749,-65.00,FALSE,Unit #078,2014-04-08 03:06:22.533,48792,,2014-03-10 17:50:54.320,c15a905e-8b78-4d2d-a258-ba8e1aaa118a,,FALSE,FALSE,2014-04-08 03:06:22.533,4000,,109025,13,5333,2026-07-09 09:47:00.224 Z,2026-07-09 09:43:14.437 Z,9999-12-31 23:59:59.999 Z,TRUE
93861,3750,65.00,FALSE,Mastercard XXXX0761,2014-04-08 03:06:23.286,48793,,2014-02-04 16:50:54.196,642788be-add5-47a6-8499-769db015e73f,,FALSE,FALSE,2014-04-08 03:06:23.286,1021,,109030,13,5334,2026-07-09 09:47:00.224 Z,2026-07-09 09:43:14.437 Z,9999-12-31 23:59:59.999 Z,TRUE
93862,3750,-65.00,FALSE,Unit #080,2014-04-08 03:06:23.299,48793,,2014-02-04 16:50:54.196,72846f37-db01-41cd-aa2d-df616c30cdc4,,FALSE,FALSE,2014-04-08 03:06:23.299,4000,,109029,13,5334,2026-07-09 09:47:00.224 Z,2026-07-09 09:43:14.437 Z,9999-12-31 23:59:59.999 Z,TRUE
93863,3750,65.00,FALSE,Cash,2014-04-08 03:06:23.690,48796,,2014-03-17 20:06:24.038,bb5646e2-5573-4276-93bf-3c21203d594e,,FALSE,FALSE,2014-04-08 03:06:23.690,1000,,109037,13,5334,2026-07-09 09:47:00.224 Z,2026-07-09 09:43:14.437 Z,9999-12-31 23:59:59.999 Z,TRUE
93864,3750,-65.00,FALSE,Unit #080,2014-04-08 03:06:23.702,48796,,2014-03-17 20:06:24.038,36920c56-88ce-4cfe-ba58-9fe6b757e69b,,FALSE,FALSE,2014-04-08 03:06:23.702,4000,,109035,13,5334,2026-07-09 09:47:00.224 Z,2026-07-09 09:43:14.437 Z,9999-12-31 23:59:59.999 Z,TRUE
93865,3750,15.00,FALSE,Cash,2014-04-08 03:06:23.768,48797,,2014-03-17 20:06:24.038,68d6c8fa-d61b-4395-aac3-688e330f2b3a,,FALSE,FALSE,2014-04-08 03:06:23.768,1000,,109037,13,5334,2026-07-09 09:47:00.224 Z,2026-07-09 09:43:14.437 Z,9999-12-31 23:59:59.999 Z,TRUE
93866,3750,-15.00,FALSE,LF,2014-04-08 03:06:23.781,48797,,2014-03-17 20:06:24.038,4aea7fd0-0828-41fd-9b05-5cc8e3785caa,,FALSE,FALSE,2014-04-08 03:06:23.781,4052,,109036,13,5334,2026-07-09 09:47:00.224 Z,2026-07-09 09:43:14.437 Z,9999-12-31 23:59:59.999 Z,TRUE
93867,3750,65.00,FALSE,Mastercard XXXX0761,2014-04-08 03:06:23.890,48798,,2014-04-02 17:25:58.518,b36a21ba-bb3e-4fb6-a8b1-ce4518233eed,,FALSE,FALSE,2014-04-08 03:06:23.890,1021,,109040,13,5334,2026-07-09 09:47:00.224 Z,2026-07-09 09:43:14.437 Z,9999-12-31 23:59:59.999 Z,TRUE
93868,3750,-65.00,FALSE,Unit #080,2014-04-08 03:06:23.902,48798,,2014-04-02 17:25:58.518,5b775673-8daf-4489-9736-63c946aa898d,,FALSE,FALSE,2014-04-08 03:06:23.902,4000,,109038,13,5334,2026-07-09 09:47:00.224 Z,2026-07-09 09:43:14.437 Z,9999-12-31 23:59:59.999 Z,TRUE
93869,3751,65.00,FALSE,Visa XXXX8397,2014-04-08 03:06:24.890,48799,,2014-02-10 20:35:59.614,021c32ba-6d81-45e1-90fa-e74e0f042f05,,FALSE,FALSE,2014-04-08 03:06:24.890,1020,,109047,13,5336,2026-07-09 09:47:00.224 Z,2026-07-09 09:43:14.437 Z,9999-12-31 23:59:59.999 Z,TRUE
93870,3751,-65.00,FALSE,Unit #082,2014-04-08 03:06:24.902,48799,,2014-02-10 20:35:59.614,6866bc00-d7b2-4de1-817d-3b57f5e88fb6,,FALSE,FALSE,2014-04-08 03:06:24.902,4000,,109042,13,5336,2026-07-09 09:47:00.224 Z,2026-07-09 09:43:14.437 Z,9999-12-31 23:59:59.999 Z,TRUE
93871,3751,22.50,FALSE,Visa XXXX8397,2014-04-08 03:06:24.968,48800,,2014-02-10 20:35:59.614,bba297d2-cf48-4522-bcc3-82715a074758,,FALSE,FALSE,2014-04-08 03:06:24.968,1020,,109047,13,5336,2026-07-09 09:47:00.224 Z,2026-07-09 09:43:14.437 Z,9999-12-31 23:59:59.999 Z,TRUE
93872,3751,-22.50,FALSE,IMPORT-LATE1,2014-04-08 03:06:24.980,48800,,2014-02-10 20:35:59.614,83fd3d44-7ed2-44b6-a2a3-362a161fa4b6,,FALSE,FALSE,2014-04-08 03:06:24.980,4052,,109043,13,5336,2026-07-09 09:47:00.224 Z,2026-07-09 09:43:14.437 Z,9999-12-31 23:59:59.999 Z,TRUE
93873,3751,65.00,FALSE,Visa XXXX8397,2014-04-08 03:06:25.045,48801,,2014-02-10 20:35:59.614,45cc93f6-027c-49e8-b3dc-2f26411b04cd,,FALSE,FALSE,2014-04-08 03:06:25.045,1020,,109047,13,5336,2026-07-09 09:47:00.224 Z,2026-07-09 09:43:14.437 Z,9999-12-31 23:59:59.999 Z,TRUE
93874,3751,-65.00,FALSE,Unit #082,2014-04-08 03:06:25.056,48801,,2014-02-10 20:35:59.614,dc086495-76a5-4a58-a4d0-4028d0c4b21c,,FALSE,FALSE,2014-04-08 03:06:25.056,4000,,109044,13,5336,2026-07-09 09:47:00.224 Z,2026-07-09 09:43:14.437 Z,9999-12-31 23:59:59.999 Z,TRUE
93875,3752,55.00,FALSE,Check #2855,2014-04-08 03:06:26.090,48805,,2014-02-05 17:12:46.971,9e89f11f-ceb7-44fe-aaaf-244584a7ef83,,FALSE,FALSE,2014-04-08 03:06:26.090,1001,,109058,13,5337,2026-07-09 09:47:00.224 Z,2026-07-09 09:43:14.437 Z,9999-12-31 23:59:59.999 Z,TRUE
93876,3752,-55.00,FALSE,Unit #083,2014-04-08 03:06:26.102,48805,,2014-02-05 17:12:46.971,4ec07521-d9b6-476b-97bc-24616dfe0302,,FALSE,FALSE,2014-04-08 03:06:26.102,4000,,109057,13,5337,2026-07-09 09:47:00.224 Z,2026-07-09 09:43:14.437 Z,9999-12-31 23:59:59.999 Z,TRUE
93877,3752,55.00,FALSE,Check #2867,2014-04-08 03:06:26.211,48806,,2014-03-04 16:25:36.252,83df6b64-ec93-47f3-89f3-f8674a0e440a,,FALSE,FALSE,2014-04-08 03:06:26.211,1001,,109060,13,5337,2026-07-09 09:47:00.224 Z,2026-07-09 09:43:14.437 Z,9999-12-31 23:59:59.999 Z,TRUE
93878,3752,-55.00,FALSE,Unit #083,2014-04-08 03:06:26.223,48806,,2014-03-04 16:25:36.252,352594ad-0d6b-4499-91cc-b1e2718189b0,,FALSE,FALSE,2014-04-08 03:06:26.223,4000,,109059,13,5337,2026-07-09 09:47:00.224 Z,2026-07-09 09:43:14.437 Z,9999-12-31 23:59:59.999 Z,TRUE
93879,3752,55.00,FALSE,Check #2872,2014-04-08 03:06:26.412,48807,,2014-04-01 18:52:45.405,c33cdeaf-208e-44ec-b6ac-e8fd3f11e831,,FALSE,FALSE,2014-04-08 03:06:26.412,1001,,109062,13,5337,2026-07-09 09:47:00.224 Z,2026-07-09 09:43:14.437 Z,9999-12-31 23:59:59.999 Z,TRUE
93880,3752,-55.00,FALSE,Unit #083,2014-04-08 03:06:26.425,48807,,2014-04-01 18:52:45.405,d08c9cb8-97fe-4389-8a3d-a242971a6ded,,FALSE,FALSE,2014-04-08 03:06:26.425,4000,,109061,13,5337,2026-07-09 09:47:00.224 Z,2026-07-09 09:43:14.437 Z,9999-12-31 23:59:59.999 Z,TRUE
93881,3752,55.00,FALSE,Check #2855,2014-04-08 03:06:26.992,48808,,2014-02-05 17:11:20.566,1a5d0bab-5a26-4551-863a-e8b94b85b0bd,,FALSE,FALSE,2014-04-08 03:06:26.992,1001,,109065,13,5363,2026-07-09 09:47:00.224 Z,2026-07-09 09:43:14.437 Z,9999-12-31 23:59:59.999 Z,TRUE
93882,3752,-55.00,FALSE,Unit #110,2014-04-08 03:06:27.004,48808,,2014-02-05 17:11:20.566,8b15928f-890d-41a0-9bef-de08209e5e88,,FALSE,FALSE,2014-04-08 03:06:27.004,4000,,109064,13,5363,2026-07-09 09:47:00.224 Z,2026-07-09 09:43:14.437 Z,9999-12-31 23:59:59.999 Z,TRUE
93883,3752,55.00,FALSE,Check #2867,2014-04-08 03:06:27.111,48809,,2014-03-04 16:25:36.240,7e308a72-1886-46f0-be48-6af242dee7b6,,FALSE,FALSE,2014-04-08 03:06:27.111,1001,,109067,13,5363,2026-07-09 09:47:00.224 Z,2026-07-09 09:43:14.437 Z,9999-12-31 23:59:59.999 Z,TRUE
93884,3752,-55.00,FALSE,Unit #110,2014-04-08 03:06:27.123,48809,,2014-03-04 16:25:36.240,bb9a5c6d-dcfb-4a56-b3a7-fdf9c834dbad,,FALSE,FALSE,2014-04-08 03:06:27.123,4000,,109066,13,5363,2026-07-09 09:47:00.224 Z,2026-07-09 09:43:14.437 Z,9999-12-31 23:59:59.999 Z,TRUE
93885,3752,55.00,FALSE,Check #2872,2014-04-08 03:06:27.232,48810,,2014-04-01 18:52:45.392,43812659-a205-44b8-b73d-78615302c580,,FALSE,FALSE,2014-04-08 03:06:27.232,1001,,109069,13,5363,2026-07-09 09:47:00.224 Z,2026-07-09 09:43:14.437 Z,9999-12-31 23:59:59.999 Z,TRUE
93886,3752,-55.00,FALSE,Unit #110,2014-04-08 03:06:27.244,48810,,2014-04-01 18:52:45.392,6a9a7c8c-c3a9-4030-a547-e2b16da084ca,,FALSE,FALSE,2014-04-08 03:06:27.244,4000,,109068,13,5363,2026-07-09 09:47:00.224 Z,2026-07-09 09:43:14.437 Z,9999-12-31 23:59:59.999 Z,TRUE
93889,3753,65.00,FALSE,Check #24149,2014-04-08 03:06:28.331,48814,,2014-03-03 15:50:57.745,52cda946-5975-4eff-ba96-e075f887806c,,FALSE,FALSE,2014-04-08 03:06:28.331,1001,,109078,13,5338,2026-07-09 09:47:00.224 Z,2026-07-09 09:43:14.437 Z,9999-12-31 23:59:59.999 Z,TRUE
93890,3753,-65.00,FALSE,Unit #084,2014-04-08 03:06:28.342,48814,,2014-03-03 15:50:57.745,1e40a2b8-6be3-4b84-b540-a71422fa2191,,FALSE,FALSE,2014-04-08 03:06:28.342,4000,,109077,13,5338,2026-07-09 09:47:00.224 Z,2026-07-09 09:43:14.437 Z,9999-12-31 23:59:59.999 Z,TRUE
93891,3753,65.00,FALSE,Check #24183,2014-04-08 03:06:28.447,48815,,2014-04-01 14:49:26.539,071bb682-d3b8-4002-acb3-5cf182a7072d,,FALSE,FALSE,2014-04-08 03:06:28.447,1001,,109081,13,5338,2026-07-09 09:47:00.224 Z,2026-07-09 09:43:14.437 Z,9999-12-31 23:59:59.999 Z,TRUE
93892,3753,-65.00,FALSE,Unit #084,2014-04-08 03:06:28.459,48815,,2014-04-01 14:49:26.539,d6d08664-ea04-47b1-9ec3-f368a139b862,,FALSE,FALSE,2014-04-08 03:06:28.459,4000,,109079,13,5338,2026-07-09 09:47:00.224 Z,2026-07-09 09:43:14.437 Z,9999-12-31 23:59:59.999 Z,TRUE
93893,3754,65.00,FALSE,Check #21561753475,2014-04-08 03:06:29.548,48817,,2014-02-12 18:57:16.680,a241225c-9b53-4979-a2bf-5b4a1d263bec,,FALSE,FALSE,2014-04-08 03:06:29.548,1001,,109089,13,5339,2026-07-09 09:47:00.224 Z,2026-07-09 09:43:14.437 Z,9999-12-31 23:59:59.999 Z,TRUE
93894,3754,-65.00,FALSE,Unit #085,2014-04-08 03:06:29.560,48817,,2014-02-12 18:57:16.680,f6e09a42-32b3-48b8-a3c4-1760e1e75314,,FALSE,FALSE,2014-04-08 03:06:29.560,4000,,109083,13,5339,2026-07-09 09:47:00.224 Z,2026-07-09 09:43:14.437 Z,9999-12-31 23:59:59.999 Z,TRUE
93895,3754,30.00,FALSE,Mastercard XXXX9239,2014-04-08 03:06:29.663,48818,,2014-02-20 21:13:17.241,628bdde9-2ae1-4c0c-8a28-f1573f19ca32,,FALSE,FALSE,2014-04-08 03:06:29.663,1021,,109090,13,5339,2026-07-09 09:47:00.224 Z,2026-07-09 09:43:14.437 Z,9999-12-31 23:59:59.999 Z,TRUE
93896,3754,-30.00,FALSE,IMPORT-LATE1,2014-04-08 03:06:29.675,48818,,2014-02-20 21:13:17.241,d6be6db6-24c3-40cb-b9b8-ab6c977744f5,,FALSE,FALSE,2014-04-08 03:06:29.675,4052,,109084,13,5339,2026-07-09 09:47:00.224 Z,2026-07-09 09:43:14.437 Z,9999-12-31 23:59:59.999 Z,TRUE
93897,3754,65.00,FALSE,Mastercard XXXX9239,2014-04-08 03:06:29.740,48819,,2014-02-20 21:13:17.241,6f77c7ef-74be-419f-b64e-d3154f2b4108,,FALSE,FALSE,2014-04-08 03:06:29.740,1021,,109090,13,5339,2026-07-09 09:47:00.224 Z,2026-07-09 09:43:14.437 Z,9999-12-31 23:59:59.999 Z,TRUE
93898,3754,-65.00,FALSE,Unit #085,2014-04-08 03:06:29.752,48819,,2014-02-20 21:13:17.241,74241e37-f991-4ef0-ab9b-c8a887fb970d,,FALSE,FALSE,2014-04-08 03:06:29.752,4000,,109085,13,5339,2026-07-09 09:47:00.224 Z,2026-07-09 09:43:14.437 Z,9999-12-31 23:59:59.999 Z,TRUE
93899,3754,15.00,FALSE,Mastercard XXXX9239,2014-04-08 03:06:29.892,48820,,2014-02-20 21:13:17.241,14fc7c42-d576-4ea6-b89b-4f5d1979668a,,FALSE,FALSE,2014-04-08 03:06:29.892,1021,,109090,13,5339,2026-07-09 09:47:00.224 Z,2026-07-09 09:43:14.437 Z,9999-12-31 23:59:59.999 Z,TRUE
93900,3754,-15.00,FALSE,LF,2014-04-08 03:06:29.904,48820,,2014-02-20 21:13:17.241,7ef3a3e4-f43b-48cc-abe7-fa888b8784f5,,FALSE,FALSE,2014-04-08 03:06:29.904,4052,,109088,13,5339,2026-07-09 09:47:00.224 Z,2026-07-09 09:43:14.437 Z,9999-12-31 23:59:59.999 Z,TRUE
93901,3754,65.00,FALSE,Mastercard XXXX9239,2014-04-08 03:06:30.240,48823,,2014-03-10 21:00:46.698,8bed80f5-221d-4ce7-b806-98bc67385c86,,FALSE,FALSE,2014-04-08 03:06:30.240,1021,,109096,13,5339,2026-07-09 09:47:00.224 Z,2026-07-09 09:43:14.437 Z,9999-12-31 23:59:59.999 Z,TRUE
93902,3754,-65.00,FALSE,Unit #085,2014-04-08 03:06:30.252,48823,,2014-03-10 21:00:46.698,09f993fd-285c-4557-a0e1-ece7c2e149b6,,FALSE,FALSE,2014-04-08 03:06:30.252,4000,,109095,13,5339,2026-07-09 09:47:00.224 Z,2026-07-09 09:43:14.437 Z,9999-12-31 23:59:59.999 Z,TRUE
93903,3754,65.00,FALSE,Check #21561753475,2014-04-08 03:06:31.291,48824,,2014-02-12 18:57:53.918,4b0354f4-56ce-4a4f-8e17-540bfce3c668,,FALSE,FALSE,2014-04-08 03:06:31.291,1001,,109104,13,5341,2026-07-09 09:47:00.224 Z,2026-07-09 09:43:14.437 Z,9999-12-31 23:59:59.999 Z,TRUE
93904,3754,-65.00,FALSE,Unit #087,2014-04-08 03:06:31.303,48824,,2014-02-12 18:57:53.918,1259b00e-d0cc-4be7-9e4f-b4cf8ae5b237,,FALSE,FALSE,2014-04-08 03:06:31.303,4000,,109100,13,5341,2026-07-09 09:47:00.224 Z,2026-07-09 09:43:14.437 Z,9999-12-31 23:59:59.999 Z,TRUE
93905,3754,60.00,FALSE,Mastercard XXXX9239,2014-04-08 03:06:31.395,48825,,2014-02-20 21:11:43.597,d6cc1ead-2ecd-49c6-b0aa-927a4acd85bf,,FALSE,FALSE,2014-04-08 03:06:31.395,1021,,109105,13,5341,2026-07-09 09:47:00.224 Z,2026-07-09 09:43:14.437 Z,9999-12-31 23:59:59.999 Z,TRUE
93906,3754,-60.00,FALSE,Unit #087,2014-04-08 03:06:31.405,48825,,2014-02-20 21:11:43.597,afb0f5fa-3856-40e4-adad-748d0218082f,,FALSE,FALSE,2014-04-08 03:06:31.405,4000,,109100,13,5341,2026-07-09 09:47:00.224 Z,2026-07-09 09:43:14.437 Z,9999-12-31 23:59:59.999 Z,TRUE
93907,3754,30.00,FALSE,Mastercard XXXX9239,2014-04-08 03:06:31.466,48826,,2014-02-20 21:11:43.597,0098d3cc-1d6e-42c4-87a7-68c5133bccdb,,FALSE,FALSE,2014-04-08 03:06:31.466,1021,,109105,13,5341,2026-07-09 09:47:00.224 Z,2026-07-09 09:43:14.437 Z,9999-12-31 23:59:59.999 Z,TRUE
93908,3754,-30.00,FALSE,IMPORT-LATE1,2014-04-08 03:06:31.477,48826,,2014-02-20 21:11:43.597,e785843c-754a-4013-b7cd-0cb1ba3904fa,,FALSE,FALSE,2014-04-08 03:06:31.477,4052,,109101,13,5341,2026-07-09 09:47:00.224 Z,2026-07-09 09:43:14.437 Z,9999-12-31 23:59:59.999 Z,TRUE
93909,3754,65.00,FALSE,Mastercard XXXX9239,2014-04-08 03:06:31.622,48827,,2014-02-20 21:11:43.597,67a0969d-38dc-498b-8949-8939f9f39f91,,FALSE,FALSE,2014-04-08 03:06:31.622,1021,,109105,13,5341,2026-07-09 09:47:00.224 Z,2026-07-09 09:43:14.437 Z,9999-12-31 23:59:59.999 Z,TRUE
93910,3754,-65.00,FALSE,Unit #087,2014-04-08 03:06:31.634,48827,,2014-02-20 21:11:43.597,148f6de3-e5aa-41e1-99e3-fa1c76649f07,,FALSE,FALSE,2014-04-08 03:06:31.634,4000,,109102,13,5341,2026-07-09 09:47:00.224 Z,2026-07-09 09:43:14.437 Z,9999-12-31 23:59:59.999 Z,TRUE
93911,3754,15.00,FALSE,Mastercard XXXX9239,2014-04-08 03:06:31.699,48828,,2014-02-20 21:11:43.597,03daa777-cbd3-4f79-a0e2-92cac1c088c4,,FALSE,FALSE,2014-04-08 03:06:31.699,1021,,109105,13,5341,2026-07-09 09:47:00.224 Z,2026-07-09 09:43:14.437 Z,9999-12-31 23:59:59.999 Z,TRUE
93912,3754,-15.00,FALSE,LF,2014-04-08 03:06:31.711,48828,,2014-02-20 21:11:43.597,f721e6ec-398e-47b2-94ad-fcd3592542ed,,FALSE,FALSE,2014-04-08 03:06:31.711,4052,,109103,13,5341,2026-07-09 09:47:00.224 Z,2026-07-09 09:43:14.437 Z,9999-12-31 23:59:59.999 Z,TRUE
93913,3754,65.00,FALSE,Mastercard XXXX9239,2014-04-08 03:06:32.117,48832,,2014-03-10 21:00:46.687,7dc091ee-d201-4c87-ac10-a72fa1c5547e,,FALSE,FALSE,2014-04-08 03:06:32.117,1021,,109114,13,5341,2026-07-09 09:47:00.224 Z,2026-07-09 09:43:14.437 Z,9999-12-31 23:59:59.999 Z,TRUE
93914,3754,-65.00,FALSE,Unit #087,2014-04-08 03:06:32.129,48832,,2014-03-10 21:00:46.687,37f8e37f-9c0f-4d7e-886d-8f026e658faa,,FALSE,FALSE,2014-04-08 03:06:32.129,4000,,109110,13,5341,2026-07-09 09:47:00.224 Z,2026-07-09 09:43:14.437 Z,9999-12-31 23:59:59.999 Z,TRUE
93915,3755,130.00,FALSE,Visa XXXX4827,2014-04-08 03:06:33.363,48833,,2014-02-17 19:11:56.168,d206f2a2-2c5e-4cf8-858b-3653c8c23554,,FALSE,FALSE,2014-04-08 03:06:33.363,1020,,109120,13,5340,2026-07-09 09:47:00.224 Z,2026-07-09 09:43:14.437 Z,9999-12-31 23:59:59.999 Z,TRUE
93916,3755,-130.00,FALSE,Unit #086,2014-04-08 03:06:33.375,48833,,2014-02-17 19:11:56.168,698a244c-5862-4d43-a413-5d2d7c03ede8,,FALSE,FALSE,2014-04-08 03:06:33.375,4000,,109116,13,5340,2026-07-09 09:47:00.224 Z,2026-07-09 09:43:14.437 Z,9999-12-31 23:59:59.999 Z,TRUE
93917,3755,30.00,FALSE,Visa XXXX4827,2014-04-08 03:06:33.436,48834,,2014-02-17 19:11:56.168,d6770e0e-d7e3-4d56-aa2b-087e6512dcb9,,FALSE,FALSE,2014-04-08 03:06:33.436,1020,,109120,13,5340,2026-07-09 09:47:00.224 Z,2026-07-09 09:43:14.437 Z,9999-12-31 23:59:59.999 Z,TRUE
93918,3755,-30.00,FALSE,IMPORT-LATE1,2014-04-08 03:06:33.448,48834,,2014-02-17 19:11:56.168,6a87dac6-7d29-46f4-9c4d-4e0772d02a93,,FALSE,FALSE,2014-04-08 03:06:33.448,4052,,109117,13,5340,2026-07-09 09:47:00.224 Z,2026-07-09 09:43:14.437 Z,9999-12-31 23:59:59.999 Z,TRUE
93919,3755,65.00,FALSE,Visa XXXX4827,2014-04-08 03:06:33.512,48835,,2014-02-17 19:11:56.168,a41fde06-886f-4d19-8f53-2d4fd76ce5d6,,FALSE,FALSE,2014-04-08 03:06:33.512,1020,,109120,13,5340,2026-07-09 09:47:00.224 Z,2026-07-09 09:43:14.437 Z,9999-12-31 23:59:59.999 Z,TRUE
93920,3755,-65.00,FALSE,Unit #086,2014-04-08 03:06:33.524,48835,,2014-02-17 19:11:56.168,17cd206b-f2cd-4335-8aba-19594e923039,,FALSE,FALSE,2014-04-08 03:06:33.524,4000,,109118,13,5340,2026-07-09 09:47:00.224 Z,2026-07-09 09:43:14.437 Z,9999-12-31 23:59:59.999 Z,TRUE
93921,3755,15.00,FALSE,Visa XXXX4827,2014-04-08 03:06:33.588,48836,,2014-02-17 19:11:56.168,f8b55f24-3432-4d23-952b-0a3a05fce243,,FALSE,FALSE,2014-04-08 03:06:33.588,1020,,109120,13,5340,2026-07-09 09:47:00.224 Z,2026-07-09 09:43:14.437 Z,9999-12-31 23:59:59.999 Z,TRUE
93922,3755,-15.00,FALSE,LF,2014-04-08 03:06:33.600,48836,,2014-02-17 19:11:56.168,a27afd52-ef12-4c65-9809-f85b2df5009a,,FALSE,FALSE,2014-04-08 03:06:33.600,4052,,109119,13,5340,2026-07-09 09:47:00.224 Z,2026-07-09 09:43:14.437 Z,9999-12-31 23:59:59.999 Z,TRUE
93923,3755,65.00,FALSE,Visa XXXX6184,2014-04-08 03:06:33.975,48839,,2014-03-18 15:58:24.309,b3668680-f730-4d5a-b826-92f6ae54ed1b,,FALSE,FALSE,2014-04-08 03:06:33.975,1020,,109127,13,5340,2026-07-09 09:47:00.224 Z,2026-07-09 09:43:14.437 Z,9999-12-31 23:59:59.999 Z,TRUE
93924,3755,-65.00,FALSE,Unit #086,2014-04-08 03:06:33.988,48839,,2014-03-18 15:58:24.309,9aabef5d-d6e4-4f0b-a5d3-8e8d2b141091,,FALSE,FALSE,2014-04-08 03:06:33.988,4000,,109125,13,5340,2026-07-09 09:47:00.224 Z,2026-07-09 09:43:14.437 Z,9999-12-31 23:59:59.999 Z,TRUE
93925,3755,15.00,FALSE,Visa XXXX6184,2014-04-08 03:06:34.051,48840,,2014-03-18 15:58:24.309,7e9cbbba-8b2b-415b-9742-199b32bade3f,,FALSE,FALSE,2014-04-08 03:06:34.051,1020,,109127,13,5340,2026-07-09 09:47:00.224 Z,2026-07-09 09:43:14.437 Z,9999-12-31 23:59:59.999 Z,TRUE
93926,3755,-15.00,FALSE,LF,2014-04-08 03:06:34.063,48840,,2014-03-18 15:58:24.309,8f42976e-2196-4541-89bb-9a548d84ccff,,FALSE,FALSE,2014-04-08 03:06:34.063,4052,,109126,13,5340,2026-07-09 09:47:00.224 Z,2026-07-09 09:43:14.437 Z,9999-12-31 23:59:59.999 Z,TRUE
93927,3755,65.00,FALSE,Visa XXXX6184,2014-04-08 03:06:34.171,48841,,2014-04-03 17:48:21.624,4bcce90f-516b-4887-8251-93191679288f,,FALSE,FALSE,2014-04-08 03:06:34.171,1020,,109130,13,5340,2026-07-09 09:47:00.224 Z,2026-07-09 09:43:14.437 Z,9999-12-31 23:59:59.999 Z,TRUE
93928,3755,-65.00,FALSE,Unit #086,2014-04-08 03:06:34.184,48841,,2014-04-03 17:48:21.624,526ec959-d315-4dfc-9c14-8dab16eb9bf2,,FALSE,FALSE,2014-04-08 03:06:34.184,4000,,109128,13,5340,2026-07-09 09:47:00.224 Z,2026-07-09 09:43:14.437 Z,9999-12-31 23:59:59.999 Z,TRUE
93933,3756,15.00,FALSE,Check #0000007718,2014-04-08 03:06:35.708,48846,,2014-03-03 18:39:42.300,37ce4da5-a9bb-4580-a73f-695ae68fc36b,,FALSE,FALSE,2014-04-08 03:06:35.708,1001,,109142,13,5342,2026-07-09 09:47:00.224 Z,2026-07-09 09:43:14.437 Z,9999-12-31 23:59:59.999 Z,TRUE
93934,3756,-15.00,FALSE,LF,2014-04-08 03:06:35.720,48846,,2014-03-03 18:39:42.300,4cd4943d-1973-44ae-9d31-b8544ff2d3df,,FALSE,FALSE,2014-04-08 03:06:35.720,4052,,109137,13,5342,2026-07-09 09:47:00.224 Z,2026-07-09 09:43:14.437 Z,9999-12-31 23:59:59.999 Z,TRUE
93935,3756,50.00,FALSE,Check #0000007718,2014-04-08 03:06:35.787,48847,,2014-03-03 18:39:42.300,044ab13f-85c7-47a4-8995-9ecce234ebd5,,FALSE,FALSE,2014-04-08 03:06:35.787,1001,,109142,13,5342,2026-07-09 09:47:00.224 Z,2026-07-09 09:43:14.437 Z,9999-12-31 23:59:59.999 Z,TRUE
93936,3756,-50.00,FALSE,Unit #088,2014-04-08 03:06:35.799,48847,,2014-03-03 18:39:42.300,5f22bb1f-dc08-4598-bcd9-a3e67b764871,,FALSE,FALSE,2014-04-08 03:06:35.799,4000,,109141,13,5342,2026-07-09 09:47:00.224 Z,2026-07-09 09:43:14.437 Z,9999-12-31 23:59:59.999 Z,TRUE
93937,3756,15.00,FALSE,Check #0000007746,2014-04-08 03:06:35.891,48848,,2014-04-01 14:51:41.318,ec680393-3663-4f70-8482-bd02b801f742,,FALSE,FALSE,2014-04-08 03:06:35.891,1001,,109144,13,5342,2026-07-09 09:47:00.224 Z,2026-07-09 09:43:14.437 Z,9999-12-31 23:59:59.999 Z,TRUE
93938,3756,-15.00,FALSE,Unit #088,2014-04-08 03:06:35.902,48848,,2014-04-01 14:51:41.318,9ca06768-7ca0-45a5-a4a5-4d8309cb2509,,FALSE,FALSE,2014-04-08 03:06:35.902,4000,,109141,13,5342,2026-07-09 09:47:00.224 Z,2026-07-09 09:43:14.437 Z,9999-12-31 23:59:59.999 Z,TRUE
93939,3756,50.00,FALSE,Check #0000007746,2014-04-08 03:06:35.968,48849,,2014-04-01 14:51:41.318,6ae89f10-d0e1-4879-9056-a47aa8e976c3,,FALSE,FALSE,2014-04-08 03:06:35.968,1001,,109144,13,5342,2026-07-09 09:47:00.224 Z,2026-07-09 09:43:14.437 Z,9999-12-31 23:59:59.999 Z,TRUE
93940,3756,-50.00,FALSE,Unit #088,2014-04-08 03:06:35.980,48849,,2014-04-01 14:51:41.318,072b1c08-41c2-465d-85e9-c6178aa319a9,,FALSE,FALSE,2014-04-08 03:06:35.980,4000,,109143,13,5342,2026-07-09 09:47:00.224 Z,2026-07-09 09:43:14.437 Z,9999-12-31 23:59:59.999 Z,TRUE
93943,3757,59.00,FALSE,Check #0000995870,2014-04-08 03:06:37.178,48852,,2014-02-17 16:14:16.556,c816f186-850e-4858-8d6a-615e1d211dcb,,FALSE,FALSE,2014-04-08 03:06:37.178,1001,,109152,13,5343,2026-07-09 09:47:00.224 Z,2026-07-09 09:43:14.437 Z,9999-12-31 23:59:59.999 Z,TRUE
93944,3757,-59.00,FALSE,Unit #089,2014-04-08 03:06:37.189,48852,,2014-02-17 16:14:16.556,e178bc4c-07e3-44eb-b878-aeab89203d08,,FALSE,FALSE,2014-04-08 03:06:37.189,4000,,109148,13,5343,2026-07-09 09:47:00.224 Z,2026-07-09 09:43:14.437 Z,9999-12-31 23:59:59.999 Z,TRUE
93945,3757,15.00,FALSE,Check #0000995877,2014-04-08 03:06:37.290,48853,,2014-03-10 14:35:31.052,5fd7c0c9-94e6-470e-afa4-a53ba5712d0c,,FALSE,FALSE,2014-04-08 03:06:37.290,1001,,109154,13,5343,2026-07-09 09:47:00.224 Z,2026-07-09 09:43:14.437 Z,9999-12-31 23:59:59.999 Z,TRUE
93946,3757,-15.00,FALSE,LF,2014-04-08 03:06:37.301,48853,,2014-03-10 14:35:31.052,15c98ad7-1b7c-4b29-b2c8-c463dc4edd52,,FALSE,FALSE,2014-04-08 03:06:37.301,4052,,109151,13,5343,2026-07-09 09:47:00.224 Z,2026-07-09 09:43:14.437 Z,9999-12-31 23:59:59.999 Z,TRUE
93947,3757,59.00,FALSE,Check #0000995877,2014-04-08 03:06:37.366,48854,,2014-03-10 14:35:31.052,2bfd20a8-a08b-469c-b324-58505c08eef3,,FALSE,FALSE,2014-04-08 03:06:37.366,1001,,109154,13,5343,2026-07-09 09:47:00.224 Z,2026-07-09 09:43:14.437 Z,9999-12-31 23:59:59.999 Z,TRUE
93948,3757,-59.00,FALSE,Unit #089,2014-04-08 03:06:37.454,48854,,2014-03-10 14:35:31.052,6f2fa5b8-6d96-4083-8b12-9a5eff0c1fff,,FALSE,FALSE,2014-04-08 03:06:37.454,4000,,109153,13,5343,2026-07-09 09:47:00.224 Z,2026-07-09 09:43:14.437 Z,9999-12-31 23:59:59.999 Z,TRUE
93949,3758,105.00,FALSE,Cash,2014-04-08 03:06:38.308,48856,,2014-02-11 17:50:33.719,fa787fa8-80e3-4f3f-ae6e-6b24f63f714a,,FALSE,FALSE,2014-04-08 03:06:38.308,1000,,109162,13,5344,2026-07-09 09:47:00.224 Z,2026-07-09 09:43:14.437 Z,9999-12-31 23:59:59.999 Z,TRUE
93950,3758,-105.00,FALSE,Unit #090,2014-04-08 03:06:38.319,48856,,2014-02-11 17:50:33.719,522f1d03-2fa0-4720-ba84-d78ea3d31e8a,,FALSE,FALSE,2014-04-08 03:06:38.319,4000,,109157,13,5344,2026-07-09 09:47:00.224 Z,2026-07-09 09:43:14.437 Z,9999-12-31 23:59:59.999 Z,TRUE
93951,3758,15.00,FALSE,Cash,2014-04-08 03:06:38.414,48857,,2014-03-11 20:43:20.208,71a8aa91-ee62-4427-8bc7-f043e03f7dfc,,FALSE,FALSE,2014-04-08 03:06:38.414,1000,,109165,13,5344,2026-07-09 09:43:19.019 Z,2026-07-09 09:43:14.437 Z,9999-12-31 23:59:59.999 Z,TRUE
93952,3758,-15.00,FALSE,Unit #090,2014-04-08 03:06:38.424,48857,,2014-03-11 20:43:20.208,ce0f9bf2-29c5-4769-ba16-725b687638c2,,FALSE,FALSE,2014-04-08 03:06:38.424,4000,,109157,13,5344,2026-07-09 09:47:00.224 Z,2026-07-09 09:43:14.437 Z,9999-12-31 23:59:59.999 Z,TRUE
93953,3758,65.00,FALSE,Cash,2014-04-08 03:06:38.488,48858,,2014-03-11 20:43:20.208,dbe0b9db-f1de-4c67-85fd-197d56846d24,,FALSE,FALSE,2014-04-08 03:06:38.488,1000,,109165,13,5344,2026-07-09 09:47:00.224 Z,2026-07-09 09:43:14.437 Z,9999-12-31 23:59:59.999 Z,TRUE
93954,3758,-65.00,FALSE,Unit #090,2014-04-08 03:06:38.500,48858,,2014-03-11 20:43:20.208,04299529-32cb-4c8f-a489-bda30ec95cad,,FALSE,FALSE,2014-04-08 03:06:38.500,4000,,109159,13,5344,2026-07-09 09:47:00.224 Z,2026-07-09 09:43:14.437 Z,9999-12-31 23:59:59.999 Z,TRUE
93955,3758,65.00,FALSE,Cash,2014-04-08 03:06:38.640,48859,,2014-03-11 20:43:20.208,bcfe2703-6c56-496d-805d-ddfdc9494ae4,,FALSE,FALSE,2014-04-08 03:06:38.640,1000,,109165,13,5344,2026-07-09 09:47:00.224 Z,2026-07-09 09:43:14.437 Z,9999-12-31 23:59:59.999 Z,TRUE
93956,3758,-65.00,FALSE,Unit #090,2014-04-08 03:06:38.652,48859,,2014-03-11 20:43:20.208,959144ad-0b13-4ffc-a71b-ff4f488bd485,,FALSE,FALSE,2014-04-08 03:06:38.652,4000,,109163,13,5344,2026-07-09 09:47:00.224 Z,2026-07-09 09:43:14.437 Z,9999-12-31 23:59:59.999 Z,TRUE
93957,3758,15.00,FALSE,Cash,2014-04-08 03:06:38.712,48860,,2014-03-11 20:43:20.208,f0a5d8d7-68a3-42e8-a8f9-758dfe1ae2d9,,FALSE,FALSE,2014-04-08 03:06:38.712,1000,,109165,13,5344,2026-07-09 09:47:00.224 Z,2026-07-09 09:43:14.437 Z,9999-12-31 23:59:59.999 Z,TRUE
93958,3758,-15.00,FALSE,LF,2014-04-08 03:06:38.724,48860,,2014-03-11 20:43:20.208,e3dd6fa8-75da-4676-9deb-f39363c2e598,,FALSE,FALSE,2014-04-08 03:06:38.724,4052,,109164,13,5344,2026-07-09 09:47:00.224 Z,2026-07-09 09:43:14.437 Z,9999-12-31 23:59:59.999 Z,TRUE
93959,3758,30.00,FALSE,Cash,2014-04-08 03:06:39.060,48861,,2014-04-08 03:06:39.056,cb184bda-a4cb-4aad-b0fb-f31093559d4e,,FALSE,FALSE,2014-04-08 03:06:39.060,1000,,109165,13,5344,2026-07-09 09:47:00.224 Z,2026-07-09 09:43:14.437 Z,9999-12-31 23:59:59.999 Z,TRUE
93960,3758,-30.00,FALSE,IMPORT-LATE1,2014-04-08 03:06:39.070,48861,,2014-04-08 03:06:39.056,7b8626a5-9fef-42d9-825d-7b851100f5d3,,FALSE,FALSE,2014-04-08 03:06:39.070,4052,,109158,13,5344,2026-07-09 09:47:00.225 Z,2026-07-09 09:43:14.437 Z,9999-12-31 23:59:59.999 Z,TRUE
93961,3759,65.00,FALSE,Cash,2014-04-08 03:06:39.702,48862,,2014-02-10 20:17:53.785,57f7cc04-8c91-42cc-b2e2-784c7dafcf4a,,FALSE,FALSE,2014-04-08 03:06:39.702,1000,,109171,13,5345,2026-07-09 09:47:00.225 Z,2026-07-09 09:43:14.437 Z,9999-12-31 23:59:59.999 Z,TRUE
93962,3759,-65.00,FALSE,Unit #091,2014-04-08 03:06:39.792,48862,,2014-02-10 20:17:53.785,701455f0-8c4e-4193-bd18-34b2e4063386,,FALSE,FALSE,2014-04-08 03:06:39.792,4000,,109168,13,5345,2026-07-09 09:47:00.225 Z,2026-07-09 09:43:14.437 Z,9999-12-31 23:59:59.999 Z,TRUE
93963,3759,65.00,FALSE,Cash,2014-04-08 03:06:40.196,48866,,2014-03-05 20:06:06.019,d77a0f1d-9230-41d1-97b5-b7987da09d83,,FALSE,FALSE,2014-04-08 03:06:40.196,1000,,109177,13,5345,2026-07-09 09:47:00.225 Z,2026-07-09 09:43:14.437 Z,9999-12-31 23:59:59.999 Z,TRUE
93964,3759,-65.00,FALSE,Unit #091,2014-04-08 03:06:40.207,48866,,2014-03-05 20:06:06.019,b8bfa4b2-de9e-4699-9d22-92bdd5d342f7,,FALSE,FALSE,2014-04-08 03:06:40.207,4000,,109176,13,5345,2026-07-09 09:47:00.225 Z,2026-07-09 09:43:14.437 Z,9999-12-31 23:59:59.999 Z,TRUE
93965,3760,65.00,FALSE,Cash,2014-04-08 03:06:41.139,48867,,2014-02-04 21:30:14.292,f2b26f2b-e450-4332-a756-d5a6bf54a195,,FALSE,FALSE,2014-04-08 03:06:41.139,1000,,109184,13,5346,2026-07-09 09:47:00.225 Z,2026-07-09 09:43:14.437 Z,9999-12-31 23:59:59.999 Z,TRUE
93966,3760,-65.00,FALSE,Unit #092,2014-04-08 03:06:41.153,48867,,2014-02-04 21:30:14.292,8926bd31-46cd-42af-a706-5293976d774a,,FALSE,FALSE,2014-04-08 03:06:41.153,4000,,109183,13,5346,2026-07-09 09:47:00.225 Z,2026-07-09 09:43:14.437 Z,9999-12-31 23:59:59.999 Z,TRUE
93967,3760,65.00,FALSE,Cash,2014-04-08 03:06:41.475,48870,,2014-03-05 20:25:06.209,3d104d30-146d-40a5-9fc8-85ef81d76b26,,FALSE,FALSE,2014-04-08 03:06:41.475,1000,,109190,13,5346,2026-07-09 09:47:00.225 Z,2026-07-09 09:43:14.437 Z,9999-12-31 23:59:59.999 Z,TRUE
93968,3760,-65.00,FALSE,Unit #092,2014-04-08 03:06:41.489,48870,,2014-03-05 20:25:06.209,bd443796-9d29-495f-9a4a-f6855ab508d8,,FALSE,FALSE,2014-04-08 03:06:41.489,4000,,109189,13,5346,2026-07-09 09:47:00.225 Z,2026-07-09 09:43:14.437 Z,9999-12-31 23:59:59.999 Z,TRUE
93969,3760,65.00,FALSE,Cash,2014-04-08 03:06:41.680,48871,,2014-04-07 18:57:29.618,990ec1f3-15c3-4990-bd6a-ac2e44f19bbb,,FALSE,FALSE,2014-04-08 03:06:41.680,1000,,109193,13,5346,2026-07-09 09:47:00.225 Z,2026-07-09 09:43:14.437 Z,9999-12-31 23:59:59.999 Z,TRUE
93970,3760,-65.00,FALSE,Unit #092,2014-04-08 03:06:41.694,48871,,2014-04-07 18:57:29.618,52d4dfe7-db40-4e96-a662-528d3b3e6b8a,,FALSE,FALSE,2014-04-08 03:06:41.694,4000,,109191,13,5346,2026-07-09 09:47:00.225 Z,2026-07-09 09:43:14.437 Z,9999-12-31 23:59:59.999 Z,TRUE
93971,3761,320.00,FALSE,Visa XXXX7169,2014-04-08 03:06:42.581,48872,,2014-02-13 21:57:33.607,a9c29f56-b552-431d-ad98-c7e5d456a41c,,FALSE,FALSE,2014-04-08 03:06:42.581,1020,,109198,13,5347,2026-07-09 09:47:00.225 Z,2026-07-09 09:43:14.437 Z,9999-12-31 23:59:59.999 Z,TRUE
93972,3761,-320.00,FALSE,Unit #093,2014-04-08 03:06:42.595,48872,,2014-02-13 21:57:33.607,56040dc9-b8dc-4b8b-b845-ae3142689483,,FALSE,FALSE,2014-04-08 03:06:42.595,4000,,109195,13,5347,2026-07-09 09:47:00.225 Z,2026-07-09 09:43:14.437 Z,9999-12-31 23:59:59.999 Z,TRUE
93973,3761,75.00,FALSE,Visa XXXX7169,2014-04-08 03:06:42.661,48873,,2014-02-13 21:57:33.607,dd518f83-5c22-4900-a286-f4d268cabad5,,FALSE,FALSE,2014-04-08 03:06:42.661,1020,,109198,13,5347,2026-07-09 09:47:00.225 Z,2026-07-09 09:43:14.437 Z,9999-12-31 23:59:59.999 Z,TRUE
93974,3761,-75.00,FALSE,IMPORT-LATE1,2014-04-08 03:06:42.673,48873,,2014-02-13 21:57:33.607,4261c946-0f58-4492-9c51-e1c4b9a90840,,FALSE,FALSE,2014-04-08 03:06:42.673,4052,,109196,13,5347,2026-07-09 09:47:00.225 Z,2026-07-09 09:43:14.437 Z,9999-12-31 23:59:59.999 Z,TRUE
93975,3761,65.00,FALSE,Visa XXXX7169,2014-04-08 03:06:42.740,48874,,2014-02-13 21:57:33.607,c5d63728-09fb-4145-a942-4eaebe88f0d5,,FALSE,FALSE,2014-04-08 03:06:42.740,1020,,109198,13,5347,2026-07-09 09:47:00.225 Z,2026-07-09 09:43:14.437 Z,9999-12-31 23:59:59.999 Z,TRUE
93976,3761,-65.00,FALSE,Unit #093,2014-04-08 03:06:42.753,48874,,2014-02-13 21:57:33.607,44fc22b8-2c73-4053-8450-652c2e3d0bb7,,FALSE,FALSE,2014-04-08 03:06:42.753,4000,,109197,13,5347,2026-07-09 09:47:00.225 Z,2026-07-09 09:43:14.437 Z,9999-12-31 23:59:59.999 Z,TRUE
93977,3761,65.00,FALSE,Visa XXXX6809,2014-04-08 03:06:43.155,48877,,2014-04-02 15:17:25.062,fb205054-0af5-4086-85b7-062f7316e3ef,,FALSE,FALSE,2014-04-08 03:06:43.155,1020,,109207,13,5347,2026-07-09 09:47:00.225 Z,2026-07-09 09:43:14.437 Z,9999-12-31 23:59:59.999 Z,TRUE
93978,3761,-65.00,FALSE,Unit #093,2014-04-08 03:06:43.167,48877,,2014-04-02 15:17:25.062,33801473-9d4e-4a7b-9ea7-652f5c5c6f19,,FALSE,FALSE,2014-04-08 03:06:43.167,4000,,109203,13,5347,2026-07-09 09:47:00.225 Z,2026-07-09 09:43:14.437 Z,9999-12-31 23:59:59.999 Z,TRUE
93979,3761,15.00,FALSE,Visa XXXX6809,2014-04-08 03:06:43.229,48878,,2014-04-02 15:17:25.062,e11afb30-fdfc-42f6-948f-0adda846daac,,FALSE,FALSE,2014-04-08 03:06:43.229,1020,,109207,13,5347,2026-07-09 09:47:00.225 Z,2026-07-09 09:43:14.437 Z,9999-12-31 23:59:59.999 Z,TRUE
93980,3761,-15.00,FALSE,LF,2014-04-08 03:06:43.242,48878,,2014-04-02 15:17:25.062,59bdffb4-c064-4585-b616-4e9116e05f4b,,FALSE,FALSE,2014-04-08 03:06:43.242,4052,,109204,13,5347,2026-07-09 09:47:00.225 Z,2026-07-09 09:43:14.437 Z,9999-12-31 23:59:59.999 Z,TRUE
93981,3761,65.00,FALSE,Visa XXXX6809,2014-04-08 03:06:43.309,48879,,2014-04-02 15:17:25.062,83855e01-e730-4eb7-966e-b535fb0d8f8d,,FALSE,FALSE,2014-04-08 03:06:43.309,1020,,109207,13,5347,2026-07-09 09:47:00.225 Z,2026-07-09 09:43:14.437 Z,9999-12-31 23:59:59.999 Z,TRUE
93982,3761,-65.00,FALSE,Unit #093,2014-04-08 03:06:43.321,48879,,2014-04-02 15:17:25.062,f2365f81-eaf4-4ebc-90bd-502dcf20f2b7,,FALSE,FALSE,2014-04-08 03:06:43.321,4000,,109205,13,5347,2026-07-09 09:47:00.225 Z,2026-07-09 09:43:14.437 Z,9999-12-31 23:59:59.999 Z,TRUE
93983,3762,60.00,FALSE,Mastercard XXXX2202,2014-04-08 03:06:44.299,48881,,2014-02-03 21:41:53.371,a3355121-b92d-4ce0-a3ec-9ee68c4169d3,,FALSE,FALSE,2014-04-08 03:06:44.299,1021,,109212,13,5348,2026-07-09 09:47:00.225 Z,2026-07-09 09:43:14.437 Z,9999-12-31 23:59:59.999 Z,TRUE
93984,3762,-60.00,FALSE,Unit #094,2014-04-08 03:06:44.311,48881,,2014-02-03 21:41:53.371,39d76f3d-e882-4ccf-8ddc-c53e654ceb08,,FALSE,FALSE,2014-04-08 03:06:44.311,4000,,109209,13,5348,2026-07-09 09:47:00.225 Z,2026-07-09 09:43:14.437 Z,9999-12-31 23:59:59.999 Z,TRUE
93985,3762,60.00,FALSE,Mastercard XXXX2202,2014-04-08 03:06:44.421,48882,,2014-03-01 22:02:07.201,5853a4c6-26e0-48ad-bab7-4b798f76fa83,,FALSE,FALSE,2014-04-08 03:06:44.421,1021,,109214,13,5348,2026-07-09 09:47:00.225 Z,2026-07-09 09:43:14.437 Z,9999-12-31 23:59:59.999 Z,TRUE
93986,3762,-60.00,FALSE,Unit #094,2014-04-08 03:06:44.434,48882,,2014-03-01 22:02:07.201,cfad5fbc-2a39-4266-a6b8-c05ae3c41d40,,FALSE,FALSE,2014-04-08 03:06:44.434,4000,,109213,13,5348,2026-07-09 09:47:00.225 Z,2026-07-09 09:43:14.437 Z,9999-12-31 23:59:59.999 Z,TRUE
93987,3762,60.00,FALSE,Mastercard XXXX2202,2014-04-08 03:06:44.545,48883,,2014-04-02 21:04:08.286,4deb69a0-794f-4610-8007-969cb4fc0d33,,FALSE,FALSE,2014-04-08 03:06:44.545,1021,,109216,13,5348,2026-07-09 09:47:00.225 Z,2026-07-09 09:43:14.437 Z,9999-12-31 23:59:59.999 Z,TRUE
93988,3762,-60.00,FALSE,Unit #094,2014-04-08 03:06:44.558,48883,,2014-04-02 21:04:08.286,8fbc7073-e190-424f-b16a-1f64fba027cf,,FALSE,FALSE,2014-04-08 03:06:44.558,4000,,109215,13,5348,2026-07-09 09:47:00.225 Z,2026-07-09 09:43:14.437 Z,9999-12-31 23:59:59.999 Z,TRUE
93989,3763,65.00,FALSE,Check #1637,2014-04-08 03:06:45.593,48884,,2014-02-10 20:41:38.502,3dfc6594-b90c-4a11-a11f-8bb699535c28,,FALSE,FALSE,2014-04-08 03:06:45.593,1001,,109223,13,5349,2026-07-09 09:47:00.225 Z,2026-07-09 09:43:14.437 Z,9999-12-31 23:59:59.999 Z,TRUE
93990,3763,-65.00,FALSE,Unit #095,2014-04-08 03:06:45.606,48884,,2014-02-10 20:41:38.502,e6d47ae0-6645-421c-9142-9de93c7c3152,,FALSE,FALSE,2014-04-08 03:06:45.606,4000,,109220,13,5349,2026-07-09 09:47:00.225 Z,2026-07-09 09:43:14.437 Z,9999-12-31 23:59:59.999 Z,TRUE
93991,3763,65.00,FALSE,Check #1643,2014-04-08 03:06:46.077,48888,,2014-03-10 17:53:15.433,dc5e5d36-9d60-48bb-82a6-5645febcd1b5,,FALSE,FALSE,2014-04-08 03:06:46.077,1001,,109229,13,5349,2026-07-09 09:47:00.225 Z,2026-07-09 09:43:14.437 Z,9999-12-31 23:59:59.999 Z,TRUE
93992,3763,-65.00,FALSE,Unit #095,2014-04-08 03:06:46.090,48888,,2014-03-10 17:53:15.433,81af893f-89e7-4bd3-98d9-82db6010566f,,FALSE,FALSE,2014-04-08 03:06:46.090,4000,,109228,13,5349,2026-07-09 09:47:00.225 Z,2026-07-09 09:43:14.437 Z,9999-12-31 23:59:59.999 Z,TRUE
93995,3764,65.00,FALSE,Check #5096,2014-04-08 03:06:47.110,48890,,2014-02-26 16:01:24.260,83439e3b-a7c0-421d-920f-3c88394b822c,,FALSE,FALSE,2014-04-08 03:06:47.110,1001,,109242,13,5350,2026-07-09 09:47:00.225 Z,2026-07-09 09:43:14.437 Z,9999-12-31 23:59:59.999 Z,TRUE
93996,3764,-65.00,FALSE,Unit #096,2014-04-08 03:06:47.127,48890,,2014-02-26 16:01:24.260,85173641-6d1f-4357-ba69-f14ba42046a3,,FALSE,FALSE,2014-04-08 03:06:47.127,4000,,109241,13,5350,2026-07-09 09:47:00.225 Z,2026-07-09 09:43:14.437 Z,9999-12-31 23:59:59.999 Z,TRUE
93997,3764,65.00,FALSE,Check #5105,2014-04-08 03:06:47.429,48893,,2014-03-29 12:22:25.926,fdcbab30-6bf3-43c0-a939-bb96b6a902e7,,FALSE,FALSE,2014-04-08 03:06:47.429,1001,,109244,13,5350,2026-07-09 09:47:00.225 Z,2026-07-09 09:43:14.437 Z,9999-12-31 23:59:59.999 Z,TRUE
93998,3764,-65.00,FALSE,Unit #096,2014-04-08 03:06:47.441,48893,,2014-03-29 12:22:25.926,bfcbc3ec-6d82-45a4-9f4e-2a556861ffb0,,FALSE,FALSE,2014-04-08 03:06:47.441,4000,,109243,13,5350,2026-07-09 09:47:00.225 Z,2026-07-09 09:43:14.437 Z,9999-12-31 23:59:59.999 Z,TRUE
93999,3766,20.00,FALSE,Check #Temp. 1,2014-04-08 03:06:49.470,48897,,2014-02-10 16:05:34.916,e7741f1c-c0a5-40b7-b43f-5b5fde872917,,FALSE,FALSE,2014-04-08 03:06:49.470,1001,,109263,13,5354,2026-07-09 09:47:00.225 Z,2026-07-09 09:43:14.437 Z,9999-12-31 23:59:59.999 Z,TRUE
94000,3766,-20.00,FALSE,Unit #100,2014-04-08 03:06:49.482,48897,,2014-02-10 16:05:34.916,ed4ff006-5b19-4778-b385-0d38fb3bea67,,FALSE,FALSE,2014-04-08 03:06:49.482,4000,,109262,13,5354,2026-07-09 09:47:00.225 Z,2026-07-09 09:43:14.437 Z,9999-12-31 23:59:59.999 Z,TRUE
94001,3766,20.00,FALSE,Check #1881,2014-04-08 03:06:49.784,48900,,2014-03-10 14:26:58.484,03f927a2-c4ac-4865-8853-534050128b3f,,FALSE,FALSE,2014-04-08 03:06:49.784,1001,,109269,13,5354,2026-07-09 09:47:00.209 Z,2026-07-09 09:43:14.437 Z,9999-12-31 23:59:59.999 Z,TRUE
94002,3766,-20.00,FALSE,Unit #100,2014-04-08 03:06:49.796,48900,,2014-03-10 14:26:58.484,4d43a389-8eda-4b2d-a1dc-03f6c0d7bea2,,FALSE,FALSE,2014-04-08 03:06:49.796,4000,,109268,13,5354,2026-07-09 09:47:00.209 Z,2026-07-09 09:43:14.437 Z,9999-12-31 23:59:59.999 Z,TRUE
94003,3767,55.00,FALSE,Cash,2014-04-08 03:06:50.678,48901,,2014-02-10 20:27:45.705,a459919f-0dd5-4b85-99a6-767918712414,,FALSE,FALSE,2014-04-08 03:06:50.678,1000,,109276,13,5355,2026-07-09 09:47:00.209 Z,2026-07-09 09:43:14.437 Z,9999-12-31 23:59:59.999 Z,TRUE
94004,3767,-55.00,FALSE,Unit #101,2014-04-08 03:06:50.690,48901,,2014-02-10 20:27:45.705,d2ad979b-f44b-4193-bf8c-57e0bacd33e4,,FALSE,FALSE,2014-04-08 03:06:50.690,4000,,109273,13,5355,2026-07-09 09:47:00.209 Z,2026-07-09 09:43:14.437 Z,9999-12-31 23:59:59.999 Z,TRUE
94005,3767,55.00,FALSE,Cash,2014-04-08 03:06:50.892,48903,,2014-03-01 12:58:16.602,945c744b-cb3b-4149-a01a-1cdee55c97ef,,FALSE,FALSE,2014-04-08 03:06:50.892,1000,,109282,13,5355,2026-07-09 09:47:00.209 Z,2026-07-09 09:43:14.437 Z,9999-12-31 23:59:59.999 Z,TRUE
94006,3767,-55.00,FALSE,Unit #101,2014-04-08 03:06:50.904,48903,,2014-03-01 12:58:16.602,4b905d2c-ba8a-4a38-8b48-381f911b9ae2,,FALSE,FALSE,2014-04-08 03:06:50.904,4000,,109281,13,5355,2026-07-09 09:47:00.209 Z,2026-07-09 09:43:14.437 Z,9999-12-31 23:59:59.999 Z,TRUE
94009,3768,55.00,FALSE,Check #205,2014-04-08 03:06:52.038,48907,,2014-03-01 13:42:54.838,e9294a05-fae2-45fd-8908-5d444ea1026c,,FALSE,FALSE,2014-04-08 03:06:52.038,1001,,109293,13,5356,2026-07-09 09:43:25.059 Z,2026-07-09 09:43:14.437 Z,9999-12-31 23:59:59.999 Z,TRUE
94010,3768,-55.00,FALSE,Unit #103,2014-04-08 03:06:52.050,48907,,2014-03-01 13:42:54.838,37360304-2fd5-4f02-8d72-5e47da0beeca,,FALSE,FALSE,2014-04-08 03:06:52.050,4000,,109292,13,5356,2026-07-09 09:47:00.209 Z,2026-07-09 09:43:14.437 Z,9999-12-31 23:59:59.999 Z,TRUE
94011,3768,55.00,FALSE,Visa XXXX1008,2014-04-08 03:06:52.426,48910,,2014-03-26 18:48:46.724,de8dc6de-77da-4b21-a99a-5ea61974d047,,FALSE,FALSE,2014-04-08 03:06:52.426,1020,,109295,13,5356,2026-07-09 09:47:00.209 Z,2026-07-09 09:43:14.437 Z,9999-12-31 23:59:59.999 Z,TRUE
94012,3768,-55.00,FALSE,Unit #103,2014-04-08 03:06:52.437,48910,,2014-03-26 18:48:46.724,d0856dde-f984-4992-a064-933db30147ef,,FALSE,FALSE,2014-04-08 03:06:52.437,4000,,109294,13,5356,2026-07-09 09:47:00.209 Z,2026-07-09 09:43:14.437 Z,9999-12-31 23:59:59.999 Z,TRUE
94013,3769,55.00,FALSE,Cash,2014-04-08 03:06:53.241,48912,,2014-03-05 17:48:25.472,72106d05-dcb1-4044-bf66-d43073976f5c,,FALSE,FALSE,2014-04-08 03:06:53.241,1000,,109304,13,5357,2026-07-09 09:47:00.209 Z,2026-07-09 09:43:14.437 Z,9999-12-31 23:59:59.999 Z,TRUE
94014,3769,-55.00,FALSE,Unit #104,2014-04-08 03:06:53.253,48912,,2014-03-05 17:48:25.472,0ee03263-7922-4cc2-9250-9595cc18904e,,FALSE,FALSE,2014-04-08 03:06:53.253,4000,,109297,13,5357,2026-07-09 09:47:00.209 Z,2026-07-09 09:43:14.437 Z,9999-12-31 23:59:59.999 Z,TRUE
94015,3769,15.00,FALSE,Cash,2014-04-08 03:06:53.316,48913,,2014-03-05 17:48:25.472,2ab64b07-9fdc-4435-9a78-ccb0139728c2,,FALSE,FALSE,2014-04-08 03:06:53.316,1000,,109304,13,5357,2026-07-09 09:47:00.209 Z,2026-07-09 09:43:14.437 Z,9999-12-31 23:59:59.999 Z,TRUE
94016,3769,-15.00,FALSE,LF,2014-04-08 03:06:53.328,48913,,2014-03-05 17:48:25.472,acb935d3-29ea-4803-b238-013eb0656056,,FALSE,FALSE,2014-04-08 03:06:53.328,4052,,109300,13,5357,2026-07-09 09:47:00.209 Z,2026-07-09 09:43:14.437 Z,9999-12-31 23:59:59.999 Z,TRUE
94017,3769,55.00,FALSE,Cash,2014-04-08 03:06:53.393,48914,,2014-03-05 17:48:25.472,07efbeaf-6de0-4365-b002-1539448ce4a9,,FALSE,FALSE,2014-04-08 03:06:53.393,1000,,109304,13,5357,2026-07-09 09:47:00.209 Z,2026-07-09 09:43:14.437 Z,9999-12-31 23:59:59.999 Z,TRUE
94018,3769,-55.00,FALSE,Unit #104,2014-04-08 03:06:53.405,48914,,2014-03-05 17:48:25.472,113eea5b-c452-4998-8759-a1f335feb9eb,,FALSE,FALSE,2014-04-08 03:06:53.405,4000,,109301,13,5357,2026-07-09 09:47:00.209 Z,2026-07-09 09:43:14.437 Z,9999-12-31 23:59:59.999 Z,TRUE
94019,3769,55.00,FALSE,Cash,2014-04-08 03:06:53.548,48915,,2014-03-05 17:48:25.472,14bf4978-fe4d-451a-ad4c-4ab787082a79,,FALSE,FALSE,2014-04-08 03:06:53.548,1000,,109304,13,5357,2026-07-09 09:47:00.210 Z,2026-07-09 09:43:14.437 Z,9999-12-31 23:59:59.999 Z,TRUE
94020,3769,-55.00,FALSE,Unit #104,2014-04-08 03:06:53.560,48915,,2014-03-05 17:48:25.472,88f97ec2-cac4-4c4b-a4bf-11b9f8c23a62,,FALSE,FALSE,2014-04-08 03:06:53.560,4000,,109302,13,5357,2026-07-09 09:47:00.210 Z,2026-07-09 09:43:14.437 Z,9999-12-31 23:59:59.999 Z,TRUE
94021,3769,55.00,FALSE,Cash,2014-04-08 03:06:53.625,48916,,2014-03-05 17:48:25.472,6f22ca4d-a026-4d4c-9346-f387615a3196,,FALSE,FALSE,2014-04-08 03:06:53.625,1000,,109304,13,5357,2026-07-09 09:47:00.210 Z,2026-07-09 09:43:14.437 Z,9999-12-31 23:59:59.999 Z,TRUE
94022,3769,-55.00,FALSE,Unit #104,2014-04-08 03:06:53.638,48916,,2014-03-05 17:48:25.472,eccaf577-539c-4628-b417-8f4df1d7f6da,,FALSE,FALSE,2014-04-08 03:06:53.638,4000,,109303,13,5357,2026-07-09 09:47:00.210 Z,2026-07-09 09:43:14.437 Z,9999-12-31 23:59:59.999 Z,TRUE
94023,3770,50.00,FALSE,Check #4201,2014-04-08 03:06:54.968,48921,,2014-04-02 17:41:17.922,c89ef9a2-30d3-4e18-a17e-3405fd0d3e78,,FALSE,FALSE,2014-04-08 03:06:54.968,1001,,109319,13,5358,2026-07-09 09:47:00.210 Z,2026-07-09 09:43:14.437 Z,9999-12-31 23:59:59.999 Z,TRUE
94024,3770,-50.00,FALSE,Unit #105,2014-04-08 03:06:54.980,48921,,2014-04-02 17:41:17.922,4f27a8d5-28e9-49bb-8eb3-2864c5a48b21,,FALSE,FALSE,2014-04-08 03:06:54.980,4000,,109306,13,5358,2026-07-09 09:47:00.210 Z,2026-07-09 09:43:14.437 Z,9999-12-31 23:59:59.999 Z,TRUE
94025,3770,50.00,FALSE,Check #4201,2014-04-08 03:06:55.044,48922,,2014-04-02 17:41:17.922,ea0d5d43-4218-4f08-bfba-421f3ccd4678,,FALSE,FALSE,2014-04-08 03:06:55.044,1001,,109319,13,5358,2026-07-09 09:47:00.210 Z,2026-07-09 09:43:14.437 Z,9999-12-31 23:59:59.999 Z,TRUE
94026,3770,-50.00,FALSE,Unit #105,2014-04-08 03:06:55.056,48922,,2014-04-02 17:41:17.922,5ab7ceb5-818a-4e90-9929-2b7de9a7712f,,FALSE,FALSE,2014-04-08 03:06:55.056,4000,,109315,13,5358,2026-07-09 09:47:00.210 Z,2026-07-09 09:43:14.437 Z,9999-12-31 23:59:59.999 Z,TRUE
94027,3770,15.00,FALSE,Check #4201,2014-04-08 03:06:55.116,48923,,2014-04-02 17:41:17.922,222e8227-1aef-41cb-9064-fc7d6aaef97f,,FALSE,FALSE,2014-04-08 03:06:55.116,1001,,109319,13,5358,2026-07-09 09:47:00.210 Z,2026-07-09 09:43:14.437 Z,9999-12-31 23:59:59.999 Z,TRUE
94028,3770,-15.00,FALSE,LF,2014-04-08 03:06:55.128,48923,,2014-04-02 17:41:17.922,ddaa0705-f8b2-4143-859e-09689d167df5,,FALSE,FALSE,2014-04-08 03:06:55.128,4052,,109316,13,5358,2026-07-09 09:47:00.210 Z,2026-07-09 09:43:14.437 Z,9999-12-31 23:59:59.999 Z,TRUE
94029,3770,50.00,FALSE,Check #4201,2014-04-08 03:06:55.273,48924,,2014-04-02 17:41:17.922,dabf75ab-d92a-493b-912b-1a4d860081fd,,FALSE,FALSE,2014-04-08 03:06:55.273,1001,,109319,13,5358,2026-07-09 09:47:00.210 Z,2026-07-09 09:43:14.437 Z,9999-12-31 23:59:59.999 Z,TRUE
94030,3770,-50.00,FALSE,Unit #105,2014-04-08 03:06:55.286,48924,,2014-04-02 17:41:17.922,4d7924a6-613b-4941-9e3f-f1c7aa1d57ad,,FALSE,FALSE,2014-04-08 03:06:55.286,4000,,109317,13,5358,2026-07-09 09:47:00.210 Z,2026-07-09 09:43:14.437 Z,9999-12-31 23:59:59.999 Z,TRUE
94031,3770,70.00,FALSE,Check #4201,2014-04-08 03:06:56.750,48929,,2014-04-02 17:41:17.913,910ecfa1-bbde-4f72-9bf0-6eb90575dca8,,FALSE,FALSE,2014-04-08 03:06:56.750,1001,,109336,13,5426,2026-07-09 09:47:00.210 Z,2026-07-09 09:43:14.437 Z,9999-12-31 23:59:59.999 Z,TRUE
94032,3770,-70.00,FALSE,Unit #187,2014-04-08 03:06:56.762,48929,,2014-04-02 17:41:17.913,9484e746-a0db-4e42-b5a3-521818a071c4,,FALSE,FALSE,2014-04-08 03:06:56.762,4000,,109323,13,5426,2026-07-09 09:47:00.210 Z,2026-07-09 09:43:14.437 Z,9999-12-31 23:59:59.999 Z,TRUE
94033,3770,70.00,FALSE,Check #4201,2014-04-08 03:06:56.829,48930,,2014-04-02 17:41:17.913,aed77400-b749-4fe6-8d33-6b276b873596,,FALSE,FALSE,2014-04-08 03:06:56.829,1001,,109336,13,5426,2026-07-09 09:47:00.210 Z,2026-07-09 09:43:14.437 Z,9999-12-31 23:59:59.999 Z,TRUE
94034,3770,-70.00,FALSE,Unit #187,2014-04-08 03:06:56.841,48930,,2014-04-02 17:41:17.913,901b2954-9f19-42fb-b61a-e862be7d6fa6,,FALSE,FALSE,2014-04-08 03:06:56.841,4000,,109332,13,5426,2026-07-09 09:47:00.210 Z,2026-07-09 09:43:14.437 Z,9999-12-31 23:59:59.999 Z,TRUE
94035,3770,15.00,FALSE,Check #4201,2014-04-08 03:06:56.984,48931,,2014-04-02 17:41:17.913,406a2147-d887-4d90-a59e-83422fafab46,,FALSE,FALSE,2014-04-08 03:06:56.984,1001,,109336,13,5426,2026-07-09 09:47:00.210 Z,2026-07-09 09:43:14.437 Z,9999-12-31 23:59:59.999 Z,TRUE
94036,3770,-15.00,FALSE,LF,2014-04-08 03:06:56.996,48931,,2014-04-02 17:41:17.913,89ffd1ce-25d7-4c04-9205-b89318149dc9,,FALSE,FALSE,2014-04-08 03:06:56.996,4052,,109333,13,5426,2026-07-09 09:47:00.210 Z,2026-07-09 09:43:14.437 Z,9999-12-31 23:59:59.999 Z,TRUE
94037,3770,70.00,FALSE,Check #4201,2014-04-08 03:06:57.064,48932,,2014-04-02 17:41:17.913,789240b1-0734-4ebb-9931-09010ee32205,,FALSE,FALSE,2014-04-08 03:06:57.064,1001,,109336,13,5426,2026-07-09 09:47:00.210 Z,2026-07-09 09:43:14.437 Z,9999-12-31 23:59:59.999 Z,TRUE
94038,3770,-70.00,FALSE,Unit #187,2014-04-08 03:06:57.076,48932,,2014-04-02 17:41:17.913,54c29463-4b64-411d-8799-3beab6345573,,FALSE,FALSE,2014-04-08 03:06:57.076,4000,,109334,13,5426,2026-07-09 09:47:00.210 Z,2026-07-09 09:43:14.437 Z,9999-12-31 23:59:59.999 Z,TRUE
94039,3771,55.00,FALSE,Cash,2014-04-08 03:06:57.780,48933,,2014-02-04 20:59:28.609,be614279-f9d5-4750-b90d-bd8cb18cfa50,,FALSE,FALSE,2014-04-08 03:06:57.780,1000,,109339,13,5359,2026-07-09 09:47:00.210 Z,2026-07-09 09:43:14.437 Z,9999-12-31 23:59:59.999 Z,TRUE
94040,3771,-55.00,FALSE,Unit #106,2014-04-08 03:06:57.792,48933,,2014-02-04 20:59:28.609,c81ba4e1-bbde-4303-ba37-ae551f7d60ba,,FALSE,FALSE,2014-04-08 03:06:57.792,4000,,109338,13,5359,2026-07-09 09:47:00.210 Z,2026-07-09 09:43:14.437 Z,9999-12-31 23:59:59.999 Z,TRUE
94041,3771,55.00,FALSE,Mastercard XXXX8281,2014-04-08 03:06:57.899,48934,,2014-03-10 13:51:32.319,367a2cff-1f4c-4ce4-ba93-58f4baea7d8a,,FALSE,FALSE,2014-04-08 03:06:57.899,1021,,109341,13,5359,2026-07-09 09:47:00.210 Z,2026-07-09 09:43:14.437 Z,9999-12-31 23:59:59.999 Z,TRUE
94042,3771,-55.00,FALSE,Unit #106,2014-04-08 03:06:57.911,48934,,2014-03-10 13:51:32.319,ae821cba-2d69-4e70-870b-b83234cb5ec5,,FALSE,FALSE,2014-04-08 03:06:57.911,4000,,109340,13,5359,2026-07-09 09:47:00.210 Z,2026-07-09 09:43:14.437 Z,9999-12-31 23:59:59.999 Z,TRUE
94043,3771,55.00,FALSE,Mastercard XXXX8281,2014-04-08 03:06:58.029,48935,,2014-04-03 18:37:45.288,a4ebb0ab-40cc-4587-9799-e2acfccbaa10,,FALSE,FALSE,2014-04-08 03:06:58.029,1021,,109343,13,5359,2026-07-09 09:47:00.210 Z,2026-07-09 09:43:14.437 Z,9999-12-31 23:59:59.999 Z,TRUE
94044,3771,-55.00,FALSE,Unit #106,2014-04-08 03:06:58.041,48935,,2014-04-03 18:37:45.288,1f0531a5-9b33-45c8-8326-418d4bc33f66,,FALSE,FALSE,2014-04-08 03:06:58.041,4000,,109342,13,5359,2026-07-09 09:47:00.210 Z,2026-07-09 09:43:14.437 Z,9999-12-31 23:59:59.999 Z,TRUE
94045,3772,55.00,FALSE,Check #202291742,2014-04-08 03:06:58.803,48936,,2014-02-10 16:11:57.324,79cf1785-0ad7-4738-be46-847719292b74,,FALSE,FALSE,2014-04-08 03:06:58.803,1001,,109346,13,5360,2026-07-09 09:47:00.210 Z,2026-07-09 09:43:14.437 Z,9999-12-31 23:59:59.999 Z,TRUE
94046,3772,-55.00,FALSE,Unit #107,2014-04-08 03:06:58.815,48936,,2014-02-10 16:11:57.324,3b9b2282-a3cc-4236-805f-88b527280765,,FALSE,FALSE,2014-04-08 03:06:58.815,4000,,109345,13,5360,2026-07-09 09:47:00.210 Z,2026-07-09 09:43:14.437 Z,9999-12-31 23:59:59.999 Z,TRUE
94047,3772,55.00,FALSE,Check #mgr205521414329,2014-04-08 03:06:59.110,48939,,2014-03-10 14:22:30.478,71a419ad-907d-474e-9649-e18c57422ffd,,FALSE,FALSE,2014-04-08 03:06:59.110,1001,,109352,13,5360,2026-07-09 09:47:00.210 Z,2026-07-09 09:43:14.437 Z,9999-12-31 23:59:59.999 Z,TRUE
94048,3772,-55.00,FALSE,Unit #107,2014-04-08 03:06:59.121,48939,,2014-03-10 14:22:30.478,479d4b16-f626-4e4c-ac5d-a6f1025c62ef,,FALSE,FALSE,2014-04-08 03:06:59.121,4000,,109351,13,5360,2026-07-09 09:47:00.210 Z,2026-07-09 09:43:14.437 Z,9999-12-31 23:59:59.999 Z,TRUE
94055,3774,30.00,FALSE,Check #2023,2014-04-08 03:07:01.247,48945,,2014-02-10 16:16:36.518,282097ea-7fe0-4fc2-b206-52e5e75af6e7,,FALSE,FALSE,2014-04-08 03:07:01.247,1001,,109367,13,5362,2026-07-09 09:47:00.210 Z,2026-07-09 09:43:14.437 Z,9999-12-31 23:59:59.999 Z,TRUE
94056,3774,-30.00,FALSE,Unit #109,2014-04-08 03:07:01.259,48945,,2014-02-10 16:16:36.518,ee248ada-eef1-41c2-bc57-39f339dd642d,,FALSE,FALSE,2014-04-08 03:07:01.259,4000,,109366,13,5362,2026-07-09 09:47:00.210 Z,2026-07-09 09:43:14.437 Z,9999-12-31 23:59:59.999 Z,TRUE
94057,3774,30.00,FALSE,Check #2106,2014-04-08 03:07:01.369,48946,,2014-02-24 16:09:54.980,01f9ea10-464a-4eb8-b957-b40b157948e1,,FALSE,FALSE,2014-04-08 03:07:01.369,1001,,109373,13,5362,2026-07-09 09:47:00.210 Z,2026-07-09 09:43:14.437 Z,9999-12-31 23:59:59.999 Z,TRUE
94058,3774,-30.00,FALSE,Unit #109,2014-04-08 03:07:01.381,48946,,2014-02-24 16:09:54.980,bdf04166-e125-43a5-8f8e-6e224ac4ae68,,FALSE,FALSE,2014-04-08 03:07:01.381,4000,,109372,13,5362,2026-07-09 09:47:00.210 Z,2026-07-09 09:43:14.437 Z,9999-12-31 23:59:59.999 Z,TRUE
94059,3774,55.00,FALSE,Check #2122,2014-04-08 03:07:01.981,48951,,2014-04-03 16:05:13.756,94256c5b-4687-4fa9-91db-a0e825515d45,,FALSE,FALSE,2014-04-08 03:07:01.981,1001,,109381,13,5362,2026-07-09 09:47:00.210 Z,2026-07-09 09:43:14.437 Z,9999-12-31 23:59:59.999 Z,TRUE
94060,3774,-55.00,FALSE,Unit #109,2014-04-08 03:07:01.993,48951,,2014-04-03 16:05:13.756,cf6722f2-af0f-4a46-be30-1daafa0cc10a,,FALSE,FALSE,2014-04-08 03:07:01.993,4000,,109380,13,5362,2026-07-09 09:47:00.210 Z,2026-07-09 09:43:14.437 Z,9999-12-31 23:59:59.999 Z,TRUE
94061,3774,15.00,FALSE,Visa XXXX4849,2014-04-08 03:07:03.073,48952,,2014-02-10 18:44:38.585,0d397b9d-d9f1-4886-a2ac-8e5a8c060a4d,,FALSE,FALSE,2014-04-08 03:07:03.073,1020,,109385,13,5369,2026-07-09 09:47:00.215 Z,2026-07-09 09:43:14.437 Z,9999-12-31 23:59:59.999 Z,TRUE
94062,3774,-15.00,FALSE,Unit #119,2014-04-08 03:07:03.086,48952,,2014-02-10 18:44:38.585,c4d09289-4581-471e-a06c-fc1c9f0ac215,,FALSE,FALSE,2014-04-08 03:07:03.086,4000,,109383,13,5369,2026-07-09 09:47:00.215 Z,2026-07-09 09:43:14.437 Z,9999-12-31 23:59:59.999 Z,TRUE
94063,3774,15.00,FALSE,Visa XXXX4849,2014-04-08 03:07:03.691,48957,,2014-03-05 19:29:01.410,5ef933dc-f9ad-4880-9ecf-77c987bc23b5,,FALSE,FALSE,2014-04-08 03:07:03.691,1020,,109395,13,5369,2026-07-09 09:47:00.215 Z,2026-07-09 09:43:14.437 Z,9999-12-31 23:59:59.999 Z,TRUE
94064,3774,-15.00,FALSE,Unit #118/119,2014-04-08 03:07:03.703,48957,,2014-03-05 19:29:01.410,e5e9acc3-c13d-4129-b669-1be3a6a552dd,,FALSE,FALSE,2014-04-08 03:07:03.703,4000,,109393,13,5369,2026-07-09 09:47:00.215 Z,2026-07-09 09:43:14.437 Z,9999-12-31 23:59:59.999 Z,TRUE
94067,3775,55.00,FALSE,Cash,2014-04-08 03:07:04.886,48960,,2014-02-12 17:20:38.880,3238c6b6-10ef-437a-9a7f-bb59aa4dca6c,,FALSE,FALSE,2014-04-08 03:07:04.886,1000,,109403,13,5364,2026-07-09 09:47:00.215 Z,2026-07-09 09:43:14.437 Z,9999-12-31 23:59:59.999 Z,TRUE
94068,3775,-55.00,FALSE,Unit #111,2014-04-08 03:07:04.898,48960,,2014-02-12 17:20:38.880,6909075b-89f2-4cef-b072-421f4d7e148e,,FALSE,FALSE,2014-04-08 03:07:04.898,4000,,109399,13,5364,2026-07-09 09:47:00.215 Z,2026-07-09 09:43:14.437 Z,9999-12-31 23:59:59.999 Z,TRUE
94069,3775,15.00,FALSE,Cash,2014-04-08 03:07:04.962,48961,,2014-02-12 17:20:38.880,bf271f0f-8873-4086-a2cf-b722567a6d93,,FALSE,FALSE,2014-04-08 03:07:04.962,1000,,109403,13,5364,2026-07-09 09:47:00.216 Z,2026-07-09 09:43:14.437 Z,9999-12-31 23:59:59.999 Z,TRUE
94070,3775,-15.00,FALSE,LF,2014-04-08 03:07:04.975,48961,,2014-02-12 17:20:38.880,0eaeec9c-1a3a-4bc7-8ad2-229fa2649498,,FALSE,FALSE,2014-04-08 03:07:04.975,4052,,109402,13,5364,2026-07-09 09:47:00.216 Z,2026-07-09 09:43:14.437 Z,9999-12-31 23:59:59.999 Z,TRUE
94071,3776,55.00,FALSE,Check #0000995688,2014-04-08 03:07:05.992,48964,,2014-02-06 16:45:22.004,46ce0c35-c6fb-4f7b-983d-b3e1301fe068,,FALSE,FALSE,2014-04-08 03:07:05.992,1001,,109411,13,5365,2026-07-09 09:47:00.216 Z,2026-07-09 09:43:14.437 Z,9999-12-31 23:59:59.999 Z,TRUE
94072,3776,-55.00,FALSE,Unit #112,2014-04-08 03:07:06.005,48964,,2014-02-06 16:45:22.004,80673d8c-75e8-4c15-9759-6614ecfcdba5,,FALSE,FALSE,2014-04-08 03:07:06.005,4000,,109410,13,5365,2026-07-09 09:47:00.216 Z,2026-07-09 09:43:14.437 Z,9999-12-31 23:59:59.999 Z,TRUE
94073,3776,55.00,FALSE,Check #0000995714,2014-04-08 03:07:06.323,48967,,2014-03-03 18:38:05.608,55d2ec27-1b67-40e8-9719-d63ca2bd3b0d,,FALSE,FALSE,2014-04-08 03:07:06.323,1001,,109417,13,5365,2026-07-09 09:47:00.216 Z,2026-07-09 09:43:14.437 Z,9999-12-31 23:59:59.999 Z,TRUE
94074,3776,-55.00,FALSE,Unit #112,2014-04-08 03:07:06.335,48967,,2014-03-03 18:38:05.608,b79ea882-2d68-49a2-a793-e9ec6f525463,,FALSE,FALSE,2014-04-08 03:07:06.335,4000,,109416,13,5365,2026-07-09 09:47:00.216 Z,2026-07-09 09:43:14.437 Z,9999-12-31 23:59:59.999 Z,TRUE
94075,3776,55.00,FALSE,Check #0000995734,2014-04-08 03:07:06.523,48968,,2014-04-01 15:03:30.994,a9d70206-f2c5-4305-957f-88cee3d9eee7,,FALSE,FALSE,2014-04-08 03:07:06.523,1001,,109420,13,5365,2026-07-09 09:47:00.216 Z,2026-07-09 09:43:14.437 Z,9999-12-31 23:59:59.999 Z,TRUE
94076,3776,-55.00,FALSE,Unit #112,2014-04-08 03:07:06.542,48968,,2014-04-01 15:03:30.994,eb2d94bc-d068-4777-8447-50b5a78bb59a,,FALSE,FALSE,2014-04-08 03:07:06.542,4000,,109418,13,5365,2026-07-09 09:47:00.216 Z,2026-07-09 09:43:14.437 Z,9999-12-31 23:59:59.999 Z,TRUE
94079,3777,55.00,FALSE,Check #2340897730,2014-04-08 03:07:07.968,48973,,2014-03-06 17:24:28.632,cee0d4a8-41f9-42d0-b6e9-d4b87a625e3f,,FALSE,FALSE,2014-04-08 03:07:07.968,1001,,109432,13,5366,2026-07-09 09:47:00.216 Z,2026-07-09 09:43:14.437 Z,9999-12-31 23:59:59.999 Z,TRUE
94080,3777,-55.00,FALSE,Unit #113,2014-04-08 03:07:07.980,48973,,2014-03-06 17:24:28.632,4ef63807-0cb6-4596-9398-f60655832d40,,FALSE,FALSE,2014-04-08 03:07:07.980,4000,,109430,13,5366,2026-07-09 09:47:00.216 Z,2026-07-09 09:43:14.437 Z,9999-12-31 23:59:59.999 Z,TRUE
94081,3777,55.00,FALSE,Check #2343819206,2014-04-08 03:07:08.104,48974,,2014-04-04 17:38:19.714,aa78d788-1f99-455a-b7bb-5211be7385e8,,FALSE,FALSE,2014-04-08 03:07:08.104,1001,,109435,13,5366,2026-07-09 09:47:00.216 Z,2026-07-09 09:43:14.437 Z,9999-12-31 23:59:59.999 Z,TRUE
94082,3777,-55.00,FALSE,Unit #113,2014-04-08 03:07:08.116,48974,,2014-04-04 17:38:19.714,730178cc-2a42-4fbf-b67c-f811cb1bfbf8,,FALSE,FALSE,2014-04-08 03:07:08.116,4000,,109433,13,5366,2026-07-09 09:47:00.216 Z,2026-07-09 09:43:14.437 Z,9999-12-31 23:59:59.999 Z,TRUE
94083,3778,50.00,FALSE,Mastercard XXXX7758,2014-04-08 03:07:09.058,48975,,2014-02-03 21:43:53.252,ee967ee3-42cd-4735-9822-c10ac2a63165,,FALSE,FALSE,2014-04-08 03:07:09.058,1021,,109438,13,5367,2026-07-09 09:47:00.216 Z,2026-07-09 09:43:14.437 Z,9999-12-31 23:59:59.999 Z,TRUE
94084,3778,-50.00,FALSE,Unit #115,2014-04-08 03:07:09.070,48975,,2014-02-03 21:43:53.252,f870b1f8-b762-4326-81b4-548d7ce0f497,,FALSE,FALSE,2014-04-08 03:07:09.070,4000,,109437,13,5367,2026-07-09 09:47:00.216 Z,2026-07-09 09:43:14.437 Z,9999-12-31 23:59:59.999 Z,TRUE
94085,3778,50.00,FALSE,Mastercard XXXX7758,2014-04-08 03:07:09.374,48978,,2014-03-01 22:02:04.531,295db055-9980-43e2-9530-6c88bec0800e,,FALSE,FALSE,2014-04-08 03:07:09.374,1021,,109444,13,5367,2026-07-09 09:47:00.216 Z,2026-07-09 09:43:14.437 Z,9999-12-31 23:59:59.999 Z,TRUE
94086,3778,-50.00,FALSE,Unit #115,2014-04-08 03:07:09.386,48978,,2014-03-01 22:02:04.531,d00e57d6-ba58-418f-8480-7a9f7fffd32d,,FALSE,FALSE,2014-04-08 03:07:09.386,4000,,109443,13,5367,2026-07-09 09:47:00.216 Z,2026-07-09 09:43:14.437 Z,9999-12-31 23:59:59.999 Z,TRUE
94087,3778,50.00,FALSE,Mastercard XXXX7758,2014-04-08 03:07:09.501,48979,,2014-04-02 21:04:50.299,e046e686-3221-4ba4-a51f-f043ea433e4c,,FALSE,FALSE,2014-04-08 03:07:09.501,1021,,109447,13,5367,2026-07-09 09:47:00.216 Z,2026-07-09 09:43:14.437 Z,9999-12-31 23:59:59.999 Z,TRUE
94088,3778,-50.00,FALSE,Unit #115,2014-04-08 03:07:09.596,48979,,2014-04-02 21:04:50.299,6f4d6c5c-a387-4876-be11-cc6d623c14b4,,FALSE,FALSE,2014-04-08 03:07:09.596,4000,,109445,13,5367,2026-07-09 09:47:00.216 Z,2026-07-09 09:43:14.437 Z,9999-12-31 23:59:59.999 Z,TRUE
94089,3779,35.00,FALSE,Visa XXXX3026,2014-04-08 03:07:10.356,48980,,2014-02-03 21:45:55.059,9b08fbb4-85dc-46d4-898d-28ba82a94ab9,,FALSE,FALSE,2014-04-08 03:07:10.356,1020,,109450,13,5368,2026-07-09 09:47:00.216 Z,2026-07-09 09:43:14.437 Z,9999-12-31 23:59:59.999 Z,TRUE
94090,3779,-35.00,FALSE,Unit #117,2014-04-08 03:07:10.367,48980,,2014-02-03 21:45:55.059,0f90048c-0592-48cd-8bfc-02871c3b8253,,FALSE,FALSE,2014-04-08 03:07:10.367,4000,,109449,13,5368,2026-07-09 09:47:00.216 Z,2026-07-09 09:43:14.437 Z,9999-12-31 23:59:59.999 Z,TRUE
94091,3779,35.00,FALSE,Visa XXXX3026,2014-04-08 03:07:10.666,48983,,2014-03-01 22:03:11.884,52f7d4fb-6101-4272-8e40-c42362209dbd,,FALSE,FALSE,2014-04-08 03:07:10.666,1020,,109456,13,5368,2026-07-09 09:47:00.216 Z,2026-07-09 09:43:14.437 Z,9999-12-31 23:59:59.999 Z,TRUE
94092,3779,-35.00,FALSE,Unit #117,2014-04-08 03:07:10.678,48983,,2014-03-01 22:03:11.884,5ee1fc11-357d-43c6-87e8-4a7efa34c525,,FALSE,FALSE,2014-04-08 03:07:10.678,4000,,109455,13,5368,2026-07-09 09:47:00.216 Z,2026-07-09 09:43:14.437 Z,9999-12-31 23:59:59.999 Z,TRUE
94093,3779,35.00,FALSE,Visa XXXX3026,2014-04-08 03:07:10.873,48984,,2014-04-02 21:05:00.262,aabf7c81-cfb2-45df-85d9-9902abb6247c,,FALSE,FALSE,2014-04-08 03:07:10.873,1020,,109459,13,5368,2026-07-09 09:47:00.216 Z,2026-07-09 09:43:14.437 Z,9999-12-31 23:59:59.999 Z,TRUE
94094,3779,-35.00,FALSE,Unit #117,2014-04-08 03:07:10.885,48984,,2014-04-02 21:05:00.262,a6a21c60-f278-4ef0-b8a0-b4d61122f036,,FALSE,FALSE,2014-04-08 03:07:10.885,4000,,109457,13,5368,2026-07-09 09:47:00.216 Z,2026-07-09 09:43:14.437 Z,9999-12-31 23:59:59.999 Z,TRUE
94095,3780,55.00,FALSE,Visa XXXX3488,2014-04-08 03:07:11.653,48985,,2014-02-03 21:52:35.783,dd516ec9-947c-4e6b-93d9-36460e871d82,,FALSE,FALSE,2014-04-08 03:07:11.653,1020,,109462,13,5370,2026-07-09 09:47:00.216 Z,2026-07-09 09:43:14.437 Z,9999-12-31 23:59:59.999 Z,TRUE
94096,3780,-55.00,FALSE,Unit #120,2014-04-08 03:07:11.666,48985,,2014-02-03 21:52:35.783,bcfc1698-1e67-4926-926d-3c5f3ea14eb3,,FALSE,FALSE,2014-04-08 03:07:11.666,4000,,109461,13,5370,2026-07-09 09:47:00.216 Z,2026-07-09 09:43:14.437 Z,9999-12-31 23:59:59.999 Z,TRUE
94097,3780,55.00,FALSE,Visa XXXX3488,2014-04-08 03:07:12.061,48988,,2014-03-01 22:02:19.220,e46b4c7c-ea84-4077-8a42-fb93341a47b3,,FALSE,FALSE,2014-04-08 03:07:12.061,1020,,109468,13,5370,2026-07-09 09:47:00.216 Z,2026-07-09 09:43:14.437 Z,9999-12-31 23:59:59.999 Z,TRUE
94098,3780,-55.00,FALSE,Unit #120,2014-04-08 03:07:12.074,48988,,2014-03-01 22:02:19.220,dc9ddba2-9617-402a-b786-d2757f8652db,,FALSE,FALSE,2014-04-08 03:07:12.074,4000,,109467,13,5370,2026-07-09 09:47:00.216 Z,2026-07-09 09:43:14.437 Z,9999-12-31 23:59:59.999 Z,TRUE
94099,3780,39.70,FALSE,Visa XXXX8831,2014-04-08 03:07:12.785,48989,,2014-02-10 21:29:44.094,94b0c45c-50d6-46a1-8169-94aa476eaecf,,FALSE,FALSE,2014-04-08 03:07:12.785,1020,,109473,13,12442,2026-07-09 09:47:00.216 Z,2026-07-09 09:43:14.437 Z,9999-12-31 23:59:59.999 Z,TRUE
94100,3780,-39.70,FALSE,Unit #079,2014-04-08 03:07:12.798,48989,,2014-02-10 21:29:44.094,0d379d46-b83f-4c6d-9551-56e698fab467,,FALSE,FALSE,2014-04-08 03:07:12.798,4000,,109471,13,12442,2026-07-09 09:47:00.216 Z,2026-07-09 09:43:14.437 Z,9999-12-31 23:59:59.999 Z,TRUE
94101,3780,15.00,FALSE,Visa XXXX8831,2014-04-08 03:07:12.858,48990,,2014-02-10 21:29:44.094,ee6d352c-4ea4-4a28-be58-aa17115ddbea,,FALSE,FALSE,2014-04-08 03:07:12.858,1020,,109473,13,12442,2026-07-09 09:47:00.216 Z,2026-07-09 09:43:14.437 Z,9999-12-31 23:59:59.999 Z,TRUE
94102,3780,-15.00,FALSE,ADMIN-FEE,2014-04-08 03:07:12.870,48990,,2014-02-10 21:29:44.094,36f7a844-1ae1-4200-80b4-e24da72d82c6,,FALSE,FALSE,2014-04-08 03:07:12.870,4051,,109472,13,12442,2026-07-09 09:47:00.216 Z,2026-07-09 09:43:14.437 Z,9999-12-31 23:59:59.999 Z,TRUE
94103,3780,58.50,FALSE,Visa XXXX3488,2014-04-08 03:07:13.275,48993,,2014-03-01 22:02:18.142,920a082e-2d7e-4bf7-a164-e23e154662ac,,FALSE,FALSE,2014-04-08 03:07:13.275,1020,,109479,13,12442,2026-07-09 09:47:00.216 Z,2026-07-09 09:43:14.437 Z,9999-12-31 23:59:59.999 Z,TRUE
94104,3780,-58.50,FALSE,Unit #079,2014-04-08 03:07:13.287,48993,,2014-03-01 22:02:18.142,0cb52694-53d5-405b-b3b6-858d65222da7,,FALSE,FALSE,2014-04-08 03:07:13.287,4000,,109478,13,12442,2026-07-09 09:47:00.216 Z,2026-07-09 09:43:14.437 Z,9999-12-31 23:59:59.999 Z,TRUE
94105,3781,50.00,FALSE,Visa XXXX8665,2014-04-08 03:07:13.914,48994,,2014-02-03 21:54:07.306,44f513f9-95f8-4678-8dbb-b8c5c392a1bf,,FALSE,FALSE,2014-04-08 03:07:13.914,1020,,109484,13,5371,2026-07-09 09:47:00.216 Z,2026-07-09 09:43:14.437 Z,9999-12-31 23:59:59.999 Z,TRUE
94106,3781,-50.00,FALSE,Unit #122,2014-04-08 03:07:13.926,48994,,2014-02-03 21:54:07.306,05288438-cfb2-49e2-a423-cc1cc8d4a588,,FALSE,FALSE,2014-04-08 03:07:13.926,4000,,109483,13,5371,2026-07-09 09:47:00.216 Z,2026-07-09 09:43:14.437 Z,9999-12-31 23:59:59.999 Z,TRUE
94107,3781,50.00,FALSE,Visa XXXX8665,2014-04-08 03:07:14.042,48995,,2014-03-01 22:03:08.086,e744e97b-23af-47d3-b340-b4a600fdb929,,FALSE,FALSE,2014-04-08 03:07:14.042,1020,,109486,13,5371,2026-07-09 09:47:00.216 Z,2026-07-09 09:43:14.437 Z,9999-12-31 23:59:59.999 Z,TRUE
94108,3781,-50.00,FALSE,Unit #122,2014-04-08 03:07:14.054,48995,,2014-03-01 22:03:08.086,9db6f13e-47fa-437f-b666-379801f745a9,,FALSE,FALSE,2014-04-08 03:07:14.054,4000,,109485,13,5371,2026-07-09 09:47:00.216 Z,2026-07-09 09:43:14.437 Z,9999-12-31 23:59:59.999 Z,TRUE
94109,3781,50.00,FALSE,Visa XXXX8665,2014-04-08 03:07:14.164,48996,,2014-04-02 21:04:13.601,2b165cd2-8c3a-48ab-ba6a-4d5c56e4e41d,,FALSE,FALSE,2014-04-08 03:07:14.164,1020,,109488,13,5371,2026-07-09 09:47:00.216 Z,2026-07-09 09:43:14.437 Z,9999-12-31 23:59:59.999 Z,TRUE
94110,3781,-50.00,FALSE,Unit #122,2014-04-08 03:07:14.176,48996,,2014-04-02 21:04:13.601,0aebef1f-14ca-4bb2-88f5-f0188ff30c98,,FALSE,FALSE,2014-04-08 03:07:14.176,4000,,109487,13,5371,2026-07-09 09:47:00.216 Z,2026-07-09 09:43:14.437 Z,9999-12-31 23:59:59.999 Z,TRUE
94111,3782,50.00,FALSE,Cash,2014-04-08 03:07:14.772,48997,,2014-02-05 18:58:22.804,e786b4c4-7753-4ce3-9094-7d66707e88f3,,FALSE,FALSE,2014-04-08 03:07:14.772,1000,,109491,13,5372,2026-07-09 09:47:00.216 Z,2026-07-09 09:43:14.437 Z,9999-12-31 23:59:59.999 Z,TRUE
94112,3782,-50.00,FALSE,Unit #124,2014-04-08 03:07:14.784,48997,,2014-02-05 18:58:22.804,de8565df-1d19-4b35-bb2f-a1bdfccc6cca,,FALSE,FALSE,2014-04-08 03:07:14.784,4000,,109490,13,5372,2026-07-09 09:47:00.216 Z,2026-07-09 09:43:14.437 Z,9999-12-31 23:59:59.999 Z,TRUE
94113,3782,50.00,FALSE,Cash,2014-04-08 03:07:14.892,48998,,2014-03-05 19:10:21.035,34a3dd2c-ef96-493e-8593-ce6187a5fb0b,,FALSE,FALSE,2014-04-08 03:07:14.892,1000,,109493,13,5372,2026-07-09 09:47:00.216 Z,2026-07-09 09:43:14.437 Z,9999-12-31 23:59:59.999 Z,TRUE
94114,3782,-50.00,FALSE,Unit #124,2014-04-08 03:07:14.905,48998,,2014-03-05 19:10:21.035,42c387dc-ddb0-4f86-b2d7-5a0d881d2c94,,FALSE,FALSE,2014-04-08 03:07:14.905,4000,,109492,13,5372,2026-07-09 09:47:00.216 Z,2026-07-09 09:43:14.437 Z,9999-12-31 23:59:59.999 Z,TRUE
94115,3782,50.00,FALSE,Check #mgr205455956992,2014-04-08 03:07:15.092,48999,,2014-04-07 14:09:29.685,54fbab29-151f-4419-82d8-b774296d3554,,FALSE,FALSE,2014-04-08 03:07:15.092,1001,,109495,13,5372,2026-07-09 09:47:00.216 Z,2026-07-09 09:43:14.437 Z,9999-12-31 23:59:59.999 Z,TRUE
94116,3782,-50.00,FALSE,Unit #124,2014-04-08 03:07:15.104,48999,,2014-04-07 14:09:29.685,0bbe0abb-11b8-4f60-bf46-44c16051c208,,FALSE,FALSE,2014-04-08 03:07:15.104,4000,,109494,13,5372,2026-07-09 09:47:00.216 Z,2026-07-09 09:43:14.437 Z,9999-12-31 23:59:59.999 Z,TRUE
94119,3783,40.00,FALSE,Check #205383591754,2014-04-08 03:07:15.787,49001,,2014-03-03 15:48:53.106,da7749f0-8f7a-435d-b279-56ac9335883f,,FALSE,FALSE,2014-04-08 03:07:15.787,1001,,109500,13,5373,2026-07-09 09:47:00.216 Z,2026-07-09 09:43:14.437 Z,9999-12-31 23:59:59.999 Z,TRUE
94120,3783,-40.00,FALSE,Unit #126,2014-04-08 03:07:15.798,49001,,2014-03-03 15:48:53.106,4b57f5ee-1d18-490d-b1e2-a933b20f2a2e,,FALSE,FALSE,2014-04-08 03:07:15.798,4000,,109499,13,5373,2026-07-09 09:47:00.216 Z,2026-07-09 09:43:14.437 Z,9999-12-31 23:59:59.999 Z,TRUE
94123,3784,54.84,FALSE,Cash,2014-04-08 03:07:16.579,49003,,2014-02-06 19:33:33.424,91538006-34b2-4bd1-ae2c-2515c21b3626,,FALSE,FALSE,2014-04-08 03:07:16.579,1000,,109504,13,5374,2026-07-09 09:47:00.216 Z,2026-07-09 09:43:14.437 Z,9999-12-31 23:59:59.999 Z,TRUE
94124,3784,-54.84,FALSE,Unit #128,2014-04-08 03:07:16.589,49003,,2014-02-06 19:33:33.424,78503b66-b064-4c25-997a-9fe92e0e9c04,,FALSE,FALSE,2014-04-08 03:07:16.589,4000,,109502,13,5374,2026-07-09 09:47:00.216 Z,2026-07-09 09:43:14.437 Z,9999-12-31 23:59:59.999 Z,TRUE
94125,3784,55.00,FALSE,Cash,2014-04-08 03:07:16.963,49006,,2014-03-07 20:42:48.796,fa633399-3ca6-40e5-9d7d-b75c9a3211a3,,FALSE,FALSE,2014-04-08 03:07:16.963,1000,,109510,13,5374,2026-07-09 09:47:00.216 Z,2026-07-09 09:43:14.437 Z,9999-12-31 23:59:59.999 Z,TRUE
94126,3784,-55.00,FALSE,Unit #128,2014-04-08 03:07:16.975,49006,,2014-03-07 20:42:48.796,508984d1-cdde-4117-bfcd-279155dd18b5,,FALSE,FALSE,2014-04-08 03:07:16.975,4000,,109509,13,5374,2026-07-09 09:43:15.978 Z,2026-07-09 09:43:14.437 Z,9999-12-31 23:59:59.999 Z,TRUE
94127,3785,55.00,FALSE,Visa XXXX5435,2014-04-08 03:07:17.743,49007,,2014-02-03 20:45:23.384,fdbe83ce-d90e-42c7-b022-69649bdf7377,,FALSE,FALSE,2014-04-08 03:07:17.743,1020,,109515,13,5375,2026-07-09 09:47:00.216 Z,2026-07-09 09:43:14.437 Z,9999-12-31 23:59:59.999 Z,TRUE
94128,3785,-55.00,FALSE,Unit #130,2014-04-08 03:07:17.755,49007,,2014-02-03 20:45:23.384,1929b289-2078-4242-b03e-cbaa904cf2a7,,FALSE,FALSE,2014-04-08 03:07:17.755,4000,,109514,13,5375,2026-07-09 09:47:00.216 Z,2026-07-09 09:43:14.437 Z,9999-12-31 23:59:59.999 Z,TRUE
94129,3785,55.00,FALSE,Visa XXXX5435,2014-04-08 03:07:18.129,49010,,2014-03-03 20:36:20.378,1e02ffe8-25ba-49be-8bad-1447eb14cd61,,FALSE,FALSE,2014-04-08 03:07:18.129,1020,,109521,13,5375,2026-07-09 09:47:00.216 Z,2026-07-09 09:43:14.437 Z,9999-12-31 23:59:59.999 Z,TRUE
94130,3785,-55.00,FALSE,Unit #130,2014-04-08 03:07:18.140,49010,,2014-03-03 20:36:20.378,cbabb03e-36ba-4515-91b3-d7d09de3ca3a,,FALSE,FALSE,2014-04-08 03:07:18.140,4000,,109520,13,5375,2026-07-09 09:47:00.216 Z,2026-07-09 09:43:14.437 Z,9999-12-31 23:59:59.999 Z,TRUE
94131,3785,55.00,FALSE,Visa XXXX8041,2014-04-08 03:07:18.256,49011,,2014-04-04 16:48:25.328,72e89653-adfd-41a0-b4cd-56532dde0390,,FALSE,FALSE,2014-04-08 03:07:18.256,1020,,109524,13,5375,2026-07-09 09:47:00.216 Z,2026-07-09 09:43:14.437 Z,9999-12-31 23:59:59.999 Z,TRUE
94132,3785,-55.00,FALSE,Unit #130,2014-04-08 03:07:18.267,49011,,2014-04-04 16:48:25.328,feecd5ca-556c-4209-b87a-3c132a499941,,FALSE,FALSE,2014-04-08 03:07:18.267,4000,,109522,13,5375,2026-07-09 09:47:00.216 Z,2026-07-09 09:43:14.437 Z,9999-12-31 23:59:59.999 Z,TRUE
94133,3786,40.00,FALSE,Cash,2014-04-08 03:07:19.453,49015,,2014-03-11 19:29:46.654,37c1f9cb-8c04-4f4a-a55b-a80dfc4107af,,FALSE,FALSE,2014-04-08 03:07:19.453,1000,,109536,13,5376,2026-07-09 09:47:00.216 Z,2026-07-09 09:43:14.437 Z,9999-12-31 23:59:59.999 Z,TRUE
94134,3786,-40.00,FALSE,Unit #132,2014-04-08 03:07:19.465,49015,,2014-03-11 19:29:46.654,17619ecc-a1cf-4aaa-9911-a2b9eac60c98,,FALSE,FALSE,2014-04-08 03:07:19.465,4000,,109526,13,5376,2026-07-09 09:47:00.216 Z,2026-07-09 09:43:14.437 Z,9999-12-31 23:59:59.999 Z,TRUE
94135,3786,15.00,FALSE,Cash,2014-04-08 03:07:19.525,49016,,2014-03-11 19:29:46.654,59ed441b-6b68-49a8-88ed-07daf70e31b5,,FALSE,FALSE,2014-04-08 03:07:19.525,1000,,109536,13,5376,2026-07-09 09:47:00.216 Z,2026-07-09 09:43:14.437 Z,9999-12-31 23:59:59.999 Z,TRUE
94136,3786,-15.00,FALSE,LF,2014-04-08 03:07:19.540,49016,,2014-03-11 19:29:46.654,038b2cf6-c386-4290-9918-f2375f915747,,FALSE,FALSE,2014-04-08 03:07:19.540,4052,,109529,13,5376,2026-07-09 09:47:00.216 Z,2026-07-09 09:43:14.437 Z,9999-12-31 23:59:59.999 Z,TRUE
94137,3786,40.00,FALSE,Cash,2014-04-08 03:07:19.610,49017,,2014-03-11 19:29:46.654,ddab5461-8d26-40e6-9d34-145bf5ddf48a,,FALSE,FALSE,2014-04-08 03:07:19.610,1000,,109536,13,5376,2026-07-09 09:47:00.216 Z,2026-07-09 09:43:14.437 Z,9999-12-31 23:59:59.999 Z,TRUE
94138,3786,-40.00,FALSE,Unit #132,2014-04-08 03:07:19.622,49017,,2014-03-11 19:29:46.654,4894b0f9-f02a-41ee-a58f-98207f665f8d,,FALSE,FALSE,2014-04-08 03:07:19.622,4000,,109534,13,5376,2026-07-09 09:47:00.216 Z,2026-07-09 09:43:14.437 Z,9999-12-31 23:59:59.999 Z,TRUE
94139,3786,15.00,FALSE,Cash,2014-04-08 03:07:19.683,49018,,2014-03-11 19:29:46.654,b554eacc-ae4b-489a-80a2-baee73f4387a,,FALSE,FALSE,2014-04-08 03:07:19.683,1000,,109536,13,5376,2026-07-09 09:47:00.216 Z,2026-07-09 09:43:14.437 Z,9999-12-31 23:59:59.999 Z,TRUE
94140,3786,-15.00,FALSE,LF,2014-04-08 03:07:19.771,49018,,2014-03-11 19:29:46.654,56e4dd3f-593d-4959-a4c2-8f01fbf9ccf5,,FALSE,FALSE,2014-04-08 03:07:19.771,4052,,109535,13,5376,2026-07-09 09:47:00.216 Z,2026-07-09 09:43:14.437 Z,9999-12-31 23:59:59.999 Z,TRUE
94147,3788,55.00,FALSE,Check #2057,2014-04-08 03:07:21.029,49022,,2014-02-06 19:43:39.033,b46cab63-bb57-49e7-b755-47ddd2ab7453,,FALSE,FALSE,2014-04-08 03:07:21.029,1001,,109546,13,5378,2026-07-09 09:47:00.216 Z,2026-07-09 09:43:14.437 Z,9999-12-31 23:59:59.999 Z,TRUE
94148,3788,-55.00,FALSE,Unit #136,2014-04-08 03:07:21.041,49022,,2014-02-06 19:43:39.033,6583018e-348b-46af-b722-153dc92f632d,,FALSE,FALSE,2014-04-08 03:07:21.041,4000,,109545,13,5378,2026-07-09 09:47:00.216 Z,2026-07-09 09:43:14.437 Z,9999-12-31 23:59:59.999 Z,TRUE
94149,3789,40.00,FALSE,Mastercard XXXX2990,2014-04-08 03:07:21.530,49023,,2014-02-03 21:55:17.691,f47134e1-3682-48d7-9851-4642a9112c39,,FALSE,FALSE,2014-04-08 03:07:21.530,1021,,109549,13,5379,2026-07-09 09:47:00.216 Z,2026-07-09 09:43:14.437 Z,9999-12-31 23:59:59.999 Z,TRUE
94150,3789,-40.00,FALSE,Unit #138,2014-04-08 03:07:21.542,49023,,2014-02-03 21:55:17.691,f41f08c6-ffc8-47e5-8e1a-dd67c7d3aa59,,FALSE,FALSE,2014-04-08 03:07:21.542,4000,,109548,13,5379,2026-07-09 09:47:00.216 Z,2026-07-09 09:43:14.437 Z,9999-12-31 23:59:59.999 Z,TRUE
94151,3789,40.00,FALSE,Mastercard XXXX2990,2014-04-08 03:07:21.648,49024,,2014-03-01 22:03:01.114,641114e5-66f5-47cc-af8c-0bc2cae63266,,FALSE,FALSE,2014-04-08 03:07:21.648,1021,,109551,13,5379,2026-07-09 09:47:00.216 Z,2026-07-09 09:43:14.437 Z,9999-12-31 23:59:59.999 Z,TRUE
94152,3789,-40.00,FALSE,Unit #138,2014-04-08 03:07:21.660,49024,,2014-03-01 22:03:01.114,941e8a95-95a2-4e37-b1c7-fbd10d26d15b,,FALSE,FALSE,2014-04-08 03:07:21.660,4000,,109550,13,5379,2026-07-09 09:47:00.216 Z,2026-07-09 09:43:14.437 Z,9999-12-31 23:59:59.999 Z,TRUE
94153,3789,40.00,FALSE,Mastercard XXXX2990,2014-04-08 03:07:21.770,49025,,2014-04-02 21:04:08.908,bd0d4b16-da42-4247-adba-4d3ca8c2fc1c,,FALSE,FALSE,2014-04-08 03:07:21.770,1021,,109553,13,5379,2026-07-09 09:47:00.216 Z,2026-07-09 09:43:14.437 Z,9999-12-31 23:59:59.999 Z,TRUE
94154,3789,-40.00,FALSE,Unit #138,2014-04-08 03:07:21.782,49025,,2014-04-02 21:04:08.908,1f9004d6-0779-46d8-b77c-3ae26b1ad0e1,,FALSE,FALSE,2014-04-08 03:07:21.782,4000,,109552,13,5379,2026-07-09 09:47:00.216 Z,2026-07-09 09:43:14.437 Z,9999-12-31 23:59:59.999 Z,TRUE
94155,3790,55.00,FALSE,Cash,2014-04-08 03:07:22.788,49027,,2014-02-28 17:34:44.879,78714aed-7901-4a6f-9a6b-30ae7085a20f,,FALSE,FALSE,2014-04-08 03:07:22.788,1000,,109564,13,5380,2026-07-09 09:47:00.216 Z,2026-07-09 09:43:14.437 Z,9999-12-31 23:59:59.999 Z,TRUE
94156,3790,-55.00,FALSE,Unit #140,2014-04-08 03:07:22.800,49027,,2014-02-28 17:34:44.879,b5bb8fd5-53ee-4944-ac96-9099844b01d1,,FALSE,FALSE,2014-04-08 03:07:22.800,4000,,109555,13,5380,2026-07-09 09:43:20.338 Z,2026-07-09 09:43:14.437 Z,9999-12-31 23:59:59.999 Z,TRUE
94157,3790,15.00,FALSE,Cash,2014-04-08 03:07:22.862,49028,,2014-02-28 17:34:44.879,48e71dec-47f8-475d-a7fb-8ea96f8b9fad,,FALSE,FALSE,2014-04-08 03:07:22.862,1000,,109564,13,5380,2026-07-09 09:47:00.216 Z,2026-07-09 09:43:14.437 Z,9999-12-31 23:59:59.999 Z,TRUE
94158,3790,-15.00,FALSE,LF,2014-04-08 03:07:22.873,49028,,2014-02-28 17:34:44.879,158d22d9-1230-4c00-b00a-d300443e15f8,,FALSE,FALSE,2014-04-08 03:07:22.873,4052,,109558,13,5380,2026-07-09 09:47:00.216 Z,2026-07-09 09:43:14.437 Z,9999-12-31 23:59:59.999 Z,TRUE
94159,3790,55.00,FALSE,Check #1609,2014-04-08 03:07:23.163,49031,,2014-03-29 14:43:15.765,5f68a6e6-2ba5-4dbe-b6ab-a514526e57e8,,FALSE,FALSE,2014-04-08 03:07:23.163,1001,,109566,13,5380,2026-07-09 09:47:00.216 Z,2026-07-09 09:43:14.437 Z,9999-12-31 23:59:59.999 Z,TRUE
94160,3790,-55.00,FALSE,Unit #140,2014-04-08 03:07:23.175,49031,,2014-03-29 14:43:15.765,4c216d0c-09d9-4102-8fd1-e4fbb7569d46,,FALSE,FALSE,2014-04-08 03:07:23.175,4000,,109563,13,5380,2026-07-09 09:47:00.216 Z,2026-07-09 09:43:14.437 Z,9999-12-31 23:59:59.999 Z,TRUE
94161,3790,15.00,FALSE,Check #1609,2014-04-08 03:07:23.311,49032,,2014-03-29 14:43:15.765,e0344100-2241-4aa4-aec6-2e02f4991785,,FALSE,FALSE,2014-04-08 03:07:23.311,1001,,109566,13,5380,2026-07-09 09:47:00.216 Z,2026-07-09 09:43:14.437 Z,9999-12-31 23:59:59.999 Z,TRUE
94162,3790,-15.00,FALSE,LF,2014-04-08 03:07:23.322,49032,,2014-03-29 14:43:15.765,7b7e2446-a42f-47e9-a7a4-8c87cc1659f0,,FALSE,FALSE,2014-04-08 03:07:23.322,4052,,109565,13,5380,2026-07-09 09:47:00.216 Z,2026-07-09 09:43:14.437 Z,9999-12-31 23:59:59.999 Z,TRUE
94167,3793,40.00,FALSE,Cash,2014-04-08 03:07:26.056,49038,,2014-02-10 15:56:20.834,6445b295-c99d-4baf-bdd6-02c89fd6f6be,,FALSE,FALSE,2014-04-08 03:07:26.056,1000,,109596,13,5383,2026-07-09 09:47:00.216 Z,2026-07-09 09:43:14.437 Z,9999-12-31 23:59:59.999 Z,TRUE
94168,3793,-40.00,FALSE,Unit #143,2014-04-08 03:07:26.145,49038,,2014-02-10 15:56:20.834,7903da93-e297-45ac-a1d4-8ceeff247ac3,,FALSE,FALSE,2014-04-08 03:07:26.145,4000,,109595,13,5383,2026-07-09 09:47:00.216 Z,2026-07-09 09:43:14.437 Z,9999-12-31 23:59:59.999 Z,TRUE
94169,3793,40.00,FALSE,Cash,2014-04-08 03:07:26.448,49041,,2014-03-10 19:33:48.103,4723da3e-26d6-48ec-b475-bb5fdb1acd99,,FALSE,FALSE,2014-04-08 03:07:26.448,1000,,109602,13,5383,2026-07-09 09:47:00.216 Z,2026-07-09 09:43:14.437 Z,9999-12-31 23:59:59.999 Z,TRUE
94170,3793,-40.00,FALSE,Unit #143,2014-04-08 03:07:26.460,49041,,2014-03-10 19:33:48.103,3a823eb3-a026-4e60-bd82-6e468a1f87bd,,FALSE,FALSE,2014-04-08 03:07:26.460,4000,,109601,13,5383,2026-07-09 09:47:00.216 Z,2026-07-09 09:43:14.437 Z,9999-12-31 23:59:59.999 Z,TRUE
94173,3794,75.00,FALSE,Check #446,2014-04-08 03:07:27.588,49043,,2014-02-10 20:13:38.735,89186fa8-64d1-4ffc-8411-0ba3a4a99daa,,FALSE,FALSE,2014-04-08 03:07:27.588,1001,,109612,13,5384,2026-07-09 09:47:00.216 Z,2026-07-09 09:43:14.437 Z,9999-12-31 23:59:59.999 Z,TRUE
94174,3794,-75.00,FALSE,Unit #144,2014-04-08 03:07:27.599,49043,,2014-02-10 20:13:38.735,33c0cf5d-1975-4800-8e6a-c1c5add563f6,,FALSE,FALSE,2014-04-08 03:07:27.599,4000,,109608,13,5384,2026-07-09 09:47:00.216 Z,2026-07-09 09:43:14.437 Z,9999-12-31 23:59:59.999 Z,TRUE
94175,3794,77.00,FALSE,Check #454,2014-04-08 03:07:28.165,49048,,2014-03-11 14:27:06.397,2888bbb8-19e5-4cc4-b153-6f761e8e2436,,FALSE,FALSE,2014-04-08 03:07:28.165,1001,,109622,13,5384,2026-07-09 09:47:00.216 Z,2026-07-09 09:43:14.437 Z,9999-12-31 23:59:59.999 Z,TRUE
94176,3794,-77.00,FALSE,Unit #144,2014-04-08 03:07:28.177,49048,,2014-03-11 14:27:06.397,7332f71b-605a-4582-9185-6913147c5545,,FALSE,FALSE,2014-04-08 03:07:28.177,4000,,109619,13,5384,2026-07-09 09:47:00.216 Z,2026-07-09 09:43:14.437 Z,9999-12-31 23:59:59.999 Z,TRUE
94177,3794,2.00,FALSE,Check #454,2014-04-08 03:07:28.243,49049,,2014-03-11 14:27:06.397,b8abbea4-af6d-4351-8e8b-1659f8a3b4e8,,FALSE,FALSE,2014-04-08 03:07:28.243,1001,,109622,13,5384,2026-07-09 09:47:00.216 Z,2026-07-09 09:43:14.437 Z,9999-12-31 23:59:59.999 Z,TRUE
94178,3794,-2.00,FALSE,Unit #144,2014-04-08 03:07:28.255,49049,,2014-03-11 14:27:06.397,47440791-9fec-40f1-8532-c121470dea4c,,FALSE,FALSE,2014-04-08 03:07:28.255,4000,,109621,13,5384,2026-07-09 09:47:00.216 Z,2026-07-09 09:43:14.437 Z,9999-12-31 23:59:59.999 Z,TRUE
94181,3795,85.00,FALSE,Check #3640,2014-04-08 03:07:29.347,49051,,2014-02-03 16:39:15.577,ce49771b-ed00-4abf-bf2c-bc185a3a06e0,,FALSE,FALSE,2014-04-08 03:07:29.347,1001,,109625,13,5385,2026-07-09 09:47:00.216 Z,2026-07-09 09:43:14.437 Z,9999-12-31 23:59:59.999 Z,TRUE
94182,3795,-85.00,FALSE,Unit #145,2014-04-08 03:07:29.359,49051,,2014-02-03 16:39:15.577,38dbaed8-3046-465d-ae99-8f770414a7f1,,FALSE,FALSE,2014-04-08 03:07:29.359,4000,,109624,13,5385,2026-07-09 09:47:00.216 Z,2026-07-09 09:43:14.437 Z,9999-12-31 23:59:59.999 Z,TRUE
94183,3795,85.00,FALSE,Check #3649,2014-04-08 03:07:29.465,49052,,2014-02-28 17:32:03.307,14893d17-6bca-4fef-ae89-e65df533f676,,FALSE,FALSE,2014-04-08 03:07:29.465,1001,,109631,13,5385,2026-07-09 09:47:00.216 Z,2026-07-09 09:43:14.437 Z,9999-12-31 23:59:59.999 Z,TRUE
94184,3795,-85.00,FALSE,Unit #145,2014-04-08 03:07:29.477,49052,,2014-02-28 17:32:03.307,111f76b1-dc2f-4adc-971b-93a53ad1f2d5,,FALSE,FALSE,2014-04-08 03:07:29.477,4000,,109630,13,5385,2026-07-09 09:47:00.217 Z,2026-07-09 09:43:14.437 Z,9999-12-31 23:59:59.999 Z,TRUE
94185,3795,85.00,FALSE,Check #3669,2014-04-08 03:07:29.853,49055,,2014-03-31 19:38:34.262,c3240d6c-a9a5-478e-8efc-ff325979dffa,,FALSE,FALSE,2014-04-08 03:07:29.853,1001,,109634,13,5385,2026-07-09 09:47:00.217 Z,2026-07-09 09:43:14.437 Z,9999-12-31 23:59:59.999 Z,TRUE
94186,3795,-85.00,FALSE,Unit #145,2014-04-08 03:07:29.865,49055,,2014-03-31 19:38:34.262,ce79b780-264d-47f3-99b9-72186915c279,,FALSE,FALSE,2014-04-08 03:07:29.865,4000,,109632,13,5385,2026-07-09 09:47:00.217 Z,2026-07-09 09:43:14.437 Z,9999-12-31 23:59:59.999 Z,TRUE
94189,3795,85.00,FALSE,Check #3640,2014-04-08 03:07:30.986,49058,,2014-02-03 15:54:16.775,5d6893e8-24fa-41e4-b22a-cb260af2e019,,FALSE,FALSE,2014-04-08 03:07:30.986,1001,,109639,13,5398,2026-07-09 09:47:00.217 Z,2026-07-09 09:43:14.437 Z,9999-12-31 23:59:59.999 Z,TRUE
94190,3795,-85.00,FALSE,Unit #158,2014-04-08 03:07:30.998,49058,,2014-02-03 15:54:16.775,d894dcbe-1892-4f8b-85f4-a16afe1eaba4,,FALSE,FALSE,2014-04-08 03:07:30.998,4000,,109638,13,5398,2026-07-09 09:47:00.217 Z,2026-07-09 09:43:14.437 Z,9999-12-31 23:59:59.999 Z,TRUE
94191,3795,85.00,FALSE,Check #3649,2014-04-08 03:07:31.106,49059,,2014-02-28 17:32:03.319,9bbb6c49-dbb6-4258-9022-5e42fa430e4a,,FALSE,FALSE,2014-04-08 03:07:31.106,1001,,109645,13,5398,2026-07-09 09:47:00.217 Z,2026-07-09 09:43:14.437 Z,9999-12-31 23:59:59.999 Z,TRUE
94192,3795,-85.00,FALSE,Unit #158,2014-04-08 03:07:31.117,49059,,2014-02-28 17:32:03.319,1a3fd41b-4ef5-4a2e-8004-75d0bc177e07,,FALSE,FALSE,2014-04-08 03:07:31.117,4000,,109644,13,5398,2026-07-09 09:47:00.217 Z,2026-07-09 09:43:14.437 Z,9999-12-31 23:59:59.999 Z,TRUE
94193,3795,85.00,FALSE,Check #3669,2014-04-08 03:07:31.491,49062,,2014-04-01 17:30:22.286,45fbbca2-e45e-47d5-ad2e-fed9007b82a6,,FALSE,FALSE,2014-04-08 03:07:31.491,1001,,109648,13,5398,2026-07-09 09:47:00.217 Z,2026-07-09 09:43:14.437 Z,9999-12-31 23:59:59.999 Z,TRUE
94194,3795,-85.00,FALSE,Unit #158,2014-04-08 03:07:31.503,49062,,2014-04-01 17:30:22.286,d6d3ecc0-5647-4379-9167-142c7e6ec8b6,,FALSE,FALSE,2014-04-08 03:07:31.503,4000,,109646,13,5398,2026-07-09 09:47:00.217 Z,2026-07-09 09:43:14.437 Z,9999-12-31 23:59:59.999 Z,TRUE
94195,3796,85.00,FALSE,Mastercard XXXX0398,2014-04-08 03:07:32.397,49065,,2014-02-19 15:10:17.230,ad037ab5-a893-4646-a379-0235f64f7200,,FALSE,FALSE,2014-04-08 03:07:32.397,1021,,109654,13,5387,2026-07-09 09:47:00.217 Z,2026-07-09 09:43:14.437 Z,9999-12-31 23:59:59.999 Z,TRUE
94196,3796,-85.00,FALSE,Unit #147,2014-04-08 03:07:32.408,49065,,2014-02-19 15:10:17.230,eb4c749c-8345-410f-bc30-a6c406471265,,FALSE,FALSE,2014-04-08 03:07:32.408,4000,,109650,13,5387,2026-07-09 09:47:00.217 Z,2026-07-09 09:43:14.437 Z,9999-12-31 23:59:59.999 Z,TRUE
94197,3796,85.00,FALSE,Mastercard XXXX0398,2014-04-08 03:07:32.591,49066,,2014-03-08 03:44:40.875,ea96a55d-3cc1-4cca-9564-0405a83a9bea,,FALSE,FALSE,2014-04-08 03:07:32.591,1021,,109657,13,5387,2026-07-09 09:47:00.217 Z,2026-07-09 09:43:14.437 Z,9999-12-31 23:59:59.999 Z,TRUE
94198,3796,-85.00,FALSE,Unit #147,2014-04-08 03:07:32.603,49066,,2014-03-08 03:44:40.875,c240e780-932f-450a-bf72-eb10799b4105,,FALSE,FALSE,2014-04-08 03:07:32.603,4000,,109656,13,5387,2026-07-09 09:47:00.217 Z,2026-07-09 09:43:14.437 Z,9999-12-31 23:59:59.999 Z,TRUE
94199,3797,80.00,FALSE,Visa XXXX7418,2014-04-08 03:07:33.383,49068,,2014-02-11 16:20:09.528,a6772911-49cb-4979-97d2-83168b6b9351,,FALSE,FALSE,2014-04-08 03:07:33.383,1020,,109663,13,5388,2026-07-09 09:47:00.217 Z,2026-07-09 09:43:14.437 Z,9999-12-31 23:59:59.999 Z,TRUE
94200,3797,-80.00,FALSE,Unit #148,2014-04-08 03:07:33.403,49068,,2014-02-11 16:20:09.528,7afbece4-bec1-4022-af1e-eacd51ee17b2,,FALSE,FALSE,2014-04-08 03:07:33.403,4000,,109660,13,5388,2026-07-09 09:47:00.217 Z,2026-07-09 09:43:14.437 Z,9999-12-31 23:59:59.999 Z,TRUE
94201,3797,80.00,FALSE,Visa XXXX7418,2014-04-08 03:07:33.508,49069,,2014-03-01 22:02:18.517,5bae2c0e-787d-446d-8b03-911547877d0d,,FALSE,FALSE,2014-04-08 03:07:33.508,1020,,109665,13,5388,2026-07-09 09:47:00.217 Z,2026-07-09 09:43:14.437 Z,9999-12-31 23:59:59.999 Z,TRUE
94202,3797,-80.00,FALSE,Unit #148,2014-04-08 03:07:33.520,49069,,2014-03-01 22:02:18.517,7cc922d7-3f37-475f-a753-ac86d45321d1,,FALSE,FALSE,2014-04-08 03:07:33.520,4000,,109664,13,5388,2026-07-09 09:47:00.217 Z,2026-07-09 09:43:14.437 Z,9999-12-31 23:59:59.999 Z,TRUE
94203,3798,80.00,FALSE,Mastercard XXXX1963,2014-04-08 03:07:34.098,49070,,2014-02-03 21:56:24.276,12096eaf-818a-46cb-925d-1369dd12c6df,,FALSE,FALSE,2014-04-08 03:07:34.098,1021,,109669,13,5389,2026-07-09 09:47:00.217 Z,2026-07-09 09:43:14.437 Z,9999-12-31 23:59:59.999 Z,TRUE
94204,3798,-80.00,FALSE,Unit #149,2014-04-08 03:07:34.110,49070,,2014-02-03 21:56:24.276,59729bab-b40a-4985-b1f4-22eaa9608eaa,,FALSE,FALSE,2014-04-08 03:07:34.110,4000,,109668,13,5389,2026-07-09 09:47:00.217 Z,2026-07-09 09:43:14.437 Z,9999-12-31 23:59:59.999 Z,TRUE
94205,3798,80.00,FALSE,Mastercard XXXX1963,2014-04-08 03:07:34.213,49071,,2014-03-01 22:03:11.503,97b56e6c-22b9-403a-bdf5-ccf16a075524,,FALSE,FALSE,2014-04-08 03:07:34.213,1021,,109671,13,5389,2026-07-09 09:47:00.217 Z,2026-07-09 09:43:14.437 Z,9999-12-31 23:59:59.999 Z,TRUE
94206,3798,-80.00,FALSE,Unit #149,2014-04-08 03:07:34.225,49071,,2014-03-01 22:03:11.503,471bb810-3990-44db-aafc-e955f78d9be0,,FALSE,FALSE,2014-04-08 03:07:34.225,4000,,109670,13,5389,2026-07-09 09:47:00.217 Z,2026-07-09 09:43:14.437 Z,9999-12-31 23:59:59.999 Z,TRUE
94207,3798,80.00,FALSE,Mastercard XXXX1963,2014-04-08 03:07:34.408,49072,,2014-04-02 21:04:46.308,43c60689-6b1f-4f7c-a9d1-881a6d996a06,,FALSE,FALSE,2014-04-08 03:07:34.408,1021,,109673,13,5389,2026-07-09 09:47:00.217 Z,2026-07-09 09:43:14.437 Z,9999-12-31 23:59:59.999 Z,TRUE
94208,3798,-80.00,FALSE,Unit #149,2014-04-08 03:07:34.419,49072,,2014-04-02 21:04:46.308,54d604a6-6c11-44cd-b714-c7bcc59dd841,,FALSE,FALSE,2014-04-08 03:07:34.419,4000,,109672,13,5389,2026-07-09 09:47:00.217 Z,2026-07-09 09:43:14.437 Z,9999-12-31 23:59:59.999 Z,TRUE
94209,3799,72.00,FALSE,Cash,2014-04-08 03:07:35.096,49073,,2014-02-03 17:08:39.133,70a3b089-59f9-4e97-95b8-dd50008415f9,,FALSE,FALSE,2014-04-08 03:07:35.096,1000,,109676,13,5390,2026-07-09 09:47:00.217 Z,2026-07-09 09:43:14.437 Z,9999-12-31 23:59:59.999 Z,TRUE
94210,3799,-72.00,FALSE,Unit #150,2014-04-08 03:07:35.108,49073,,2014-02-03 17:08:39.133,53939077-1320-4d3d-8f82-72fb2eaba115,,FALSE,FALSE,2014-04-08 03:07:35.108,4000,,109675,13,5390,2026-07-09 09:47:00.217 Z,2026-07-09 09:43:14.437 Z,9999-12-31 23:59:59.999 Z,TRUE
94211,3799,72.00,FALSE,Cash,2014-04-08 03:07:36.000,49077,,2014-02-03 17:07:59.376,603a7fcd-1cbe-4193-8cc2-c19234044023,,FALSE,FALSE,2014-04-08 03:07:36.000,1000,,109685,13,5415,2026-07-09 09:47:00.217 Z,2026-07-09 09:43:14.437 Z,9999-12-31 23:59:59.999 Z,TRUE
94212,3799,-72.00,FALSE,Unit #176,2014-04-08 03:07:36.012,49077,,2014-02-03 17:07:59.376,a1fd0877-00a9-4606-9bcd-ba9fc4bc7921,,FALSE,FALSE,2014-04-08 03:07:36.012,4000,,109684,13,5415,2026-07-09 09:47:00.217 Z,2026-07-09 09:43:14.437 Z,9999-12-31 23:59:59.999 Z,TRUE
94213,3799,80.00,FALSE,Cash,2014-04-08 03:07:36.992,49081,,2014-02-03 17:06:43.568,3acc581d-ff78-41f3-a13f-51346139d035,,FALSE,FALSE,2014-04-08 03:07:36.992,1000,,109694,13,5418,2026-07-09 09:47:00.217 Z,2026-07-09 09:43:14.437 Z,9999-12-31 23:59:59.999 Z,TRUE
94214,3799,-80.00,FALSE,Unit #179,2014-04-08 03:07:37.004,49081,,2014-02-03 17:06:43.568,2b016cfd-56c3-4478-99fb-414bdc0f8ee8,,FALSE,FALSE,2014-04-08 03:07:37.004,4000,,109693,13,5418,2026-07-09 09:47:00.217 Z,2026-07-09 09:43:14.437 Z,9999-12-31 23:59:59.999 Z,TRUE
94215,3801,85.00,FALSE,Visa XXXX0787,2014-04-08 03:07:38.946,49087,,2014-02-10 18:46:36.922,96f5d74b-29ef-459b-a0ab-4a159efca074,,FALSE,FALSE,2014-04-08 03:07:38.946,1020,,109717,13,5393,2026-07-09 09:47:00.217 Z,2026-07-09 09:43:14.437 Z,9999-12-31 23:59:59.999 Z,TRUE
94216,3801,-85.00,FALSE,Unit #153,2014-04-08 03:07:39.037,49087,,2014-02-10 18:46:36.922,77ae6453-2026-4714-b666-d34ef2ace62d,,FALSE,FALSE,2014-04-08 03:07:39.037,4000,,109715,13,5393,2026-07-09 09:47:00.217 Z,2026-07-09 09:43:14.437 Z,9999-12-31 23:59:59.999 Z,TRUE
94217,3801,85.00,FALSE,Visa XXXX0787,2014-04-08 03:07:39.189,49088,,2014-03-10 18:05:21.152,2403dbc5-b704-4c5a-88ae-9789e576aa3c,,FALSE,FALSE,2014-04-08 03:07:39.189,1020,,109721,13,5393,2026-07-09 09:47:00.217 Z,2026-07-09 09:43:14.437 Z,9999-12-31 23:59:59.999 Z,TRUE
94218,3801,-85.00,FALSE,Unit #153,2014-04-08 03:07:39.201,49088,,2014-03-10 18:05:21.152,35883f76-bd7d-4d06-bbd6-31ea048019c3,,FALSE,FALSE,2014-04-08 03:07:39.201,4000,,109720,13,5393,2026-07-09 09:47:00.217 Z,2026-07-09 09:43:14.437 Z,9999-12-31 23:59:59.999 Z,TRUE
94221,3802,80.00,FALSE,Mastercard XXXX6107,2014-04-08 03:07:39.987,49090,,2014-02-03 21:57:30.965,f9de1afb-3302-4ec3-bca2-cd6d8f99d28d,,FALSE,FALSE,2014-04-08 03:07:39.987,1021,,109725,13,5394,2026-07-09 09:47:00.217 Z,2026-07-09 09:43:14.437 Z,9999-12-31 23:59:59.999 Z,TRUE
94222,3802,-80.00,FALSE,Unit #154,2014-04-08 03:07:40.004,49090,,2014-02-03 21:57:30.965,341c4217-aa0b-4750-8488-de4f5fe8075f,,FALSE,FALSE,2014-04-08 03:07:40.004,4000,,109724,13,5394,2026-07-09 09:47:00.217 Z,2026-07-09 09:43:14.437 Z,9999-12-31 23:59:59.999 Z,TRUE
94223,3802,80.00,FALSE,Mastercard XXXX6107,2014-04-08 03:07:40.116,49091,,2014-03-01 22:02:05.564,ab34f0e6-8f34-43b4-9e86-218eb647e4fc,,FALSE,FALSE,2014-04-08 03:07:40.116,1021,,109727,13,5394,2026-07-09 09:47:00.217 Z,2026-07-09 09:43:14.437 Z,9999-12-31 23:59:59.999 Z,TRUE
94224,3802,-80.00,FALSE,Unit #154,2014-04-08 03:07:40.127,49091,,2014-03-01 22:02:05.564,c1109add-cebe-4b93-bcc1-13211f6088c5,,FALSE,FALSE,2014-04-08 03:07:40.127,4000,,109726,13,5394,2026-07-09 09:47:00.217 Z,2026-07-09 09:43:14.437 Z,9999-12-31 23:59:59.999 Z,TRUE
94225,3802,80.00,FALSE,Mastercard XXXX6107,2014-04-08 03:07:40.316,49092,,2014-04-02 21:04:09.869,2d3e7485-ee33-43b0-81c8-2230cc5b5512,,FALSE,FALSE,2014-04-08 03:07:40.316,1021,,109729,13,5394,2026-07-09 09:47:00.217 Z,2026-07-09 09:43:14.437 Z,9999-12-31 23:59:59.999 Z,TRUE
94226,3802,-80.00,FALSE,Unit #154,2014-04-08 03:07:40.328,49092,,2014-04-02 21:04:09.869,f084245d-d9fb-44e9-90dd-b07acf486234,,FALSE,FALSE,2014-04-08 03:07:40.328,4000,,109728,13,5394,2026-07-09 09:47:00.217 Z,2026-07-09 09:43:14.437 Z,9999-12-31 23:59:59.999 Z,TRUE
94227,3803,85.00,FALSE,Mastercard XXXX2684,2014-04-08 03:07:41.043,49093,,2014-02-04 15:23:21.297,1e6337f1-ac27-4bcb-a998-9fc7f37f22dc,,FALSE,FALSE,2014-04-08 03:07:41.043,1021,,109732,13,5395,2026-07-09 09:47:00.217 Z,2026-07-09 09:43:14.437 Z,9999-12-31 23:59:59.999 Z,TRUE
94228,3803,-85.00,FALSE,Unit #155,2014-04-08 03:07:41.055,49093,,2014-02-04 15:23:21.297,f390c477-33ae-4529-a25d-89254b3054c9,,FALSE,FALSE,2014-04-08 03:07:41.055,4000,,109731,13,5395,2026-07-09 09:47:00.217 Z,2026-07-09 09:43:14.437 Z,9999-12-31 23:59:59.999 Z,TRUE
94229,3803,85.00,FALSE,Visa XXXX4089,2014-04-08 03:07:41.362,49096,,2014-03-03 17:04:29.131,ff33136e-73b7-4a21-91f1-25848a2ffd0d,,FALSE,FALSE,2014-04-08 03:07:41.362,1020,,109738,13,5395,2026-07-09 09:47:00.217 Z,2026-07-09 09:43:14.437 Z,9999-12-31 23:59:59.999 Z,TRUE
94230,3803,-85.00,FALSE,Unit #155,2014-04-08 03:07:41.373,49096,,2014-03-03 17:04:29.131,0f66ee30-8504-4918-b420-0257dc956786,,FALSE,FALSE,2014-04-08 03:07:41.373,4000,,109737,13,5395,2026-07-09 09:47:00.217 Z,2026-07-09 09:43:14.437 Z,9999-12-31 23:59:59.999 Z,TRUE
94231,3803,85.00,FALSE,Visa XXXX4089,2014-04-08 03:07:41.558,49097,,2014-04-01 15:47:38.742,5c7840a1-0c23-4896-aa77-575922559a19,,FALSE,FALSE,2014-04-08 03:07:41.558,1020,,109741,13,5395,2026-07-09 09:47:00.217 Z,2026-07-09 09:43:14.437 Z,9999-12-31 23:59:59.999 Z,TRUE
94232,3803,-85.00,FALSE,Unit #155,2014-04-08 03:07:41.569,49097,,2014-04-01 15:47:38.742,dfefa1a0-3bb3-4ce0-959a-0d3b38672186,,FALSE,FALSE,2014-04-08 03:07:41.569,4000,,109739,13,5395,2026-07-09 09:47:00.217 Z,2026-07-09 09:43:14.437 Z,9999-12-31 23:59:59.999 Z,TRUE
94233,3805,77.00,FALSE,Mastercard XXXX1048,2014-04-08 03:07:42.894,49099,,2014-02-10 21:39:12.647,33107113-82c8-48df-8b1b-18b099cf9f1f,,FALSE,FALSE,2014-04-08 03:07:42.894,1021,,109751,13,5397,2026-07-09 09:47:00.217 Z,2026-07-09 09:43:14.437 Z,9999-12-31 23:59:59.999 Z,TRUE
94234,3805,-77.00,FALSE,Unit #157,2014-04-08 03:07:42.906,49099,,2014-02-10 21:39:12.647,172bf420-c007-4f1e-88b0-8c7b38791961,,FALSE,FALSE,2014-04-08 03:07:42.906,4000,,109748,13,5397,2026-07-09 09:47:00.217 Z,2026-07-09 09:43:14.437 Z,9999-12-31 23:59:59.999 Z,TRUE
94235,3805,77.00,FALSE,Mastercard XXXX1872,2014-04-08 03:07:43.480,49104,,2014-03-10 20:57:47.530,b03878d5-bd74-4056-b9cc-9b12a069a262,,FALSE,FALSE,2014-04-08 03:07:43.480,1021,,109761,13,5397,2026-07-09 09:47:00.217 Z,2026-07-09 09:43:14.437 Z,9999-12-31 23:59:59.999 Z,TRUE
94236,3805,-77.00,FALSE,Unit #157,2014-04-08 03:07:43.492,49104,,2014-03-10 20:57:47.530,fe820d16-090f-421e-8336-6f481661ca55,,FALSE,FALSE,2014-04-08 03:07:43.492,4000,,109756,13,5397,2026-07-09 09:47:00.217 Z,2026-07-09 09:43:14.437 Z,9999-12-31 23:59:59.999 Z,TRUE
94237,3805,85.00,FALSE,Mastercard XXXX1048,2014-04-08 03:07:44.467,49105,,2014-02-10 21:40:10.775,c100bdc2-067b-45fe-b432-0465205f9b72,,FALSE,FALSE,2014-04-08 03:07:44.467,1021,,109766,13,5422,2026-07-09 09:47:00.217 Z,2026-07-09 09:43:14.437 Z,9999-12-31 23:59:59.999 Z,TRUE
94238,3805,-85.00,FALSE,Unit #183,2014-04-08 03:07:44.479,49105,,2014-02-10 21:40:10.775,c1298d5d-4e89-475e-b707-2dc7d1279ffa,,FALSE,FALSE,2014-04-08 03:07:44.479,4000,,109763,13,5422,2026-07-09 09:47:00.217 Z,2026-07-09 09:43:14.437 Z,9999-12-31 23:59:59.999 Z,TRUE
94239,3805,85.00,FALSE,Mastercard XXXX1872,2014-04-08 03:07:44.873,49109,,2014-03-10 20:57:47.539,4047aa09-a806-45f0-a670-45641024948c,,FALSE,FALSE,2014-04-08 03:07:44.873,1021,,109772,13,5422,2026-07-09 09:47:00.217 Z,2026-07-09 09:43:14.437 Z,9999-12-31 23:59:59.999 Z,TRUE
94240,3805,-85.00,FALSE,Unit #183,2014-04-08 03:07:44.884,49109,,2014-03-10 20:57:47.539,2fe4ed7e-cdea-4b52-8fb0-c1f01c9cfe93,,FALSE,FALSE,2014-04-08 03:07:44.884,4000,,109771,13,5422,2026-07-09 09:47:00.217 Z,2026-07-09 09:43:14.437 Z,9999-12-31 23:59:59.999 Z,TRUE
94243,3806,85.00,FALSE,Check #4314,2014-04-08 03:07:46.060,49113,,2014-03-03 15:46:58.372,78b91c58-2a93-4fa7-bbb6-3854b2e169c8,,FALSE,FALSE,2014-04-08 03:07:46.060,1001,,109783,13,5399,2026-07-09 09:47:00.217 Z,2026-07-09 09:43:14.437 Z,9999-12-31 23:59:59.999 Z,TRUE
94244,3806,-85.00,FALSE,Unit #159,2014-04-08 03:07:46.149,49113,,2014-03-03 15:46:58.372,9b4c9c29-af51-41b7-badb-418b7c6c6a44,,FALSE,FALSE,2014-04-08 03:07:46.149,4000,,109782,13,5399,2026-07-09 09:47:00.217 Z,2026-07-09 09:43:14.437 Z,9999-12-31 23:59:59.999 Z,TRUE
94245,3806,85.00,FALSE,Check #4337,2014-04-08 03:07:46.256,49114,,2014-04-02 17:58:34.811,a00c5ad8-f529-4231-9b1d-d2b237f1e7e1,,FALSE,FALSE,2014-04-08 03:07:46.256,1001,,109786,13,5399,2026-07-09 09:47:00.217 Z,2026-07-09 09:43:14.437 Z,9999-12-31 23:59:59.999 Z,TRUE
94246,3806,-85.00,FALSE,Unit #159,2014-04-08 03:07:46.268,49114,,2014-04-02 17:58:34.811,256a56cd-6cb6-4b7f-bc70-a99ba27574d0,,FALSE,FALSE,2014-04-08 03:07:46.268,4000,,109784,13,5399,2026-07-09 09:47:00.217 Z,2026-07-09 09:43:14.437 Z,9999-12-31 23:59:59.999 Z,TRUE
94247,3807,77.00,FALSE,Check #3931,2014-04-08 03:07:47.000,49115,,2014-02-03 17:52:04.510,97d77cb4-787b-4cec-ade9-4c9a18600ea6,,FALSE,FALSE,2014-04-08 03:07:47.000,1001,,109789,13,5400,2026-07-09 09:47:00.217 Z,2026-07-09 09:43:14.437 Z,9999-12-31 23:59:59.999 Z,TRUE
94248,3807,-77.00,FALSE,Unit #160,2014-04-08 03:07:47.012,49115,,2014-02-03 17:52:04.510,07fdb4c2-e8fe-4e37-a138-88321e5bb78b,,FALSE,FALSE,2014-04-08 03:07:47.012,4000,,109788,13,5400,2026-07-09 09:47:00.217 Z,2026-07-09 09:43:14.437 Z,9999-12-31 23:59:59.999 Z,TRUE
94249,3807,77.00,FALSE,Check #3938,2014-04-08 03:07:47.391,49118,,2014-03-06 17:16:07.453,06ed84ad-142e-474e-add8-470f32290869,,FALSE,FALSE,2014-04-08 03:07:47.391,1001,,109795,13,5400,2026-07-09 09:47:00.217 Z,2026-07-09 09:43:14.437 Z,9999-12-31 23:59:59.999 Z,TRUE
94250,3807,-77.00,FALSE,Unit #160,2014-04-08 03:07:47.403,49118,,2014-03-06 17:16:07.453,bca26639-d837-4ddb-bb9d-dbc17951960e,,FALSE,FALSE,2014-04-08 03:07:47.403,4000,,109794,13,5400,2026-07-09 09:47:00.217 Z,2026-07-09 09:43:14.437 Z,9999-12-31 23:59:59.999 Z,TRUE
94251,3808,77.00,FALSE,Check #1768,2014-04-08 03:07:48.537,49121,,2014-02-24 16:36:26.748,34649576-1fe4-4586-9fb3-9758a0c4fc16,,FALSE,FALSE,2014-04-08 03:07:48.537,1001,,109809,13,5401,2026-07-09 09:47:00.217 Z,2026-07-09 09:43:14.437 Z,9999-12-31 23:59:59.999 Z,TRUE
94252,3808,-77.00,FALSE,Unit #161,2014-04-08 03:07:48.550,49121,,2014-02-24 16:36:26.748,1b13f9b3-65d7-468f-b5dd-e219f10602c1,,FALSE,FALSE,2014-04-08 03:07:48.550,4000,,109799,13,5401,2026-07-09 09:47:00.217 Z,2026-07-09 09:43:14.437 Z,9999-12-31 23:59:59.999 Z,TRUE
94253,3808,77.00,FALSE,Check #1768,2014-04-08 03:07:48.615,49122,,2014-02-24 16:36:26.748,bce5c43d-13f5-4ed2-940a-c1f3b58e7f02,,FALSE,FALSE,2014-04-08 03:07:48.615,1001,,109809,13,5401,2026-07-09 09:47:00.217 Z,2026-07-09 09:43:14.437 Z,9999-12-31 23:59:59.999 Z,TRUE
94254,3808,-77.00,FALSE,Unit #161,2014-04-08 03:07:48.627,49122,,2014-02-24 16:36:26.748,27764b5e-af38-4634-8d65-b2c3e240731b,,FALSE,FALSE,2014-04-08 03:07:48.627,4000,,109807,13,5401,2026-07-09 09:47:00.217 Z,2026-07-09 09:43:14.437 Z,9999-12-31 23:59:59.999 Z,TRUE
94255,3808,77.00,FALSE,Check #1801,2014-04-08 03:07:48.923,49125,,2014-04-03 14:45:14.225,48dab9fc-642e-4446-8d22-760cb6ccf187,,FALSE,FALSE,2014-04-08 03:07:48.923,1001,,109813,13,5401,2026-07-09 09:47:00.217 Z,2026-07-09 09:43:14.437 Z,9999-12-31 23:59:59.999 Z,TRUE
94256,3808,-77.00,FALSE,Unit #161,2014-04-08 03:07:48.935,49125,,2014-04-03 14:45:14.225,e5d4a00b-0644-4735-b493-1c3be919fe02,,FALSE,FALSE,2014-04-08 03:07:48.935,4000,,109810,13,5401,2026-07-09 09:47:00.217 Z,2026-07-09 09:43:14.437 Z,9999-12-31 23:59:59.999 Z,TRUE
94257,3808,77.00,FALSE,Check #1801,2014-04-08 03:07:49.007,49126,,2014-04-03 14:45:14.225,3e8584de-e2bd-480a-8f16-622f29cdcc00,,FALSE,FALSE,2014-04-08 03:07:49.007,1001,,109813,13,5401,2026-07-09 09:47:00.217 Z,2026-07-09 09:43:14.437 Z,9999-12-31 23:59:59.999 Z,TRUE
94258,3808,-77.00,FALSE,Unit #161,2014-04-08 03:07:49.097,49126,,2014-04-03 14:45:14.225,65c1cd15-d491-4481-a36e-ea1bbecfbc43,,FALSE,FALSE,2014-04-08 03:07:49.097,4000,,109812,13,5401,2026-07-09 09:47:00.217 Z,2026-07-09 09:43:14.437 Z,9999-12-31 23:59:59.999 Z,TRUE
94259,3809,77.00,FALSE,Visa XXXX9652,2014-04-08 03:07:49.809,49127,,2014-02-03 21:51:53.927,88eee401-039c-47e3-8804-7f34f4f4ff1a,,FALSE,FALSE,2014-04-08 03:07:49.809,1020,,109816,13,5402,2026-07-09 09:47:00.217 Z,2026-07-09 09:43:14.437 Z,9999-12-31 23:59:59.999 Z,TRUE
94260,3809,-77.00,FALSE,Unit #162,2014-04-08 03:07:49.821,49127,,2014-02-03 21:51:53.927,6cc5f76d-0724-4847-89ef-e7f5b3a7422e,,FALSE,FALSE,2014-04-08 03:07:49.821,4000,,109815,13,5402,2026-07-09 09:47:00.217 Z,2026-07-09 09:43:14.437 Z,9999-12-31 23:59:59.999 Z,TRUE
94261,3809,77.00,FALSE,Visa XXXX9652,2014-04-08 03:07:49.927,49128,,2014-03-01 22:03:01.115,704e4645-1272-49d9-b5d0-01ca55610bb7,,FALSE,FALSE,2014-04-08 03:07:49.927,1020,,109818,13,5402,2026-07-09 09:47:00.217 Z,2026-07-09 09:43:14.437 Z,9999-12-31 23:59:59.999 Z,TRUE
94262,3809,-77.00,FALSE,Unit #162,2014-04-08 03:07:49.939,49128,,2014-03-01 22:03:01.115,ffc51085-f46a-44a6-997d-db7093aeed07,,FALSE,FALSE,2014-04-08 03:07:49.939,4000,,109817,13,5402,2026-07-09 09:47:00.217 Z,2026-07-09 09:43:14.437 Z,9999-12-31 23:59:59.999 Z,TRUE
94263,3809,77.00,FALSE,Visa XXXX9652,2014-04-08 03:07:50.044,49129,,2014-04-02 21:04:58.512,517c4017-1f80-4d72-98c3-e7cde14301d8,,FALSE,FALSE,2014-04-08 03:07:50.044,1020,,109820,13,5402,2026-07-09 09:47:00.217 Z,2026-07-09 09:43:14.437 Z,9999-12-31 23:59:59.999 Z,TRUE
94264,3809,-77.00,FALSE,Unit #162,2014-04-08 03:07:50.056,49129,,2014-04-02 21:04:58.512,d436006f-c5a3-45b2-9de7-b034e41d06bd,,FALSE,FALSE,2014-04-08 03:07:50.056,4000,,109819,13,5402,2026-07-09 09:47:00.218 Z,2026-07-09 09:43:14.437 Z,9999-12-31 23:59:59.999 Z,TRUE
94265,3810,72.00,FALSE,Visa XXXX7913,2014-04-08 03:07:50.965,49130,,2014-02-03 21:59:32.273,72e7d9ad-cedf-4ef0-9700-51c51f6d40e5,,FALSE,FALSE,2014-04-08 03:07:50.965,1020,,109825,13,5403,2026-07-09 09:47:00.218 Z,2026-07-09 09:43:14.437 Z,9999-12-31 23:59:59.999 Z,TRUE
94266,3810,-72.00,FALSE,Unit #163,2014-04-08 03:07:50.977,49130,,2014-02-03 21:59:32.273,2789f44c-9d79-452c-8029-b6f8d1a36e9a,,FALSE,FALSE,2014-04-08 03:07:50.977,4000,,109824,13,5403,2026-07-09 09:47:00.218 Z,2026-07-09 09:43:14.437 Z,9999-12-31 23:59:59.999 Z,TRUE
94267,3810,72.00,FALSE,Visa XXXX7913,2014-04-08 03:07:51.274,49133,,2014-03-01 22:03:13.981,a1932bbb-70ad-44fd-82a5-4ec599b69918,,FALSE,FALSE,2014-04-08 03:07:51.274,1020,,109831,13,5403,2026-07-09 09:47:00.218 Z,2026-07-09 09:43:14.437 Z,9999-12-31 23:59:59.999 Z,TRUE
94268,3810,-72.00,FALSE,Unit #163,2014-04-08 03:07:51.286,49133,,2014-03-01 22:03:13.981,c60c08ef-784a-4d53-abb4-f6643defbb8b,,FALSE,FALSE,2014-04-08 03:07:51.286,4000,,109830,13,5403,2026-07-09 09:47:00.218 Z,2026-07-09 09:43:14.437 Z,9999-12-31 23:59:59.999 Z,TRUE
94269,3810,72.00,FALSE,Visa XXXX7913,2014-04-08 03:07:51.466,49134,,2014-04-02 21:04:10.257,2f2f6f18-cf99-484c-a246-d1de76a40e3e,,FALSE,FALSE,2014-04-08 03:07:51.466,1020,,109834,13,5403,2026-07-09 09:47:00.218 Z,2026-07-09 09:43:14.437 Z,9999-12-31 23:59:59.999 Z,TRUE
94270,3810,-72.00,FALSE,Unit #163,2014-04-08 03:07:51.479,49134,,2014-04-02 21:04:10.257,8e7a2eeb-1baf-45e6-a832-459832e248bf,,FALSE,FALSE,2014-04-08 03:07:51.479,4000,,109832,13,5403,2026-07-09 09:47:00.218 Z,2026-07-09 09:43:14.437 Z,9999-12-31 23:59:59.999 Z,TRUE
94271,3811,85.00,FALSE,Check #5838,2014-04-08 03:07:52.658,49137,,2014-02-18 20:15:37.259,e37af3db-2163-4b7d-bb4a-8905b4c8f801,,FALSE,FALSE,2014-04-08 03:07:52.658,1001,,109841,13,5404,2026-07-09 09:47:00.218 Z,2026-07-09 09:43:14.437 Z,9999-12-31 23:59:59.999 Z,TRUE
94272,3811,-85.00,FALSE,Unit #164,2014-04-08 03:07:52.669,49137,,2014-02-18 20:15:37.259,0eb2fc07-93e3-4fa9-aa47-84c215aa093c,,FALSE,FALSE,2014-04-08 03:07:52.669,4000,,109836,13,5404,2026-07-09 09:47:00.218 Z,2026-07-09 09:43:14.437 Z,9999-12-31 23:59:59.999 Z,TRUE
94273,3811,85.00,FALSE,Check #5885,2014-04-08 03:07:53.050,49141,,2014-03-15 12:16:11.341,0b9727a3-5475-4f79-8c19-23d1760ed2d5,,FALSE,FALSE,2014-04-08 03:07:53.050,1001,,109849,13,5404,2026-07-09 09:47:00.218 Z,2026-07-09 09:43:14.437 Z,9999-12-31 23:59:59.999 Z,TRUE
94274,3811,-85.00,FALSE,Unit #164,2014-04-08 03:07:53.062,49141,,2014-03-15 12:16:11.341,48b4e60f-0eaf-4e6a-aedd-f39d9c521a43,,FALSE,FALSE,2014-04-08 03:07:53.062,4000,,109846,13,5404,2026-07-09 09:47:00.218 Z,2026-07-09 09:43:14.437 Z,9999-12-31 23:59:59.999 Z,TRUE
94275,3811,85.00,FALSE,Check #5935,2014-04-08 03:07:53.246,49142,,2014-04-04 14:42:50.751,26595241-e105-4909-90ab-9ef5ee3710cf,,FALSE,FALSE,2014-04-08 03:07:53.246,1001,,109852,13,5404,2026-07-09 09:47:00.218 Z,2026-07-09 09:43:14.437 Z,9999-12-31 23:59:59.999 Z,TRUE
94276,3811,-85.00,FALSE,Unit #164,2014-04-08 03:07:53.258,49142,,2014-04-04 14:42:50.751,73510bb7-fc77-45b3-9380-cd4bc6a383fa,,FALSE,FALSE,2014-04-08 03:07:53.258,4000,,109850,13,5404,2026-07-09 09:47:00.218 Z,2026-07-09 09:43:14.437 Z,9999-12-31 23:59:59.999 Z,TRUE
94277,3812,35.00,FALSE,Cash,2014-04-08 03:07:54.212,49143,,2014-02-04 19:07:33.981,762a6159-ca02-4cb9-a67d-c0f83aa0ebbb,,FALSE,FALSE,2014-04-08 03:07:54.212,1000,,109857,13,5405,2026-07-09 09:47:00.218 Z,2026-07-09 09:43:14.437 Z,9999-12-31 23:59:59.999 Z,TRUE
94278,3812,-35.00,FALSE,Unit #165,2014-04-08 03:07:54.223,49143,,2014-02-04 19:07:33.981,6e7d75d3-8ed2-45dd-9e07-5d0fec95b57e,,FALSE,FALSE,2014-04-08 03:07:54.223,4000,,109854,13,5405,2026-07-09 09:47:00.218 Z,2026-07-09 09:43:14.437 Z,9999-12-31 23:59:59.999 Z,TRUE
94279,3812,7.00,FALSE,Cash,2014-04-08 03:07:54.361,49144,,2014-02-04 19:07:33.981,991c85b6-14bc-4e72-8ce7-b4cf4c958e67,,FALSE,FALSE,2014-04-08 03:07:54.361,1000,,109857,13,5405,2026-07-09 09:47:00.218 Z,2026-07-09 09:43:14.437 Z,9999-12-31 23:59:59.999 Z,TRUE
94280,3812,-7.00,FALSE,IMPORT-LATE1,2014-04-08 03:07:54.373,49144,,2014-02-04 19:07:33.981,cd778653-6a91-4286-bd26-10a94947064a,,FALSE,FALSE,2014-04-08 03:07:54.373,4052,,109855,13,5405,2026-07-09 09:47:00.218 Z,2026-07-09 09:43:14.437 Z,9999-12-31 23:59:59.999 Z,TRUE
94281,3812,75.00,FALSE,Cash,2014-04-08 03:07:54.572,49146,,2014-02-11 19:25:36.181,196e855c-5e67-400c-a274-518b8276cbae,,FALSE,FALSE,2014-04-08 03:07:54.572,1000,,109860,13,5405,2026-07-09 09:47:00.218 Z,2026-07-09 09:43:14.437 Z,9999-12-31 23:59:59.999 Z,TRUE
94282,3812,-75.00,FALSE,Unit #165,2014-04-08 03:07:54.584,49146,,2014-02-11 19:25:36.181,061ee6c1-0e73-4e92-8fda-75b78ffd6cbb,,FALSE,FALSE,2014-04-08 03:07:54.584,4000,,109856,13,5405,2026-07-09 09:47:00.218 Z,2026-07-09 09:43:14.437 Z,9999-12-31 23:59:59.999 Z,TRUE
94283,3812,10.00,FALSE,Visa XXXX1111,2014-04-08 03:07:54.676,49147,,2014-02-12 23:09:09.589,3629d1df-4e8a-4dbf-9c1e-72a7a7a2f6be,,FALSE,FALSE,2014-04-08 03:07:54.676,1020,,109861,13,5405,2026-07-09 09:47:00.218 Z,2026-07-09 09:43:14.437 Z,9999-12-31 23:59:59.999 Z,TRUE
94284,3812,-10.00,FALSE,Unit #165,2014-04-08 03:07:54.686,49147,,2014-02-12 23:09:09.589,3277a1b2-88c0-4e89-ac9e-3243072528bd,,FALSE,FALSE,2014-04-08 03:07:54.686,4000,,109856,13,5405,2026-07-09 09:47:00.218 Z,2026-07-09 09:43:14.437 Z,9999-12-31 23:59:59.999 Z,TRUE
94285,3812,42.50,FALSE,Cash,2014-04-08 03:07:54.784,49148,,2014-03-04 19:51:19.159,9ed60fca-0acd-415d-969d-89d4d8d48603,,FALSE,FALSE,2014-04-08 03:07:54.784,1000,,109863,13,5405,2026-07-09 09:47:00.218 Z,2026-07-09 09:43:14.437 Z,9999-12-31 23:59:59.999 Z,TRUE
94286,3812,-42.50,FALSE,Unit #165,2014-04-08 03:07:54.796,49148,,2014-03-04 19:51:19.159,b3650b1c-3137-4235-b00e-d0f55495e9e6,,FALSE,FALSE,2014-04-08 03:07:54.796,4000,,109862,13,5405,2026-07-09 09:47:00.218 Z,2026-07-09 09:43:14.437 Z,9999-12-31 23:59:59.999 Z,TRUE
94287,3812,42.50,FALSE,Visa XXXX9584,2014-04-08 03:07:54.963,49149,,2014-03-12 17:26:15.070,8fad4d7f-d4f7-4416-b511-85fcb2f2b88c,,FALSE,FALSE,2014-04-08 03:07:54.963,1020,,109865,13,5405,2026-07-09 09:47:00.218 Z,2026-07-09 09:43:14.437 Z,9999-12-31 23:59:59.999 Z,TRUE
94288,3812,-42.50,FALSE,Unit #165,2014-04-08 03:07:54.973,49149,,2014-03-12 17:26:15.070,9ce14942-e045-4a2a-b5cf-794751023f35,,FALSE,FALSE,2014-04-08 03:07:54.973,4000,,109862,13,5405,2026-07-09 09:47:00.218 Z,2026-07-09 09:43:14.437 Z,9999-12-31 23:59:59.999 Z,TRUE
94289,3812,15.00,FALSE,Visa XXXX9584,2014-04-08 03:07:55.037,49150,,2014-03-12 17:26:15.070,42435ba4-ce9e-4715-9d25-a62756a87ff2,,FALSE,FALSE,2014-04-08 03:07:55.037,1020,,109865,13,5405,2026-07-09 09:47:00.218 Z,2026-07-09 09:43:14.437 Z,9999-12-31 23:59:59.999 Z,TRUE
94290,3812,-15.00,FALSE,LF,2014-04-08 03:07:55.049,49150,,2014-03-12 17:26:15.070,f428ba90-de73-4259-a457-0f044d9d7678,,FALSE,FALSE,2014-04-08 03:07:55.049,4052,,109864,13,5405,2026-07-09 09:47:00.218 Z,2026-07-09 09:43:14.437 Z,9999-12-31 23:59:59.999 Z,TRUE
94291,3812,42.50,FALSE,Cash,2014-04-08 03:07:55.158,49151,,2014-03-31 18:22:08.388,d5802d07-4619-4b4d-95e1-cf25a349ca90,,FALSE,FALSE,2014-04-08 03:07:55.158,1000,,109867,13,5405,2026-07-09 09:47:00.218 Z,2026-07-09 09:43:14.437 Z,9999-12-31 23:59:59.999 Z,TRUE
94292,3812,-42.50,FALSE,Unit #165,2014-04-08 03:07:55.170,49151,,2014-03-31 18:22:08.388,e832d836-8066-44ef-9d58-1321c5ded731,,FALSE,FALSE,2014-04-08 03:07:55.170,4000,,109866,13,5405,2026-07-09 09:47:00.218 Z,2026-07-09 09:43:14.437 Z,9999-12-31 23:59:59.999 Z,TRUE
94293,3812,8.00,FALSE,Visa XXXX1111,2014-04-08 03:07:55.685,49152,,2014-04-08 03:07:55.682,e1d0a47b-4586-4dd7-98bf-6cff4760377e,,FALSE,FALSE,2014-04-08 03:07:55.685,1020,,109861,13,5405,2026-07-09 09:47:00.218 Z,2026-07-09 09:43:14.437 Z,9999-12-31 23:59:59.999 Z,TRUE
94294,3812,-8.00,FALSE,IMPORT-LATE1,2014-04-08 03:07:55.694,49152,,2014-04-08 03:07:55.682,962728b2-83db-474b-bbff-de76f4a6e9fd,,FALSE,FALSE,2014-04-08 03:07:55.694,4052,,109855,13,5405,2026-07-09 09:47:00.218 Z,2026-07-09 09:43:14.437 Z,9999-12-31 23:59:59.999 Z,TRUE
94295,3813,85.00,FALSE,Check #164,2014-04-08 03:07:56.241,49153,,2014-02-03 16:54:14.048,4a024287-722e-46d9-88e8-e0377a8f7b43,,FALSE,FALSE,2014-04-08 03:07:56.241,1001,,109870,13,5406,2026-07-09 09:47:00.218 Z,2026-07-09 09:43:14.437 Z,9999-12-31 23:59:59.999 Z,TRUE
94296,3813,-85.00,FALSE,Unit #166,2014-04-08 03:07:56.253,49153,,2014-02-03 16:54:14.048,a2383bd8-3e5e-4eea-8f00-e149cadcecc5,,FALSE,FALSE,2014-04-08 03:07:56.253,4000,,109869,13,5406,2026-07-09 09:47:00.218 Z,2026-07-09 09:43:14.437 Z,9999-12-31 23:59:59.999 Z,TRUE
94297,3813,85.00,FALSE,Check #166,2014-04-08 03:07:56.544,49156,,2014-03-03 15:43:57.659,e86bb318-72cd-4481-b608-216b27eee4b1,,FALSE,FALSE,2014-04-08 03:07:56.544,1001,,109876,13,5406,2026-07-09 09:47:00.218 Z,2026-07-09 09:43:14.437 Z,9999-12-31 23:59:59.999 Z,TRUE
94298,3813,-85.00,FALSE,Unit #166,2014-04-08 03:07:56.556,49156,,2014-03-03 15:43:57.659,58328294-2a51-499d-a383-ef27db4b321a,,FALSE,FALSE,2014-04-08 03:07:56.556,4000,,109875,13,5406,2026-07-09 09:47:00.218 Z,2026-07-09 09:43:14.437 Z,9999-12-31 23:59:59.999 Z,TRUE
94299,3813,85.00,FALSE,Check #85.00,2014-04-08 03:07:56.742,49157,,2014-03-27 14:34:29.587,2b2f1ae4-f47d-4ea4-ade6-45bf1361f356,,FALSE,FALSE,2014-04-08 03:07:56.742,1001,,109878,13,5406,2026-07-09 09:47:00.218 Z,2026-07-09 09:43:14.437 Z,9999-12-31 23:59:59.999 Z,TRUE
94300,3813,-85.00,FALSE,Unit #166,2014-04-08 03:07:56.753,49157,,2014-03-27 14:34:29.587,ef560fd2-35ec-4841-a195-6333e73c15c2,,FALSE,FALSE,2014-04-08 03:07:56.753,4000,,109877,13,5406,2026-07-09 09:47:00.218 Z,2026-07-09 09:43:14.437 Z,9999-12-31 23:59:59.999 Z,TRUE
94303,3814,20.00,FALSE,Check #1316,2014-04-08 03:07:57.640,49160,,2014-03-07 15:51:42.147,5e7e3d36-09aa-4dd0-8ac8-e6305396a097,,FALSE,FALSE,2014-04-08 03:07:57.640,1001,,109887,13,5407,2026-07-09 09:47:00.218 Z,2026-07-09 09:43:14.437 Z,9999-12-31 23:59:59.999 Z,TRUE
94304,3814,-20.00,FALSE,Unit #167,2014-04-08 03:07:57.650,49160,,2014-03-07 15:51:42.147,41715ab5-011f-4eb0-9ae3-6a7d510a12cd,,FALSE,FALSE,2014-04-08 03:07:57.650,4000,,109880,13,5407,2026-07-09 09:47:00.218 Z,2026-07-09 09:43:14.437 Z,9999-12-31 23:59:59.999 Z,TRUE
94305,3814,15.00,FALSE,Check #1316,2014-04-08 03:07:57.711,49161,,2014-03-07 15:51:42.147,72ef2119-c54b-4d0f-95c9-168150961724,,FALSE,FALSE,2014-04-08 03:07:57.711,1001,,109887,13,5407,2026-07-09 09:47:00.218 Z,2026-07-09 09:43:14.437 Z,9999-12-31 23:59:59.999 Z,TRUE
94306,3814,-15.00,FALSE,LF,2014-04-08 03:07:57.722,49161,,2014-03-07 15:51:42.147,442fdb4b-5c99-43f3-ad72-f843cfa546b2,,FALSE,FALSE,2014-04-08 03:07:57.722,4052,,109884,13,5407,2026-07-09 09:47:00.218 Z,2026-07-09 09:43:14.437 Z,9999-12-31 23:59:59.999 Z,TRUE
94307,3814,40.00,FALSE,Check #1316,2014-04-08 03:07:57.870,49162,,2014-03-07 15:51:42.147,6d80db66-bdb9-431c-830d-3c3766c7bc92,,FALSE,FALSE,2014-04-08 03:07:57.870,1001,,109887,13,5407,2026-07-09 09:47:00.218 Z,2026-07-09 09:43:14.437 Z,9999-12-31 23:59:59.999 Z,TRUE
94308,3814,-40.00,FALSE,Unit #167,2014-04-08 03:07:57.882,49162,,2014-03-07 15:51:42.147,e55f0d62-b3f0-4ff2-a7a9-94e68ae2760f,,FALSE,FALSE,2014-04-08 03:07:57.882,4000,,109885,13,5407,2026-07-09 09:47:00.218 Z,2026-07-09 09:43:14.437 Z,9999-12-31 23:59:59.999 Z,TRUE
94309,3814,5.00,FALSE,Check #1316,2014-04-08 03:07:57.946,49163,,2014-03-07 15:51:42.147,c0d57a53-9453-4cb5-8fda-6a3226594a20,,FALSE,FALSE,2014-04-08 03:07:57.946,1001,,109887,13,5407,2026-07-09 09:47:00.220 Z,2026-07-09 09:43:14.437 Z,9999-12-31 23:59:59.999 Z,TRUE
94310,3814,-5.00,FALSE,Unit #167,2014-04-08 03:07:57.959,49163,,2014-03-07 15:51:42.147,32d37d8c-60fa-4223-9d14-bc34ed947eca,,FALSE,FALSE,2014-04-08 03:07:57.959,4000,,109886,13,5407,2026-07-09 09:47:00.220 Z,2026-07-09 09:43:14.437 Z,9999-12-31 23:59:59.999 Z,TRUE
94311,3815,40.00,FALSE,Cash,2014-04-08 03:07:58.709,49164,,2014-02-06 16:10:22.611,9755f775-1496-4e1f-b22c-95aede09e231,,FALSE,FALSE,2014-04-08 03:07:58.709,1000,,109890,13,5408,2026-07-09 09:47:00.220 Z,2026-07-09 09:43:14.437 Z,9999-12-31 23:59:59.999 Z,TRUE
94312,3815,-40.00,FALSE,Unit #168,2014-04-08 03:07:58.721,49164,,2014-02-06 16:10:22.611,bc88e849-59ba-4dc5-aa48-af178df7c600,,FALSE,FALSE,2014-04-08 03:07:58.721,4000,,109889,13,5408,2026-07-09 09:47:00.220 Z,2026-07-09 09:43:14.437 Z,9999-12-31 23:59:59.999 Z,TRUE
94313,3815,40.00,FALSE,Mastercard XXXX7170,2014-04-08 03:07:59.111,49167,,2014-03-10 17:09:02.520,b65dfafd-aa45-454c-b19e-20dd488b8609,,FALSE,FALSE,2014-04-08 03:07:59.111,1021,,109896,13,5408,2026-07-09 09:47:00.220 Z,2026-07-09 09:43:14.437 Z,9999-12-31 23:59:59.999 Z,TRUE
94314,3815,-40.00,FALSE,Unit #168,2014-04-08 03:07:59.124,49167,,2014-03-10 17:09:02.520,31bfa30e-bfe3-4e7e-9aba-5503869bce2e,,FALSE,FALSE,2014-04-08 03:07:59.124,4000,,109895,13,5408,2026-07-09 09:47:00.220 Z,2026-07-09 09:43:14.437 Z,9999-12-31 23:59:59.999 Z,TRUE
94315,3816,35.00,FALSE,Visa XXXX0886,2014-04-08 03:07:59.870,49168,,2014-02-03 22:00:33.691,31625d5b-7869-42bc-87b5-1489505d6763,,FALSE,FALSE,2014-04-08 03:07:59.870,1020,,109901,13,5409,2026-07-09 09:47:00.220 Z,2026-07-09 09:43:14.437 Z,9999-12-31 23:59:59.999 Z,TRUE
94316,3816,-35.00,FALSE,Unit #169,2014-04-08 03:07:59.882,49168,,2014-02-03 22:00:33.691,dcf39edf-5f8c-474a-ad63-4e5f0b4e961c,,FALSE,FALSE,2014-04-08 03:07:59.882,4000,,109900,13,5409,2026-07-09 09:47:00.220 Z,2026-07-09 09:43:14.437 Z,9999-12-31 23:59:59.999 Z,TRUE
94317,3816,35.00,FALSE,Visa XXXX0886,2014-04-08 03:08:00.297,49171,,2014-03-01 22:02:26.670,1ed7f9a7-647d-42cf-bfbe-80e58d5686e1,,FALSE,FALSE,2014-04-08 03:08:00.297,1020,,109907,13,5409,2026-07-09 09:47:00.220 Z,2026-07-09 09:43:14.437 Z,9999-12-31 23:59:59.999 Z,TRUE
94318,3816,-35.00,FALSE,Unit #169,2014-04-08 03:08:00.309,49171,,2014-03-01 22:02:26.670,77c1460a-0cb4-42ff-adba-2014bdd7b6cc,,FALSE,FALSE,2014-04-08 03:08:00.309,4000,,109906,13,5409,2026-07-09 09:47:00.220 Z,2026-07-09 09:43:14.437 Z,9999-12-31 23:59:59.999 Z,TRUE
94319,3816,35.00,FALSE,Visa XXXX0886,2014-04-08 03:08:00.426,49172,,2014-04-03 17:50:09.483,50fb99e3-b299-4c1f-bf1a-b0f3036a382c,,FALSE,FALSE,2014-04-08 03:08:00.426,1020,,109910,13,5409,2026-07-09 09:47:00.220 Z,2026-07-09 09:43:14.437 Z,9999-12-31 23:59:59.999 Z,TRUE
94320,3816,-35.00,FALSE,Unit #169,2014-04-08 03:08:00.439,49172,,2014-04-03 17:50:09.483,e1082e7e-5aed-4bcd-9560-aaea39656156,,FALSE,FALSE,2014-04-08 03:08:00.439,4000,,109908,13,5409,2026-07-09 09:47:00.220 Z,2026-07-09 09:43:14.437 Z,9999-12-31 23:59:59.999 Z,TRUE
94321,3817,50.00,FALSE,Visa XXXX0630,2014-04-08 03:08:01.082,49173,,2014-02-03 22:01:58.114,b9386b7a-02d1-4560-95c5-758a1d8e8553,,FALSE,FALSE,2014-04-08 03:08:01.082,1020,,109913,13,5410,2026-07-09 09:47:00.220 Z,2026-07-09 09:43:14.437 Z,9999-12-31 23:59:59.999 Z,TRUE
94322,3817,-50.00,FALSE,Unit #170,2014-04-08 03:08:01.094,49173,,2014-02-03 22:01:58.114,4aee958b-832b-4707-8861-bdb0aad5be56,,FALSE,FALSE,2014-04-08 03:08:01.094,4000,,109912,13,5410,2026-07-09 09:47:00.220 Z,2026-07-09 09:43:14.437 Z,9999-12-31 23:59:59.999 Z,TRUE
94323,3817,50.00,FALSE,Visa XXXX0630,2014-04-08 03:08:01.207,49174,,2014-03-01 22:02:08.338,f814c913-bf2d-44d5-88c5-0046994b8dbb,,FALSE,FALSE,2014-04-08 03:08:01.207,1020,,109915,13,5410,2026-07-09 09:47:00.220 Z,2026-07-09 09:43:14.437 Z,9999-12-31 23:59:59.999 Z,TRUE
94324,3817,-50.00,FALSE,Unit #170,2014-04-08 03:08:01.219,49174,,2014-03-01 22:02:08.338,ba538efb-417c-4ee4-8c2d-6dc6ecad50d1,,FALSE,FALSE,2014-04-08 03:08:01.219,4000,,109914,13,5410,2026-07-09 09:47:00.220 Z,2026-07-09 09:43:14.437 Z,9999-12-31 23:59:59.999 Z,TRUE
94325,3817,50.00,FALSE,Visa XXXX0630,2014-04-08 03:08:01.331,49175,,2014-04-02 21:04:52.167,f0138914-c922-45d1-a694-e411e927d417,,FALSE,FALSE,2014-04-08 03:08:01.331,1020,,109917,13,5410,2026-07-09 09:47:00.220 Z,2026-07-09 09:43:14.437 Z,9999-12-31 23:59:59.999 Z,TRUE
94326,3817,-50.00,FALSE,Unit #170,2014-04-08 03:08:01.343,49175,,2014-04-02 21:04:52.167,21bf338b-9789-465c-a171-e410724efc10,,FALSE,FALSE,2014-04-08 03:08:01.343,4000,,109916,13,5410,2026-07-09 09:47:00.220 Z,2026-07-09 09:43:14.437 Z,9999-12-31 23:59:59.999 Z,TRUE
94327,3818,250.00,FALSE,Visa XXXX3199,2014-04-08 03:08:02.707,49178,,2014-03-12 14:28:27.228,31edbdef-8860-4070-8ba5-613ccfd43416,,FALSE,FALSE,2014-04-08 03:08:02.707,1020,,109932,13,5411,2026-07-09 09:47:00.220 Z,2026-07-09 09:43:14.437 Z,9999-12-31 23:59:59.999 Z,TRUE
94328,3818,-250.00,FALSE,Unit #172,2014-04-08 03:08:02.719,49178,,2014-03-12 14:28:27.228,ed11b430-3842-4835-a8e3-b16547402975,,FALSE,FALSE,2014-04-08 03:08:02.719,4000,,109919,13,5411,2026-07-09 09:47:00.220 Z,2026-07-09 09:43:14.437 Z,9999-12-31 23:59:59.999 Z,TRUE
94329,3818,190.00,FALSE,Visa XXXX3199,2014-04-08 03:08:02.815,49179,,2014-03-18 17:44:33.885,236810f6-c1e3-4586-800a-0c5209db1228,,FALSE,FALSE,2014-04-08 03:08:02.815,1020,,109933,13,5411,2026-07-09 09:47:00.220 Z,2026-07-09 09:43:14.437 Z,9999-12-31 23:59:59.999 Z,TRUE
94330,3818,-190.00,FALSE,Unit #172,2014-04-08 03:08:02.826,49179,,2014-03-18 17:44:33.885,3608abb4-b44a-49a8-b730-34ed74fe4753,,FALSE,FALSE,2014-04-08 03:08:02.826,4000,,109919,13,5411,2026-07-09 09:47:00.220 Z,2026-07-09 09:43:14.437 Z,9999-12-31 23:59:59.999 Z,TRUE
94331,3818,10.00,FALSE,Visa XXXX3199,2014-04-08 03:08:02.892,49180,,2014-03-18 17:44:33.885,52e43f08-14a7-46e5-9829-78ff2c574a0f,,FALSE,FALSE,2014-04-08 03:08:02.892,1020,,109933,13,5411,2026-07-09 09:47:00.220 Z,2026-07-09 09:43:14.437 Z,9999-12-31 23:59:59.999 Z,TRUE
94332,3818,-10.00,FALSE,IMPORT-LATE1,2014-04-08 03:08:02.905,49180,,2014-03-18 17:44:33.885,ed2cccc6-4f22-4c71-9a1e-5fe15482100b,,FALSE,FALSE,2014-04-08 03:08:02.905,4052,,109920,13,5411,2026-07-09 09:47:00.220 Z,2026-07-09 09:43:14.437 Z,9999-12-31 23:59:59.999 Z,TRUE
94333,3818,80.00,FALSE,Visa XXXX3199,2014-04-08 03:08:02.999,49181,,2014-04-03 19:14:32.615,5c4bafd1-a51e-40d8-8641-d2ef9be9f8e2,,FALSE,FALSE,2014-04-08 03:08:02.999,1020,,109936,13,5411,2026-07-09 09:47:00.220 Z,2026-07-09 09:43:14.437 Z,9999-12-31 23:59:59.999 Z,TRUE
94334,3818,-80.00,FALSE,IMPORT-LATE1,2014-04-08 03:08:03.009,49181,,2014-04-03 19:14:32.615,b20fc111-62de-4365-9462-0523e4321fdb,,FALSE,FALSE,2014-04-08 03:08:03.009,4052,,109920,13,5411,2026-07-09 09:47:00.220 Z,2026-07-09 09:43:14.437 Z,9999-12-31 23:59:59.999 Z,TRUE
94335,3818,85.00,FALSE,Visa XXXX3199,2014-04-08 03:08:03.078,49182,,2014-04-03 19:14:32.615,1d83a8ec-0201-4d28-9e35-81380108ae82,,FALSE,FALSE,2014-04-08 03:08:03.078,1020,,109936,13,5411,2026-07-09 09:47:00.220 Z,2026-07-09 09:43:14.437 Z,9999-12-31 23:59:59.999 Z,TRUE
94336,3818,-85.00,FALSE,Unit #172,2014-04-08 03:08:03.091,49182,,2014-04-03 19:14:32.615,cf5de3b9-a1f5-4679-a5fb-e5549390b56d,,FALSE,FALSE,2014-04-08 03:08:03.091,4000,,109921,13,5411,2026-07-09 09:47:00.220 Z,2026-07-09 09:43:14.437 Z,9999-12-31 23:59:59.999 Z,TRUE
94337,3818,15.00,FALSE,Visa XXXX3199,2014-04-08 03:08:03.158,49183,,2014-04-03 19:14:32.615,0ccd2726-74d5-4c84-9c01-1b76a376f191,,FALSE,FALSE,2014-04-08 03:08:03.158,1020,,109936,13,5411,2026-07-09 09:47:00.220 Z,2026-07-09 09:43:14.437 Z,9999-12-31 23:59:59.999 Z,TRUE
94338,3818,-15.00,FALSE,LF,2014-04-08 03:08:03.170,49183,,2014-04-03 19:14:32.615,2a28cb87-837f-441a-a17b-1ed0739ce6d4,,FALSE,FALSE,2014-04-08 03:08:03.170,4052,,109927,13,5411,2026-07-09 09:47:00.220 Z,2026-07-09 09:43:14.437 Z,9999-12-31 23:59:59.999 Z,TRUE
94339,3818,15.00,FALSE,Visa XXXX3199,2014-04-08 03:08:03.233,49184,,2014-04-03 19:14:32.615,46e97f6c-f1b0-4a33-9d60-ab28f0d4cd95,,FALSE,FALSE,2014-04-08 03:08:03.233,1020,,109936,13,5411,2026-07-09 09:47:00.220 Z,2026-07-09 09:43:14.437 Z,9999-12-31 23:59:59.999 Z,TRUE
94340,3818,-15.00,FALSE,LF,2014-04-08 03:08:03.246,49184,,2014-04-03 19:14:32.615,ab17e754-6b79-4ad4-bb4d-667049b150a1,,FALSE,FALSE,2014-04-08 03:08:03.246,4052,,109928,13,5411,2026-07-09 09:47:00.220 Z,2026-07-09 09:43:14.437 Z,9999-12-31 23:59:59.999 Z,TRUE
94341,3818,5.00,FALSE,Visa XXXX3199,2014-04-08 03:08:03.391,49185,,2014-04-03 19:14:32.615,f0f62774-1a56-4a66-8bb6-24a5fd0e0952,,FALSE,FALSE,2014-04-08 03:08:03.391,1020,,109936,13,5411,2026-07-09 09:47:00.220 Z,2026-07-09 09:43:14.437 Z,9999-12-31 23:59:59.999 Z,TRUE
94342,3818,-5.00,FALSE,LF,2014-04-08 03:08:03.404,49185,,2014-04-03 19:14:32.615,b57b25c8-4841-47e2-927f-00697ad1c3cd,,FALSE,FALSE,2014-04-08 03:08:03.404,4052,,109929,13,5411,2026-07-09 09:47:00.220 Z,2026-07-09 09:43:14.437 Z,9999-12-31 23:59:59.999 Z,TRUE
94343,3819,60.00,FALSE,Cash,2014-04-08 03:08:04.751,49189,,2014-03-03 19:19:00.066,ad4a71da-d6f2-4057-b867-ec0624ba6e0b,,FALSE,FALSE,2014-04-08 03:08:04.751,1000,,109947,13,5412,2026-07-09 09:47:00.220 Z,2026-07-09 09:43:14.437 Z,9999-12-31 23:59:59.999 Z,TRUE
94344,3819,-60.00,FALSE,Unit #173,2014-04-08 03:08:04.762,49189,,2014-03-03 19:19:00.066,0b04a368-869c-42d3-a433-cb6ecb799ae9,,FALSE,FALSE,2014-04-08 03:08:04.762,4000,,109938,13,5412,2026-07-09 09:47:00.220 Z,2026-07-09 09:43:14.437 Z,9999-12-31 23:59:59.999 Z,TRUE
94345,3819,15.00,FALSE,Cash,2014-04-08 03:08:04.824,49190,,2014-03-03 19:19:00.066,ee199d52-6016-4133-b671-431978983ca5,,FALSE,FALSE,2014-04-08 03:08:04.824,1000,,109947,13,5412,2026-07-09 09:47:00.220 Z,2026-07-09 09:43:14.437 Z,9999-12-31 23:59:59.999 Z,TRUE
94346,3819,-15.00,FALSE,LF,2014-04-08 03:08:04.836,49190,,2014-03-03 19:19:00.066,c8b426b5-86b8-4ce8-9bb4-c9147bad9033,,FALSE,FALSE,2014-04-08 03:08:04.836,4052,,109941,13,5412,2026-07-09 09:47:00.220 Z,2026-07-09 09:43:14.437 Z,9999-12-31 23:59:59.999 Z,TRUE
94347,3819,60.00,FALSE,Cash,2014-04-08 03:08:04.901,49191,,2014-03-03 19:19:00.066,851d0cda-2171-4e2d-883f-7e324a85d719,,FALSE,FALSE,2014-04-08 03:08:04.901,1000,,109947,13,5412,2026-07-09 09:47:00.220 Z,2026-07-09 09:43:14.437 Z,9999-12-31 23:59:59.999 Z,TRUE
94348,3819,-60.00,FALSE,Unit #173,2014-04-08 03:08:04.914,49191,,2014-03-03 19:19:00.066,ce1ee0d7-ffe5-4485-b16c-ec0eca325053,,FALSE,FALSE,2014-04-08 03:08:04.914,4000,,109946,13,5412,2026-07-09 09:47:00.220 Z,2026-07-09 09:43:14.437 Z,9999-12-31 23:59:59.999 Z,TRUE
94349,3820,85.00,FALSE,Visa XXXX1712,2014-04-08 03:08:05.789,49192,,2014-02-08 13:01:38.777,d9d081ed-514b-4db4-9080-b6242aed2891,,FALSE,FALSE,2014-04-08 03:08:05.789,1020,,109952,13,5413,2026-07-09 09:47:00.220 Z,2026-07-09 09:43:14.437 Z,9999-12-31 23:59:59.999 Z,TRUE
94350,3820,-85.00,FALSE,Unit #174,2014-04-08 03:08:05.801,49192,,2014-02-08 13:01:38.777,b612cc0d-00fb-450d-9d68-b34d89df974b,,FALSE,FALSE,2014-04-08 03:08:05.801,4000,,109951,13,5413,2026-07-09 09:47:00.220 Z,2026-07-09 09:43:14.437 Z,9999-12-31 23:59:59.999 Z,TRUE
94351,3820,85.00,FALSE,Visa XXXX1712,2014-04-08 03:08:05.910,49193,,2014-03-09 23:38:02.967,fd5f7ad2-3249-44b1-9f8e-b0bc282a3328,,FALSE,FALSE,2014-04-08 03:08:05.910,1020,,109954,13,5413,2026-07-09 09:47:00.220 Z,2026-07-09 09:43:14.437 Z,9999-12-31 23:59:59.999 Z,TRUE
94352,3820,-85.00,FALSE,Unit #174,2014-04-08 03:08:05.922,49193,,2014-03-09 23:38:02.967,b71f3111-3285-4a30-8cf3-5b30deecc63e,,FALSE,FALSE,2014-04-08 03:08:05.922,4000,,109953,13,5413,2026-07-09 09:47:00.220 Z,2026-07-09 09:43:14.437 Z,9999-12-31 23:59:59.999 Z,TRUE
94353,3821,60.00,FALSE,Check #3256,2014-04-08 03:08:06.702,49195,,2014-02-11 15:11:46.273,f8cba79a-1a3d-4272-af89-4d982574b14b,,FALSE,FALSE,2014-04-08 03:08:06.702,1001,,109960,13,5414,2026-07-09 09:47:00.220 Z,2026-07-09 09:43:14.437 Z,9999-12-31 23:59:59.999 Z,TRUE
94354,3821,-60.00,FALSE,Unit #175,2014-04-08 03:08:06.720,49195,,2014-02-11 15:11:46.273,529b20cf-0f25-4814-9c49-39278424cbf5,,FALSE,FALSE,2014-04-08 03:08:06.720,4000,,109957,13,5414,2026-07-09 09:47:00.220 Z,2026-07-09 09:43:14.437 Z,9999-12-31 23:59:59.999 Z,TRUE
94355,3821,60.00,FALSE,Check #3274,2014-04-08 03:08:06.861,49196,,2014-03-10 14:20:58.081,2ac630c8-7ce9-4168-9dae-2acab3f052f9,,FALSE,FALSE,2014-04-08 03:08:06.861,1001,,109962,13,5414,2026-07-09 09:47:00.220 Z,2026-07-09 09:43:14.437 Z,9999-12-31 23:59:59.999 Z,TRUE
94356,3821,-60.00,FALSE,Unit #175,2014-04-08 03:08:06.873,49196,,2014-03-10 14:20:58.081,f4e9a808-31af-4e75-bf8f-59efc9a32ac9,,FALSE,FALSE,2014-04-08 03:08:06.873,4000,,109961,13,5414,2026-07-09 09:47:00.220 Z,2026-07-09 09:43:14.437 Z,9999-12-31 23:59:59.999 Z,TRUE
94357,3821,60.00,FALSE,Check #3302,2014-04-08 03:08:07.010,49197,,2014-04-07 14:11:30.957,cdaf0686-ecd1-4861-af8c-1197a06e48b6,,FALSE,FALSE,2014-04-08 03:08:07.010,1001,,109964,13,5414,2026-07-09 09:47:00.220 Z,2026-07-09 09:43:14.437 Z,9999-12-31 23:59:59.999 Z,TRUE
94358,3821,-60.00,FALSE,Unit #175,2014-04-08 03:08:07.029,49197,,2014-04-07 14:11:30.957,f5713537-5178-4fc7-bfd8-6537129a0e5a,,FALSE,FALSE,2014-04-08 03:08:07.029,4000,,109963,13,5414,2026-07-09 09:47:00.220 Z,2026-07-09 09:43:14.437 Z,9999-12-31 23:59:59.999 Z,TRUE
94359,3822,170.00,FALSE,Cash,2014-04-08 03:08:07.980,49198,,2014-02-06 20:03:23.437,b5140d5e-36d4-40ae-a329-88cea2428319,,FALSE,FALSE,2014-04-08 03:08:07.980,1000,,109969,13,5416,2026-07-09 09:47:00.220 Z,2026-07-09 09:43:14.437 Z,9999-12-31 23:59:59.999 Z,TRUE
94360,3822,-170.00,FALSE,Unit #177,2014-04-08 03:08:07.993,49198,,2014-02-06 20:03:23.437,ad9a3280-d136-4407-a9cf-b79917fec299,,FALSE,FALSE,2014-04-08 03:08:07.993,4000,,109966,13,5416,2026-07-09 09:47:00.220 Z,2026-07-09 09:43:14.437 Z,9999-12-31 23:59:59.999 Z,TRUE
94361,3822,30.00,FALSE,Cash,2014-04-08 03:08:08.079,49199,,2014-02-06 20:03:23.437,3d5483db-fe93-485e-9b74-42da8b548980,,FALSE,FALSE,2014-04-08 03:08:08.079,1000,,109969,13,5416,2026-07-09 09:47:00.220 Z,2026-07-09 09:43:14.437 Z,9999-12-31 23:59:59.999 Z,TRUE
94362,3822,-30.00,FALSE,IMPORT-LATE1,2014-04-08 03:08:08.099,49199,,2014-02-06 20:03:23.437,a403b529-4ae1-4f77-85a9-2355eb2496d4,,FALSE,FALSE,2014-04-08 03:08:08.099,4052,,109967,13,5416,2026-07-09 09:47:00.220 Z,2026-07-09 09:43:14.437 Z,9999-12-31 23:59:59.999 Z,TRUE
94363,3822,85.00,FALSE,Cash,2014-04-08 03:08:08.187,49200,,2014-02-06 20:03:23.437,08764041-def6-4005-af6e-40b45c318126,,FALSE,FALSE,2014-04-08 03:08:08.187,1000,,109969,13,5416,2026-07-09 09:47:00.220 Z,2026-07-09 09:43:14.437 Z,9999-12-31 23:59:59.999 Z,TRUE
94364,3822,-85.00,FALSE,Unit #177,2014-04-08 03:08:08.199,49200,,2014-02-06 20:03:23.437,73c8a71a-2549-42c5-be8f-23ce781aacd9,,FALSE,FALSE,2014-04-08 03:08:08.199,4000,,109968,13,5416,2026-07-09 09:47:00.220 Z,2026-07-09 09:43:14.437 Z,9999-12-31 23:59:59.999 Z,TRUE
94365,3822,63.75,FALSE,Cash,2014-04-08 03:08:08.786,49201,,2014-02-10 21:03:03.160,4dfb0d8b-4f96-4f44-9819-03ee4dfc4b94,,FALSE,FALSE,2014-04-08 03:08:08.786,1000,,109975,13,12441,2026-07-09 09:47:00.220 Z,2026-07-09 09:43:14.437 Z,9999-12-31 23:59:59.999 Z,TRUE
94366,3822,-63.75,FALSE,Unit #156,2014-04-08 03:08:08.798,49201,,2014-02-10 21:03:03.160,40871f4f-7444-42f3-8d0d-07dcf3026c79,,FALSE,FALSE,2014-04-08 03:08:08.798,4000,,109973,13,12441,2026-07-09 09:47:00.220 Z,2026-07-09 09:43:14.437 Z,9999-12-31 23:59:59.999 Z,TRUE
94367,3822,15.00,FALSE,Cash,2014-04-08 03:08:08.857,49202,,2014-02-10 21:03:03.160,702d30d1-d9e4-42b7-a7d9-57386f331eb5,,FALSE,FALSE,2014-04-08 03:08:08.857,1000,,109975,13,12441,2026-07-09 09:47:00.220 Z,2026-07-09 09:43:14.437 Z,9999-12-31 23:59:59.999 Z,TRUE
94368,3822,-15.00,FALSE,ADMIN-FEE,2014-04-08 03:08:08.869,49202,,2014-02-10 21:03:03.160,470bd069-3a61-46cb-9884-865e2769534c,,FALSE,FALSE,2014-04-08 03:08:08.869,4051,,109974,13,12441,2026-07-09 09:47:00.220 Z,2026-07-09 09:43:14.437 Z,9999-12-31 23:59:59.999 Z,TRUE
94369,3823,85.00,FALSE,Check #2351,2014-04-08 03:08:09.632,49204,,2014-02-11 14:49:49.763,7fa97217-a75d-42fc-8df5-d32b353c95ec,,FALSE,FALSE,2014-04-08 03:08:09.632,1001,,109983,13,5417,2026-07-09 09:47:00.220 Z,2026-07-09 09:43:14.437 Z,9999-12-31 23:59:59.999 Z,TRUE
94370,3823,-85.00,FALSE,Unit #178,2014-04-08 03:08:09.720,49204,,2014-02-11 14:49:49.763,c890ee4b-e0b6-473e-8206-4122e827dcbf,,FALSE,FALSE,2014-04-08 03:08:09.720,4000,,109980,13,5417,2026-07-09 09:47:00.220 Z,2026-07-09 09:43:14.437 Z,9999-12-31 23:59:59.999 Z,TRUE
94371,3824,125.00,FALSE,Visa XXXX0185,2014-04-08 03:08:10.899,49208,,2014-02-26 18:17:02.208,b37f9ef3-bdad-4da7-8931-82d2b34132a9,,FALSE,FALSE,2014-04-08 03:08:10.899,1020,,109999,13,5419,2026-07-09 09:47:00.220 Z,2026-07-09 09:43:14.437 Z,9999-12-31 23:59:59.999 Z,TRUE
94372,3824,-125.00,FALSE,Unit #180,2014-04-08 03:08:10.911,49208,,2014-02-26 18:17:02.208,acd5e9ac-b1a7-440b-8b2d-7aec3cc91611,,FALSE,FALSE,2014-04-08 03:08:10.911,4000,,109991,13,5419,2026-07-09 09:47:00.220 Z,2026-07-09 09:43:14.437 Z,9999-12-31 23:59:59.999 Z,TRUE
94373,3824,125.00,FALSE,Visa XXXX0185,2014-04-08 03:08:11.214,49211,,2014-03-18 20:03:16.488,9fac4d5c-f2a9-44cb-b41b-a9f5d8bde864,,FALSE,FALSE,2014-04-08 03:08:11.214,1020,,110003,13,5419,2026-07-09 09:47:00.220 Z,2026-07-09 09:43:14.437 Z,9999-12-31 23:59:59.999 Z,TRUE
94374,3824,-125.00,FALSE,Unit #180,2014-04-08 03:08:11.224,49211,,2014-03-18 20:03:16.488,4d4b2d46-37cf-4060-b5a3-99776ef8bc6c,,FALSE,FALSE,2014-04-08 03:08:11.224,4000,,109991,13,5419,2026-07-09 09:47:00.220 Z,2026-07-09 09:43:14.437 Z,9999-12-31 23:59:59.999 Z,TRUE
94375,3824,45.00,FALSE,Visa XXXX0185,2014-04-08 03:08:11.288,49212,,2014-03-18 20:03:16.488,03f70ca0-95ea-4a46-bf83-77949df809c1,,FALSE,FALSE,2014-04-08 03:08:11.288,1020,,110003,13,5419,2026-07-09 09:47:00.220 Z,2026-07-09 09:43:14.437 Z,9999-12-31 23:59:59.999 Z,TRUE
94376,3824,-45.00,FALSE,IMPORT-LATE1,2014-04-08 03:08:11.300,49212,,2014-03-18 20:03:16.488,b0390010-4bcc-414b-b14e-c75dc5cc9966,,FALSE,FALSE,2014-04-08 03:08:11.300,4052,,109992,13,5419,2026-07-09 09:47:00.220 Z,2026-07-09 09:43:14.437 Z,9999-12-31 23:59:59.999 Z,TRUE
94377,3824,85.00,FALSE,Visa XXXX0185,2014-04-08 03:08:11.367,49213,,2014-03-18 20:03:16.488,9f302849-5202-4e31-b414-bd93f5ae5aeb,,FALSE,FALSE,2014-04-08 03:08:11.367,1020,,110003,13,5419,2026-07-09 09:47:00.220 Z,2026-07-09 09:43:14.437 Z,9999-12-31 23:59:59.999 Z,TRUE
94378,3824,-85.00,FALSE,Unit #180,2014-04-08 03:08:11.379,49213,,2014-03-18 20:03:16.488,2f9b7cfe-073d-4d86-a21b-ff51400e02e9,,FALSE,FALSE,2014-04-08 03:08:11.379,4000,,109993,13,5419,2026-07-09 09:47:00.220 Z,2026-07-09 09:43:14.437 Z,9999-12-31 23:59:59.999 Z,TRUE
94379,3824,85.00,FALSE,Visa XXXX0185,2014-04-08 03:08:11.533,49214,,2014-03-18 20:03:16.488,1c34d0e8-a4db-4629-b1a3-a20ecdbea77b,,FALSE,FALSE,2014-04-08 03:08:11.533,1020,,110003,13,5419,2026-07-09 09:47:00.220 Z,2026-07-09 09:43:14.437 Z,9999-12-31 23:59:59.999 Z,TRUE
94380,3824,-85.00,FALSE,Unit #180,2014-04-08 03:08:11.546,49214,,2014-03-18 20:03:16.488,75156dca-8b41-464e-b4e5-ea9cceef1c40,,FALSE,FALSE,2014-04-08 03:08:11.546,4000,,109998,13,5419,2026-07-09 09:47:00.220 Z,2026-07-09 09:43:14.437 Z,9999-12-31 23:59:59.999 Z,TRUE
94381,3824,15.00,FALSE,Visa XXXX0185,2014-04-08 03:08:11.612,49215,,2014-03-18 20:03:16.488,dd421bee-cf2d-4c7c-9ad6-3396018b153d,,FALSE,FALSE,2014-04-08 03:08:11.612,1020,,110003,13,5419,2026-07-09 09:47:00.220 Z,2026-07-09 09:43:14.437 Z,9999-12-31 23:59:59.999 Z,TRUE
94382,3824,-15.00,FALSE,LF,2014-04-08 03:08:11.624,49215,,2014-03-18 20:03:16.488,e535acba-9e30-4f90-b02b-823d40771ee3,,FALSE,FALSE,2014-04-08 03:08:11.624,4052,,110000,13,5419,2026-07-09 09:47:00.220 Z,2026-07-09 09:43:14.437 Z,9999-12-31 23:59:59.999 Z,TRUE
94383,3824,15.00,FALSE,Visa XXXX0185,2014-04-08 03:08:11.690,49216,,2014-03-18 20:03:16.488,a5f9b4a8-d70a-4cef-9aec-bcc9019bc85b,,FALSE,FALSE,2014-04-08 03:08:11.690,1020,,110003,13,5419,2026-07-09 09:43:20.188 Z,2026-07-09 09:43:14.437 Z,9999-12-31 23:59:59.999 Z,TRUE
94384,3824,-15.00,FALSE,LF,2014-04-08 03:08:11.703,49216,,2014-03-18 20:03:16.488,23cfb168-3bf8-4bce-b2d8-396c31f4de87,,FALSE,FALSE,2014-04-08 03:08:11.703,4052,,110001,13,5419,2026-07-09 09:47:00.220 Z,2026-07-09 09:43:14.437 Z,9999-12-31 23:59:59.999 Z,TRUE
94385,3824,10.00,FALSE,Visa XXXX0185,2014-04-08 03:08:11.772,49217,,2014-03-18 20:03:16.488,c57bf23e-9de5-4143-9d7c-98f4ffc3871c,,FALSE,FALSE,2014-04-08 03:08:11.772,1020,,110003,13,5419,2026-07-09 09:47:00.220 Z,2026-07-09 09:43:14.437 Z,9999-12-31 23:59:59.999 Z,TRUE
94386,3824,-10.00,FALSE,Unit #180,2014-04-08 03:08:11.785,49217,,2014-03-18 20:03:16.488,70697a4e-09ac-4a09-b7b6-cc6f3c5b4ebe,,FALSE,FALSE,2014-04-08 03:08:11.785,4000,,110002,13,5419,2026-07-09 09:47:00.220 Z,2026-07-09 09:43:14.437 Z,9999-12-31 23:59:59.999 Z,TRUE
94387,3825,85.00,FALSE,Check #1013,2014-04-08 03:08:12.551,49218,,2014-02-05 17:06:42.954,ad27d0b7-7338-4c12-a971-c8fbd8fd06e4,,FALSE,FALSE,2014-04-08 03:08:12.551,1001,,110006,13,5420,2026-07-09 09:47:00.220 Z,2026-07-09 09:43:14.437 Z,9999-12-31 23:59:59.999 Z,TRUE
94388,3825,-85.00,FALSE,Unit #181,2014-04-08 03:08:12.564,49218,,2014-02-05 17:06:42.954,ded932bb-3f11-469d-a3f2-0d3f1afae371,,FALSE,FALSE,2014-04-08 03:08:12.564,4000,,110005,13,5420,2026-07-09 09:47:00.220 Z,2026-07-09 09:43:14.437 Z,9999-12-31 23:59:59.999 Z,TRUE
94389,3825,85.00,FALSE,Check #1017,2014-04-08 03:08:12.759,49219,,2014-03-04 16:23:22.222,4342ee0e-b8d1-4672-a7cc-8a721bddf062,,FALSE,FALSE,2014-04-08 03:08:12.759,1001,,110008,13,5420,2026-07-09 09:47:00.220 Z,2026-07-09 09:43:14.437 Z,9999-12-31 23:59:59.999 Z,TRUE
94390,3825,-85.00,FALSE,Unit #181,2014-04-08 03:08:12.772,49219,,2014-03-04 16:23:22.222,714299ab-d181-4dc8-9eb9-9b2e51c0ae43,,FALSE,FALSE,2014-04-08 03:08:12.772,4000,,110007,13,5420,2026-07-09 09:47:00.220 Z,2026-07-09 09:43:14.437 Z,9999-12-31 23:59:59.999 Z,TRUE
94391,3825,85.00,FALSE,Check #1020,2014-04-08 03:08:12.888,49220,,2014-04-02 14:49:57.005,47d320b5-de46-441f-a376-325594b40a21,,FALSE,FALSE,2014-04-08 03:08:12.888,1001,,110010,13,5420,2026-07-09 09:47:00.220 Z,2026-07-09 09:43:14.437 Z,9999-12-31 23:59:59.999 Z,TRUE
94392,3825,-85.00,FALSE,Unit #181,2014-04-08 03:08:12.900,49220,,2014-04-02 14:49:57.005,ebbb6b4f-9d9e-49dc-afa5-6f2948c305df,,FALSE,FALSE,2014-04-08 03:08:12.900,4000,,110009,13,5420,2026-07-09 09:47:00.220 Z,2026-07-09 09:43:14.437 Z,9999-12-31 23:59:59.999 Z,TRUE
94393,3826,77.00,FALSE,Cash,2014-04-08 03:08:13.704,49221,,2014-02-07 22:08:56.567,5628e87c-f6e6-4123-b94c-9481d0cc84ac,,FALSE,FALSE,2014-04-08 03:08:13.704,1000,,110015,13,5421,2026-07-09 09:47:00.220 Z,2026-07-09 09:43:14.437 Z,9999-12-31 23:59:59.999 Z,TRUE
94394,3826,-77.00,FALSE,Unit #182,2014-04-08 03:08:13.716,49221,,2014-02-07 22:08:56.567,9819bdf0-e8bb-4bc7-8c8d-f9671f7a2bc2,,FALSE,FALSE,2014-04-08 03:08:13.716,4000,,110014,13,5421,2026-07-09 09:47:00.220 Z,2026-07-09 09:43:14.437 Z,9999-12-31 23:59:59.999 Z,TRUE
94395,3826,77.00,FALSE,Cash,2014-04-08 03:08:14.101,49224,,2014-03-04 21:16:18.219,67d65446-8d2d-49ab-8a32-49089dfceff9,,FALSE,FALSE,2014-04-08 03:08:14.101,1000,,110021,13,5421,2026-07-09 09:47:00.220 Z,2026-07-09 09:43:14.437 Z,9999-12-31 23:59:59.999 Z,TRUE
94396,3826,-77.00,FALSE,Unit #182,2014-04-08 03:08:14.113,49224,,2014-03-04 21:16:18.219,1d1c788b-e62e-41d8-9300-f821debc36a2,,FALSE,FALSE,2014-04-08 03:08:14.113,4000,,110020,13,5421,2026-07-09 09:47:00.222 Z,2026-07-09 09:43:14.437 Z,9999-12-31 23:59:59.999 Z,TRUE
94397,3827,80.00,FALSE,Check #0000005747,2014-04-08 03:08:15.376,49228,,2014-02-06 16:26:55.031,d776f01e-3503-44e8-a60e-a14a77f61249,,FALSE,FALSE,2014-04-08 03:08:15.376,1001,,110033,13,5423,2026-07-09 09:47:00.222 Z,2026-07-09 09:43:14.437 Z,9999-12-31 23:59:59.999 Z,TRUE
94398,3827,-80.00,FALSE,Unit #184,2014-04-08 03:08:15.388,49228,,2014-02-06 16:26:55.031,3d5c7eb8-15a6-4850-8c0c-c2775fa60c2d,,FALSE,FALSE,2014-04-08 03:08:15.388,4000,,110025,13,5423,2026-07-09 09:47:00.222 Z,2026-07-09 09:43:14.437 Z,9999-12-31 23:59:59.999 Z,TRUE
94399,3827,80.00,FALSE,Check #0000005763,2014-04-08 03:08:15.510,49229,,2014-03-03 18:41:46.206,73d04f6a-dc3a-44ed-bd42-0fecbc0fd3da,,FALSE,FALSE,2014-04-08 03:08:15.510,1001,,110037,13,5423,2026-07-09 09:47:00.222 Z,2026-07-09 09:43:14.437 Z,9999-12-31 23:59:59.999 Z,TRUE
94400,3827,-80.00,FALSE,Unit #184,2014-04-08 03:08:15.521,49229,,2014-03-03 18:41:46.206,3bb71bb2-dcd3-4962-83f5-5a91782d2676,,FALSE,FALSE,2014-04-08 03:08:15.521,4000,,110028,13,5423,2026-07-09 09:47:00.222 Z,2026-07-09 09:43:14.437 Z,9999-12-31 23:59:59.999 Z,TRUE
94401,3827,80.00,FALSE,Check #0000005774,2014-04-08 03:08:15.798,49231,,2014-04-01 20:00:02.163,df21990c-fdc6-4648-bc2d-c935dd06513b,,FALSE,FALSE,2014-04-08 03:08:15.798,1001,,110039,13,5423,2026-07-09 09:47:00.222 Z,2026-07-09 09:43:14.437 Z,9999-12-31 23:59:59.999 Z,TRUE
94402,3827,-80.00,FALSE,Unit #184,2014-04-08 03:08:15.810,49231,,2014-04-01 20:00:02.163,a9effaaa-d4d5-499f-89ad-f89370a2bf17,,FALSE,FALSE,2014-04-08 03:08:15.810,4000,,110035,13,5423,2026-07-09 09:47:00.222 Z,2026-07-09 09:43:14.437 Z,9999-12-31 23:59:59.999 Z,TRUE
94403,3828,80.00,FALSE,Mastercard XXXX6977,2014-04-08 03:08:17.190,49234,,2014-02-20 15:32:31.862,f9a28163-9846-4185-bcf5-ff2a659cdbe8,,FALSE,FALSE,2014-04-08 03:08:17.190,1021,,110048,13,5424,2026-07-09 09:47:00.222 Z,2026-07-09 09:43:14.437 Z,9999-12-31 23:59:59.999 Z,TRUE
94404,3828,-80.00,FALSE,Unit #185,2014-04-08 03:08:17.202,49234,,2014-02-20 15:32:31.862,16158db9-2e26-4cc7-b60a-f0f341b831ae,,FALSE,FALSE,2014-04-08 03:08:17.202,4000,,110043,13,5424,2026-07-09 09:47:00.222 Z,2026-07-09 09:43:14.437 Z,9999-12-31 23:59:59.999 Z,TRUE
94405,3828,80.00,FALSE,Mastercard XXXX6977,2014-04-08 03:08:17.595,49237,,2014-03-01 22:03:15.283,02fa3988-cf34-4059-8473-1cda9a0e1e75,,FALSE,FALSE,2014-04-08 03:08:17.595,1021,,110054,13,5424,2026-07-09 09:47:00.222 Z,2026-07-09 09:43:14.437 Z,9999-12-31 23:59:59.999 Z,TRUE
94406,3828,-80.00,FALSE,Unit #185,2014-04-08 03:08:17.608,49237,,2014-03-01 22:03:15.283,6ebc880b-071c-4f03-988f-1d4273df3760,,FALSE,FALSE,2014-04-08 03:08:17.608,4000,,110053,13,5424,2026-07-09 09:47:00.222 Z,2026-07-09 09:43:14.437 Z,9999-12-31 23:59:59.999 Z,TRUE
94409,3829,75.00,FALSE,Check #2109,2014-04-08 03:08:18.933,49242,,2014-03-14 14:44:18.694,f748639b-8fcf-4b66-b9e0-785462e1fd9d,,FALSE,FALSE,2014-04-08 03:08:18.933,1001,,110068,13,5425,2026-07-09 09:47:00.222 Z,2026-07-09 09:43:14.437 Z,9999-12-31 23:59:59.999 Z,TRUE
94410,3829,-75.00,FALSE,Unit #186,2014-04-08 03:08:18.945,49242,,2014-03-14 14:44:18.694,48eeaecb-a8c5-4098-a725-786bf8ba797f,,FALSE,FALSE,2014-04-08 03:08:18.945,4000,,110064,13,5425,2026-07-09 09:47:00.222 Z,2026-07-09 09:43:14.437 Z,9999-12-31 23:59:59.999 Z,TRUE
94411,3829,75.00,FALSE,Check #2109,2014-04-08 03:08:19.088,49243,,2014-03-14 14:44:18.694,b4db9bb3-1d02-4fab-8d11-7863c5b04fc6,,FALSE,FALSE,2014-04-08 03:08:19.088,1001,,110068,13,5425,2026-07-09 09:47:00.222 Z,2026-07-09 09:43:14.437 Z,9999-12-31 23:59:59.999 Z,TRUE
94412,3829,-75.00,FALSE,Unit #186,2014-04-08 03:08:19.099,49243,,2014-03-14 14:44:18.694,c6e57a11-f2b0-4b8d-b27a-d6fa550d6f6f,,FALSE,FALSE,2014-04-08 03:08:19.099,4000,,110067,13,5425,2026-07-09 09:47:00.222 Z,2026-07-09 09:43:14.437 Z,9999-12-31 23:59:59.999 Z,TRUE
94413,5872,43.21,FALSE,Visa XXXX4354,2014-04-08 03:08:19.735,49244,,2014-02-07 18:54:01.407,001e617c-bf0c-4854-865e-beed996bb26e,,FALSE,FALSE,2014-04-08 03:08:19.735,1020,,110071,13,7831,2026-07-09 09:47:00.222 Z,2026-07-09 09:43:14.437 Z,9999-12-31 23:59:59.999 Z,TRUE
94414,5872,-43.21,FALSE,Unit #114,2014-04-08 03:08:19.747,49244,,2014-02-07 18:54:01.407,6b3f3528-37d6-49a8-938a-332318b0276c,,FALSE,FALSE,2014-04-08 03:08:19.747,4000,,110069,13,7831,2026-07-09 09:47:00.222 Z,2026-07-09 09:43:14.437 Z,9999-12-31 23:59:59.999 Z,TRUE
94415,5872,15.00,FALSE,Visa XXXX4354,2014-04-08 03:08:19.804,49245,,2014-02-07 18:54:01.407,9029e011-8174-4f88-8b65-577d5f199717,,FALSE,FALSE,2014-04-08 03:08:19.804,1020,,110071,13,7831,2026-07-09 09:47:00.222 Z,2026-07-09 09:43:14.437 Z,9999-12-31 23:59:59.999 Z,TRUE
94416,5872,-15.00,FALSE,ADMIN-FEE,2014-04-08 03:08:19.816,49245,,2014-02-07 18:54:01.407,16167545-4d20-49cd-9968-b4bed3aa3f73,,FALSE,FALSE,2014-04-08 03:08:19.816,4051,,110070,13,7831,2026-07-09 09:47:00.222 Z,2026-07-09 09:43:14.437 Z,9999-12-31 23:59:59.999 Z,TRUE
94417,5872,55.00,FALSE,Visa XXXX8183,2014-04-08 03:08:19.932,49246,,2014-03-01 22:03:13.612,53d7f385-9f5f-4820-8a96-9e223c292faa,,FALSE,FALSE,2014-04-08 03:08:19.932,1020,,110073,13,7831,2026-07-09 09:47:00.222 Z,2026-07-09 09:43:14.437 Z,9999-12-31 23:59:59.999 Z,TRUE
94418,5872,-55.00,FALSE,Unit #114,2014-04-08 03:08:19.944,49246,,2014-03-01 22:03:13.612,040de5a9-c15d-4ee4-8257-c9fb448ba2eb,,FALSE,FALSE,2014-04-08 03:08:19.944,4000,,110072,13,7831,2026-07-09 09:47:00.222 Z,2026-07-09 09:43:14.437 Z,9999-12-31 23:59:59.999 Z,TRUE
94419,5872,55.00,FALSE,Visa XXXX8183,2014-04-08 03:08:20.051,49247,,2014-04-02 21:04:25.052,d3e323bc-2b8a-4f65-81ea-c39eaa30b177,,FALSE,FALSE,2014-04-08 03:08:20.051,1020,,110075,13,7831,2026-07-09 09:47:00.222 Z,2026-07-09 09:43:14.437 Z,9999-12-31 23:59:59.999 Z,TRUE
94420,5872,-55.00,FALSE,Unit #114,2014-04-08 03:08:20.063,49247,,2014-04-02 21:04:25.052,ea7c7cad-8413-4245-bce2-63df2c2f763c,,FALSE,FALSE,2014-04-08 03:08:20.063,4000,,110074,13,7831,2026-07-09 09:47:00.222 Z,2026-07-09 09:43:14.437 Z,9999-12-31 23:59:59.999 Z,TRUE
94421,6855,63.75,FALSE,Cash,2014-04-08 03:08:20.534,49248,,2014-02-08 15:12:25.568,99efebba-1e62-4a2d-a776-1515d9375992,,FALSE,FALSE,2014-04-08 03:08:20.534,1000,,110078,13,8984,2026-07-09 09:47:00.222 Z,2026-07-09 09:43:14.437 Z,9999-12-31 23:59:59.999 Z,TRUE
94422,6855,-63.75,FALSE,Unit #156,2014-04-08 03:08:20.547,49248,,2014-02-08 15:12:25.568,42b49848-b53e-4258-b881-3a7146abdb9e,,FALSE,FALSE,2014-04-08 03:08:20.547,4000,,110076,13,8984,2026-07-09 09:47:00.222 Z,2026-07-09 09:43:14.437 Z,9999-12-31 23:59:59.999 Z,TRUE
94423,6855,15.00,FALSE,Cash,2014-04-08 03:08:20.613,49249,,2014-02-08 15:12:25.568,020f3fac-32e8-4999-ba4f-30829f7c0346,,FALSE,FALSE,2014-04-08 03:08:20.613,1000,,110078,13,8984,2026-07-09 09:47:00.222 Z,2026-07-09 09:43:14.437 Z,9999-12-31 23:59:59.999 Z,TRUE
